title,overall_rank,average_rating,theatrical_release_date,language,genre,mpaa_rating,director,actors,url,plot
Muss 'em Up,27056,2.3,02/14/1936,English,Mystery,NR,Charles Vidor,"Preston Foster, Margaret Callahan, Alan Mowbray, Ralph Morgan, Guinn 'Big Boy' Williams, Max 'Slapsie Maxie' Rosenbloom",https://www.filmcrave.com/movie_page_main.php?id=42455,Unknown
Revelation,38822,1.8,02/17/1918,English,"Drama, Romance",NR,George D. Baker,"Charles Bryant, Alla Nazimova, Frank Currier, Syn De Conde, Bigelow Cooper, John Martin",https://www.filmcrave.com/movie_page_main.php?id=42456,Unknown
Shadow of Chinatown,30141,2.2,10/10/1936,English,"Horror, Crime",NR,Robert F. Hill,"Bela Lugosi, Bruce Bennett, Joan Barclay, Luana Walters, Maurice Liu, Charles King",https://www.filmcrave.com/movie_page_main.php?id=42457,Unknown
"Phantom Carriage, The ( K\xc3\xb6rkarlen )",1889,3.0,06/04/1922,Swedish,"Drama, Horror",NR,Victor Sj\xc3\xb6str\xc3\xb6m,"Victor Sj\xc3\xb6str\xc3\xb6m, Hilda Borgstr\xc3\xb6m, Tore Svennberg, Astrid Holm, Concordia Selander, Lisa Lundholm",https://www.filmcrave.com/movie_page_main.php?id=42458,Unknown
One Man Law,17968,2.7,01/11/1932,English,"Action, Western",NR,Lambert Hillyer,"Buck Jones, Shirley Grey, Robert Ellis, Murdock MacQuarrie, Harry Todd, Henry Sedley",https://www.filmcrave.com/movie_page_main.php?id=42459,Unknown
Poker Faces,21768,2.5,09/05/1926,English,Comedy,NR,Harry A. Pollard,"Edward Everett Horton, Laura La Plante, George Siegmann, Tom Ricketts, Harry Curlew, Tom O'Brien",https://www.filmcrave.com/movie_page_main.php?id=42460,Unknown
Style Wars,18463,2.7,10/01/1984,English,Documentary,NR,"Henry Chalfant, Tony Silver","Edward I. Koch, Crazy Legs, Frosty Freeze, Kase 2, Skeme, Daze",https://www.filmcrave.com/movie_page_main.php?id=42461,"This 1984 documentary film is a glimpse into the world of New York's graffiti and early hip-hop culture. Interviews with former mayor Ed Koch, as well graffiti artists, art critics, break dancers, subway maintenance workers and various other New York residents, Style Wars gives insight into the minds of graffiti artists, why they do what they do, and what social function their actions might serve.\t"
City of Glass ( Boli zhi cheng ),16120,3.5,10/28/1998,Mandarin,"Romance, Historical",NR,Alex Law,"Qi Shu, Daniel Wu, Leon Lai, Audrey Mak, Nicola Cheung, Eason Chan",https://www.filmcrave.com/movie_page_main.php?id=42462,"City of Glass follows two romances: one in the past and one in the present. The present one is between Wooly Suzie (Nicola Cheung) and David (Daniel Wu), who first meet at the police station following the deaths of their parents in a car wreck. The kicker: the two were not married, and were carrying on an affair. As played by Leon Lai and Shu Qi, the two parents were star-crossed lovers in their youth who drifted as politics and distance drove a wedge in their burgeoning romance. Yet their love was apparently a stronger power because years later it drew them back together. Meanwhile, the present holds conflicts for Suzie and David. Unable to get along at first, they bond as both discover the little details they have in common.\t"
"Classic, The ( Keulraesik )",7652,3.2,04/15/2004,Korean,Romance,NR,Jae-young Kwak,"Ye-jin Son, In-seong Jo, Seung-woo Cho, Ki-woo Lee, Sang-in Lee, Ye-jin Lim",https://www.filmcrave.com/movie_page_main.php?id=42463,Unknown
"Yobi, the Five Tailed Fox ( Yeu woo bi )",23451,2.2,01/01/2008,Korean,"Anime, Fantasy",NR,Seong-kang Lee,"Deok-Hwan Ryu, Ye-jin Son",https://www.filmcrave.com/movie_page_main.php?id=42464,"Yobi, The Five Tailed Fox revolves around a kumiho, a nine-tailed fox that can assume different forms including human. Kumiho are familiar figures in Korean folk tales, and they are usually depicted as magical creatures that take female form to lure and prey on humans. This time, however, our protagonist is a young, kind-hearted fox with only five tails, instead of nine. The film is written by renowned director Lee Chang Dong (Green Fish), and voiced by Son Ye Jin (April Snow), Gong Hyung Jin (Marrying the Mafia III), and Ryu Deok Hwan (Like a Virgin).\t"
Camille,20487,2.4,09/26/1921,English,"Drama, Romance",NR,Ray C. Smallwood,"Alla Nazimova, Rudolph Valentino, Rex Cherryman, Arthur Hoyt, Zeffie Tilbury, Patsy Ruth Miller",https://www.filmcrave.com/movie_page_main.php?id=42465,Unknown
Daybreak ( Tianming ),30059,2.2,01/01/1933,Mandarin,Drama,NR,Yu Sun,"Li-li Li, Juanjuan Ye, Langen Han, Peng Luo, Zhanfei Gao, Jiqun Liu",https://www.filmcrave.com/movie_page_main.php?id=42466,Unknown
Born to Raise Hell,29125,2.0,12/11/2010,English,Action,R,Lauro Chartrand,"Steven Seagal, Dan Badarau, Darren Shahlavi, D. Neil Mark, George Remes, Claudiu Bleont",https://www.filmcrave.com/movie_page_main.php?id=42467,Unknown
The Lost City,6770,2.8,02/01/1935,English,Sci-Fi,NR,Harry Revier,"William 'Stage' Boyd, Kane Richmond, Claudia Dell, Josef Swickard, Sam Baker, Billy Bletcher",https://www.filmcrave.com/movie_page_main.php?id=42468,Unknown
Everything's Rosie,42361,1.7,05/22/1931,English,"Comedy, Romance",NR,Clyde Bruckman,"Robert Woolsey, Anita Louise, John Darrow, Florence Roberts, Clifford Dempsey, Lita Chevret",https://www.filmcrave.com/movie_page_main.php?id=42469,Unknown
The Art of Getting By,11046,2.4,06/17/2011,English,Romance,PG-13,Gavin Wiesen,"Freddie Highmore, Emma Roberts, Michael Angarano, Elizabeth Reaser, Sam Robards, Alicia Silverstone",https://www.filmcrave.com/movie_page_main.php?id=42470,A slacker who has coasted through high school without doing a day of work in his life finds an unlikely ally in the form of a popular but complicated classmate. --
The Bleeding House,16811,2.5,04/20/2011,English,"Horror, Thriller",NR,Philip Gelatt,"Patrick Breen, Alexandra Chando, Betsy Aidem, Richard Bekins, Charlie Hewson, Nina Lisandrello",https://www.filmcrave.com/movie_page_main.php?id=42471,A stranger enters a secluded country house with bad intentions and gets more than he bargained for when the family turns out to be far more dangerous than him. --
Clearing the Range,11449,2.8,04/01/1931,English,"Western, Romance",NR,Otto Brower,"Hoot Gibson, Sally Eilers, Hooper Atchley, Robert Homans, Edward Peil Sr., George Mendoza",https://www.filmcrave.com/movie_page_main.php?id=42472,Unknown
The Bang Bang Club,23798,2.1,04/22/2011,English,Drama,R,Steven Silver,"Malin Akerman, Ryan Phillippe, Taylor Kitsch, Patrick Lyster, Frank Rautenbach, Neels Van Jaarsveld",https://www.filmcrave.com/movie_page_main.php?id=42473,Based on true events: four combat photographers capture and live the experience of the final days of apartheid in South Africa. --
The Courageous Avenger,30118,2.2,12/12/1935,English,Western,NR,Robert N. Bradbury,"Johnny Mack Brown, Helen Ericson, Warner Richmond, Eddie Parker, Ed Cassidy, Frank Ball",https://www.filmcrave.com/movie_page_main.php?id=42474,Unknown
Branded a Coward,21904,2.5,07/01/1935,English,Western,NR,Sam Newfield,"Johnny Mack Brown, Billie Seward, Syd Saylor, Lloyd Ingraham, Lee Shumway, Roger Williams",https://www.filmcrave.com/movie_page_main.php?id=42475,Unknown
Rogue of the Range,30131,2.2,04/25/1936,English,"Drama, Romance",NR,S. Roy Luby,"Johnny Mack Brown, Lois January, Stephen Chase, Phyllis Hume, George Ball, Jack Rockwell",https://www.filmcrave.com/movie_page_main.php?id=42476,Unknown
The Texas Kid,13607,2.8,11/26/1943,English,"Action, Western",NR,Lambert Hillyer,"Johnny Mack Brown, Raymond Hatton, Marshall Reed, Shirley Patterson, Robert Fiske, Edmund Cobb",https://www.filmcrave.com/movie_page_main.php?id=42477,Unknown
"Hay Foot, Straw Foot",26828,2.3,06/22/1919,English,Comedy,NR,Jerome Storm,"Charles Ray, Doris May, William Conklin, Spottiswoode Aitken, J.P. Lockney",https://www.filmcrave.com/movie_page_main.php?id=42479,Unknown
The Habit of Happiness,38815,1.8,03/12/1916,English,Comedy,NR,Allan Dwan,"Douglas Fairbanks, George Fawcett, Macey Harlam, Dorothy West, George Backus, Grace Rankin",https://www.filmcrave.com/movie_page_main.php?id=42480,Unknown
Love's Wilderness,38849,1.8,12/24/1924,English,"Drama, Romance",NR,Robert Z. Leonard,"Corinne Griffith, Holmes Herbert, Ian Keith, Maurice de Canonge, Emily Fitzroy, Anne Schaefer",https://www.filmcrave.com/movie_page_main.php?id=42481,Unknown
Don Quixote ( Adventures of Don Quixote ),45006,1.5,12/23/1934,English,"Adventure, Comedy",NR,Georg Wilhelm Pabst,"Feodor Chaliapin Sr., George Robey, Oscar Asche, Ren\xc3\xa9 Donnio, Frank Stanmore, Emily Fitzroy",https://www.filmcrave.com/movie_page_main.php?id=42482,Unknown
"Fat, Sick & Nearly Dead",17707,2.4,04/16/2010,English,Documentary,NR,Joe Cross,"Joe Cross, Phil Riverstone",https://www.filmcrave.com/movie_page_main.php?id=42483,Unknown
L.A. Paranormal,38778,1.8,03/18/2011,English,Comedy,NR,John Gonzales,"Mike Hatton, Matthew Temple, Tres Dean, J.C. Mac, Brittany Furlan, Alison Lees-Taylor",https://www.filmcrave.com/movie_page_main.php?id=42484,Unknown
Resurrection,34528,2.0,05/19/1918,English,Drama,NR,Edward Jos\xc3\xa9,"Pauline Frederick, Robert Elliott, John St. Polis, Jere Austin",https://www.filmcrave.com/movie_page_main.php?id=42485,Unknown
Cleveland vs. Wall Street ( Cleveland Versus Wall Street - Mais mit d\xc3\xa4 B\xc3\xa4nkler ),35739,2.0,08/18/2010,English,Documentary,NR,Jean-St\xc3\xa9phane Bron,Josh Cohen,https://www.filmcrave.com/movie_page_main.php?id=42486,Unknown
Going Straight,38816,1.8,06/04/1916,English,"Crime, Drama",NR,"Chester M. Franklin, Sidney Franklin","Norma Talmadge, Ralph Lewis, Ninon Fovieri, Francis Carpenter, Fern Collier, Ruth Handforth",https://www.filmcrave.com/movie_page_main.php?id=42487,Unknown
"Colors of the Mountain, The ( colores de la monta\xc3\xb1a, Los )",24377,2.3,02/24/2011,Spanish,Drama,NR,Carlos C\xc3\xa9sar Arbel\xc3\xa1ez,"Hern\xc3\xa1n Mauricio Ocampo, Nolberto S\xc3\xa1nchez, Natalia Cu\xc3\xa9llar, Genaro Aristiz\xc3\xa1bal, Hern\xc3\xa1n M\xc3\xa9ndez",https://www.filmcrave.com/movie_page_main.php?id=42488,The backdrop of conflict in South America between the military and guerrillas is seen through the eyes of 9-year-old Manuel who just wants his new soccer ball back after it becomes trapped behind a minefield.  --
Knock Knock,46444,1.8,04/01/2007,English,Horror,NR,Joseph Ariola,"Jim Ford, Joli Julianna, Ernest Mingione, Ben Fiore, Chris Bashinelli, Suzi Lorraine",https://www.filmcrave.com/movie_page_main.php?id=42489,"A group of popular high school students stumble into the path of a vicious killer.  The gruesome result leaves the town in horror, as two detectives work to crack the case.  Suspicions mount as the school recluse is seen wandering around in the dead of night and remaining survivors fear the worst: a knock that no lock can withstand.\t"
Angel Express,39614,1.8,04/15/1999,German,Drama,NR,Rolf Peter Kahl,"Chris Hohenester, Wilfried Hochholdinger, Dave Allert, Rolf Peter Kahl, Ulrike Panse, Eva Habermann",https://www.filmcrave.com/movie_page_main.php?id=42490,Unknown
Morning Funeral,28179,2.3,08/01/2010,English,"Comedy, Drama",NR,"A.J. Detisch, Nick Detisch","Jeannie Jenkins, Don Kirsch, Chase Mitchell Klingensmith, Kyle Kunz, Sam Longenecker, Kirsten McCain",https://www.filmcrave.com/movie_page_main.php?id=42491,Unknown
Cave of Forgotten Dreams,3690,2.8,03/01/2011,German,"Documentary, Historical",NR,Werner Herzog,"Werner Herzog, Dominique Baffier, Jean Clottes, Jean-Michel Geneste, Carole Fritz, Gilles Tosello",https://www.filmcrave.com/movie_page_main.php?id=42492,Werner Herzog captures the earliest known artistic creations of mankind in an unprecedented look into the Chauvet caves in Southern France. --
Song of the Gringo,27075,2.3,11/22/1936,English,Western,NR,John P. McCarthy,"Tex Ritter, Joan Woodbury, Fuzzy Knight, Monte Blue, Ted Adams, Warner Richmond",https://www.filmcrave.com/movie_page_main.php?id=42493,Unknown
Sympathy for Delicious,35787,2.0,04/29/2011,English,"Comedy, Drama",NR,Mark Ruffalo,"Orlando Bloom, Mark Ruffalo, Juliette Lewis, Laura Linney, John Carroll Lynch, Noah Emmerich",https://www.filmcrave.com/movie_page_main.php?id=42494,"After an accident leaves him paralyzed, a DJ finds himself in over his head when he gets involved in the world of faith healing. --"
Amigo,17440,2.4,08/19/2011,English,"Drama, War",R,John Sayles,"Chris Cooper, Garret Dillahunt, DJ Qualls, Lucas Neff, Dane DeHaan, Yul Vazquez",https://www.filmcrave.com/movie_page_main.php?id=42495,Follows a group of naive U.S. soldiers as they take over a village during the Philippine-American War.  --
Captain Calamity,30147,2.2,11/29/1936,English,"Adventure, Crime",NR,John Reinhardt,"Marian Nixon, George Houston, Vince Barnett, Crane Wilbur, Juan Torena, Roy D'Arcy",https://www.filmcrave.com/movie_page_main.php?id=42496,Unknown
Minesweeper,22047,2.5,11/10/1943,English,"Adventure, Comedy",NR,William Berke,"Richard Arlen, Jean Parker, Russell Hayden, Guinn 'Big Boy' Williams, Emma Dunn, Charles D. Brown",https://www.filmcrave.com/movie_page_main.php?id=42497,Unknown
Custer's Last Stand,27061,2.3,04/03/1936,English,Western,NR,Elmer Clifton,"Rex Lease, Nancy Caswell, Reed Howes, Frank McGlynn Jr., George Chesebro, Lona Andre",https://www.filmcrave.com/movie_page_main.php?id=42498,Unknown
Bombs Over Monte Carlo ( Bomben auf Monte Carlo ),17959,2.7,08/31/1931,German,"Comedy, Drama",NR,Hanns Schwarz,"Hans Albers, Peter Lorre, Ida W\xc3\xbcst, Heinz R\xc3\xbchmann, Anna Sten, Rachel Devirys",https://www.filmcrave.com/movie_page_main.php?id=42499,Unknown
The Lost Jungle,27018,2.3,06/13/1934,English,"Adventure, Romance",NR,"David Howard, Armand Schaefer","Clyde Beatty, Wes Warner, Cecilia Parker, Syd Saylor, Warner Richmond, Edward LeSaint",https://www.filmcrave.com/movie_page_main.php?id=42500,Unknown
Society for Sale,29891,2.2,04/21/1918,English,Drama,NR,Frank Borzage,"William Desmond, Gloria Swanson, Herbert Prior, Charles Dorian, Lillian West, Lillian Langdon",https://www.filmcrave.com/movie_page_main.php?id=42501,Unknown
Love 'Em and Leave 'Em,34589,2.0,03/19/1926,English,"Comedy, Romance",NR,Frank Tuttle,"Evelyn Brent, Lawrence Gray, Louise Brooks, Osgood Perkins, Jack Egan, Marcia Harris",https://www.filmcrave.com/movie_page_main.php?id=42502,Unknown
The Rawhide Terror,10643,3.0,01/01/1934,English,"Western, Horror",NR,"Bruce M. Mitchell, Jack Nelson","Art Mix, Edmund Cobb, William Desmond, William Barrymore, Frances Morris, George Holt",https://www.filmcrave.com/movie_page_main.php?id=42503,Unknown
The Desert Man,47281,3.0,08/01/1934,English,Western,NR,Robert Emmett Tansey,"Hal Taliaferro, Peggy Djarling, James Sheridan, Franklyn Farnum, Yakima Canutt, Silver King the Horse",https://www.filmcrave.com/movie_page_main.php?id=42504,Unknown
"Lost, Strayed or Stolen",38844,1.8,02/18/1923,English,Western,NR,"Ford Beebe, Leo D. Maloney","Leo D. Maloney, Pauline Curley, Bud Osborne, Whitehorse, Tom Grimes",https://www.filmcrave.com/movie_page_main.php?id=42505,Unknown
The Squaw's Love,13672,2.8,09/14/1911,English,"Western, Drama",NR,D.W. Griffith,"Mabel Normand, Dark Cloud, Alfred Paget, Claire McDowell, William J. Butler, Kate Bruce",https://www.filmcrave.com/movie_page_main.php?id=42506,The banished Gray Fox is followed by his lover Wild Flower. Silver Fawn mistakenly thinks Wild Flower is after her fiance and pursues her. --
Sundown Trail,34705,2.0,06/01/1934,English,"Action, Romance",NR,Robert Emmett Tansey,"Hal Taliaferro, Fay McKenzie, James Sheridan, Barney Beasley, Jack Kirk",https://www.filmcrave.com/movie_page_main.php?id=42507,Unknown
Rainbow Riders,47271,3.0,06/15/1934,English,Western,NR,Bennett Cohen,"Jack Perrin, Ben Corbett, Virginia Brown Faire, Ethan Laidlaw, Grace Woods, Blackjack Ward",https://www.filmcrave.com/movie_page_main.php?id=42508,Unknown
The Sheriff of Stone Gulch,21673,2.5,03/03/1913,English,"Drama, Western",NR,Marshall Neilan,"Vincente Howard, Ruth Roland, Marshall Neilan, Pat Hartigan",https://www.filmcrave.com/movie_page_main.php?id=42509,Unknown
Ridin' the Lone Trail,39048,1.8,09/01/1937,English,Western,NR,Sam Newfield,"Bob Steele, Claire Rochelle, Charles King, Ernie Adams, Lew Meehan, Julian Rivero",https://www.filmcrave.com/movie_page_main.php?id=42510,Unknown
Boots of Destiny,47577,3.0,07/16/1937,English,"Western, Romance",NR,Arthur Rosson,"Ken Maynard, Claudia Dell, Vince Barnett, Ed Cassidy, Martin Garralaga, George Morrell",https://www.filmcrave.com/movie_page_main.php?id=42511,Unknown
Range Law,26958,2.3,10/11/1931,English,Western,NR,Phil Rosen,"Ken Maynard, Frances Dade, Frank Mayo, Aileen Manning, Jack Rockwell, Lafe McKee",https://www.filmcrave.com/movie_page_main.php?id=42512,Unknown
Sunset Trail,34661,2.0,01/07/1932,English,"Western, Romance",NR,B. Reeves Eason,"Ken Maynard, Ruth Hiatt, Frank Rice, Philo McCullough, Buddy Hunter, Richard Alexander",https://www.filmcrave.com/movie_page_main.php?id=42513,Unknown
Stone of Silver Creek,42413,1.7,04/15/1935,English,Western,NR,Nick Grinde,"Buck Jones, Noel Francis, Niles Welch, Marion Shilling, Peggy Campbell, Murdock MacQuarrie",https://www.filmcrave.com/movie_page_main.php?id=42514,Unknown
The Wagon Show,45354,1.4,02/19/1928,English,Western,NR,Harry Joe Brown,"Ken Maynard, Ena Gregory, Maurice Costello, Fred Malatesta, George Davis, May Boley",https://www.filmcrave.com/movie_page_main.php?id=42515,Unknown
The Flying Ace,34585,2.0,01/01/1926,English,"Crime, War",NR,Richard E. Norman,"Laurence Criner, Kathryn Boyd, Boise De Legge, Harold Platts, Lions Daniels, George Colvin",https://www.filmcrave.com/movie_page_main.php?id=42516,Unknown
White Gold,23917,2.3,02/24/1927,English,Western,NR,William K. Howard,"Jetta Goudal, Kenneth Thomson, George Bancroft, George Nichols, Bob Perry, Clyde Cook",https://www.filmcrave.com/movie_page_main.php?id=42517,Unknown
White Pongo,22096,2.5,11/02/1945,English,Adventure,NR,Sam Newfield,"Richard Fraser, Maris Wrixon, Lionel Royce, Al Eben, Gordon Richards, Michael Dyne",https://www.filmcrave.com/movie_page_main.php?id=42518,Unknown
A Romance of the Redwoods,17910,2.7,05/14/1917,English,"Drama, Historical",NR,Cecil B. DeMille,"Mary Pickford, Elliott Dexter, Tully Marshall, Raymond Hatton, Charles Ogle, Walter Long",https://www.filmcrave.com/movie_page_main.php?id=42519,Unknown
The Return of Chandu,20551,2.4,01/01/1934,English,"Horror, Fantasy",NR,Ray Taylor,"Bela Lugosi, Maria Alba, Lucien Prival, Clara Kimball Young, Dean Benton, Phyllis Ludwig",https://www.filmcrave.com/movie_page_main.php?id=42520,Unknown
Shifting Sands,29895,2.2,08/01/1918,English,Drama,NR,Albert Parker,"Gloria Swanson, Joe King, Harvey Clark, Leone Carton, Lillian Langdon, Arthur Millett",https://www.filmcrave.com/movie_page_main.php?id=42521,Unknown
The Flying Scotsman,29398,2.0,01/01/1929,English,"Crime, Drama",NR,Castleton Knight,"Ray Milland, Pauline Johnson, Moore Marriott, Bill Shine, Alec Hurley, Dino Galvani",https://www.filmcrave.com/movie_page_main.php?id=42522,Unknown
Repeaters,29137,2.0,09/13/2010,English,"Drama, Sci-Fi",NR,Carl Bessai,"Dustin Milligan, Amanda Crew, Richard de Klerk, Benjamin Ratner, Teach Grant, Alexia Fast",https://www.filmcrave.com/movie_page_main.php?id=42523,"Three people in a rehabilitation facility are allowed to leave for one day... and find themselves repeating the same day over and over. While two eventually realize it gives them a way to sort out personal issues in their life, the third man decides it presents the perfect opportunity to pull off the ultimate crime - one with no consequences. --"
David & Kamal,33471,2.0,03/13/2011,Hebrew,Drama,NR,Kikuo Kawasaki,"Zach Cohen, Abdallah El Akal, Yoni Rosenzweig, Noga Vogel, Liron Levo, Nati Ravitz",https://www.filmcrave.com/movie_page_main.php?id=42524,"A 9-year old American Jewish boy, David, along with a 9-year-old Arab boy, Kamal, become friends while selling postcards to tourists in Jerusalem. Kamal's bright, energetic attitude is a facade as his family life is the exact opposite under his tyrannical grandfather.\t"
A Girl's Folly,26811,2.3,02/26/1917,English,Comedy,NR,Maurice Tourneur,"Robert Warwick, Doris Kenyon, June Elvidge, Jane Adair, Chester Barnett, Johnny Hines",https://www.filmcrave.com/movie_page_main.php?id=42525,Unknown
The Americano,21691,2.5,12/24/1916,English,"Adventure, Comedy",NR,John Emerson,"Douglas Fairbanks, Alma Rubens, Spottiswoode Aitken, Carl Stockdale, Tote Du Crow, Charles Stevens",https://www.filmcrave.com/movie_page_main.php?id=42526,Unknown
Behind Jury Doors,38953,1.8,12/01/1932,English,"Crime, Drama",NR,B. Reeves Eason,"Helen Chandler, William Collier Jr., Blanche Friderici, Franklin Parker, John Davidson, Walter Miller",https://www.filmcrave.com/movie_page_main.php?id=42527,Unknown
The Flying Fool,28671,2.1,07/01/1929,English,"Adventure, Comedy",NR,Tay Garnett,"William Boyd, Marie Prevost, Russell Gleason, Tom O'Brien",https://www.filmcrave.com/movie_page_main.php?id=42528,Unknown
The Virginian,29874,2.2,09/07/1914,English,Western,NR,Cecil B. DeMille,Dustin Farnum,https://www.filmcrave.com/movie_page_main.php?id=42529,Unknown
Fertile Ground,14832,2.6,01/01/2010,English,Horror,R,Adam Gierasch,"Gale Harold, Leisha Hailey, Chelcie Ross, Jami Bassman, JoNell Kennedy, Ingrid Coree",https://www.filmcrave.com/movie_page_main.php?id=42530,Unknown
Seconds Apart,12411,2.5,01/28/2011,English,"Horror, Thriller",R,Antonio Negret,"Orlando Jones, Edmund Entin, Gary Entin, Samantha Droke, Louis Herthum, Morgana Shaw",https://www.filmcrave.com/movie_page_main.php?id=42531,"Two identical twins occupy themselves with a very special, very disturbing project that has a devastating effect on the environment around them. One of the twins falls in love, and in jealous rage, the other turns against his brother. Meanwhile, an investigator closes in on the truth about the twins, as things spiral out of control and moves towards a sinister showdown between the two brothers. --"
Husk,8414,2.8,01/28/2011,English,"Horror, Drama",R,Brett Simmons,"Devon Graye, Wes Chatham, C.J. Thomason, Tammin Sursok, Ben Easter, Josh Skipworth",https://www.filmcrave.com/movie_page_main.php?id=42532,"When a murder of crows smash into their car windshield, a group of young friends are forced to abandon the vehicle, leaving them stranded beside a desolate cornfield. Hidden deep within the cornfield they find a crumbling farmhouse - but they soon discover that instead of a sanctuary, the house is actually the center of a terrifying supernatural ritual that they are about to become a part of...\t"
Psych:9,38499,1.7,10/12/2010,English,"Horror, Mystery",R,Andrew Shortell,"Sara Foster, Cary Elwes, Michael Biehn, Gabriel Mann, Colleen Camp, Winter Ave Zoli",https://www.filmcrave.com/movie_page_main.php?id=42533,"A young, unstable woman who works the night shift experiences a chain of events that lead her to believe that the hospital is connected to a string of murders. To reveal the truth, she must first confront her own disturbed past.\t"
Moving Violation,33328,2.0,07/01/1976,English,"Comedy, Crime",PG,Charles S. Dubin,"Stephen McHattie, Kay Lenz, Lonny Chapman, Will Geer, Eddie Albert, Paul Linke",https://www.filmcrave.com/movie_page_main.php?id=42534,"A young couple witness a sheriff murder a police officer. When the sheriff realizes that they saw him commit the crime, he characterizes them as terrorists and tries to frame them for the murder instead.\t"
Forget Me Not,24368,2.3,08/01/2010,English,Romance,NR,"Alexander Holt, Lance Roehrig","Tobias Menzies, Genevieve O'Reilly, Gemma Jones, John Carlisle, Austin Hardiman, Charlie Covell",https://www.filmcrave.com/movie_page_main.php?id=42535,Unknown
The Devil's Double,6114,2.6,07/29/2011,English,"Action, Drama",R,Lee Tamahori,"Dominic Cooper, Ludivine Sagnier, Raad Rawi, Mem Ferda, Dar Salim, Khalid Laith",https://www.filmcrave.com/movie_page_main.php?id=42536,Life in Baghdad is about to become a whole lot more dangerous for army lieutenant Latif Yahia when he is brought into the palace of Saddam Hussein and told he is to be the new body double for his out-of-control son Uday. --
Chatroom,10142,2.5,12/22/2010,English,"Drama, Thriller",R,Hideo Nakata,"Aaron Johnson, Imogen Poots, Matthew Beard, Hannah Murray, Megan Dodds, Michelle Fairley",https://www.filmcrave.com/movie_page_main.php?id=42537,"A group of teenagers encourage each other's bad behavior to the point of suicide. William starts a chat room called 'Chelsea Teens!' in order to meet other teens. He comes across one in particular, Jim, who is considering suicide. Whilst he attempts to push Jim to kill himself, the other 3 teens on the site aim to stop William before it's too late.\t"
13 Assassins ( J\xc3\xbbsan-nin no shikaku ),807,3.0,04/29/2011,Japanese,Action,R,Takashi Miike,"K\xc3\xb4ji Yakusho, Takayuki Yamada, Y\xc3\xbbsuke Iseya, Gor\xc3\xb4 Inagaki, Masachika Ichimura, Mikijiro Hira",https://www.filmcrave.com/movie_page_main.php?id=42538,"After an evil warlord threatens to throw Japan back into a feudal warring state, a group of assassins comes together and plot a suicide mission in order to stop him. --"
The Flying Marine,23483,2.2,06/05/1929,English,"Action, Drama",NR,Albert S. Rogell,"Ben Lyon, Shirley Mason, Jason Robards Sr.",https://www.filmcrave.com/movie_page_main.php?id=42539,Unknown
Isle of Destiny,39093,1.8,03/08/1940,English,"Adventure, Drama",NR,Elmer Clifton,"William Gargan, Wallace Ford, June Lang, Gilbert Roland, Etienne Girardot, Katherine DeMille",https://www.filmcrave.com/movie_page_main.php?id=42540,Unknown
Lullaby for Pi,22841,2.5,12/01/2010,French,Drama,NR,Beno\xc3\xaet Philippon,"Rupert Friend, Cl\xc3\xa9mence Po\xc3\xa9sy, Matt Ward, Forest Whitaker, Sarah Wayne Callies, Colin Lawrence",https://www.filmcrave.com/movie_page_main.php?id=42541,Unknown
One Way to Valhalla,14161,2.8,10/23/2009,English,Drama,NR,Karen Goodman,"Gabriel Macht, Kim Dickens, Alison Pill, Brad William Henke, Kate Walsh, Dayna Keyes",https://www.filmcrave.com/movie_page_main.php?id=42543,A gearhead with an unhealthy passion for his 1970 Plymouth Barracuda loses his car after an alcohol-fueled joy ride and then finds a different perspective on life after an accident alters his personality. --
Nexus,45295,1.5,01/01/2010,English,Thriller,NR,Neil Coombs,"Grace Kosaka, Andrew Kraulis, Jefferson Mappin, Nick Alachiotis, Marty Moreau, Anna Cyzon",https://www.filmcrave.com/movie_page_main.php?id=42544,"Holly is a struggling singer whose life is torn apart when she loses custody of her daughter, Chloe.  When she travels to her soon to be ex-husbands estate in the country, for a weekend visit with Chloe, she is shocked to discover that he is missing.  The police are called and the following day, Holly is accused of the murder of her husband. Holly unwittingly finds herself at the center of a small town conspiracy and must harness all her inner strength to save her daughter and clear her name. \t"
The Goose Girl,29878,2.2,01/25/1915,English,Romance,NR,Frederick A. Thomson,"Marguerite Clark, Monroe Salisbury, Sydney Deane, E.N. Dunbar, James Neill, Lawrence Peyton",https://www.filmcrave.com/movie_page_main.php?id=42545,Unknown
Love is a Splendid Illusion,48708,3.0,04/20/1972,English,"Drama, Romance",NC-17,Tom Clegg,"Simon Brent, Andr\xc3\xa9e Flamand, Lisa Collings, Peter Hughes, Mark Kingston, Fiona Curzon",https://www.filmcrave.com/movie_page_main.php?id=42546,Unknown
The Coward,15304,2.5,11/14/1915,English,"Historical, War",NR,"Reginald Barker, Thomas H. Ince","Frank Keenan, Charles Ray, Gertrude Claire, Patricia Palmer, Nick Cogley, Charles K. French",https://www.filmcrave.com/movie_page_main.php?id=42547,Unknown
The Drummer of the 8th,28645,2.1,05/28/1913,English,"Drama, War",NR,Thomas H. Ince,"Cyril Gardner, Mildred Harris, Frank Borzage",https://www.filmcrave.com/movie_page_main.php?id=42548,Unknown
Granddad,23899,2.3,07/23/1913,English,Drama,NR,Thomas H. Ince,"William Desmond Taylor, Mildred Harris, Frank Borzage",https://www.filmcrave.com/movie_page_main.php?id=42549,Unknown
Exporting Raymond,20975,2.4,10/21/2010,Russian,"Documentary, Comedy",NR,Philip Rosenthal,"Philip Rosenthal, Aleksandr Zhigalkin",https://www.filmcrave.com/movie_page_main.php?id=42550,Documentary about the experience of Phil Rosenthal as he tries to bring a version of Everybody Loves Raymond to Russia. --
Mysteries of the Jesus Prayer,39808,1.8,04/08/2011,English,Documentary,NR,Norris J. Chumley,Unknown,https://www.filmcrave.com/movie_page_main.php?id=42551,Unknown
They're Out of the Business,42960,1.7,04/06/2011,English,Comedy,NR,"Eric Schaeffer, Donal Lardner Ward","Eric Schaeffer, Donal Lardner Ward, Stefanie E. Frame, Bill Dawes, Olivia Cella, Diane Davis",https://www.filmcrave.com/movie_page_main.php?id=42552,Unknown
A Little Help,20305,2.1,07/22/2011,English,"Comedy, Drama",R,Michael J. Weithorn,"Jenna Fischer, Chris O'Donnell, Kim Coates, Lesley Ann Warren, Brooke Smith, Aida Turturro",https://www.filmcrave.com/movie_page_main.php?id=42553,A lie sprouts a variety of bizarre shoots as a woman tries to take care of
The Little Red Truck,39730,1.8,07/11/2008,English,Documentary,PG,Rob Whitehair,J.K. Simmons,https://www.filmcrave.com/movie_page_main.php?id=42554,Unknown
Thank You,23661,2.2,04/08/2011,Hindi,"Comedy, Drama",NR,Anees Bazmee,"Akshay Kumar, Bobby Deol, Sonam Kapoor, Sunil Shetty, Irrfan Khan, Celina Jaitley",https://www.filmcrave.com/movie_page_main.php?id=42555,Unknown
Sweet Surrender,21913,2.5,12/01/1935,English,"Musical, Romance",NR,Monte Brice,"Frank Parker, Tamara, Helen Lynd, Russ Brown, Arthur Pierson, Otis Sheridan",https://www.filmcrave.com/movie_page_main.php?id=42556,Unknown
Two Sisters,34064,1.9,03/23/1929,English,"Adventure, Crime",NR,Scott Pembroke,"Viola Dana, Rex Lease, Claire Du Brey, Thomas G. Lingham, Irving Bacon, Boris Karloff",https://www.filmcrave.com/movie_page_main.php?id=42557,Unknown
Bar-L Ranch,21794,2.5,08/04/1930,English,"Western, Romance",NR,Harry S. Webb,"Jay Wilsey, Yakima Canutt, Hal Taliaferro, Betty Baker, Ben Corbett, Fern Emmett",https://www.filmcrave.com/movie_page_main.php?id=42558,Unknown
Cast Me If You Can ( Wakiyaku monogatari ),22835,2.5,10/12/2010,Japanese,"Comedy, Drama",NR,Atsushi Ogata,"T\xc3\xb4ru Masuoka, Hiromi Nagasaku, Masahiko Tsugawa, Tasuku Emoto, Edith Hanson, Michie Ikeda",https://www.filmcrave.com/movie_page_main.php?id=42559,Unknown
Child of Giants,42946,1.7,10/09/2010,English,"Documentary, Biography",NR,Tom Ropelewski,Daniel Rhodes Dixon,https://www.filmcrave.com/movie_page_main.php?id=42560,Unknown
Angel's Egg ( Tenshi no tamago ),12674,2.6,12/23/1985,Japanese,"Anime, Drama",NR,Mamoru Oshii,"Mako Hy\xc3\xb4d\xc3\xb4, Jinpachi Nezu, Kei'ichi Noda",https://www.filmcrave.com/movie_page_main.php?id=42561,Unknown
Gun Law,34062,1.9,03/03/1929,English,"Action, Romance",NR,Robert De Lacey,"Tom Tyler, Frankie Darro, Barney Furey, Ethlyne Clair, Lew Meehan, Tom Brooker",https://www.filmcrave.com/movie_page_main.php?id=42562,Unknown
"Thundering Herd, The ( Buffalo Stampede )",38960,1.8,03/01/1933,English,Western,NR,Henry Hathaway,"Randolph Scott, Judith Allen, Buster Crabbe, Noah Beery, Raymond Hatton, Harry Carey",https://www.filmcrave.com/movie_page_main.php?id=42563,Unknown
Murder in the Clouds,21893,2.5,12/15/1934,English,"Mystery, Romance",NR,D. Ross Lederman,"Lyle Talbot, Ann Dvorak, Gordon Westcott, Robert Light, George Cooper, Charles C. Wilson",https://www.filmcrave.com/movie_page_main.php?id=42564,Unknown
Mystery Plane,27136,2.3,03/08/1939,English,"Adventure, Crime",NR,George Waggner,"John Trent, Marjorie Reynolds, Milburn Stone, Jason Robards Sr., George Lynn, Lucien Littlefield",https://www.filmcrave.com/movie_page_main.php?id=42565,Unknown
Danger Flight,18097,2.7,11/01/1939,English,Adventure,NR,Howard Bretherton,"John Trent, Marjorie Reynolds, Milburn Stone, Jason Robards Sr., Tommy Baker, Dennis Moore",https://www.filmcrave.com/movie_page_main.php?id=42566,Unknown
Walpurgis Night ( Valborgsm\xc3\xa4ssoafton ),20605,2.4,01/01/1941,Swedish,Drama,NR,Gustaf Edgren,"Lars Hanson, Ingrid Bergman, Karin Kavli, Victor Sj\xc3\xb6str\xc3\xb6m, Erik 'Bullen' Berglund, Sture Lagerwall",https://www.filmcrave.com/movie_page_main.php?id=42567,Unknown
"Spray of Plum Blossoms, A ( Yi jian mei )",21806,2.5,07/23/1931,Mandarin,Drama,NR,Wancang Bu,"Lingyu Ruan, Cho-cho Lam, Cilong Wang, Yan Jin, Zhanfei Gao, Yanyan Chen",https://www.filmcrave.com/movie_page_main.php?id=42568,Unknown
Two Stars in the Milky Way ( Yinhe shuangxing ),28682,2.1,01/01/1931,Mandarin,Drama,NR,Tomsie Sze,"Yeh Chuen Chuen, V.K. Chung, Kao Chien Fei, Raymond King, Violet Wong",https://www.filmcrave.com/movie_page_main.php?id=42569,Unknown
On the Beat ( Min jing gu shi ),44293,2.0,04/06/1996,Mandarin,Comedy,NR,Ying Ning,"Li Jian, Liu Ying Shu, Liangui Wang, Li Zhanho, Zhiming Zhao, Shen Zhenou",https://www.filmcrave.com/movie_page_main.php?id=42570,"In the western sector of Beijing, we follow the tedium of police officers.\t"
I Love Beijing ( Xiari nuanyangyang ),50249,3.0,01/30/2002,Mandarin,Drama,NR,Ying Ning,"Yu Lei, Zuo Baitao, H\xc3\xb6ng Tao, Yi Gai, Miao Liu",https://www.filmcrave.com/movie_page_main.php?id=42571,Unknown
Stronger Than Death,44949,1.5,01/11/1920,English,"Drama, Romance",NR,"Herbert Blach\xc3\xa9\t, Charles Bryant, Robert Z. Leonard\t \t","Alla Nazimova, Charles Bryant, Charles K. French, Margaret McWade, Herbert Prior, William Orlamond",https://www.filmcrave.com/movie_page_main.php?id=42572,Unknown
Moscow Laughs ( Vesyolye rebyata ),34723,2.0,03/24/1935,Russian,"Comedy, Musical",NR,Grigori Aleksandrov,"Leonid Utyosov, Lyubov Orlova, Mariya Strelkova, Yelena Tyapkina, Fyodor Kurikhin, Robert Erdman",https://www.filmcrave.com/movie_page_main.php?id=42573,Unknown
Beautiful Darling,23844,2.3,04/22/2011,English,Documentary,NR,James Rasin,"Candy Darling, Andy Warhol, John Waters, Peter Beard, Holly Woodlawn, Pat Hackett",https://www.filmcrave.com/movie_page_main.php?id=42574,"Andy Warhol turned Candy Darling into a fixture of the New York 60s scene by involving her in his work. Through archival footage and new contemporary interviews with the people who knew her, this documentary examines the life of the woman who influenced so many. --"
The Sacred Flame,38548,1.8,11/24/1929,English,"Drama, Romance",NR,Archie Mayo,"Pauline Frederick, Conrad Nagel, William Courtenay, Lila Lee, Walter Byron, Alec B. Francis",https://www.filmcrave.com/movie_page_main.php?id=42575,Unknown
The Wolf Song,26926,2.3,03/30/1929,English,"Romance, Western",NR,Victor Fleming,"Gary Cooper, Lupe Velez, Louis Wolheim, Constantine Romanoff, Michael Vavitch, Ann Brody",https://www.filmcrave.com/movie_page_main.php?id=42576,Unknown
Bonds of Love,38829,1.8,11/02/1919,English,"Drama, Romance",NR,Reginald Barker,"Pauline Frederick, Percy Standing, Betty Schade, Leslie Stuart, Charles Clary, Kate Lester",https://www.filmcrave.com/movie_page_main.php?id=42577,Unknown
She Wanted a Millionaire,17969,2.7,02/21/1932,English,"Drama, Romance",NR,John G. Blystone,"Joan Bennett, Spencer Tracy, Una Merkel, James Kirkwood, Dorothy Peterson, Douglas Cosgrove",https://www.filmcrave.com/movie_page_main.php?id=42578,Unknown
Spirit of the West,21818,2.5,03/01/1932,English,Western,NR,Otto Brower,"Hoot Gibson, Doris Hill, Hooper Atchley, Al Bridge, Lafe McKee, George Mendoza",https://www.filmcrave.com/movie_page_main.php?id=42579,Unknown
The Thirteenth Chair,19778,2.3,10/19/1929,English,"Drama, Mystery",NR,Tod Browning,"Conrad Nagel, Leila Hyams, Margaret Wycherly, Helene Millard, Bela Lugosi, Holmes Herbert",https://www.filmcrave.com/movie_page_main.php?id=42580,Unknown
The Talk of Hollywood,38905,1.8,12/09/1929,English,"Comedy, Drama",NR,Mark Sandrich,"Nat Carr, Fay Marbe, Hope Sutherland, Sherling Oliver, Edward LeSaint, Gilbert Marbe",https://www.filmcrave.com/movie_page_main.php?id=42581,Unknown
Flying Devils,27002,2.3,07/14/1933,English,"Adventure, Drama",NR,Russell Birdwell,"Arline Judge, Bruce Cabot, Eric Linden, Ralph Bellamy, Cliff Edwards, June Brewster",https://www.filmcrave.com/movie_page_main.php?id=42582,Unknown
Spring is Here,26939,2.3,04/13/1930,English,"Comedy, Romance",NR,John Francis Dillon,"Lawrence Gray, Alexander Gray, Bernice Claire, Louise Fazenda, Ford Sterling, Inez Courtney",https://www.filmcrave.com/movie_page_main.php?id=42583,Unknown
The Pride of the Clan,21692,2.5,01/07/1917,English,"Drama, Romance",NR,Maurice Tourneur,"Mary Pickford, Matt Moore, Warren Cook, Kathryn Browne-Decker, Edward Roseman, Joel Day",https://www.filmcrave.com/movie_page_main.php?id=42584,Unknown
The Trail Drive,30071,2.2,09/04/1933,English,Western,NR,Alan James,"Ken Maynard, Cecilia Parker, William Gould, Frank Rice, Bob Kortman, Fern Emmett",https://www.filmcrave.com/movie_page_main.php?id=42585,Unknown
Trapped by Television,18043,2.7,06/15/1936,English,"Drama, Sci-Fi",NR,Del Lord,"Mary Astor, Lyle Talbot, Nat Pendleton, Joyce Compton, Thurston Hall, Henry Mollison",https://www.filmcrave.com/movie_page_main.php?id=42586,Unknown
"Jim Hanvey, Detective",47541,3.0,04/05/1937,English,Mystery,NR,Phil Rosen,"Guy Kibbee, Tom Brown, Lucie Kaye, Catherine Doucet, Edward Gargan, Edward Brophy",https://www.filmcrave.com/movie_page_main.php?id=42587,Unknown
Danger on the Air,20590,2.4,07/01/1938,English,"Crime, Drama",NR,Otis Garrett,"Nan Grey, Donald Woods, Jed Prouty, Berton Churchill, William Lundigan, Lee J. Cobb",https://www.filmcrave.com/movie_page_main.php?id=42588,Unknown
To the Last Man,23961,2.3,09/15/1933,English,Western,NR,Henry Hathaway,"Randolph Scott, Esther Ralston, Jack La Rue, Buster Crabbe, Barton MacLane, Noah Beery",https://www.filmcrave.com/movie_page_main.php?id=42589,The Hayden-Colby sends one man to prison and one family from Kentucky to
Ave Maria,30172,2.2,10/01/1937,German,Drama,NR,Johannes Riemann,"Beniamino Gigli, K\xc3\xa4the von Nagy, Harald Paulsen, Paul Henckels, Erna Berger, Carl Auen",https://www.filmcrave.com/movie_page_main.php?id=42590,Unknown
The Local Bad Man,38930,1.8,01/15/1932,English,"Action, Comedy",NR,Otto Brower,"Hoot Gibson, Sally Blane, Hooper Atchley, Edward Hearn, Edward Peil Sr., Jack Clifford",https://www.filmcrave.com/movie_page_main.php?id=42591,Unknown
Hawk of the Hills,20515,2.4,03/17/1929,English,Western,NR,Spencer Gordon Bennet,"Allene Ray, Walter Miller, Jack Ganzhorn, Frank Lackteen, Paul Panzer, Wally Oettel",https://www.filmcrave.com/movie_page_main.php?id=42592,Unknown
The Stronger Vow,44945,1.5,04/27/1919,English,Drama,NR,Reginald Barker,"Geraldine Farrar, Milton Sills, Kate Lester, Tom Santschi, John Davidson, Hassard Short",https://www.filmcrave.com/movie_page_main.php?id=42593,Unknown
Back Pay,20528,2.4,06/01/1930,English,"Drama, Romance",NR,William A. Seiter,"Corinne Griffith, Grant Withers, Montagu Love, Hallam Cooley, Vivien Oakland, Geneva Mitchell",https://www.filmcrave.com/movie_page_main.php?id=42594,Unknown
The White Outlaw,43069,1.5,01/07/1929,English,Western,NR,Robert J. Horner,"Art Acord, Vivian Bay, Bill Patton, Dick Nores, Lew Meehan, Betty Carter",https://www.filmcrave.com/movie_page_main.php?id=42595,Unknown
The Dictator,6179,2.5,05/16/2012,English,Comedy,R,Larry Charles,"Sacha Baron Cohen, Anna Faris, Ben Kingsley, Jason Mantzoukas, Bobby Lee, Kevin Corrigan",https://www.filmcrave.com/movie_page_main.php?id=42596,"There is one man standing between Democracy and his country: the great dictator who rules said country, lovingly, with an iron fist, and he will stop at nothing to make sure it stays that way. --"
Skyfall,329,3.1,11/09/2012,English,"Action, Thriller",PG-13,Sam Mendes,"Daniel Craig, Judi Dench, Rhys Ifans, Javier Bardem, Naomie Harris, Ralph Fiennes",https://www.filmcrave.com/movie_page_main.php?id=42597,"Loyalties will be tested as M finds herself at the mercy of part of her past she had thought was done for good. With M16 coming under attack, Bond will have to track down and eliminate the threat, no matter how it may affect his personal relationships. --"
Rise of the Guardians,1243,2.9,11/21/2012,English,"Animation, Adventure",PG,"William Joyce, Peter Ramsey","Hugh Jackman, Chris Pine, Alec Baldwin, Jude Law, Isla Fisher, Dakota Goyo",https://www.filmcrave.com/movie_page_main.php?id=42598,"Even childhood icons have to deal with issues. When Santa Claus, the Easter Bunny, the Tooth Fairy and Jack Frost unite to deal with a bully, the legends become heroes.\t"
Madagascar 3: Europe's Most Wanted,3089,2.8,06/08/2012,English,"Animation, Comedy",PG,Eric Darnell,"Ben Stiller, Chris Rock, David Schwimmer, Jada Pinkett Smith, Frances McDormand, Sacha Baron Cohen",https://www.filmcrave.com/movie_page_main.php?id=42599,"Alex the Lion, Marty the Zebra, Melman the Giraffe and Gloria the Hippo are still on a quest to get back to the New York Zoo. After surviving Madagascar and Africa, the group of animals find themselves as part of traveling circus they hope will lead back to the states. --"
Killing Them Softly,7793,2.5,11/30/2012,English,"Crime, Thriller",R,Andrew Dominik,"Brad Pitt, Ray Liotta, James Gandolfini, Richard Jenkins, Sam Shepard, Max Casella",https://www.filmcrave.com/movie_page_main.php?id=42600,"Jackie Cogan is called in when an investigation can't be handled by the law. The enforcer takes over when a heist targets a mob-protected poker game, and the stakes are high for everyone involved. --"
Ghost Rider: Spirit of Vengeance,21464,2.0,02/17/2012,English,"Action, Thriller",PG-13,"Mark Neveldine, Brian Taylor","Nicolas Cage, Idris Elba, Ciar\xc3\xa1n Hinds, Christopher Lambert, Johnny Whitworth, Violante Placido",https://www.filmcrave.com/movie_page_main.php?id=42601,"Johnny Blaze aka The Ghost Rider, must come out of hiding in Eastern"
Avatar: The Way of Water,3144,2.8,12/16/2022,English,"Adventure, Sci-Fi",PG-13,James Cameron,"Zoe Saldana, Sam Worthington, Sigourney Weaver, Kate Winslet, Cliff Curtis, Stephen Lang",https://www.filmcrave.com/movie_page_main.php?id=42602,"Jake Sully has settled in with his newfound family on the planet of Pandora. But his peaceful life is interrupted by the arrival of an old threat who once again threatens the planet. In order to prevent destruction, Jake and Neytiri will have to rally the Na'vi race, even those who wish to stay out of war, to protect their home and way of life. --"
"Julia's Eyes ( ojos de Julia, Los )",7236,2.7,10/29/2010,Spanish,"Horror, Thriller",NR,Guillem Morales,"Bel\xc3\xa9n Rueda, Llu\xc3\xads Homar, Pablo Derqui, Francesc Orella, Joan Dalmau, Boris Ruiz",https://www.filmcrave.com/movie_page_main.php?id=42603,Unknown
"Woman and the Puppet, The ( femme et le pantin, La )",28669,2.1,05/31/1929,French,Drama,NR,Jacques de Baroncelli,"Conchita Montenegro, Raymond Destac, Henri L\xc3\xa9v\xc3\xaaque, Andr\xc3\xa9e Canti, Jean Dalbe, Raoul Lagneau",https://www.filmcrave.com/movie_page_main.php?id=42604,Unknown
Song of the Caballero,46678,1.3,06/29/1930,English,Western,NR,Harry Joe Brown,"Ken Maynard, Doris Hill, Francis Ford, Gino Corrado, Evelyn Sherman, Josef Swickard",https://www.filmcrave.com/movie_page_main.php?id=42605,Unknown
Secrets of the French Police,30053,2.2,12/02/1932,English,Crime,NR,A. Edward Sutherland,"Frank Morgan, Gwili Andre, Gregory Ratoff, Rochelle Hudson, John Warburton, Christian Rub",https://www.filmcrave.com/movie_page_main.php?id=42606,Unknown
The Squall,23310,2.2,05/01/1929,English,Drama,NR,Alexander Korda,"Richard Tucker, Alice Joyce, Loretta Young, Carroll Nye, Zasu Pitts, Myrna Loy",https://www.filmcrave.com/movie_page_main.php?id=42607,Unknown
Zokkomon,24380,2.3,04/17/2011,Hindi,"Action, Adventure",PG,Satyajit Bhatkal,"Darsheel Safary, Anupam Kher, Manjari Fadnis, Akhil Mishra, Sheeba Chaddha, Tinnu Anand",https://www.filmcrave.com/movie_page_main.php?id=42608,An orphan neglected and forgotten is left for dead only to return - people regard him at first as a ghost and then as a superhero. --
Hard to Get,38546,1.8,08/04/1929,English,Comedy,NR,William Beaudine,"Dorothy Mackaill, Charles Delaney, James Finlayson, Louise Fazenda, Jack Oakie, Edmund Burns",https://www.filmcrave.com/movie_page_main.php?id=42609,Unknown
Thundering Thompson,26929,2.3,10/08/1929,English,"Adventure, Romance",NR,Ben F. Wilson,"Cheyenne Bill, Neva Gerber, Al Ferguson, Cliff Lyons, Ed La Niece",https://www.filmcrave.com/movie_page_main.php?id=42610,Unknown
Mid Life Gangster,28222,2.3,04/15/2011,English,"Crime, Drama",NR,"Teddy Grouya, Evan Bullet James","J. Teddy Garces, Ricky Harris, Evan Bullet James, Amber Noelle, Peter Mark Vasquez, Maritza Graciela",https://www.filmcrave.com/movie_page_main.php?id=42611,"Evan ""Bullet"" James is close with his father. When his father dies after a disastrous pitch to a television network, James is left heartbroken - and angry. Calling together his ""old"" gang - he seeks revenge from Hollywood. --"
Street Girl,33142,2.0,08/21/1929,English,"Drama, Musical",NR,Wesley Ruggles,"Betty Compson, John Harron, Jack Oakie, Ned Sparks, Guy Buccola, Joseph Cawthorn",https://www.filmcrave.com/movie_page_main.php?id=42612,Unknown
Alias Mary Dow,39004,1.8,05/01/1935,English,Drama,NR,Kurt Neumann,"Sally Eilers, Ray Milland, Henry O'Neill, Katharine Alexander, Chick Chandler, Juanita Quigley",https://www.filmcrave.com/movie_page_main.php?id=42613,Unknown
Crushed Velvet,42962,1.7,04/16/2011,English,Thriller,NR,Brian Skiba,"Laurie Love, Nicola Victoria Buck, Noel Casler, Bivas Biswas, Rochelle Bohn, Gino Calabro",https://www.filmcrave.com/movie_page_main.php?id=42614,Unknown
Words and Music,38547,1.8,08/18/1929,English,"Comedy, Musical",NR,James Tinling,"Lois Moran, David Percy, Helen Twelvetrees, William Orlamond, John Wayne, Elizabeth Patterson",https://www.filmcrave.com/movie_page_main.php?id=42615,A fictionalized account of the partnership between Richard Rodgers and Lorenz Hart. --
The Three Mesquiteers,34754,2.0,09/22/1936,English,"Action, Western",NR,Ray Taylor,"Robert Livingston, Ray Corrigan, Syd Saylor, Kay Hughes, J.P. McGowan, Al Bridge",https://www.filmcrave.com/movie_page_main.php?id=42616,Unknown
The Trigger Trio,27100,2.3,10/18/1937,English,Western,NR,William Witney,"Ray Corrigan, Max Terhune, Ralph Byrd, Sandra Corday, Robert Warwick, Cornelius Keefe",https://www.filmcrave.com/movie_page_main.php?id=42617,Unknown
Texas to Bataan,30276,2.2,10/16/1942,English,"Western, War",NR,Robert Emmett Tansey,"John 'Dusty' King, David Sharpe, Max Terhune, Marjorie Manners, Steve Clark, Budd Buster",https://www.filmcrave.com/movie_page_main.php?id=42618,Unknown
Tumbledown Ranch in Arizona,42493,1.7,04/20/1941,English,"Action, Adventure",NR,S. Roy Luby,"Ray Corrigan, John 'Dusty' King, Max Terhune, Sheila Darcy, Marian Kerby, James Craven",https://www.filmcrave.com/movie_page_main.php?id=42619,Unknown
Texas Trouble Shooters,39136,1.8,06/12/1942,English,Western,NR,S. Roy Luby,"Ray Corrigan, John 'Dusty' King, Max Terhune, Julie Duncan, Glenn Strange, Riley Hill",https://www.filmcrave.com/movie_page_main.php?id=42620,Unknown
West of Pinto Basin,31720,2.8,11/25/1940,English,Western,NR,S. Roy Luby,"Ray Corrigan, John 'Dusty' King, Max Terhune, Gwen Gaze, Tristram Coffin, Dirk Thane",https://www.filmcrave.com/movie_page_main.php?id=42621,Unknown
"Oh, Yeah?",26930,2.3,10/29/1929,English,"Comedy, Drama",NR,Tay Garnett,"Robert Armstrong, James Gleason, Patricia Caron, Zasu Pitts, Budd Fine, Frank Hagney",https://www.filmcrave.com/movie_page_main.php?id=42622,Unknown
Such a Boor ( So ein Flegel ),30080,2.2,02/13/1934,German,Comedy,NR,Robert A. Stemmle,"Heinz R\xc3\xbchmann, Ellen Frank, Inge Conradi, Annemarie S\xc3\xb6rensen, Jakob Tiedtke, Else B\xc3\xb6tticher",https://www.filmcrave.com/movie_page_main.php?id=42623,Unknown
South Dakota ,39812,1.8,04/15/2011,English,"Drama, Romance",NR,Bruce Isacson,"Tessa Thompson, Amanda Aday, Reid Ewing, Allen Maldonado, Piper Ferrone, Nate Hartley",https://www.filmcrave.com/movie_page_main.php?id=42624,Unknown
Bill Henry,44946,1.5,08/17/1919,English,Comedy,NR,Jerome Storm,"Charles Ray, Edith Roberts, William A. Carroll, Bert Woodruff, Jennie Lee, Walter Perkins",https://www.filmcrave.com/movie_page_main.php?id=42625,Unknown
Abdul the Damned,39020,1.8,05/10/1936,English,"Drama, Historical",NR,Karl Grune,"Fritz Kortner, Nils Asther, John Stuart, Adrienne Ames, Esme Percy, Walter Rilla",https://www.filmcrave.com/movie_page_main.php?id=42626,Unknown
R,2041,3.3,06/18/2010,Danish,Drama,NR,"Tobias Lindholm, Michael Noer","Johan Philip Asb\xc3\xa6k, Dulfi Al-Jabouri, Roland M\xc3\xb8ller, Jacob Gredsted, Omar Shargawi, Kim Winther",https://www.filmcrave.com/movie_page_main.php?id=42627,Unknown
Animals United ( Konferenz der Tiere ),29314,1.9,10/24/2010,German,"Animation, Family",NR,"Reinhard Klooss, Holger Tappe","Jim Broadbent, Stephen Fry, James Corden, Vanessa Redgrave, Andy Serkis, Joanna Lumley",https://www.filmcrave.com/movie_page_main.php?id=42628,Unknown
Western Frontier,42417,1.7,08/07/1935,English,Western,NR,Albert Herman,"Ken Maynard, Lucile Browne, Nora Lane, Robert 'Buzz' Henry, Frank Yaconelli, Otis Harlan",https://www.filmcrave.com/movie_page_main.php?id=42629,Unknown
Blood Canvas,46825,1.3,04/17/2011,English,"Horror, Mystery",NR,Sridhar Ranganath,"Brien Perry, Karin Duseva, Sarah Agor, Jaime Zevallos, Tiffany Pulvino, Christian Anderson",https://www.filmcrave.com/movie_page_main.php?id=42630,Unknown
The Lone Horseman,38901,1.8,11/01/1929,English,"Adventure, Romance",NR,J.P. McGowan,"Tom Tyler, Charlotte Winn, J.P. McGowan, Mack V. Wright, Tom Bay, Emma Tansey",https://www.filmcrave.com/movie_page_main.php?id=42631,Unknown
Seeds of Freedom ( Yego prevoskhoditelstvo ),34627,2.0,09/07/1929,Russian,Drama,NR,Grigori Roshal,"Mikhail Rostovtsev, Nikolai Cherkasov, Mariya Sinelnikova, Leonid Leonidov, Tamara Adelheim, J. Untershlak",https://www.filmcrave.com/movie_page_main.php?id=42632,Unknown
The Sky Hawk,20513,2.4,01/29/1929,English,"Adventure, Drama",NR,John G. Blystone,"Helen Chandler, John Garrick, Gilbert Emery, Lennox Pawle, Lumsden Hare, Billy Bevan",https://www.filmcrave.com/movie_page_main.php?id=42633,Unknown
Fly Away,18761,2.7,04/26/2011,English,Drama,NR,Janet Grillo,"JR Bourne, Beth Broderick, Greg Germann, Elaine Hall, Zachariah Palmer, Reno",https://www.filmcrave.com/movie_page_main.php?id=42634,"As her daughter enters adulthood, a single mother must decide how best to handle her autism, even if it means letting go. --"
The Angkor aka Forbidden Adventure aka Gorilla Woman,30164,2.2,06/01/1937,English,Adventure,NR,"L.C. Cook, George M. Merrick","Wilfred Lucas, J.S. Horne",https://www.filmcrave.com/movie_page_main.php?id=42635,Unknown
Brass Buttons,26826,2.3,04/06/1919,English,"Comedy, Western",NR,Henry King,"William Russell, Eileen Percy, Helen Howard, Frank Brownlee, Bull Montana, Wilbur Higby",https://www.filmcrave.com/movie_page_main.php?id=42636,Unknown
One Hysterical Night,30009,2.2,10/06/1929,English,"Comedy, Romance",NR,William James Craft,"Reginald Denny, Slim Summerville, Walter Brennan, Nora Lane, Henry Otto, Fritz Feld",https://www.filmcrave.com/movie_page_main.php?id=42637,Unknown
Ride 'Em Cowboy,42435,1.7,09/20/1936,English,Western,NR,Lesley Selander,"Buck Jones, Luana Walters, Donald Kirke, George Cooper, J.P. McGowan, Joseph W. Girard",https://www.filmcrave.com/movie_page_main.php?id=42638,Unknown
Microphone,24379,2.3,03/29/2011,Arabic,"Comedy, Drama",NR,Ahmad Abdalla,"Khaled Abol Naga, Menna Shalabi, Yousra El Lozy, Hany Adel, Ahmad Magdy, Salwa Mohamed",https://www.filmcrave.com/movie_page_main.php?id=42639,Unknown
The Poor Little Rich Girl,16828,2.5,03/05/1917,English,"Comedy, Drama",NR,Maurice Tourneur,"Mary Pickford, Madlaine Traverse, Charles Wellesley, Gladys Fairbanks, Frank McGlynn Sr., Emile La Croix",https://www.filmcrave.com/movie_page_main.php?id=42640,Unknown
Knockout,26396,2.0,03/05/2011,English,Family,PG,Anne Wheeler,"Steve Austin, Daniel Magder, Jaren Brandt Bartlett, Emma Grabinsky, Tess Atkins, Scott Hylands",https://www.filmcrave.com/movie_page_main.php?id=42641,A boxer-turned-janitor helps a bullied teen find his confidence and help him come to terms with his violent past. --
The Woman from Hell,14499,2.6,04/21/1929,English,Drama,NR,A.F. Erickson,"Mary Astor, Robert Armstrong, Dean Jagger, Roy D'Arcy, May Boley, James Bradbury Sr.",https://www.filmcrave.com/movie_page_main.php?id=42642,Unknown
Suspense,26753,2.3,11/07/1930,English,War,NR,Walter Summers,"Mickey Brantford, Cyril McLaglen, Jack Raine, Hay Petrie, Fred Groves, Percy Parsons",https://www.filmcrave.com/movie_page_main.php?id=42643,Unknown
American Reunion,5137,2.6,04/06/2012,English,"Comedy, Romance",R,"Jon Hurwitz, Hayden Schlossberg","Alyson Hannigan, Seann William Scott, Tara Reid, Jason Biggs, Mena Suvari, Thomas Ian Nicholas",https://www.filmcrave.com/movie_page_main.php?id=42644,"It's the 10-year class reunion and the old gang is back together again - happiness, wealth, love and Stifler's Mom - one thing is for sure, it's a reunion no one will forget. --"
Rammbock,16573,2.3,05/04/2011,German,Horror,R,Marvin Kren,"Sebastian Achilles, Melanie Berke, Michael Fuith, Anna Graczyk, Harald Geil, J\xc3\xb6rn Hentschel",https://www.filmcrave.com/movie_page_main.php?id=42645,"Returning to Berlin to find his ex-girlfriend, Michael instead comes face-to-face with a zombie outbreak. --"
Boots,34535,2.0,03/09/1919,English,Comedy,NR,Elmer Clifton,"Dorothy Gish, Richard Barthelmess, Fontaine La Rue, Edward Peil Sr., Kate Toncray, Raymond Cannon",https://www.filmcrave.com/movie_page_main.php?id=42646,Unknown
Where East is East,23311,2.2,05/04/1929,English,Drama,NR,Tod Browning,"Lon Chaney, Lupe Velez, Estelle Taylor, Lloyd Hughes, Louis Stern, Mrs. Wong Wing",https://www.filmcrave.com/movie_page_main.php?id=42647,"A Chinese man lives with his daughter, who falls in love with a Caucasian"
Half Marriage,34070,1.9,10/13/1929,English,"Drama, Romance",NR,William J. Cowen,"Olive Borden, Morgan Farley, Ken Murray, Ann Greenway, Anderson Lawler, Hedda Hopper",https://www.filmcrave.com/movie_page_main.php?id=42648,Unknown
Intruders,19688,2.1,03/30/2012,English,"Horror, Thriller",R,Juan Carlos Fresnadillo,"Clive Owen, Daniel Br\xc3\xbchl, Carice van Houten, Ella Purnell, Kerry Fox, Pilar L\xc3\xb3pez de Ayala",https://www.filmcrave.com/movie_page_main.php?id=42649,"The monsters we imagine in childhood are supposed to leave us as we grow older, but one family is about to find out what happens when the monsters won't go away. --"
Speakeasy,42059,1.6,03/08/1929,English,"Drama, Sport",NR,Benjamin Stoloff,"Lola Lane, Henry B. Walthall, Helen Ware, Sharon Lynn, Warren Hymer, Stuart Erwin",https://www.filmcrave.com/movie_page_main.php?id=42650,Unknown
"The Long, Long Trail",38900,1.8,10/27/1929,English,Western,NR,Arthur Rosson,"Hoot Gibson, Sally Eilers, Kathryn McGuire, Jim Mason, Archie Ricks, Walter Brennan",https://www.filmcrave.com/movie_page_main.php?id=42651,Unknown
The Four Deuces,46171,1.8,01/01/1976,English,"Action, Comedy",R,William H. Bushnell,"Jack Palance, Carol Lynley, Warren Berlinger, Adam Roarke, Martin Kove, H.B. Haggerty",https://www.filmcrave.com/movie_page_main.php?id=42652,Unknown
Pig,22856,2.5,04/16/2011,English,"Drama, Sci-Fi",NR,Henry Barrial,"Rudolf Martin, Heather Ankeny, Keith Diamond, Ines Dali, Patrick Fabian, Steve Tom",https://www.filmcrave.com/movie_page_main.php?id=42653,"A man awakens in the desert with no memory of his former life other than a nametag. After being nursed back to health he makes his way to L.A., determined to learn the truth - but he may not like what he finds. --"
Hurricane,30008,2.2,09/30/1929,English,"Adventure, Crime",NR,Ralph Ince,"Hobart Bosworth, Johnny Mack Brown, Leila Hyams, Alan Roscoe, Tom O'Brien, Leila McIntyre",https://www.filmcrave.com/movie_page_main.php?id=42654,Unknown
The Nothing,39809,1.8,04/14/2011,English,"Drama, Mystery",NR,Joshua Childs,"Jeff Boyet, Jared Carter, Jeremy Childs, Jeff Durham, Shawn Whitsell, Elise Glasser",https://www.filmcrave.com/movie_page_main.php?id=42655,Unknown
Friday the Thirteenth,28710,2.1,05/14/1934,English,"Comedy, Drama",NR,Victor Saville,"Jessie Matthews, Sonnie Hale, Muriel Aked, Cyril Smith, Richard Hulton, Max Miller",https://www.filmcrave.com/movie_page_main.php?id=42656,Unknown
"Woman One Longs for, The ( Frau, nach der man sich sehnt, Die )",17943,2.7,09/08/1929,German,Drama,NR,Curtis Bernhardt,"Marlene Dietrich, Fritz Kortner, Frida Richard, Oskar Sima, Uno Henning, Karl Etlinger",https://www.filmcrave.com/movie_page_main.php?id=42657,Unknown
Jess + Moss,33781,1.9,01/23/2011,English,Drama,NR,Clay Jeter,"Sarah Hagan, Austin Vickers, Haley Strode",https://www.filmcrave.com/movie_page_main.php?id=42658,"Through a series of vignettes, and a variety of film stocks, this story recounts the last summer spent together by second cousins Jess and Moss in rural Kentucky. --"
Lovechild,39811,1.8,04/15/2011,English,Drama,NR,Daniel Yost,"Tara Walker, Justin Shandor, Daniel Yost, Ray Sanchez, Maria Horga, Jamie Goetz",https://www.filmcrave.com/movie_page_main.php?id=42659,Unknown
It Can't Last Forever ,46700,1.3,07/15/1937,English,"Comedy, Crime",NR,Hamilton MacFadden,"Ralph Bellamy, Betty Furness, Robert Armstrong, Raymond Walburn, Thurston Hall, Edward Pawley",https://www.filmcrave.com/movie_page_main.php?id=42660,Unknown
Gunsmoke Ranch,34778,2.0,05/05/1937,English,Western,NR,Joseph Kane,"Robert Livingston, Ray Corrigan, Max Terhune, Kenneth Harlan, Jean Carmen, Sammy McKim",https://www.filmcrave.com/movie_page_main.php?id=42661,Unknown
Galloping Dynamite,21931,2.5,07/12/1937,English,"Western, Crime",NR,Harry L. Fraser,"Kermit Maynard, Ariane Allen, John Merton, David Sharpe, Stanley Blystone, John Ward",https://www.filmcrave.com/movie_page_main.php?id=42662,Unknown
Gravity Was Everywhere Back Then,59300,2.0,05/07/2010,English,Animation,NR,Brent Green,"Donna Kozloskie, Michael McGinley",https://www.filmcrave.com/movie_page_main.php?id=42663,Unknown
"Hammer, The ( Hamill )",22882,2.5,10/27/2011,English,"Drama, Sport",NR,Oren Kaplan,"Russell Harvard, Raymond J. Barry, Shoshannah Stern, Michael Anthony Spady, Courtney Halverson, Joseph McKelheer",https://www.filmcrave.com/movie_page_main.php?id=42664,"Biography and coming-of-age drama based on the life of Matt Hamill, who won the National Collegiate Wrestling Championship despite being deaf. --"
Character Studies,33132,2.0,11/20/1927,English,Comedy,NR,Unknown,"Carter DeHaven, Buster Keaton, Harold Lloyd, Rudolph Valentino, Roscoe ""Fatty"" Arbuckle, Douglas Fairbanks",https://www.filmcrave.com/movie_page_main.php?id=42665,Unknown
Nobody's Baby,30161,2.2,04/23/1937,English,Comedy,NR,Gus Meins,"Patsy Kelly, Lyda Roberti, Lynne Overman, Robert Armstrong, Rosina Lawrence, Don Alvarado",https://www.filmcrave.com/movie_page_main.php?id=42666,Unknown
Nobody's Baby,19724,2.3,01/21/2001,English,"Comedy, Drama",R,David Seltzer,"Skeet Ulrich, Gary Oldman, Radha Mitchell, Mary Steenburgen, Peter Greene, Gordon Tootoosis",https://www.filmcrave.com/movie_page_main.php?id=42667,Unknown
Premiere,27081,2.3,02/25/1937,German,"Comedy, Mystery",NR,G\xc3\xa9za von Bolv\xc3\xa1ry,"Zarah Leander, Attila H\xc3\xb6rbiger, Karl Martell, Theo Lingen, Maria Bard, Karl G\xc3\xbcnther",https://www.filmcrave.com/movie_page_main.php?id=42668,Unknown
Heroes of the Alamo,21934,2.5,08/16/1937,English,"Historical, War",NR,Harry L. Fraser,"Earle Hodgins, Lane Chandler, Roger Williams, Rex Lease, Jack C. Smith, Bruce Warren",https://www.filmcrave.com/movie_page_main.php?id=42669,Unknown
Law for Tombstone,34790,2.0,10/10/1937,English,Western,NR,"W.B. Eason, Buck Jones","Buck Jones, Muriel Evans, Harvey Clark, Carl Stockdale, Earle Hodgins, Alexander Cross",https://www.filmcrave.com/movie_page_main.php?id=42670,Unknown
God's Country and the Man,27099,2.3,09/02/1937,English,"Adventure, Romance",NR,Robert N. Bradbury,"Tom Keene, Betty Compson, Charlotte Henry, Charles King, Billy Bletcher, James Sheridan",https://www.filmcrave.com/movie_page_main.php?id=42671,Unknown
Hittin' the Trail,42441,1.7,04/03/1937,English,"Western, Action",NR,Robert N. Bradbury,"Tex Ritter, Jerry Bergh, Tommy Bupp, Earl Dwire, Charles King, 'Snub' Pollard",https://www.filmcrave.com/movie_page_main.php?id=42672,Unknown
Rollin' Plains,39061,1.8,07/08/1938,English,"Adventure, Mystery",NR,Albert Herman,"Tex Ritter, Horace Murphy, 'Snub' Pollard, Harriet Bennet, Hobart Bosworth, White Flash",https://www.filmcrave.com/movie_page_main.php?id=42673,Unknown
The Colorado Kid,45733,1.8,12/06/1937,English,Western,NR,Sam Newfield,"Bob Steele, Marion Weldon, Karl Hackett, Ernie Adams, Ted Adams, Frank LaRue",https://www.filmcrave.com/movie_page_main.php?id=42674,Unknown
The Pecos Kid,34724,2.0,04/04/1935,English,Western,NR,Harry L. Fraser,"Fred Kohler Jr., Ruth Findlay, Roger Williams, Ed Cassidy, Hal Taliaferro, Earl Dwire",https://www.filmcrave.com/movie_page_main.php?id=42675,Unknown
Night Beat,30032,2.2,12/27/1931,English,"Crime, Drama",NR,George B. Seitz,"Jack Mulhall, Patsy Ruth Miller, Walter McGrail, Harry Cording, Ernie Adams, Richard Cramer",https://www.filmcrave.com/movie_page_main.php?id=42676,Unknown
Love Never Dies,36159,2.5,11/14/1921,English,Drama,NR,King Vidor,"Lloyd Hughes, Madge Bellamy, Joseph Bennett, Lillian Leighton, Fred Gamble, Julia Brown",https://www.filmcrave.com/movie_page_main.php?id=42677,Unknown
Hitchhike to Hell ( Highway Hell ),47517,3.0,01/01/1937,English,Drama,NR,Pat Carlyle,"Charles Maurice, Don Hirsh, Diane Winthrop, Julian Harris, Margaret Weiner, Mary Chouning",https://www.filmcrave.com/movie_page_main.php?id=42678,Unknown
Underground Rustlers,34880,2.0,11/21/1941,English,"Adventure, Western",NR,S. Roy Luby,"Ray Corrigan, John 'Dusty' King, Max Terhune, Gwen Gaze, Robert Blair, Forrest Taylor",https://www.filmcrave.com/movie_page_main.php?id=42679,Unknown
Rustlers' Hideout,11477,2.8,09/02/1945,English,"Action, Western",NR,Sam Newfield,"Buster Crabbe, Al St. John, Patti McCarty, Charles King, John Merton, Terry Frost",https://www.filmcrave.com/movie_page_main.php?id=42680,Unknown
Small Town Murder Songs ,17271,2.5,05/01/2011,English,"Crime, Thriller",NR,Ed Gass-Donnelly,"Martha Plimpton, Peter Stormare, Jill Hennessy, Jackie Burroughs, Aaron Poole, Ari Cohen",https://www.filmcrave.com/movie_page_main.php?id=42681,A small town in Ontario is the setting for a modern Gothic crime tale when an aging police officer must confront his violent past when a murder upsets his reformed life. --
"Troll Hunter, The ( Trolljegeren )",3712,2.7,06/10/2011,Norwegian,"Adventure, Drama",NR,Andr\xc3\xa9 \xc3\x98vredal,"Otto Jespersen, Hans Morten Hansen, Johanna M\xc3\xb8rck, Glenn Erland Tosterud, Tomas Alf Larsen, Knut N\xc3\xa6rum",https://www.filmcrave.com/movie_page_main.php?id=42682,"The Troll Hunter is a 2010 Norwegian horror-thriller film, made in the form of a mockumentary about a group of students investigating a series of bear killings only to find a hunter who is after far more dangerous game: a troll.\t"
Saviors in the Night ( Unter Bauern ),14167,2.8,02/11/2010,German,"Drama, Historical",NR,Ludi Boeken,"Veronica Ferres, Armin Rohde, Lia Hoensbroech, Martin Horn, Luisa Mix, Tjard Krusius",https://www.filmcrave.com/movie_page_main.php?id=42683,Unknown
Forks Over Knives,1135,3.1,05/06/2011,English,Documentary,PG,Lee Fulkerson,"Mac Danzig, Terry Mason, Gene Baur, Caldwell Esselstyn Jr., David Klurfeld, Connie Diekman",https://www.filmcrave.com/movie_page_main.php?id=42684,"Lee Fulkerson presents this documentary examining the claim that if we eliminated animal-based and processed foods from our lives, it would nearly eradicate or even reverse, the vast majority of degenerative diseases that are prevalent in society. --"
The Ledge,28546,1.9,07/08/2011,English,"Drama, Thriller",R,Matthew Chapman,"Patrick Wilson, Charlie Hunnam, Liv Tyler, Terrence Howard, Jaqueline Fleming, Christopher Gorham",https://www.filmcrave.com/movie_page_main.php?id=42685,It's a test of faith as a man on a high-rise ledge has an hour to decide his fate: take his own life or forfeit another. --
Tex Rides with the Boy Scouts ,27105,2.3,01/02/1938,English,Western,NR,Ray Taylor,"Tex Ritter, Marjorie Reynolds, Horace Murphy, 'Snub' Pollard, Tommy Bupp, Charles King",https://www.filmcrave.com/movie_page_main.php?id=42686,Unknown
The Mystery of the Hooded Horsemen,21933,2.5,08/06/1937,English,"Mystery, Romance",NR,Ray Taylor,"Tex Ritter, Iris Meredith, Horace Murphy, Charles King, Earl Dwire, White Flash",https://www.filmcrave.com/movie_page_main.php?id=42687,Unknown
The Painted Stallion,27109,2.3,02/11/1938,English,Western,NR,"Alan James, Ray Taylor, William Witney\t \t","Ray Corrigan, Hoot Gibson, Sammy McKim, LeRoy Mason, Jack Perrin, Duncan Renaldo",https://www.filmcrave.com/movie_page_main.php?id=42688,Unknown
Lawless Land,42442,1.7,04/06/1937,English,"Western, Romance",NR,Albert Ray,"Johnny Mack Brown, Louise Stanley, Ted Adams, Julian Rivero, Horace Murphy, Frank Ball",https://www.filmcrave.com/movie_page_main.php?id=42689,Unknown
All the Right Noises,27680,2.3,01/01/1973,English,"Comedy, Drama",NR,Gerry O'Hara,"Olivia Hussey, Tom Bell, Judy Carne, John Standing, Lesley-Anne Down, Robert Keegan",https://www.filmcrave.com/movie_page_main.php?id=42690,Unknown
Go for It!,39775,1.8,08/01/2010,English,Drama,PG-13,Carmen Marron,"Aimee Garcia, Al Bandiero, Jossara Jinaro, Gina Rodriguez, Louie Alegria, Derrick Denicola",https://www.filmcrave.com/movie_page_main.php?id=42691,Unknown
Talhotblond:,7137,2.7,02/01/2009,English,"Documentary, Thriller",NR,Barbara Schroeder,Unknown,https://www.filmcrave.com/movie_page_main.php?id=42692,Documentary on a three-way online relationship that goes tits up.\t
Villa Amalia,25822,3.0,04/08/2009,French,Drama,NR,Beno\xc3\xaet Jacquot,"Isabelle Huppert, Jean-Hugues Anglade, Xavier Beauvois, Maya Sansa, Clara Bindi, Viviana Aliberti",https://www.filmcrave.com/movie_page_main.php?id=42693,Unknown
How to Live Forever,28154,2.3,02/07/2010,English,Documentary,NR,Mark Wexler,"Suzanne Somers, Phyllis Diller, Ray Bradbury, Jack LaLanne, Raymond Kurzweil, Willard Scott",https://www.filmcrave.com/movie_page_main.php?id=42694,"Mark Wexler is a director in search of answers to longevity and perhaps the secret to living forever. Seeking out the most interesting, unusual and aged characters - from a beer-drinking centenarian marathon runner to a strict vegetarian who ends each day with vodka - the secret to long life may be found along the way. --"
Permissive,24177,2.3,02/10/1972,English,Drama,NC-17,Lindsay Shonteff,"Maggie Stride, Gilbert Wynne, Gay Singleton, John Allen, Nicola Austin, Stuart Cowell",https://www.filmcrave.com/movie_page_main.php?id=42695,British film about the exploits of a groupie called Suzy Superscrew.\t
Page One: A Year Inside the New York Times,10246,2.6,06/24/2011,English,Documentary,R,Andrew Rossi,David Carr,https://www.filmcrave.com/movie_page_main.php?id=42697,"In an unprecedented behind-the-scenes look at the New York Times, Andrew Rossi follows one year at the media desk of the famous newspaper in a time when media is changing at a rapid pace. --"
Martha Marcy May Marlene,2726,2.8,10/21/2011,English,"Drama, Thriller",R,Sean Durkin,"Elizabeth Olsen, Sarah Paulson, John Hawkes, Hugh Dancy, Brady Corbet, Julia Garner",https://www.filmcrave.com/movie_page_main.php?id=42698,Martha has struggled to free  herself from an abusive cult but her attempts to reconnect with family and get back to a normal life are constantly thwarted by her memories and increasing paranoia. --
Valley of Terror,34771,2.0,01/20/1937,English,"Western, Romance",NR,Albert Herman,"Kermit Maynard, Harley Wood, John Merton, Jack Ingram, Roger Williams, Hank Bell",https://www.filmcrave.com/movie_page_main.php?id=42699,Unknown
Barefoot Boy,34811,2.0,08/03/1938,English,"Action, Crime",NR,Karl Brown,"Jackie Moran, Marcia Mae Jones, Bradley Metcalfe, Johnnie Morris, Marilyn Knowlden, Ralph Morgan",https://www.filmcrave.com/movie_page_main.php?id=42700,Unknown
The Party's Over,38617,1.8,03/23/1966,English,Drama,NR,Marc Behm,"Oliver Reed, Clifford David, Ann Lynn, Katherine Woodville, Louise Sorel, Mike Pratt",https://www.filmcrave.com/movie_page_main.php?id=42701,"An American arrives in London to meet his daughter but she's missing, possibly murdered. Suspicion falls on group of beatniks she mixing with.\t"
"Death Laid an Egg ( morte ha fatto l'uovo, La )",24170,2.3,04/29/1970,Italian,"Drama, Thriller",NC-17,Giulio Questi,"Gina Lollobrigida, Jean-Louis Trintignant, Ewa Aulin, Jean Sobieski, Renato Romano, Vittorio Andr\xc3\xa9",https://www.filmcrave.com/movie_page_main.php?id=42702,"A love triangle develops at an Italian chicken farm, with murderous results.\t"
That Kind of Girl ( Teenage Tramp ),48314,3.0,06/01/1963,English,Drama,NR,Gerry O'Hara,"Margaret Rose Keil, David Weston, Linda Marlowe, Peter Burton, Frank Jarvis, Sylvia Kay",https://www.filmcrave.com/movie_page_main.php?id=42703,"A free spirited au pair arrives in London from Austria, but her free spirit proves to be a too much for the locals.\t"
Whistling Bullets,42444,1.7,05/03/1937,English,Western,NR,John English,"Kermit Maynard, Harley Wood, Maston Williams, Karl Hackett, Jack Ingram, Bruce Mitchell",https://www.filmcrave.com/movie_page_main.php?id=42704,Unknown
Roaring Six Guns,34787,2.0,09/01/1937,English,"Action, Drama",NR,J.P. McGowan,"Kermit Maynard, Mary Hayes, Sam Flint, John Merton, Budd Buster, Robert Fiske",https://www.filmcrave.com/movie_page_main.php?id=42705,Unknown
The Red Blood of Courage,21902,2.5,06/01/1935,English,Western,NR,John English,"Kermit Maynard, Ann Sheridan, Reginald Barlow, Ben Hendricks Jr., George Regas, Nat Carr",https://www.filmcrave.com/movie_page_main.php?id=42706,Unknown
Riders of the Rockies,34780,2.0,07/02/1937,English,Western,NR,Robert N. Bradbury,"Tex Ritter, Louise Stanley, Horace Murphy, 'Snub' Pollard, Earl Dwire, Charles King",https://www.filmcrave.com/movie_page_main.php?id=42707,Unknown
Take Me Back to Oklahoma,47767,3.0,11/11/1940,English,Western,NR,Albert Herman,"Tex Ritter, Bob Wills, Slim Andrews, Terry Walker, Robert McKenzie, Karl Hackett",https://www.filmcrave.com/movie_page_main.php?id=42708,Unknown
Riders of the Whistling Skull,27077,2.3,01/04/1937,English,Western,NR,Mack V. Wright,"Robert Livingston, Ray Corrigan, Max Terhune, Mary Russell, Roger Williams, Fern Emmett",https://www.filmcrave.com/movie_page_main.php?id=42709,Unknown
She Shall Have Music,45023,1.5,11/29/1937,English,"Comedy, Musical",NR,Leslie S. Hiscott,"Jack Hylton, June Clyde, Claude Dampier, Bryan Lawrence, Gwen Farrar, Marjorie Brooks",https://www.filmcrave.com/movie_page_main.php?id=42710,Unknown
Thunder Trail,39052,1.8,10/22/1937,English,"Action, Western",NR,Charles Barton,"Gilbert Roland, Charles Bickford, Marsha Hunt, J. Carrol Naish, James Craig, Monte Blue",https://www.filmcrave.com/movie_page_main.php?id=42711,Unknown
Renfrew of the Royal Mounted,39050,1.8,09/29/1937,English,Action,NR,Albert Herman,"James Newill, Carol Hughes, William Royle, Herbert Corthell, Kenneth Harlan, Dickie Jones",https://www.filmcrave.com/movie_page_main.php?id=42712,Unknown
Crashing Thru,30224,2.2,12/11/1939,English,Adventure,NR,Elmer Clifton,"James Newill, Warren Hull, Jean Carmen, Milburn Stone, Walter Byron, Stanley Blystone",https://www.filmcrave.com/movie_page_main.php?id=42713,Unknown
Yukon Flight,47741,3.0,01/01/1940,English,"Adventure, Mystery",NR,Ralph Staub,"James Newill, Louise Stanley, Warren Hull, William Pawley, Jack Clifford, Dave O'Brien",https://www.filmcrave.com/movie_page_main.php?id=42714,Unknown
Murder on the Yukon,47749,3.0,02/25/1940,English,"Adventure, Mystery",NR,Louis J. Gasnier,"James Newill, Polly Ann Young, Dave O'Brien, Al St. John, William Royle, Chief Thundercloud",https://www.filmcrave.com/movie_page_main.php?id=42715,Unknown
Sky Bandits,34847,2.0,07/07/1940,English,"Action, Sci-Fi",NR,Ralph Staub,"James Newill, Louise Stanley, Dewey Robinson, William Pawley, Joe De Stefani, Jim Farley",https://www.filmcrave.com/movie_page_main.php?id=42716,Unknown
Wildcat Trooper,10650,3.0,07/01/1936,English,"Adventure, Western",NR,Elmer Clifton,"Kermit Maynard, Hobart Bosworth, Fuzzy Knight, Lois Wilde, Jim Thorpe, Yakima Canutt",https://www.filmcrave.com/movie_page_main.php?id=42717,Unknown
Code of the Mounted,21903,2.5,06/08/1935,English,"Adventure, Western",NR,Sam Newfield,"Kermit Maynard, Robert Warwick, Jim Thorpe, Lillian Miles, Syd Saylor, Wheeler Oakman",https://www.filmcrave.com/movie_page_main.php?id=42718,Unknown
His Fighting Blood,27047,2.3,10/15/1935,English,Western,NR,John English,"Kermit Maynard, Polly Ann Young, Paul Fix, Ben Hendricks Jr., Ted Adams, Joseph W. Girard",https://www.filmcrave.com/movie_page_main.php?id=42719,Unknown
Wilderness Mail,36289,2.5,03/09/1935,English,Western,NR,Forrest Sheldon,"Kermit Maynard, Fred Kohler, Paul Hurst, Doris Brook, Syd Saylor, Dick Curtis",https://www.filmcrave.com/movie_page_main.php?id=42720,Unknown
"Sing, Cowboy, Sing",42445,1.7,05/22/1937,English,Unknown,NR,Robert N. Bradbury,"Tex Ritter, Louise Stanley, Al St. John, Charles King, Karl Hackett, White Flash",https://www.filmcrave.com/movie_page_main.php?id=42721,Unknown
The Gambling Terror,39035,1.8,02/15/1937,English,Western,NR,Sam Newfield,"Johnny Mack Brown, Iris Meredith, Charles King, Dick Curtis, Ted Adams, Horace Murphy",https://www.filmcrave.com/movie_page_main.php?id=42722,Unknown
To New Shores ( Zu neuen Ufern ),30184,2.2,01/28/1938,German,Drama,NR,Douglas Sirk,"Zarah Leander, Willy Birgel, Edwin Juergenssen, Carola H\xc3\xb6hn, Viktor Staal, Erich Ziegel",https://www.filmcrave.com/movie_page_main.php?id=42723,Unknown
"Place in Between, The ( Notre \xc3\xa9trang\xc3\xa8re )",31271,2.2,04/22/2011,French,Drama,NR,Sarah Bouyain,"Dorylia Calmel, Assita Ou\xc3\xa9draogo, Nathalie Richard, Blandine Yam\xc3\xa9ogo, Nadine Kambou Y\xc3\xa9ri",https://www.filmcrave.com/movie_page_main.php?id=42724,Unknown
The First Grader,28231,2.3,05/13/2011,English,"Biography, Drama",PG-13,Justin Chadwick,"Naomie Harris, Tony Kgoroge, Sam Feuer, Nick Reding, Oliver Litondo, Vusi Kunene",https://www.filmcrave.com/movie_page_main.php?id=42725,Based on the true story of an 84-year-old Kenyan and former Mau Mau freedom fighter who joins a class of 6-year-old first graders to attain the education he could never afford. --
Call of the Yukon,27117,2.3,04/18/1938,English,"Adventure, Romance",NR,"B. Reeves Eason, John T. Coyle","Richard Arlen, Beverly Roberts, Lyle Talbot, Mala, Garry Owen, Ivan Miller",https://www.filmcrave.com/movie_page_main.php?id=42726,Unknown
YellowBrickRoad,23697,2.0,06/01/2011,English,"Horror, Thriller",R,"Jesse Holland, Andy Mitton","Cassidy Freeman, Anessa Ramsey, Clark Freeman, Laura Heisler, Alex Draper, Michael Laurino",https://www.filmcrave.com/movie_page_main.php?id=42727,"In 1940, the entire population of Friar New Hampshire - 572 people left town abruptly - heading into the woods. Investigators eventually found 300 bodies - some frozen, some horribly mutilated - but covered up the story and eventually it became a backwoods legend. Now, the town is repopulated, but when a blocked-off area of the woods becomes declassified and people once again explore, the terrifying truth will come out. --"
In Early Arizona,45028,1.5,11/02/1938,English,Western,NR,Joseph Levering,"Bill Elliott, Dorothy Gulliver, Harry Woods, Jack Ingram, Franklyn Farnum, Frank Ellis",https://www.filmcrave.com/movie_page_main.php?id=42728,Unknown
The Utah Trail,27122,2.3,08/12/1938,English,"Romance, Western",NR,Albert Herman,"Tex Ritter, Horace Murphy, 'Snub' Pollard, Pamela Blake, Karl Hackett, White Flash",https://www.filmcrave.com/movie_page_main.php?id=42729,Unknown
Westbound Stage,47690,3.0,01/01/1939,English,Western,NR,Spencer Gordon Bennet,"Tex Ritter, Nelson McDowell, Muriel Evans, Nolan Willis, Steve Clark, Tom London",https://www.filmcrave.com/movie_page_main.php?id=42730,Unknown
Swing!,39056,1.8,01/01/1938,English,"Musical, Drama",NR,Oscar Micheaux,"Cora Green, Larry Seymour, Hazel Diaz, Alec Lovejoy, Amanda Randolph, Trixie Smith",https://www.filmcrave.com/movie_page_main.php?id=42731,Unknown
Phantom Ranger,27119,2.3,05/27/1938,English,"Adventure, Mystery",NR,Sam Newfield,"Tim McCoy, Suzanne Kaaren, Karl Hackett, John St. Polis, John Merton, Edward Earle",https://www.filmcrave.com/movie_page_main.php?id=42732,Unknown
Little Miss Roughneck,42457,1.7,01/23/1938,English,"Comedy, Romance",NR,Aubrey Scotto,"Edith Fellows, Leo Carrillo, Scott Kolk, Julie Bishop, Margaret Irving, Inez Palange",https://www.filmcrave.com/movie_page_main.php?id=42733,Unknown
The Challenge,42473,1.7,09/01/1939,English,"Adventure, Historical",NR,"Milton Rosmer, Luis Trenker, Vincent Korda","Robert Douglas, Frank Birch, Geoffrey Wardwell, Moran Caplat, Lyonel Watts, Luis Trenker",https://www.filmcrave.com/movie_page_main.php?id=42734,Unknown
"Mountain Calls, The ( Der Berg ruft! )",27106,2.3,01/06/1938,German,Drama,NR,Luis Trenker,"Luis Trenker, Herbert Dirmoser, Heidemarie Hatheyer, Peter Elsholtz, Lucie H\xc3\xb6flich, Blandine Ebinger",https://www.filmcrave.com/movie_page_main.php?id=42735,Unknown
The Little Adventuress,46705,1.3,12/09/1938,English,"Adventure, Drama",NR,D. Ross Lederman,"Edith Fellows, Richard Fiske, Julie Bishop, Cliff Edwards, Virginia Howell, Harry C. Bradley",https://www.filmcrave.com/movie_page_main.php?id=42736,Unknown
"Man with 100 Faces, The ( Crackerjack )",23990,2.3,10/31/1938,English,"Comedy, Crime",NR,Albert de Courville,"Tom Walls, Lilli Palmer, Noel Madison, Edmund Breon, Leon M. Lion, Charles Heslop",https://www.filmcrave.com/movie_page_main.php?id=42737,Unknown
Voyage of the Unicorn ,27929,2.3,03/02/2001,English,"Fantasy, Adventure",NR,Philip Spink,"Beau Bridges, Chantal Conlin, Heather McEwen, Mackenzie Gray, John DeSantis, Adrien Dorval",https://www.filmcrave.com/movie_page_main.php?id=42738,"Beau Bridges stars in this Emmy-nominated fantasy adventure as mythology professor Alan Aisling, who, with his two young daughters, is swept into the mystical world of Faerie Isle, where he must save the land from the grip of evil trolls. With the trolls in pursuit, the Aislings seek the mighty dragon that once protected the isle. Based on James C. Christensen's Voyage of the Basset.\t"
The Ones You Love,31270,2.2,04/22/2011,English,Drama,NR,Daniel Burress,"Monica Bojko, Daniel Burress, Avia Bushyhead, Jonathan Chang, Dan Colman, Michael Epp",https://www.filmcrave.com/movie_page_main.php?id=42739,Unknown
"The Rude, the Mad, and the Funny",35785,2.0,04/20/2011,English,Comedy,NR,David J. Garfield,"Arthur Wahlberg, Jon Brandi, Ned Scannell, Susan Garibotto, Emma Gruttadauria, Sam Pannier",https://www.filmcrave.com/movie_page_main.php?id=42740,Unknown
Close-Up,42963,1.7,04/19/2011,English,Drama,NR,Jose E. Cruz Jr.,"Shaun Paul Costello, Valentina Mohle, Alan Ruck, Ryan Dunn, Brian Anthony Wilson, Jacqui Schneider",https://www.filmcrave.com/movie_page_main.php?id=42741,Unknown
The Reunion,35786,2.0,04/22/2011,English,"Horror, Crime",NR,Jeff Stewart,"Kirk Ponton, Michael Chase Toretto, Ronnie Armani, Raine Brown, Danny Pennacchi, Robert Werner",https://www.filmcrave.com/movie_page_main.php?id=42742,Unknown
Riders of the Black Hills,34806,2.0,06/15/1938,English,Western,NR,George Sherman,"Robert Livingston, Ray Corrigan, Max Terhune, Ann Evers, Roscoe Ates, Maude Eburne",https://www.filmcrave.com/movie_page_main.php?id=42743,Unknown
Ring of the Nibelungs aka Curse of the Ring ( Dark Kingdom: The Dragon King ),38682,1.8,03/27/2006,English,"Drama, Action",PG-13,Uli Edel,"Benno F\xc3\xbcrmann, Kristanna Loken, Alicia Witt, Julian Sands, Samuel West, Max von Sydow",https://www.filmcrave.com/movie_page_main.php?id=42744,Unknown
The Future,16577,2.3,03/13/2011,English,Drama,NR,Miranda July,"Miranda July, Hamish Linklater, David Warshofsky, Isabella Acres, Joe Putterlik, Kathleen Gati",https://www.filmcrave.com/movie_page_main.php?id=42745,"The adoption of a stray cat causes a couple to radically alter their viewpoint in life, in turn leading to a course change in time and space and putting their relationship to the ultimate test. --"
Goold's Gold,31278,2.2,06/01/2011,English,"Documentary, Adventure",NR,"Tucker Capps, Ryan Sevy",Jonathan Goold,https://www.filmcrave.com/movie_page_main.php?id=42746,"Part global warming documentary, part adventure when geophysicist Jonathan Goold looks to strike it rich by digging for gold in parts of Alaska where melting glaciers have exposed land for the first time in ages. --"
Bachelor's Paradise ( Paradies der Junggesellen ),39096,1.8,04/12/1940,German,Comedy,NR,Kurt Hoffmann,"Heinz R\xc3\xbchmann, Josef Sieber, Hans Brausewetter, Trude Marlen, Hilde Schneider, Gerda Maria Terno",https://www.filmcrave.com/movie_page_main.php?id=42747,Unknown
Where the West Begins,34794,2.0,02/02/1938,English,"Western, Action",NR,J.P. McGowan,"Addison Randall, Fuzzy Knight, Luana Walters, Arthur Housman, Budd Buster, Kit Guard",https://www.filmcrave.com/movie_page_main.php?id=42748,Unknown
Ask a Policeman,16895,2.5,08/29/1939,English,"Comedy, Crime",NR,Marcel Varnel,"Will Hay, Graham Moffatt, Moore Marriott, Glennis Lorimer, Peter Gawthorne, Charles Oliver",https://www.filmcrave.com/movie_page_main.php?id=42749,Unknown
Young Fugitives,30193,2.2,06/30/1938,English,"Crime, Drama",NR,John Rawlins,"Robert Wilcox, Dorothea Kent, Harry Davenport, Larry J. Blake, Clem Bevans, Mira McKinney",https://www.filmcrave.com/movie_page_main.php?id=42750,Unknown
Two-Gun Man from Harlem ,13780,2.8,05/01/1938,English,Western,NR,Richard C. Kahn,"Herb Jeffries, Marguerite Whitten, Clarence Brooks, Mantan Moreland, Tom Southern, Mae Turner",https://www.filmcrave.com/movie_page_main.php?id=42751,Unknown
Hello Janine! ( Hallo Janine! ),55261,1.2,07/01/1939,German,Musical,NR,Carl Boese,"Marika R\xc3\xb6kk, Johannes Heesters, Rudi Godden, Mady Rahl, Else Elster, Erich Ponto",https://www.filmcrave.com/movie_page_main.php?id=42752,Unknown
King of the Turf,39073,1.8,02/17/1939,English,Drama,NR,Alfred E. Green,"Adolphe Menjou, Roger Daniel, Dolores Costello, Walter Abel, Alan Dinehart, William Demarest",https://www.filmcrave.com/movie_page_main.php?id=42753,Unknown
Kid Nightingale,30221,2.2,11/04/1939,English,Comedy,NR,George Amy,"John Payne, Jane Wyman, Walter Catlett, Edward Brophy, Charles D. Brown, Max Hoffman Jr.",https://www.filmcrave.com/movie_page_main.php?id=42754,Unknown
Frontier Scout,21965,2.5,09/16/1938,English,"Western, Romance",NR,Sam Newfield,"George Houston, Al St. John, Beth Marion, Stephen Chase, Dave O'Brien, Jack C. Smith",https://www.filmcrave.com/movie_page_main.php?id=42755,Unknown
Frontier Town,39057,1.8,03/04/1938,English,"Western, Adventure",NR,Ray Taylor,"Tex Ritter, Ann Evers, 'Snub' Pollard, Charles King, Horace Murphy, White Flash",https://www.filmcrave.com/movie_page_main.php?id=42756,Unknown
Enemy of the Law,27272,2.3,05/07/1945,English,"Adventure, Western",NR,Harry L. Fraser,"Tex Ritter, Dave O'Brien, Guy Wilkerson, Kay Hughes, Jack Ingram, Charles King",https://www.filmcrave.com/movie_page_main.php?id=42757,Unknown
Midnight Shadow,45029,1.5,01/01/1939,English,Mystery,NR,George Randol,"Frances Redd, Buck Woods, Richard Bates, Ollie Ann Robinson, Clinton Rosemond, Jess Lee Brooks",https://www.filmcrave.com/movie_page_main.php?id=42758,Unknown
Mutiny on the Blackhawk,45032,1.5,09/02/1939,English,Adventure,NR,Christy Cabanne,"Richard Arlen, Andy Devine, Constance Moore, Noah Beery, Guinn 'Big Boy' Williams, Mala",https://www.filmcrave.com/movie_page_main.php?id=42759,Unknown
Death Rides the Range,30225,2.2,12/14/1939,English,"Action, Western",NR,Sam Newfield,"Ken Maynard, Fay McKenzie, Ralph Peters, Julian Rivero, Charles King, John Elliott",https://www.filmcrave.com/movie_page_main.php?id=42760,Unknown
Death of a Champion,39081,1.8,08/24/1939,English,"Comedy, Crime",NR,Robert Florey,"Lynne Overman, Virginia Dale, Joseph Allen, Donald O'Connor, Susan Paley, Harry Davenport",https://www.filmcrave.com/movie_page_main.php?id=42761,Unknown
Dollar,14532,2.6,09/05/1938,Swedish,Comedy,NR,Gustaf Molander,"Ingrid Bergman, Georg Rydeberg, Tutta Rolf, Kotti Chave, Birgit Tengroth, H\xc3\xa5kan Westergren",https://www.filmcrave.com/movie_page_main.php?id=42762,Unknown
Savages,9403,2.4,07/06/2012,English,"Crime, Drama",R,Oliver Stone,"Taylor Kitsch, Aaron Johnson, Blake Lively, Benicio Del Toro, John Travolta, Salma Hayek",https://www.filmcrave.com/movie_page_main.php?id=42763,"A pair friends - one a laid-back peaceful Buddist, the other an ex-"
Resident Evil: Retribution,10966,2.3,09/14/2012,English,"Action, Horror",R,Paul W.S. Anderson,"Milla Jovovich, Sienna Guillory, Ali Larter, Wentworth Miller, Colin Salmon, Spencer Locke",https://www.filmcrave.com/movie_page_main.php?id=42764,"As the T-virus continues to ravage the earth, Alice awakens to find herself in Umbrella's secure underground location. Delving further into her past, Alice, humanity's last chance to survive the legion of undead, will travel the globe to hunt down those responsible.    --"
Percy Jackson: Sea of Monsters,19676,2.1,08/07/2013,English,"Adventure, Drama",PG,Thor Freudenthal,"Logan Lerman, Alexandra Daddario, Jake Abel, Brandon T. Jackson, Leven Rambin, Douglas Smith",https://www.filmcrave.com/movie_page_main.php?id=42765,"With their mythical Camp Half-Blood at stake, Percy Jackson - along with Annabeth, Tyson and Clarisse La Rue must journey to the Sea of Monster and retrieve the Golden Fleece. --"
Hansel & Gretel: Witch Hunters,12798,2.3,01/25/2013,English,"Comedy, Horror",R,Tommy Wirkola,"Jeremy Renner, Gemma Arterton, Famke Janssen, Peter Stormare, Zoe Bell, Derek Mears",https://www.filmcrave.com/movie_page_main.php?id=42766,"After surviving a traumatic childhood encounter with a gingerbread house, Hansel and Gretel grow up to become a fearsome bounty-hunting duo focusing on eliminating evil witches of the world. --"
Jack the Giant Slayer,6417,2.5,03/01/2013,English,"Drama, Fantasy",PG-13,Bryan Singer,"Ewan McGregor, Ian McShane, Nicholas Hoult, Bill Nighy, Stanley Tucci, Warwick Davis",https://www.filmcrave.com/movie_page_main.php?id=42767,Men and giants have lived in peace for ages but that peace is about to be broken. A young farmer must lead a rescue mission to the giant kingdom to free a kidnapped princess and prevent all-out war. --
Iron Man 3,1053,2.9,05/03/2013,English,"Action, Sci-Fi",PG-13,Shane Black,"Robert Downey Jr., Don Cheadle, Gwyneth Paltrow, Guy Pearce, Ben Kingsley, Ashley Hamilton",https://www.filmcrave.com/movie_page_main.php?id=42768,"Tony Stark has just helped save the world from an intergalactic threat, but he faces a new, deadly enemy - one who brings low all he has built and seeks to destroy all he holds dear. With his back against the wall, he will have to rely on his own instinct and ingenuity to save the ones he cares about the most. --"
How to Train Your Dragon 2,857,3.0,06/13/2014,English,"Animation, Fantasy",PG,Dean DeBlois,"Gerard Butler, Kristen Wiig, Jay Baruchel, Jonah Hill, Kit Harington, America Ferrera",https://www.filmcrave.com/movie_page_main.php?id=42769,"Set five years after the original film: Now that humans and dragons coexist, Astrid and her gang participate in the latest sport, Dragon Racing. Meanwhile, Hiccup and Toothless explore the surrounding uncharted territories. During one such trip, the duo stumble upon a previously unknown ice caves - home to hundreds of wild dragons, a mysterious rider and a new battle that threatens the peace they have established. --"
Looper,817,2.9,09/28/2012,English,"Action, Sci-Fi",R,Rian Johnson,"Joseph Gordon-Levitt, Emily Blunt, Bruce Willis, Jeff Daniels, Paul Dano, Piper Perabo",https://www.filmcrave.com/movie_page_main.php?id=42770,"A man who works as a ""looper"" - a hitman sent targets from the mob in the future - realizes his latest hit is his future self. --"
Gravity,474,3.1,10/04/2013,English,"Sci-Fi, Thriller",PG-13,Alfonso Cuar\xc3\xb3n,"George Clooney, Sandra Bullock, Basher Savage, Eric Michels, Paul Sharma",https://www.filmcrave.com/movie_page_main.php?id=42771,Two astronauts attempt to return to Earth after a collision with space debris leaves them stranded in space. --
The Vow,2095,2.8,02/10/2012,English,"Drama, Romance",PG-13,Michael Sucsy,"Rachel McAdams, Channing Tatum, Sam Neill, Jessica Lange, Scott Speedman, Kristina Pesic",https://www.filmcrave.com/movie_page_main.php?id=42772,"After a car accident, Paige survives but suffers from almost complete memory loss. With what little memory remains, her husband Leo is determined to win her heart back again. --"
Total Recall,8244,2.4,08/03/2012,English,"Action, Sci-Fi",PG-13,Len Wiseman,"Colin Farrell, Bryan Cranston, Kate Beckinsale, Jessica Biel, Bill Nighy, Bokeem Woodbine",https://www.filmcrave.com/movie_page_main.php?id=42773,"Douglas Quaid needs a vacation from reality, and when Rekall offers him that chance, he's happy to take it. Yet something goes terribly wrong, and Quaid finds himself hunted by police led by Chancellor Cohaagen and the only way to break free is to seek out the underground resistance. Along the way Quaid will navigate memory, fantasy and reality to discover his true identity in a world turned upside-down. --"
Safe House,2768,2.7,02/10/2012,English,"Action, Thriller",R,Daniel Espinosa,"Ryan Reynolds, Denzel Washington, Vera Farmiga, Joel Kinnaman, Brendan Gleeson, Robert Patrick",https://www.filmcrave.com/movie_page_main.php?id=42774,A house under the protection of the CIA becomes a target and it is up to the facility's house sitter to extract the criminal in hiding and take him to a secure location. --
World War Z,2028,2.8,06/21/2013,English,"Drama, Horror",PG-13,Marc Forster,"Brad Pitt, Mireille Enos, James Badge Dale, Daniella Kertesz, Ludi Boeken, Fana Mokoena",https://www.filmcrave.com/movie_page_main.php?id=42775,"Based on the book World War Z: An Oral History of the Zombie War by Max Brooks - ten years after a zombie epidemic nearly exterminates the human race, the author takes a tour of the world interviewing survivors and tracing the history of the outbreak and how humanity fought back. --"
Circumstance,29195,2.0,08/26/2011,Persian,Drama,R,Maryam Keshavarz,"Nikohl Boosheri, Sarah Kazemy, Reza Sixo Safai, Soheil Parsa, Sina Amedson, Keon Mohajeri",https://www.filmcrave.com/movie_page_main.php?id=42776,An Iranian family works to works to contain a daughter's burgeoning sexuality and rebellion along with a son's dangerous obsession. --
Nine Bachelors ( Ils \xc3\xa9taient neuf c\xc3\xa9libataires ),18116,2.7,02/07/1942,French,Comedy,NR,Sacha Guitry,"Sacha Guitry, Max Dearly, Elvire Popesco, Victor Boucher, Andr\xc3\xa9 Lefaur, Saturnin Fabre",https://www.filmcrave.com/movie_page_main.php?id=42777,Unknown
Rejoice and Shout,23663,2.2,06/03/2011,English,Documentary,PG,Don McGlynn,"Smokey Robinson, Mavis Staples, Marie Knight, Ira Tucker, Ira Tucker Jr., Bill Carpenter",https://www.filmcrave.com/movie_page_main.php?id=42778,A look into the spiritual and spirited world of gospel music. --
The Invisible Killer,18099,2.7,11/14/1939,English,"Adventure, Crime",NR,Sam Newfield,"Grace Bradley, Roland Drew, William Newell, Alex Callam, Frank Coletti, Sidney Grayler",https://www.filmcrave.com/movie_page_main.php?id=42779,Unknown
Romance on the Run,47644,3.0,05/11/1938,English,Mystery,NR,Gus Meins,"Donald Woods, Patricia Ellis, Grace Bradley, Edward Brophy, William Demarest, Leon Weaver",https://www.filmcrave.com/movie_page_main.php?id=42780,Unknown
"Astral Factor, The ( Invisible Strangler, The )",25465,3.0,01/01/1984,English,"Mystery, Sci-Fi",PG,"John Florea, Gene Fowler Jr., Arthur C. Pierce\t","Robert Foxworth, Stefanie Powers, Sue Lyon, Mark Slade, Marianna Hill, Elke Sommer",https://www.filmcrave.com/movie_page_main.php?id=42781,Unknown
The Invisible Kid,42778,1.7,03/30/1988,English,"Comedy, Sci-Fi",PG,Avery Crounse,"Jay Underwood, Wallace Langham, Chynna Phillips, Mike Genovese, Nicolas De Toth, Karen Black",https://www.filmcrave.com/movie_page_main.php?id=42782,Unknown
The Kansas Terrors,34830,2.0,10/06/1939,English,Western,NR,George Sherman,"Robert Livingston, Raymond Hatton, Duncan Renaldo, Julie Bishop, Howard C. Hickman, George Douglas",https://www.filmcrave.com/movie_page_main.php?id=42783,Unknown
"Skin I Live In, The ( piel que habito, La )",4712,2.7,10/14/2011,Spanish,Drama,R,Pedro Almod\xc3\xb3var,"Antonio Banderas, Elena Anaya, Blanca Su\xc3\xa1rez, Marisa Paredes, B\xc3\xa1rbara Lennie, Jan Cornet",https://www.filmcrave.com/movie_page_main.php?id=42784,Based on the book Mygale by Thierry Jonquet - a plastic surgeon plots his
Tim and Eric's Billion Dollar Movie,23184,2.0,03/02/2012,English,Comedy,R,"Tim Heidecker, Eric Wareheim","Tim Heidecker, Eric Wareheim, John C. Reilly, Zach Galifianakis, Will Ferrell, Erica Durance",https://www.filmcrave.com/movie_page_main.php?id=42785,"Tim and Eric receive $1 billion to make a movie... nothing could possibly go wrong, right? --"
"Mayor's Dilemma, The ( otages, Les )",45035,1.5,04/22/1940,French,"Drama, War",NR,Raymond Bernard,"Annie Vernay, Saturnin Fabre, Fernand Charpin, Dorville, Pierre Larquey, Pierre Labry",https://www.filmcrave.com/movie_page_main.php?id=42786,Unknown
Buck,4284,2.8,06/17/2011,English,Documentary,NR,Cindy Meehl,Buck Brannaman,https://www.filmcrave.com/movie_page_main.php?id=42787,"Documentary about Buck Brannaman, a real-life horse whisperer who endured a hard life to get where he wanted to be. --"
Spork,10281,2.7,04/24/2010,English,"Comedy, Musical",NR,J.B. Ghuman Jr.,"Savannah Stehlin, Sydney Park, Rachel G. Fox, Michael William Arnold, Oana Gregory, Halston Autumn McMurray",https://www.filmcrave.com/movie_page_main.php?id=42788,Unknown
"Tuesday, After Christmas ( Marti, dupa craciun )",14846,2.6,09/28/2010,Other,"Drama, Romance",NR,Radu Muntean,"Dragos Bucur, Maria Popistasu, Mimi Branescu, Mirela Oprisor, Victor Rebengiuc",https://www.filmcrave.com/movie_page_main.php?id=42789,Unknown
United Red Army ( Jitsuroku reng\xc3\xb4 sekigun: Asama sans\xc3\xb4 e no michi ),51385,3.0,06/01/2009,Japanese,Drama,NR,K\xc3\xb4ji Wakamatsu,"Maki Sakai, Arata, Akie Namiki, G\xc3\xb4 Jibiki, Shima Ohnishi, Anri Ban",https://www.filmcrave.com/movie_page_main.php?id=42790,Unknown
Project Nim,3803,2.9,01/20/2011,English,Documentary,NR,James Marsh,"Bob Angelini, Bern Cohen, Reagan Leonard",https://www.filmcrave.com/movie_page_main.php?id=42791,"In the 1970s a couple take a chimp from birth and attempt to raise it as a human child - Nim is an experiment to see if the human experience can trump animal nature, and the result is both wondrous and unsettling. --"
"Names of Love, The ( nom des gens, Le )",6978,2.8,06/24/2011,French,Comedy,NR,Michel Leclerc,"Jacques Gamblin, Sara Forestier, Zinedine Soualem, Carole Franck, Jacques Boudet, Mich\xc3\xa8le Moretti",https://www.filmcrave.com/movie_page_main.php?id=42792,"A free-spirited, left-wind activist has found the perfect way to get political opponents to convert to her cause: by sleeping with them. Yet she meets her match in Arthur Martin, a 40-something man who seems to avoid risks but has a system of his own. --"
Sharktopus,23190,2.1,09/25/2010,English,"Horror, Sci-Fi",NR,Declan O'Brien,"Eric Roberts, Kerem Bursin, Sara Malakul Lane, H\xc3\xa9ctor Jim\xc3\xa9nez, Liv Boughn, Juli\xc3\xa1n Gonz\xc3\xa1lez",https://www.filmcrave.com/movie_page_main.php?id=42793,Unknown
Twelve Crowded Hours,39074,1.8,03/03/1939,English,"Action, Crime",NR,Lew Landers,"Richard Dix, Lucille Ball, Allan Lane, Donald MacBride, Cy Kendall, John Arledge",https://www.filmcrave.com/movie_page_main.php?id=42794,Unknown
Take Shelter,1339,3.0,09/30/2011,English,Drama,R,Jeff Nichols,"Jessica Chastain, Michael Shannon, Katy Mixon, Shea Whigham, Kathy Baker, Ray McKinnon",https://www.filmcrave.com/movie_page_main.php?id=42795,A man's vision of an upcoming disaster causes him to take drastic action by building a shelter in his backyard. Yet this comes at a price as his work and family life is thrown into disarray and his own sanity is called into question.  --
Melancholia,4359,2.7,11/18/2011,English,"Drama, Sci-Fi",R,Lars von Trier,"Kirsten Dunst, Charlotte Gainsbourg, Kiefer Sutherland, Charlotte Rampling, John Hurt, Alexander Skarsg\xc3\xa5rd",https://www.filmcrave.com/movie_page_main.php?id=42796,"As a new planet appears and threatens to collide with earth, two sisters find their fractured relationship stretched to the breaking point. --"
Guilty Hearts,18647,2.7,11/05/2006,English,Drama,R,"George Augusto, Savina Dellicour, Phil Dornfeld, Ravi Kumar, Benjamin Ross","Kathy Bates, Julie Delpy, Andrea Di Stefano, Anna Faris, Eva Mendes, Stellan Skarsg\xc3\xa5rd",https://www.filmcrave.com/movie_page_main.php?id=42797,"Nine strangers - six short stories - each about love, death, guilt and the search for happiness and friendship - often against the odds and their own hearts. --"
Eden of the East the Movie II: Paradise Lost ( Higashi no Eden Gekij\xc3\xb4ban II: Paradise Lost ),23653,2.2,03/13/2010,Japanese,"Anime, Mystery",NR,Kenji Kamiyama,"Jason Liebrecht, Ryohei Kimura, Leah Clark, Saori Hayami",https://www.filmcrave.com/movie_page_main.php?id=42798,Unknown
Shadows & Lies,29719,1.9,04/25/2010,English,Drama,R,Jay Anania,"James Franco, Julianne Nicholson, Josh Lucas, Martin Donovan, Ty Anania, Emily Tremaine",https://www.filmcrave.com/movie_page_main.php?id=42799,William was supposed to die from a flight he missed. He decides to stay in NY and edits nature videos and pick pockets. He meets Ann through Victor and it will eventually change his life.\t
"Puzzle, The ( Rompecabezas )",39784,1.8,10/09/2010,Spanish,Drama,NR,Natalia Smirnoff,"Mar\xc3\xada Onetto, Gabriel Goity, Arturo Goetz, Henny Trayles, Felipe Villanueva, Juli\xc3\xa1n Doregger",https://www.filmcrave.com/movie_page_main.php?id=42800,Unknown
Arizona Frontier,34850,2.0,08/19/1940,English,Western,NR,Albert Herman,"Tex Ritter, Slim Andrews, Evelyn Finley, Frank LaRue, Tristram Coffin, White Flash",https://www.filmcrave.com/movie_page_main.php?id=42801,Unknown
Billy the Kid in Texas,21998,2.5,09/30/1940,English,"Comedy, Western",NR,Sam Newfield,"Bob Steele, Terry Walker, Al St. John, Carleton Young, Charles King, Slim Whitaker",https://www.filmcrave.com/movie_page_main.php?id=42802,Unknown
Hideous!,21085,3.3,08/26/1997,English,"Comedy, Horror",R,Charles Band,"Michael Citriniti, Rhonda Griffin, Mel Johnson Jr., Jacqueline Lovell, Tracie May, Jerry O'Donnell",https://www.filmcrave.com/movie_page_main.php?id=42803,Unknown
"Jean Taris, Swimming Champion ( Taris, roi de l'eau )",21797,2.5,01/01/1931,French,Documentary,NR,Jean Vigo,Jean Taris,https://www.filmcrave.com/movie_page_main.php?id=42804,Unknown
MIss Nobody,41730,2.3,06/10/2010,English,Comedy,NR,Tim Cox,"Leslie Bibb, Adam Goldberg, Kathy Baker, Missi Pyle, Brandon Routh, Vivica A. Fox",https://www.filmcrave.com/movie_page_main.php?id=42805,"A secretary looking for love - decides to apply for an executive position at the pharmaceutical company where she works, despite the fact it means lying. When she lands the job - she finds herself a secretary once again - for a handsome, young executive. But this isn't her love - it's her first murder - and she finds she has a knack for it, as she climbs the corporate ladder - but her real knight in shining armor may be the homicide detective investigating her murders. --"
Freedom Riders,34296,1.9,09/24/2010,English,Documentary,NR,Stanley Nelson,Unknown,https://www.filmcrave.com/movie_page_main.php?id=42806,Unknown
"Life of Fish, The ( vida de los peces, La )",31250,2.2,01/07/2011,Spanish,Drama,NR,Mat\xc3\xadas Bize,"Santiago Cabrera, Blanca Lewin, Antonia Zegers, Victor Montero, Sebasti\xc3\xa1n Layseca, Juan Pablo Miranda",https://www.filmcrave.com/movie_page_main.php?id=42807,Unknown
"OC87: The Obsessive Compulsive, Major Depression, Bipolar, Asperger's Movie",22838,2.5,11/02/2010,English,"Documentary, Biography",NR,"Bud Clayman, Glenn Holsten, Scott Johnston\t \t",Bud Clayman,https://www.filmcrave.com/movie_page_main.php?id=42808,"Bud Clayman's film-making career was sidelined by his battle with mental illness. Yet despite the hardship, after 30 years he's made his film about coping, belonging and never giving up on your dream.  --"
Tunahaki,39773,1.8,07/26/2010,English,Documentary,NR,Mason Bendewald,Unknown,https://www.filmcrave.com/movie_page_main.php?id=42809,Unknown
Simple Simon ( I rymden finns inga k\xc3\xa4nslor ),17712,2.4,01/10/2011,Swedish,"Comedy, Drama",NR,Andreas \xc3\x96hman,"Bill Skarsg\xc3\xa5rd, Martin Wallstr\xc3\xb6m, Cecilia Forss, Sofie Hamilton, Susanne Thorson, Kristoffer Berglund",https://www.filmcrave.com/movie_page_main.php?id=42810,Unknown
Red Light Revolution,39799,1.8,02/03/2011,Mandarin,Comedy,NR,Sam Voutas,"Jun Zhao, Vivid Wang, Xiduo Jiang, Masanobu Otsuka, Tess Liu, Huimin Tian",https://www.filmcrave.com/movie_page_main.php?id=42811,Unknown
Tabloid,6711,2.6,09/03/2010,English,Documentary,NR,Errol Morris,"Joyce McKinney, Peter Tory, Troy Williams, Jackson Shaw, Kent Gavin",https://www.filmcrave.com/movie_page_main.php?id=42812,A documentary on a former Miss Wyoming who is charged with abducting and imprisoning a young Mormon Missionary.\t
Viva Riva!,22865,2.5,06/10/2011,French,Drama,NR,Djo Munga,"Patsha Bay, Manie Malone, Hoji Fortuna, Marlene Longange, Diplome Amekindra, Alex Herabo",https://www.filmcrave.com/movie_page_main.php?id=42813,"Taking place in the Democratic Republic of Congo, Riva is a smooth operator after two things: a secret cache of petrol and the most seductive woman in the capital - Nora, who happens to be a crime bosses' girl. --"
Convoy,33095,2.0,01/03/1941,English,"Drama, War",NR,Pen Tennyson,"Clive Brook, John Clements, Edward Chapman, Judy Campbell, Penelope Dudley-Ward, Edward Rigby",https://www.filmcrave.com/movie_page_main.php?id=42814,Unknown
Covered Wagon Days ,18104,2.7,04/22/1940,English,Western,NR,George Sherman,"Robert Livingston, Raymond Hatton, Duncan Renaldo, Kay Griffith, George Douglas, Ruth Robinson",https://www.filmcrave.com/movie_page_main.php?id=42815,Unknown
Covered Wagon Trails,27156,2.3,04/10/1940,English,Western,NR,Bernard B. Ray,"Addison Randall, Sally Cairns, Lafe McKee, David Sharpe, Budd Buster, Glenn Strange",https://www.filmcrave.com/movie_page_main.php?id=42816,Unknown
Girl in the News,34858,2.0,01/31/1941,English,"Crime, Thriller",NR,Carol Reed,"Margaret Lockwood, Barry K. Barnes, Barry K. Barnes, Roger Livesey, Margaretta Scott, Wyndham Goldie",https://www.filmcrave.com/movie_page_main.php?id=42817,Unknown
Tread Softly Stranger ,48199,3.0,01/01/1958,English,"Crime, Drama",NR,Gordon Parry,"Diana Dors, George Baker, Terence Morgan, Patrick Allen, Jane Griffiths, Thomas Heathcote",https://www.filmcrave.com/movie_page_main.php?id=42818,Unknown
The Frightened Man,48041,3.0,03/01/1952,English,"Crime, Drama",NR,John Gilling,"Dermot Walsh, Barbara Murray, Charles Victor, John Blythe, Michael Ward, Thora Hird",https://www.filmcrave.com/movie_page_main.php?id=42819,Unknown
Where There's a Will,18268,2.7,03/01/1955,English,Comedy,NR,Vernon Sewell,"Kathleen Harrison, George Cole, Leslie Dwyer, Ann Hanslip, Michael Shepley, Dandy Nichols",https://www.filmcrave.com/movie_page_main.php?id=42820,Unknown
Love in Pawn,48061,3.0,01/01/1953,English,Comedy,NR,Charles Saunders,"Bernard Braden, Barbara Kelly, Reg Dixon, Jeannie Carson, John Laurie, Laurence Naismith",https://www.filmcrave.com/movie_page_main.php?id=42821,Unknown
Those People Next Door,16099,3.5,02/01/1953,English,Comedy,NR,John Harlow,"Jack Warner, Charles Victor, Marjorie Rhodes, Gladys Henson, Garry Marsh, Jimmy James",https://www.filmcrave.com/movie_page_main.php?id=42822,Unknown
No Smoking,48135,3.0,11/01/1955,English,Comedy,NR,Henry Cass,"Reg Dixon, Peter Martyn, Belinda Lee, Lionel Jeffries, Ruth Trouncer, Alexander Gauge",https://www.filmcrave.com/movie_page_main.php?id=42823,Unknown
Not So Dusty,48142,3.0,02/01/1956,English,Comedy,NR,Maclean Rogers,"Joy Nichols, Bill Owen, Leslie Dwyer, Harold Berens, Roddy Hughes, Ellen Pollock",https://www.filmcrave.com/movie_page_main.php?id=42824,Unknown
Lost Journey ,18763,2.7,05/06/2011,English,"Drama, Romance",NR,Ant Horasanli,"Shiva Negar, Andy Madadian, Reza Sholeh, Pedram Ziaei, Hamid Savalanpour, Mehrdad Alaei",https://www.filmcrave.com/movie_page_main.php?id=42825,Unknown
Ulises,45309,1.5,04/26/2011,Spanish,Drama,NR,Oscar Godoy,"Jorge Rom\xc3\xa1n, Francisca Gavil\xc3\xa1n",https://www.filmcrave.com/movie_page_main.php?id=42826,Unknown
The Star Wars Holiday Special,45391,1.2,11/17/1978,English,"Adventure, Comedy",NR,Steve Binder,"Mark Hamill, Harrison Ford, Carrie Fisher, Anthony Daniels, Peter Mayhew, James Earl Jones",https://www.filmcrave.com/movie_page_main.php?id=42827,"Han and Chewie are on their way back to the Wookie home planet of Kashyyyk to celebrate the most important holiday of the year: Life Day, but run into some Imperial trouble. Meanwhile, back at home Chewbacca's son Lumpy, wife Mala and father Itchy prepare for the big day but have to deal with Imperial issues of their own. Luke works with R2-D2 to get his ship fixed and we get special appearances from Boba Fett (in animated form), Bea Arthur and Jefferson Starship. --"
Grand Ole Opry,39099,1.8,06/25/1940,English,Comedy,NR,Frank McDonald,"Leon Weaver, Frank Weaver, June Weaver, Allan Lane, Uncle Dave Macon, Lois Ranson",https://www.filmcrave.com/movie_page_main.php?id=42828,Unknown
I Melt with You,11933,2.5,12/09/2011,English,Thriller,R,Mark Pellington,"Carla Gugino, Rob Lowe, Thomas Jane, Jeremy Piven, Sasha Grey, Arielle Kebbel",https://www.filmcrave.com/movie_page_main.php?id=42829,An annual college reunion amongst four friends takes a dark turn when things start to spiral out of control. --
"Four Times, The ( quattro volte, Le )",5675,2.9,09/26/2010,Italian,Drama,NR,Michelangelo Frammartino,"Giuseppe Fuda, Bruno Timpano, Nazareno Timpano",https://www.filmcrave.com/movie_page_main.php?id=42830,Unknown
Hanna in Society ( Hanna i societ\xc3\xa9n ),34878,2.0,11/15/1941,Swedish,Comedy,NR,Gunnar Olsson,"Rut Holm, Carl Barcklind, Elsa Carlsson, Einar Axelsson, Dagmar Ebbesen, Bengt Djurberg",https://www.filmcrave.com/movie_page_main.php?id=42831,Unknown
Haunted House,34849,2.0,07/22/1940,English,"Comedy, Drama",NR,Robert F. McGowan,"Jackie Moran, Marcia Mae Jones, George Cleveland, Christian Rub, Henry Hall, John St. Polis",https://www.filmcrave.com/movie_page_main.php?id=42832,Unknown
Her First Romance,42489,1.7,12/25/1940,English,"Drama, Musical",NR,Edward Dmytryk,"Edith Fellows, Wilbur Evans, Julie Bishop, Alan Ladd, Judith Linden, Roger Daniel",https://www.filmcrave.com/movie_page_main.php?id=42833,Unknown
Her Melody ( Hennes melodi ),34884,2.0,02/07/1942,Swedish,Comedy,NR,Thor L. Brooks,"Sonja Wigert, Sture Lagerwall, Margit Manstad, H\xc3\xa5kan Westergren, Hilda Borgstr\xc3\xb6m, Marianne Aminoff",https://www.filmcrave.com/movie_page_main.php?id=42834,Unknown
Heroes of the Saddle,42480,1.7,01/12/1940,English,"Western, Sport",NR,William Witney,"Robert Livingston, Raymond Hatton, Duncan Renaldo, Patsy Parsons, Loretta Weaver, Byron Foulger",https://www.filmcrave.com/movie_page_main.php?id=42835,Unknown
21 Jump Street,847,2.9,03/16/2012,English,Action,R,"Phil Lord, Chris Miller","Channing Tatum, Jonah Hill, Brie Larson, Johnny Simmons, Johnny Depp, Ice Cube",https://www.filmcrave.com/movie_page_main.php?id=42836,A group of young police officers control youth crime by going undercover as students in local high schools. --
The Annual,20987,2.4,05/24/2011,English,"Comedy, Drama",NR,Sean Gillane,"Matthew Bridges, Jette Newell, John Moeslein, Rana Weber, Irving Schulman, Duke Lee",https://www.filmcrave.com/movie_page_main.php?id=42837,Unknown
Magic Trip,20105,2.3,08/05/2011,English,Documentary,R,"Alison Ellwood, Alex Gibney",Unknown,https://www.filmcrave.com/movie_page_main.php?id=42838,"Using footage from Ken Kesey and his Merry Pranksters road trip Alison Ellwood, Alex Gibney present a documentary based on their adventures across America. --"
Queen of the Sun: What Are the Bees Telling Us?,22813,2.5,04/01/2010,English,"Documentary, Drama",NR,Taggart Siegel,"Gunther Hauk, Michael Pollan, Vandana Shiva, Raj Patel, Carlo Petrini, Michael Thiele",https://www.filmcrave.com/movie_page_main.php?id=42839,Unknown
Angel's Brigade,44144,2.0,02/01/1979,English,"Action, Comedy",NR,Greydon Clark,"Sylvia Anderson, Lieu Chinh, Jack Palance, Neville Brand, Jacqueline Cole, Robin Greer",https://www.filmcrave.com/movie_page_main.php?id=42840,Unknown
Lone Star Raiders,46712,1.3,12/22/1940,English,Western,NR,George Sherman,"Robert Livingston, Bob Steele, Rufe Davis, June Johnson, George Douglas, Sarah Padden",https://www.filmcrave.com/movie_page_main.php?id=42841,Unknown
Conspiracy,1215,3.2,00/00/0000,English,"Drama, Historical",R,Frank Pierson,"Kenneth Branagh, Stanley Tucci, Peter Sullivan, Ben Daniels, Colin Firth, Ian McNeice",https://www.filmcrave.com/movie_page_main.php?id=42842,A dramatic reenactment of the infamous 1942 gathering of the top Nazi officials in Wannsee. This meeting would result the Final Solution phase of the Holocaust and would set into motion events that would end in the deaths of millions of people. The film is based on the only surviving record of the meeting.\t
The Skydivers,46103,1.8,11/13/1963,English,Drama,NR,Coleman Francis,"Kevin Casey, Eric Tomlin, Anthony Cardoza, Marcia Knight, Titus Moede, Bob Carrano",https://www.filmcrave.com/movie_page_main.php?id=42843,Unknown
Beyond the Wall of Sleep,46427,1.8,06/06/2006,English,Horror,R,"Barrett J. Leigh, Thom Maurer","George Peroulas, Fountain Yount, Gregory Fawcett, William Sanderson, Tom Savini, Marco St. John",https://www.filmcrave.com/movie_page_main.php?id=42844,"Based on the short-story by H.P. Lovecraft,the film is about a man being"
Raptor Island,50575,3.0,08/21/2004,English,"Action, Horror",NR,Stanley Isaacs,"Lorenzo Lamas, Steven Bauer, Hayley DuMond, Michael Cory Davis, Peter Jason, Hristo Shopov",https://www.filmcrave.com/movie_page_main.php?id=42845,Unknown
Attack of the Sabretooth,50743,3.0,07/14/2005,English,"Sci-Fi, Thriller",R,George Miller,"Robert Carradine, Nicholas Bell, Brian Wimmer, Stacy Haiduk, Rawiri Paratene, Cleopatra Coleman",https://www.filmcrave.com/movie_page_main.php?id=42846,Unknown
Ann Rule Presents: The Stranger Beside Me,32480,2.8,03/21/2003,English,"Crime, Drama",NR,Paul Shapiro,"Bill Campbell, Barbara Hershey, Kevin Dunn, Suki Kaiser, Benjamin Ratner, Matthew Bennett",https://www.filmcrave.com/movie_page_main.php?id=42847,"Based on the true story about true crime author, Ann Rule. Working on her first real story about an unknown serial killer, she learns that the killer himself is her long time and close friend, Ted Bundy. --"
The King of Fighters,45439,1.2,11/04/2009,English,"Sci-Fi, Action",NR,Gordon Chan,"Maggie Q, Sean Faris, Will Yun Lee, Ray Park, David Leitch, Fran\xc3\xa7oise Yip",https://www.filmcrave.com/movie_page_main.php?id=42848,Unknown
Littlerock,31288,2.2,08/12/2011,English,Drama,NR,Mike Ott,"Atsuko Okatsuka, Cory Zacharia, Rintaro Sawamoto, Roberto 'Sanz' Sanchez, Markiss McFadden, Ryan Dillon",https://www.filmcrave.com/movie_page_main.php?id=42849,"Atsuko Sakamoto is a Japanese tourist, who, along with her brother Rintaro, become momentarily stranded in Littlerock, a rural California town outside L.A. While her brother continues the trip, she stays behind and, despite having limited English, experiences all the town has to offer. --"
Knights of the Range,39089,1.8,01/01/1940,English,"Western, Romance",NR,Lesley Selander,"Russell Hayden, Victor Jory, Jean Parker, Morris Ankrum, Britt Wood, J. Farrell MacDonald",https://www.filmcrave.com/movie_page_main.php?id=42850,Unknown
I Take This Oath aka Police Rookie,30234,2.2,05/20/1940,English,"Crime, Drama",NR,Sam Newfield,"Gordon Jones, Joyce Compton, Craig Reynolds, J. Farrell MacDonald, Veda Ann Borg, Mary Gordon",https://www.filmcrave.com/movie_page_main.php?id=42851,Unknown
Mega Python vs. Gatoroid,18746,2.7,01/29/2011,English,"Action, Sci-Fi",NR,Mary Lambert,"Deborah Gibson, Tiffany, A Martinez, Kathryn Joosten, Kevin M. Horton, Carey Van Dyke",https://www.filmcrave.com/movie_page_main.php?id=42852,Unknown
Chains ( Catene ),25263,3.0,10/29/1949,Italian,"Crime, Drama",NR,Raffaello Matarazzo,"Amedeo Nazzari, Yvonne Sanson, Aldo Nicodemi, Roberto Murolo, Aldo Silvani, Teresa Franchini",https://www.filmcrave.com/movie_page_main.php?id=42853,Unknown
Tormento,48069,3.0,04/03/1953,Italian,Drama,NR,Raffaello Matarazzo,"Amedeo Nazzari, Yvonne Sanson, Annibale Betrone, Mario Ferrari, Teresa Franchini, Tina Lattanzi",https://www.filmcrave.com/movie_page_main.php?id=42854,Unknown
Nobody's Children ( I figli di nessuno ),27466,2.3,12/12/1952,Italian,"Drama, Romance",NR,Raffaello Matarazzo,"Yvonne Sanson, Amedeo Nazzari, Fran\xc3\xa7oise Rosay, Folco Lulli, Enrica Dyrell, Teresa Franchini",https://www.filmcrave.com/movie_page_main.php?id=42855,Unknown
"White Angel, The ( angelo bianco, L' )",48118,3.0,04/06/1955,Italian,Drama,NR,Raffaello Matarazzo,"Amedeo Nazzari, Yvonne Sanson, Enrica Dyrell, Alberto Farnese, Flora Lillo, Philippe Hersent",https://www.filmcrave.com/movie_page_main.php?id=42856,Unknown
Ridin' the Trail,55262,1.2,07/27/1940,English,Western,NR,Bernard B. Ray,"Fred Scott, Harry Harvey, John Ward, Jack Ingram, Iris Lancaster, Bud Osborne",https://www.filmcrave.com/movie_page_main.php?id=42857,Unknown
Coven,50041,3.0,03/31/2000,English,"Drama, Horror",NR,Mark Borchardt,"Mark Borchardt, Tom Schimmels, Miriam Frost, Tommy Dallace, Robert Richard Jorge, Jack Bennett",https://www.filmcrave.com/movie_page_main.php?id=42858,"The independent short film directed by Mark Borchardt that would later become the basis for the cult documentary, American Movie. --"
ThanksKilling,38493,1.7,11/17/2009,English,"Comedy, Horror",NR,Jordan Downey,"Lindsey Anderson, General Bastard, Natasha Cordova, Ryan E. Francis, Chuck Lamb, Pat Love",https://www.filmcrave.com/movie_page_main.php?id=42859,A turkey resurrected from the days of the American pilgrims is brought back to life in the modern day where he continues his murdering rampage. --
Flu Bird Horror,37596,2.5,08/23/2008,English,"Horror, Thriller",R,Leigh Scott,"Clare Carey, Lance Guest, Jonathon Trent, Sarah Butler, Rebekah Kochan, Bill Posley",https://www.filmcrave.com/movie_page_main.php?id=42860,Unknown
Dead Man's Letters ( Pisma myortvogo cheloveka ),31501,2.8,01/27/1989,Russian,"Drama, Sci-Fi",NR,Konstantin Lopushansky,"Rolan Bykov, Iosif Ryklin, Viktor Mikhaylov, Aleksandr Sabinin, Nora Gryakalova, Svetlana Smirnova",https://www.filmcrave.com/movie_page_main.php?id=42861,"In the wake of nuclear Armageddon, survivors in a fallout shelter begin to negotiate life in a post-apocalyptic world.\t"
"Ape ( King Ape, The )",27717,2.3,10/01/1976,English,Sci-Fi,PG,Paul Leder,"Rod Arrants, Joanna Kerns, Alex Nicol, Nak-hun Lee, Yeon-jeong Woo, Jerry Harke",https://www.filmcrave.com/movie_page_main.php?id=42862,Unknown
A.P.E.X.,28957,2.1,05/14/1994,English,"Action, Sci-Fi",R,Phillip J. Roth,"Richard Keats, Mitchell Cox, Lisa Ann Russell, Marcus Aurelius, Adam Lawson, David Jean Thomas",https://www.filmcrave.com/movie_page_main.php?id=42863,Unknown
Mystery in Swing,31699,2.8,01/01/1940,English,"Drama, Mystery",NR,Arthur Dreifuss,"Monte Hawley, Marguerite Whitten, Tommie Moore, Edward Thompson, Buck Woods, Jess Lee Brooks",https://www.filmcrave.com/movie_page_main.php?id=42864,Unknown
Marching On! ( Where's My Man To-nite ),34905,2.0,01/01/1943,English,"Drama, Historical",NR,Spencer Williams,"Hugo Martin, George T. Sutton, Emmet Jackson, 'Pepper' Neely, Mickey McZekkashing, Myra D. Hemmings",https://www.filmcrave.com/movie_page_main.php?id=42865,Unknown
Souls of Sin,40732,2.3,01/01/1949,English,Drama,NR,Powell Lindsay,"Savannah Churchill, Jimmy Wright, Billie Allen, William Greaves, Emory Richardson, Louise Jackson",https://www.filmcrave.com/movie_page_main.php?id=42866,Unknown
Murder on Lenox Avenue,34855,2.0,01/01/1941,English,Drama,NR,Arthur Dreifuss,"Mamie Smith, Alec Lovejoy, Norman Astwood, Augustus Smith, Alberta Perkins, Edna Mae Harris",https://www.filmcrave.com/movie_page_main.php?id=42867,Unknown
Hold That Woman!,27163,2.3,06/28/1940,English,"Comedy, Crime",NR,Sam Newfield,"James Dunn, Frances Gifford, George Douglas, Rita La Roy, Martin Spellman, Eddie Fetherston",https://www.filmcrave.com/movie_page_main.php?id=42868,Unknown
Hit Parade of 1941,42486,1.7,10/15/1940,English,"Comedy, Musical",NR,John H. Auer,"Kenny Baker, Frances Langford, Hugh Herbert, Mary Boland, Ann Miller, Phil Silvers",https://www.filmcrave.com/movie_page_main.php?id=42869,Unknown
Trip With the Teacher,34189,1.9,03/01/1975,English,"Horror, Drama",R,Earl Barton,"Edward Cross, David Villa, Jack Driscoll, Susan Russell, Cathy Worthington, Jill Voight",https://www.filmcrave.com/movie_page_main.php?id=42870,A teacher takes her female students on what should be a pleasant class trip into the desert. But when their bus breaks down they are terrorized by a group of violent bikers.\t
Malibu High ( Death in Denim ),49054,3.0,05/01/1979,English,"Crime, Drama",R,Irvin Berwick,"Jill Lansing, Stuart Taylor, Katie Johnson, Phyllis Benson, Alex Mann, Tammy Taylor",https://www.filmcrave.com/movie_page_main.php?id=42871,Unknown
The Descendants,840,3.0,11/16/2011,English,"Comedy, Drama",R,Alexander Payne,"George Clooney, Shailene Woodley, Amara Miller, Robert Forster, Beau Bridges, Matthew Lillard",https://www.filmcrave.com/movie_page_main.php?id=42872,Two teenage daughters push their father to his limit when they reveal their mother was having an affair before she had an accident.\t
Too Big to Fail,9316,2.6,05/23/2011,English,Drama,NR,Curtis Hanson,"Topher Grace, Paul Giamatti, Billy Crudup, James Woods, William Hurt, Tony Shalhoub",https://www.filmcrave.com/movie_page_main.php?id=42873,In 2008 a financial crisis threatens to cripple the United States and Treasury Secretary Henry Paulson is at the center of it all. --
Dinosaurs: Giants of Patagonia,42899,1.7,04/05/2007,English,Documentary,NR,Marc Fafard,"Donald Sutherland, Rodolfo Coria",https://www.filmcrave.com/movie_page_main.php?id=42874,Unknown
The Ultimate Wave Tahiti,28158,2.3,02/12/2010,English,Documentary,NR,Stephen Low,"Michael Hanrahan, Kelly Slater, Raimana Van Bastolear",https://www.filmcrave.com/movie_page_main.php?id=42875,Unknown
Salvation Boulevard ,29194,2.0,07/15/2011,English,"Comedy, Thriller",R,George Ratliff,"Jennifer Connelly, Marisa Tomei, Pierce Brosnan, Ed Harris, Isabelle Fuhrman, Greg Kinnear",https://www.filmcrave.com/movie_page_main.php?id=42876,Unknown
Beautiful Boy,11731,2.8,06/03/2010,English,Drama,R,Shawn Ku,"Michael Sheen, Maria Bello, Alan Tudyk, Moon Bloodgood, Kyle Gallner, Meat Loaf",https://www.filmcrave.com/movie_page_main.php?id=42877,A couple on the verge of breakup are rocked by the news their son has committed a mass shooting at his school before committing suicide. As the media and friends turn against them they realize the only ones they can turn to are each other. --
Octaman,48906,3.0,01/01/1976,English,"Sci-Fi, Horror",PG,Harry Essex,"Pier Angeli, Kerwin Mathews, Jeff Morrow, David Essex, Jerome Guardino, Robert Warner",https://www.filmcrave.com/movie_page_main.php?id=42878,Unknown
Spare a Copper,43582,2.0,04/12/1941,English,"Comedy, Musical",NR,John Paddy Carstairs,"George Formby, Dorothy Hyson, Bernard Lee, John Warwick, Warburton Gamble, John Turnbull",https://www.filmcrave.com/movie_page_main.php?id=42879,Unknown
Son of the Navy,25105,3.0,03/30/1940,English,"Drama, Comedy",NR,William Nigh,"Jean Parker, James Dunn, Martin Spellman, Selmer Jackson, William Royle, Sarah Padden",https://www.filmcrave.com/movie_page_main.php?id=42880,Unknown
Behemoth,13645,2.8,01/15/2011,English,Sci-Fi,NR,David Hogan,"Ed Quinn, Pascale Hutton, Cindy Busby, Jessica Parker Kennedy, Ty Olsson, William B. Davis",https://www.filmcrave.com/movie_page_main.php?id=42881,Unknown
This is the Zodiac Speaking,18650,2.7,03/02/2007,English,"Documentary, Crime",NR,David Prior,"Ed Rust, Donald Fouke, Richard Hoffman, Russell T. Butterbach, Bryan C. Hartnell, David Collins",https://www.filmcrave.com/movie_page_main.php?id=42882,A true-crime documentary that interviews the surviving victims attacked by the unknown Zodiac killer. --
Extremely Loud and Incredibly Close ,4991,2.6,12/25/2011,English,Drama,PG-13,Stephen Daldry,"Tom Hanks, Sandra Bullock, Thomas Horn, Max von Sydow, Viola Davis, John Goodman",https://www.filmcrave.com/movie_page_main.php?id=42883,"A talented, bright 9-year-old boy embarks on quest to New York in order to find the lock that fits a key his father left behind before being killed in the 9/11 attacks. --"
The Woman in Black,4553,2.6,02/03/2012,English,"Horror, Drama",PG-13,James Watkins,"Daniel Radcliffe, Ciar\xc3\xa1n Hinds, Janet McTeer, David Burke, Shaun Dooley, Alisa Khazanova",https://www.filmcrave.com/movie_page_main.php?id=42884,A young lawyer is sent to a quiet village to settle a recently-deceased client's account when he comes across the ghost of a woman seeking vengeance. --
Hotel Transylvania,2953,2.8,09/28/2012,English,"Animation, Comedy",PG,Genndy Tartakovsky,"Adam Sandler, Selena Gomez, Andy Samberg, Kevin James, Steve Buscemi, Fran Drescher",https://www.filmcrave.com/movie_page_main.php?id=42885,"Dracula runs a motel hidden from the human world for his other monstrous friends. When a boy stumbles upon it, and proceeds to fall in love with the count's daughter, he scrambles to keep his business, and family, together. --"
Route 666,42188,1.5,10/30/2001,English,"Action, Horror",R,William Wesley,"Lou Diamond Phillips, Lori Petty, Steven Williams, L.Q. Jones, Dale Midkiff, Alex McArthur",https://www.filmcrave.com/movie_page_main.php?id=42886,Four undead convicts on a chain gang attack federal agents transporting a criminal on Route 66. --
Shank,14170,2.8,03/26/2010,English,"Action, Sci-Fi",NR,Mo Ali,"Kedar Williams-Stirling, Adam Deacon, Ashley Bashy Thomas, Michael Socha, Jan Uddin, Kaya Scodelario",https://www.filmcrave.com/movie_page_main.php?id=42887,Unknown
Africa United,28209,2.3,01/13/2011,English,"Adventure, Comedy",NR,Debs Gardner-Paterson,"Eriya Ndayambaje, Roger Nsengiyumva, Sanyu Joanita Kintu, Yves Dusenge, Emmanuel Jal, Sherrie Silver",https://www.filmcrave.com/movie_page_main.php?id=42888,Unknown
Blood Hook,34212,1.9,04/01/1987,English,"Comedy, Horror",R,Jim Mallon,"Mark Jacobs, Lisa Jane Todd, Patrick Danz, Sara Hauser, Christopher Whiting, Don Winters",https://www.filmcrave.com/movie_page_main.php?id=42889,During a local fishing contest people are being mysteriously dragged into the lake and killed by a giant fish hook\t
Zombie Island Massacre,46218,1.8,11/01/1984,English,Horror,R,John N. Carter,"David Broadnax, Rita Jenrette, Tom Cantrell, Diane Clayre Holub, George Peters, Ian McMillan",https://www.filmcrave.com/movie_page_main.php?id=42890,Unknown
Blades,25498,3.0,10/13/1989,English,"Horror, Comedy",R,Thomas R. Rondinella,"Robert North, Jeremy Whelan, Victoria Scott, Holly Stevenson, William Towner, Peter Wray",https://www.filmcrave.com/movie_page_main.php?id=42891,Unknown
"Heart of a Queen, The ( Herz der K\xc3\xb6nigin, Das )",39101,1.8,11/01/1940,German,"Biography, Drama",NR,Carl Froelich,"Zarah Leander, Willy Birgel, Hans Mierendorff, Maria Koppenh\xc3\xb6fer, Lotte Koch, Axel von Ambesser",https://www.filmcrave.com/movie_page_main.php?id=42892,Unknown
Shaolin Wooden Men ( Shao Lin mu ren xiang ),5063,3.1,11/10/1976,Mandarin,Action,NR,Chi-Hwa Chen,"Jackie Chan, Kam Chiang, Kong Kim, Yuen Lung, Tien Miao, Wei Ho Tu",https://www.filmcrave.com/movie_page_main.php?id=42893,"Little Mute (Jackie Chan) becomes a Shaolin student and learns martial arts in the hopes of avenging his father, and has many adventures along the way. --"
Oz the Great and Powerful,7440,2.5,03/08/2013,English,Fantasy,PG,Sam Raimi,"Mila Kunis, James Franco, Michelle Williams, Rachel Weisz, Joey King, Zach Braff",https://www.filmcrave.com/movie_page_main.php?id=42894,"A small-time circus magician with questionable ethics finds himself whisked away to Oz where he thinks he has found his ticket to fame and fortune. Yet the newly minted ""wizard"" finds himself up against three witches and must decide who he can trust and how to use his powers for the good of the world. --"
From the Quarters to Lincoln Heights,18743,2.7,01/01/2011,English,"Documentary, Biography",NR,Mark Oliver,Unknown,https://www.filmcrave.com/movie_page_main.php?id=42895,Unknown
The Guard,2291,2.8,01/20/2011,English,"Comedy, Thriller",NR,John Michael McDonagh,"Brendan Gleeson, Don Cheadle, Liam Cunningham, Mark Strong, Fionnula Flanagan, David Wilmot",https://www.filmcrave.com/movie_page_main.php?id=42896,"Sergeant Gerry Boyle is a small-town Irish cop with a confrontational personality, a subversive sense of humor, a dying mother, a fondness for prostitutes, and absolutely no interest whatsoever in the international cocaine-smuggling ring that has brought straight-laced FBI agent Wendell Everett to his door.\t"
The Last Alarm,43553,2.0,06/25/1940,English,"Crime, Drama",NR,William West,"J. Farrell MacDonald, Polly Ann Young, Warren Hull, George Pembroke, Mary Gordon, Joel Friedkin",https://www.filmcrave.com/movie_page_main.php?id=42898,Unknown
"Stationmaster, The ( Postmeister, Der )",40527,2.3,04/24/1940,German,Drama,NR,Gustav Ucicky,"Heinrich George, Hilde Krahl, Siegfried Breuer, Hans Holt, Ruth Hellberg, Margit Symo",https://www.filmcrave.com/movie_page_main.php?id=42899,Unknown
O Lucky Malcolm!,50921,3.0,08/01/2006,English,Biography,NR,Jan Harlan,"Malcolm McDowell, Christiane Kubrick, Lilly McDowell, Charlie McDowell, Robert Altman, Mike Hodges",https://www.filmcrave.com/movie_page_main.php?id=42900,"A documentary about the life and films of actor, Malcolm McDowell. --"
Never Sleep Again: The Elm Street Legacy,4415,3.0,05/04/2010,English,Documentary,NR,"Daniel Farrands, Andrew Kasch","Robert Englund, Wes Craven, Heather Langenkamp, Mick Garris, Alice Cooper, Renny Harlin",https://www.filmcrave.com/movie_page_main.php?id=42901,"A documentary that discusses the films, people and legacy of the Nightmare on Elm Street franchise. --"
Ringers: Lord of the Fans,3433,3.1,11/16/2005,English,"Documentary, Comedy",PG-13,Carlene Cordova,"Dominic Monaghan, Elijah Wood, Peter Jackson, Viggo Mortensen, Orlando Bloom, Ian McKellen",https://www.filmcrave.com/movie_page_main.php?id=42902,"A documentary the discusses the legacy and fandom of the J.R.R. Tolkien's literary series, The Lord of the Rings and the subsequent adapted films.  --"
30 Days in Hell: The Making of 'The Devil's Rejects',11699,2.8,11/08/2005,English,Documentary,NR,Unknown,"Marco Black, Rob Zombie, Mike Elliott, Brent Morris, Wayne Toth, Sid Haig",https://www.filmcrave.com/movie_page_main.php?id=42903,"A behind-the-scenes look into the making of Rob Zombie's horror film, The Devil's Rejects. --"
Blackmail Boys,42954,1.7,01/28/2011,English,"Romance, Thriller",NR,"Bernard Shumanski, Richard Shumanski","Nathan Adloff, Taylor Reed, Joe Swanberg, Danny Rhodes, Marc Singletary, Tamara Fana",https://www.filmcrave.com/movie_page_main.php?id=42904,Unknown
Once Upon a Warrior ( Anaganaga - O-Dheerudu ),22849,2.5,01/21/2011,Other,"Adventure, Fantasy",PG-13,Prakash Rao,"Siddharth, Ravi Babu, Lakshmi Manchu, Tanikella Bharani, Vallabhaneni Ramji, Shruti K. Haasan",https://www.filmcrave.com/movie_page_main.php?id=42905,Unknown
"Life, Above All",29054,2.1,01/07/2011,Other,Drama,PG-13,Oliver Schmitz,"Khomotso Manyaka, Keaobaka Makanyane, Harriet Lenabe, Lerato Mvelase, Tinah Mnumzana, Aubrey Poolo",https://www.filmcrave.com/movie_page_main.php?id=42906,A tale of modern day South Africa explored through the relationship between a mother and daughter. --
Terri,13086,2.3,07/01/2011,English,Comedy,R,Azazel Jacobs,"John C. Reilly, Jacob Wysocki, Creed Bratton, Jenna Gavigan, Justin Prentice, Josh Perry",https://www.filmcrave.com/movie_page_main.php?id=42907,"An overweight teen in a a small town deals with his senile uncle, a bleak life at school and a principal who makes it his goal to help him succeed. --"
Removal,34297,1.9,11/07/2010,English,Thriller,NR,Nick Simon,"Billy Burke, Mark Kelly, Oz Perkins, Emma Caulfield, Kelly Brook, Elliott Gould",https://www.filmcrave.com/movie_page_main.php?id=42908,Unknown
Killing Bono,9266,2.6,04/01/2011,English,Comedy,NR,Nick Hamm,"Ben Barnes, Krysten Ritter, Robert Sheehan, Pete Postlethwaite, Justine Waddell, Martin McCann",https://www.filmcrave.com/movie_page_main.php?id=42909,A pair of brothers find rock and roll fame eluding them and can only watch on as their old school buddies U2 become a global sensation. --
Saloon Bar,36464,2.5,11/02/1940,English,Thriller,NR,Walter Forde,"Gordon Harker, Elizabeth Allan, Mervyn Johns, Joyce Barbour, Anna Konstam, Cyril Raymond",https://www.filmcrave.com/movie_page_main.php?id=42910,A waitress' husband is convicted of murder and sentenced to death. The waitress' patrons help to get him off of death row. --
The Virginian,16837,2.5,09/30/1923,English,Western,NR,Tom Forman,"Kenneth Harlan, Florence Vidor, Russell Simpson, Pat O'Malley, Raymond Hatton, Milton Ross",https://www.filmcrave.com/movie_page_main.php?id=42911,A young woman from Northeastern United States meets a cowboy from Virginia in the Western U.S. --
I Killed That Man,39121,1.8,11/28/1941,English,Mystery,NR,Phil Rosen,"Ricardo Cortez, Joan Woodbury, Pat Gleason, George Pembroke, Iris Adrian, Herbert Rawlinson",https://www.filmcrave.com/movie_page_main.php?id=42912,Unknown
Fiesta,15393,2.5,11/28/1941,English,"Musical, Comedy",NR,LeRoy Prinz,"Ann Ayars, Jorge Negrete, Armida, George Givot, Antonio Moreno, Nick Moro",https://www.filmcrave.com/movie_page_main.php?id=42913,Unknown
Escort Girl,18110,2.7,01/01/1941,English,"Crime, Drama",NR,Edward E. Kaye,"Betty Compson, Margaret Marquis, Robert Kellard, Wheeler Oakman, Guy Kingsford, Gay Seabrook",https://www.filmcrave.com/movie_page_main.php?id=42914,Unknown
Under Texas Skies,27167,2.3,09/30/1940,English,Western,NR,George Sherman,"Robert Livingston, Bob Steele, Rufe Davis, Lois Ranson, Henry Brandon, Wade Boteler",https://www.filmcrave.com/movie_page_main.php?id=42915,Unknown
"Wally of the Vultures ( Geierwally, Die )",54854,1.5,08/12/1940,German,"Drama, Romance",NR,Hans Steinhoff,"Heidemarie Hatheyer, Sepp Rist, Eduard K\xc3\xb6ck, Winnie Markus, Leopold Esterle, Mimi Gst\xc3\xb6ttner-Auer",https://www.filmcrave.com/movie_page_main.php?id=42916,Unknown
Beneath Hill 60,19123,2.3,08/19/2010,English,"War, Drama",R,Jeremy Sims,"Brendan Cowell, Harrison Gilbertson, Steve Le Marquand, Gyton Grantley, Alex Thompson, Warwick Young",https://www.filmcrave.com/movie_page_main.php?id=42917,"The setting is 1916 Egypt during WWI. The camera follows a tunneling brigade in the Australian army as they`re fighting the Germans. A young man( Brendan Cowell) has worked in the mines previously and is ordered to organize thousands of pounds of explosives under Hill 60, the most heavily fortified and toughest German stronghold in the middle east theater. It`s a deadly game of chess as each side tries to figure out what the other is planning.  Directed by Jeremy Sims. --"
Vanishing of the Bees,34294,1.9,08/21/2010,English,Documentary,NR,"George Langworthy, Maryam Henein","Touchy Feely, Michael Pollan, Maryann Frazier, David Hackenberg, Dennis Van Engelsdorp, Simon Buxton",https://www.filmcrave.com/movie_page_main.php?id=42918,Unknown
A Lonely Place to Die,8961,2.6,04/09/2011,English,"Action, Thriller",NR,Julian Gilbey,"Melissa George, Ed Speleers, Eamonn Walker, Sean Harris, Alec Newman, Karel Roden",https://www.filmcrave.com/movie_page_main.php?id=42919,"Five mountaineers traversing the rugged Scottish Highlands come across a young Serbian girl buried in small chamber in the woods. Taking it upon themselves to save her, they are suddenly caught up in a deadly game as both the people who kidnapped her and a group of mercenaries sent to bring her back pursue them. --"
What to Expect When You're Expecting,5710,2.6,05/18/2012,English,"Comedy, Romance",PG-13,Kirk Jones,"Elizabeth Banks, Cameron Diaz, Jennifer Lopez, Anna Kendrick, Dennis Quaid, Matthew Morrison",https://www.filmcrave.com/movie_page_main.php?id=42920,Five couples go through the trials and tribulations of becoming parents. --
Sing for Your Supper,39123,1.8,12/04/1941,English,"Comedy, Musical",NR,Charles Barton,"Jinx Falkenburg, Charles 'Buddy' Rogers, Bert Gordon, Eve Arden, Don Beddoe, Bernadene Hayes",https://www.filmcrave.com/movie_page_main.php?id=42921,Unknown
"Lone Rider in Ghost Town, The ( Ghost Mine )",42494,1.7,05/16/1941,English,Western,NR,Sam Newfield,"George Houston, Al St. John, Rebel Randall, Budd Buster, Frank Hagney, Stephen Chase",https://www.filmcrave.com/movie_page_main.php?id=42922,Unknown
The Roundup,30248,2.2,04/14/1941,English,"Adventure, Romance",NR,Lesley Selander,"Richard Dix, Patricia Morison, Preston Foster, Don Wilson, Ruth Donnelly, Douglass Dumbrille",https://www.filmcrave.com/movie_page_main.php?id=42923,Unknown
Border Buckaroos,40615,2.3,06/15/1943,English,Western,NR,Oliver Drake,"Dave O'Brien, James Newill, Guy Wilkerson, Christine McIntyre, Eleanor Counts, Jack Ingram",https://www.filmcrave.com/movie_page_main.php?id=42924,Unknown
Outlaw Roundup,27239,2.3,02/10/1944,English,Western,NR,Harry L. Fraser,"James Newill, Dave O'Brien, Guy Wilkerson, Helen Chapman, Jack Ingram, I. Stanford Jolley",https://www.filmcrave.com/movie_page_main.php?id=42925,Unknown
The Circle,11524,2.8,09/22/1925,English,Drama,NR,Frank Borzage,"Eleanor Boardman, Malcolm McGregor, Alec B. Francis, Eugenie Besserer, George Fawcett, Creighton Hale",https://www.filmcrave.com/movie_page_main.php?id=42926,Unknown
Slogan,6655,2.9,03/16/1970,French,"Comedy, Drama",NR,Pierre Grimblat,"Serge Gainsbourg, Jane Birkin, Andr\xc3\xa9a Parisy, Daniel G\xc3\xa9lin, Henri-Jacques Huet, Juliet Berto",https://www.filmcrave.com/movie_page_main.php?id=42927,Unknown
I Was a Teenage Serial Killer,25526,3.0,10/01/1993,English,"Comedy, Horror",NR,Sarah Jacobson,"Kristin Calabrese, Phil Calabrese, Scott Garver, Bob Hendershot, Zach Kadish, Jeff Stein",https://www.filmcrave.com/movie_page_main.php?id=42928,Unknown
Faubourg St Martin,44203,2.0,12/03/1986,French,"Comedy, Drama",NR,Jean-Claude Guiguet,"Patachou, Fran\xc3\xa7oise Fabian, Marie-Christine Rousseau, St\xc3\xa9phane Jobert, Emmanuel Lemoine, Ingrid Bourgoin",https://www.filmcrave.com/movie_page_main.php?id=42929,Unknown
"Yes, But... ( Oui, mais... )",32429,2.8,04/18/2001,French,"Comedy, Family",NR,Yves Lavandier,"\xc3\x89milie Dequenne, G\xc3\xa9rard Jugnot, Alix de Konopka, Cyrille Thouvenin, Vanessa Jarry, Patrick Bonnel",https://www.filmcrave.com/movie_page_main.php?id=42930,Unknown
Flashbacks of a Fool,19405,2.3,10/17/2008,English,Drama,R,Baillie Walsh,"Daniel Craig, Mark Strong, Felicity Jones, Harry Eden, James D'Arcy, Emilia Fox",https://www.filmcrave.com/movie_page_main.php?id=42931,Unknown
Hadewijch,17267,2.5,12/24/2010,French,Drama,NR,Bruno Dumont,"Julie Sokolowski, Yassine Salime, Karl Sarafidis, David Dewaele, Brigitte Mayeux-Clerget, Michelle Ardenne",https://www.filmcrave.com/movie_page_main.php?id=42932,"C\xc3\xa9line is a girl who is misunderstood by the nuns she's living with, yet stays true to her faith.  After meeting a Muslim boy her age, she is slowly drawn into his world. --"
Safe Haven,5564,2.7,02/14/2013,English,"Romance, Drama",PG-13,Lasse Hallstr\xc3\xb6m,"Cobie Smulders, Julianne Hough, David Lyons, Josh Duhamel, Noah Lomax, Mike Pniewski",https://www.filmcrave.com/movie_page_main.php?id=42933,"A young woman moves to Southport, North Carolina where she soon starts up a relationship with a local widower, all the while, dark secrets from her past threaten the new life she has built. --"
"Ballroom, The ( Chega de Saudade )",51183,3.0,03/21/2008,Portuguese,"Drama, Romance",NR,La\xc3\xads Bodanzky,"Leonardo Villar, T\xc3\xb4nia Carrero, C\xc3\xa1ssia Kiss, Betty Faria, Stepan Nercessian, Maria Flor",https://www.filmcrave.com/movie_page_main.php?id=42935,Unknown
Horrid Henry: The Movie,15134,2.4,01/01/2011,English,Comedy,Unknown,Nick Moore,"Anjelica Huston, Theo Stevenson, Parminder Nagra, Richard E. Grant, Kimberley Walsh, Noel Fielding",https://www.filmcrave.com/movie_page_main.php?id=42936,Unknown
Crime After Crime,22844,2.5,01/01/2011,English,"Biography, Documentary",NR,Yoav Potash,"Deborah Peagler, Joshua Safran, Nadia Costa, T'Onna Champagne, Dee Kelly Barrett, Doran Williams",https://www.filmcrave.com/movie_page_main.php?id=42937,"The story of Debbie Peagler - abused by her drug-dealing boyfriend, forced into prostitution and fearing worse for her daughters, she decided to fight back. When it results in the death of her boyfriend, she takes a plea and gets 25 year behind bars. When a law is passed two decades later, allowing the revisiting of trials where evidence of physical abuse was withheld, two rookie lawyers take Peagler's case pro-bono and expose the ""justice"" system responsible for her life behind bars. --"
Jig,39797,1.8,01/01/2011,English,Documentary,NR,Sue Bourne,"Brogan McCay, Joe Bitter, Julia O Rourke, John Carey",https://www.filmcrave.com/movie_page_main.php?id=42938,Unknown
Across the Sierras,34860,2.0,02/13/1941,English,"Action, Romance",NR,D. Ross Lederman,"Bill Elliott, Richard Fiske, Luana Walters, Dub Taylor, Dick Curtis, LeRoy Mason",https://www.filmcrave.com/movie_page_main.php?id=42939,Unknown
Angels with Broken Wings,27181,2.3,05/27/1941,English,"Comedy, Romance",NR,Bernard Vorhaus,"Binnie Barnes, Gilbert Roland, Mary Lee, Billy Gilbert, Jane Frazee, Edward Norris",https://www.filmcrave.com/movie_page_main.php?id=42940,Unknown
Billy the Kid Wanted,39117,1.8,10/04/1941,English,Western,NR,Sam Newfield,"Buster Crabbe, Al St. John, Dave O'Brien, Glenn Strange, Charles King, Slim Whitaker",https://www.filmcrave.com/movie_page_main.php?id=42941,Unknown
"Screaming Man, A ( homme qui crie, Un )",35783,2.0,04/13/2011,French,Drama,NR,Mahamat-Saleh Haroun,"Youssouf Djaoro, Dioucounda Koma, Emile Abossolo M'bo, Hadje Fatime N'Goua, Marius Yelolo, Dj\xc3\xa9n\xc3\xa9ba Kon\xc3\xa9",https://www.filmcrave.com/movie_page_main.php?id=42942,Unknown
Anuvahood,24485,2.1,03/18/2011,English,Comedy,NR,"Adam Deacon, Daniel Toland","Adam Deacon, Femi Oyeniran, Ollie Barbieri, Jazzie Zonzolo, Richie Campbell, Jaime Winstone",https://www.filmcrave.com/movie_page_main.php?id=42943,Unknown
Beats Rhymes & Life: The Travels of a Tribe Called Quest,17715,2.4,07/08/2011,English,Documentary,NR,Michael Rapaport,"Michael Rapaport, Common, Pharrell Williams, Mary J. Blige, Mos Def, Ghostface Killah",https://www.filmcrave.com/movie_page_main.php?id=42944,"Michael Rapaport chronicles the life and times of the Queens NY group, A Tribe Called Quest. From their 20-year run as hip hop visionaries to their breakup in 1998 and looking to the future - the inner workings and behind-the-scenes action is all put on film. --"
Noirland,42266,1.7,01/01/2012,English,"Crime, Horror",Unknown,Ramzi Abed,"James Duval, Ford Austin, Rena Riffel, Lloyd Kaufman, Twink Caplan, Lorielle New",https://www.filmcrave.com/movie_page_main.php?id=42945,Unknown
Sweatshop,28205,2.3,01/01/2011,English,Horror,NR,Stacy Davidson,"Ashley Kay, Peyton Wetzel, Brent Himes, Melanie Donihoo, Naika Malveaux, Krystal Freeman",https://www.filmcrave.com/movie_page_main.php?id=42946,Unknown
Transfer,35743,2.0,09/23/2010,German,"Drama, Sci-Fi",NR,Damir Lukacevic,"B.J. Britt, Regine Nehy, Ingrid Andree, Mehmet Kurtulus, Hans-Michael Rehberg, Jeanette Hain",https://www.filmcrave.com/movie_page_main.php?id=42947,Unknown
A Yank in Libya,34109,1.9,07/24/1942,English,"Drama, Romance",NR,Albert Herman,"Walter Woolf King, Joan Woodbury, H.B. Warner, Harry Parke, Duncan Renaldo, George J. Lewis",https://www.filmcrave.com/movie_page_main.php?id=42948,Unknown
Wings of Victory ( Valeriy Chkalov ),30261,2.2,11/16/1941,Russian,"Drama, War",NR,Mikhail Kalatozov,"Vladimir Belokurov, Mikheil Gelovani, Semyon Mezhinsky, Kseniya Tarasova, Vasili Vanin, Pyotr Berezov",https://www.filmcrave.com/movie_page_main.php?id=42949,Unknown
Battle for Brooklyn,14858,2.6,06/17/2011,English,"Documentary, Drama",NR,"Michael Galinsky, Suki Hawley","Daniel Goldstein, Bruce Ratner",https://www.filmcrave.com/movie_page_main.php?id=42950,For seven years Daniel Goldstein wages a battle to save his home from a huge development that would destroy his community.   --
One Lucky Elephant,35735,2.0,06/01/2010,English,Documentary,NR,Lisa Leeman,"David Balding, Flora",https://www.filmcrave.com/movie_page_main.php?id=42951,Unknown
Beyond the Gates of Splendor,10765,3.0,09/27/2002,English,Documentary,PG-13,Jim Hanon,"Steve Saint, Elisabeth Elliot Gren, Kathy Saint Drown, Frank Drown, Dave Howard, Olive Fleming Liefeld",https://www.filmcrave.com/movie_page_main.php?id=42952,A documentary about five Christian missionaries martyred by a tribe of Indians focusing on the aftermath of these events\t
As It is in Heaven ( S\xc3\xa5 som i himmelen ),7929,2.7,06/02/2005,Swedish,"Drama, Romance",NR,Kay Pollak,"Michael Nyqvist, Frida Hallgren, Helen Sj\xc3\xb6holm, Lennart J\xc3\xa4hkel, Ingela Olsson, Niklas Falk",https://www.filmcrave.com/movie_page_main.php?id=42953,A disgruntled conductor returns to his home village after a heat attack... and ends up teaching the local parish choir.\t
Forbidden Music ( Musica proibita ),55268,1.2,02/28/1946,Italian,"Drama, Romance",NR,Carlo Campogalliani,"Tito Gobbi, Mar\xc3\xada Mercader, Giuseppe Rinaldi, Loredana, Mario Casaleggio, Carlo Romano",https://www.filmcrave.com/movie_page_main.php?id=42954,Unknown
Arizona Stage Coach,13800,2.8,09/04/1942,English,"Adventure, Western",NR,S. Roy Luby,"John 'Dusty' King, Max Terhune, Nell O'Day, Charles King, Kermit Maynard, Slim Whitaker",https://www.filmcrave.com/movie_page_main.php?id=42955,Unknown
Lady Luck ( Lucky Ghost ),24009,2.3,02/10/1942,English,"Comedy, Thriller",NR,William Beaudine,"Mantan Moreland, F.E. Miller, Maceo Bruce Scheffield, Arthur Ray, Florence O'Brien, Harold Garrison",https://www.filmcrave.com/movie_page_main.php?id=42956,Unknown
Kidnapped ( Secuestrados ),6614,2.9,09/25/2010,Spanish,"Horror, Thriller",NR,Miguel \xc3\x81ngel Vivas,"Guillermo Barrientos, Dritan Biba, Fernando Cayo, C\xc3\xa9sar D\xc3\xadaz, Martijn Kuiper, Manuela Vell\xc3\xa9s",https://www.filmcrave.com/movie_page_main.php?id=42957,Unknown
The Green Slime,43033,1.4,12/01/1968,English,"Horror, Drama",G,Kinji Fukasaku,"Robert Horton, Luciana Paluzzi, Richard Jaeckel, Bud Widom, Ted Gunther, David Yorston",https://www.filmcrave.com/movie_page_main.php?id=42958,Unknown
Miranda,30479,2.2,04/20/1949,English,"Comedy, Romance",NR,Ken Annakin,"Glynis Johns, Googie Withers, Griffith Jones, John McCallum, Margaret Rutherford, David Tomlinson",https://www.filmcrave.com/movie_page_main.php?id=42959,Unknown
Mister Buddwing,45171,1.5,10/11/1966,English,Drama,NR,Delbert Mann,"James Garner, Jean Simmons, Suzanne Pleshette, Katharine Ross, Angela Lansbury, Jack Gilford",https://www.filmcrave.com/movie_page_main.php?id=42960,Unknown
Bait,20426,2.2,01/01/2011,English,"Action, Horror",R,Kimble Rendall,"Sharni Vinson, Julian McMahon, Xavier Samuel, Phoebe Tonkin, Alice Parkinson, Cariba Heine",https://www.filmcrave.com/movie_page_main.php?id=42961,A group of shoppers are stranded in a supermarket when a tsunami hits and a group of tiger sharks decides to move in too. --
Thor: Tales of Asgard,9167,2.6,05/17/2011,English,Animation,Unknown,Sam Liu,"Matthew Wolf, Rick Gomez, Tara Strong, Alistair Abell, Chris Britton, Paul Dobson",https://www.filmcrave.com/movie_page_main.php?id=42962,Unknown
Little Rose ( R\xc3\xb3zyczka ),31244,2.2,11/06/2010,Polish,"Drama, Romance",NR,Jan Kidawa-Blonski,"Andrzej Seweryn, Magdalena Boczarska, Robert Wieckiewicz, Andrzej Blumenfeld, Jan Frycz, Jacek Braciak",https://www.filmcrave.com/movie_page_main.php?id=42963,Unknown
Food Matters,19699,2.3,01/01/2008,English,Documentary,NR,"James Colquhoun, Carlo Ledesma","Charlotte Gerson, Ian Brighthope, David Wolfe, Jerome Burne, Dan Rogers, Victor Zeines",https://www.filmcrave.com/movie_page_main.php?id=42964,Unknown
Klondike Fury,45044,1.5,03/20/1942,English,Drama,NR,William K. Howard,"Edmund Lowe, Lucile Fairbanks, William Henry, Ralph Morgan, Robert Middlemass, Jean Brooks",https://www.filmcrave.com/movie_page_main.php?id=42965,Unknown
"My Afternoons with Margueritte ( t\xc3\xaate en friche, La )",2091,3.1,06/02/2010,French,Comedy,NR,Jean Becker,"G\xc3\xa9rard Depardieu, Gis\xc3\xa8le Casadesus, Maurane, Patrick Bouchitey, Jean-Fran\xc3\xa7ois St\xc3\xa9venin, Fran\xc3\xa7ois-Xavier Demaison",https://www.filmcrave.com/movie_page_main.php?id=42966,"In a small, French town the nearly illiterate Germain - considered by many to be a village idiot - happens to sit at a park bench next to Margueritte, an intelligent, articulate older woman who like to read aloud. The two form a bond that will change both of their lives. --"
This is 40,8717,2.4,12/21/2012,English,Comedy,R,Judd Apatow,"Paul Rudd, Leslie Mann, Megan Fox, Albert Brooks, Chris O\xe2\x80\x99Dowd, Charlynne Yi",https://www.filmcrave.com/movie_page_main.php?id=42967,"In this spinoff of Knocked Up, we catch up with Pete and Debbie a few years following the event of the film with Pete struggling with his music label and Debbie picking up the slack at her dress shop while both deal with the ups and downs of married life. --"
So Undercover,13187,2.4,02/05/2013,English,"Action, Comedy",PG-13,Tom Vaughan,"Miley Cyrus, Jeremy Piven, Autumn Reeser, Joshua Bowman, Mike O'Malley, Kelly Osbourne",https://www.filmcrave.com/movie_page_main.php?id=42968,A street-smart private detective goes undercover at a college sorority at the behest of the FBI. --
Gun Hill Road,7112,2.8,01/01/2011,English,Drama,R,Rashaad Ernesto Green,"Isiah Whitlock Jr., Judy Reyes, Esai Morales, Vincent Laresca, Miriam Colon, Franky G",https://www.filmcrave.com/movie_page_main.php?id=42969,"After spending three years in prison, a Bronx man returns home only to find his wife had grown distant and his troubled teen son exploring his sexual identity, putting even more stress on an already-fragile family bond.  --"
Love Etc.,31284,2.2,07/01/2011,English,Documentary,NR,Jill Andresevic,Unknown,https://www.filmcrave.com/movie_page_main.php?id=42970,Unknown
Tinker Tailor Soldier Spy,3916,2.7,12/09/2011,English,Thriller,R,Tomas Alfredson,"Tom Hardy, Gary Oldman, Colin Firth, Mark Strong, Benedict Cumberbatch, Ciar\xc3\xa1n Hinds",https://www.filmcrave.com/movie_page_main.php?id=42971,"George Smiley, an expert in espionage, is brought out of semi-retirement"
Shahada,22833,2.5,09/30/2010,German,Drama,NR,Burhan Qurbani,"Carlo Ljubek, Jeremias Acheampong, Maryam Zaree, Marija Skaricic, Sergej Moya, Vedat Erincin",https://www.filmcrave.com/movie_page_main.php?id=42972,Unknown
Women in Temptation ( Zeny v pokuseni ),14426,2.6,01/29/2011,Czech,Comedy,NR,Jir\xc3\xad Vejdelek,"Eliska Balzerov\xc3\xa1, Veronika Kubarov\xc3\xa1, Lenka Vlas\xc3\xa1kov\xc3\xa1, Vojtech Dyk, Jir\xc3\xad Mach\xc3\xa1cek, Vlastina Sv\xc3\xa1tkov\xc3\xa1",https://www.filmcrave.com/movie_page_main.php?id=42973,Unknown
Eyeborgs,17841,2.7,07/06/2010,English,Sci-Fi,R,Richard Clabaugh,"Adrian Paul, Megan Blake, Luke Eberl, James Marshall Case, James D. Ballard, Dale Girard",https://www.filmcrave.com/movie_page_main.php?id=42974,Unknown
Pure ( Till det som \xc3\xa4r vackert ),35776,2.0,02/03/2011,Swedish,Drama,NR,Lisa Langseth,"Alicia Vikander, Samuel Fr\xc3\xb6ler, Josephine Bauer, Martin Wallstr\xc3\xb6m, Magnus Lindberg, Elisabeth G\xc3\xb6ransson",https://www.filmcrave.com/movie_page_main.php?id=42975,Unknown
"Mozart's Sister ( Nannerl, la soeur de Mozart )",13393,2.5,08/19/2011,French,Drama,NR,Ren\xc3\xa9 F\xc3\xa9ret,"Marie F\xc3\xa9ret, Marc Barb\xc3\xa9, Delphine Chuillot, David Moreau, Clovis Fouin, Lisa F\xc3\xa9ret",https://www.filmcrave.com/movie_page_main.php?id=42976,"Follows the road with the Mozart family as Nannerl Mozart, an accomplished singer, harpsichordist, violinist is overshadowed by her younger brother, Wolfgang. As she becomes older and chafes at the limitations put upon her, she must make a decision about her prospects. --"
Young Goethe in Love ( Goethe! ),20981,2.4,01/12/2011,German,Drama,NR,Philipp St\xc3\xb6lzl,"Alexander Fehling, Miriam Stein, Moritz Bleibtreu, Volker Bruch, Burghart Klau\xc3\x9fner, Henry H\xc3\xbcbchen",https://www.filmcrave.com/movie_page_main.php?id=42977,"Johann Wolfgang von Goethe, aspiring poet and failing law student find himself sent to a provincial court to change his fortune. Instead of reforming, he finds Lotte - a young woman promised to another, but who he cannot ignore and finds himself drawn to her. --"
The Sunset Limited,6245,2.8,02/12/2011,English,Drama,NR,Tommy Lee Jones,"Samuel L. Jackson, Tommy Lee Jones",https://www.filmcrave.com/movie_page_main.php?id=42978,A custodian tries to convince a professor to not commit suicide. --
Carnival Knowledge ( Bending All the Rules ),54699,1.1,09/27/2002,English,Drama,R,"Morgan Klein, Peter Knight","Colleen Porch, David Gail, Bradley Cooper, Kurt McKinney, James Martin Kelly, Ed Carine",https://www.filmcrave.com/movie_page_main.php?id=42979,Unknown
Berlin 36,51463,3.0,10/15/2009,German,Drama,NR,Kaspar Heidelbach,"Karoline Herfurth, Sebastian Urzendowsky, Axel Prahl, August Zirner, Maria Happel, Franz Dinda",https://www.filmcrave.com/movie_page_main.php?id=42980,Unknown
Habermann,35772,2.0,01/11/2011,German,"Drama, Romance",NR,Juraj Herz,"Mark Waschke, Karel Roden, Ben Becker, Hannah Herzsprung, Radek Holub, Wilson Gonzalez Ochsenknecht",https://www.filmcrave.com/movie_page_main.php?id=42981,Unknown
"My Words, My Lies - My Love ( Lila, Lila )",51446,3.0,10/01/2009,German,Comedy,NR,Alain Gsponer,"Daniel Br\xc3\xbchl, Hannah Herzsprung, Henry H\xc3\xbcbchen, Kirsten Block, Peter Schneider, Peter Schneider",https://www.filmcrave.com/movie_page_main.php?id=42982,Unknown
Vincent Wants to Sea ( Vincent will Meer ),11736,2.8,10/22/2010,German,Drama,NR,Ralf Huettner,"Florian David Fitz, Karoline Herfurth, Heino Ferch, Katharina M\xc3\xbcller-Elmau, Johannes Allmayer, Tim Seyfi",https://www.filmcrave.com/movie_page_main.php?id=42983,Unknown
Ship Ahoy,14544,2.6,05/01/1942,English,"Comedy, Musical",NR,Edward Buzzell,"Eleanor Powell, Red Skelton, Bert Lahr, Virginia O'Brien, William Post Jr., James Cross",https://www.filmcrave.com/movie_page_main.php?id=42984,Unknown
Overland Stagecoach,34897,2.0,10/11/1942,English,"Western, Romance",NR,Sam Newfield,"Robert Livingston, Al St. John, Dennis Moore, Julie Duncan, Glenn Strange, Ted Adams",https://www.filmcrave.com/movie_page_main.php?id=42985,Unknown
Wolves of the Range,22041,2.5,06/21/1943,English,Western,NR,Sam Newfield,"Robert Livingston, Al St. John, Frances Gladwin, I. Stanford Jolley, Karl Hackett, Ed Cassidy",https://www.filmcrave.com/movie_page_main.php?id=42986,Unknown
Road to Happiness,27188,2.3,01/09/1942,English,"Drama, Musical",NR,Phil Rosen,"John Boles, Mona Barrie, Billy Lee, Roscoe Karns, Lillian Elliott, Paul Porcasi",https://www.filmcrave.com/movie_page_main.php?id=42987,Unknown
Roxi Hart,16910,2.5,02/20/1942,English,"Comedy, Romance",NR,William A. Wellman,"Ginger Rogers, Adolphe Menjou, George Montgomery, Lynne Overman, Nigel Bruce, Phil Silvers",https://www.filmcrave.com/movie_page_main.php?id=42988,Unknown
The Trail Blazers,46711,1.3,11/11/1940,English,Western,NR,George Sherman,"Robert Livingston, Bob Steele, Rufe Davis, Pauline Moore, Weldon Heyburn, Carroll Nye",https://www.filmcrave.com/movie_page_main.php?id=42989,Unknown
To Hell with Hitler ( Let George Do It! ),56267,2.0,10/13/1940,English,"Comedy, Musical",NR,Marcel Varnel,"George Formby, Phyllis Calvert, Garry Marsh, Romney Brent, Bernard Lee, Coral Browne",https://www.filmcrave.com/movie_page_main.php?id=42990,Unknown
Three Cockeyed Sailors ( Sailors Three ),34107,1.9,07/04/1941,English,"Comedy, War",NR,Walter Forde,"Tommy Trinder, Claude Hulbert, Carla Lehmann, Michael Wilding, James Hayter, Jeanne De Casalis",https://www.filmcrave.com/movie_page_main.php?id=42991,Unknown
The Ward,19514,2.1,07/08/2011,English,"Horror, Thriller",R,John Carpenter,"Amber Heard, Mamie Gummer, Danielle Panabaker, Laura-Leigh, Lyndsy Fonseca, Jared Harris",https://www.filmcrave.com/movie_page_main.php?id=42992,"A young woman in a mental institution believes a ghost is haunting her - everyone thinks it's another delusion, until bodies start stacking up. --"
Love Crime ( Crime d'amour ),6854,2.8,08/18/2010,French,"Crime, Mystery",NR,Alain Corneau,"Ludivine Sagnier, Kristin Scott Thomas, Patrick Mille, Guillaume Marquet, G\xc3\xa9rald Laroche, Julien Rochefort",https://www.filmcrave.com/movie_page_main.php?id=42993,A high-powered executive and her would-be protege find themselves going from co-working friends to bitter enemies as clashing egos and jealousy take over their corporate lives. --
Lockout,10520,2.3,04/13/2012,English,"Sci-Fi, Thriller",PG-13,"James Mather, Stephen St. Leger","Guy Pearce, Maggie Grace, Peter Stormare, Lennie James, Vincent Regan, Tim Plester",https://www.filmcrave.com/movie_page_main.php?id=42994,A man falsely accused of espionage has one chance to clear his name: save the president's daughter from a inmate breakout at a space prison. --
Like Crazy,2488,2.9,10/28/2011,English,"Drama, Romance",PG-13,Drake Doremus,"Anton Yelchin, Felicity Jones, Jennifer Lawrence, Charlie Bewley, Alex Kingston, Oliver Muirhead",https://www.filmcrave.com/movie_page_main.php?id=42995,"Two college students, Jacob and Anna, fall in love only to face a crisis when Anna is sent back to Britain and banned from the country for overstaying her Visa . --"
The Master,1014,3.0,09/21/2012,English,Drama,R,Paul Thomas Anderson,"Joaquin Phoenix, Philip Seymour Hoffman, Amy Adams, Laura Dern, Rami Malek, Lena Endre",https://www.filmcrave.com/movie_page_main.php?id=42996,"In the 1950s an intelligent, charming man known as ""the Master"" begins a faith-based organization that soon sweeps across America. A young drifter falls in with him and soon finds himself as his right-hand man. --"
Django Unchained,96,3.3,12/25/2012,English,"Drama, Western",R,Quentin Tarantino,"Jaime Foxx, Christoph Waltz, Leonardo DiCaprio, Samuel L. Jackson, Kerry Washington, Don Johnson",https://www.filmcrave.com/movie_page_main.php?id=42997,"Once a slave, Django is now a free man working as a bounty hunter. After assisting a German bounty hunter, the two join forces to take down the wicked Plantation owner Calvin Candie - who has Django's wife and wants him back as a slave. --"
Killer Elite,3949,2.7,09/23/2011,English,"Action, Thriller",R,Gary McKendry,"Jason Statham, Robert De Niro, Clive Owen, Yvonne Strahovski, Dominic Purcell, Adewale Akinnuoye-Agbaje",https://www.filmcrave.com/movie_page_main.php?id=42998,A former member of Britain's Elite Special Air Service comes out of retirement in order to save his mentor and must face three highly-skilled assassins along the way. --
Playing for Keeps,11395,2.4,12/07/2012,English,"Comedy, Drama",PG-13,Gabriele Muccino,"Gerard Butler, Jessica Biel, Uma Thurman, Judy Greer, Catherine Zeta-Jones, Dennis Quaid",https://www.filmcrave.com/movie_page_main.php?id=42999,"A former pro athlete decides to capture his former glory by coaching his son's soccer team. But he finds himself the best plays are off the field when the player's bored, gorgeous mothers start going after him.  --"
The Lone Ranger,6328,2.5,07/03/2013,English,"Action, Adventure",PG-13,Gore Verbinski,"Armie Hammer, Johnny Depp, Helena Bonham Carter, William Fichtner, Barry Pepper, Tom Wilkinson",https://www.filmcrave.com/movie_page_main.php?id=43000,The legend behind the mask is revealed as loyal Native American spirit warrior Tonto recalls the story of how lawman John Reid transformed into a hero for justice. --
Badrinath,31281,2.2,06/10/2011,Other,"Action, Comedy",NR,Vinayak V.V.,"Allu Arjun, Tamanna Bhatia, Prakash Raj, Kelly Dorji, Brahmanandam, Tanikella Bharani",https://www.filmcrave.com/movie_page_main.php?id=43001,Unknown
Point Blank ( \xc3\x80 bout portant ),12934,2.5,12/01/2010,French,"Crime, Thriller",NR,Fred Cavay\xc3\xa9,"Gilles Lellouche, Roschdy Zem, G\xc3\xa9rard Lanvin, Elena Anaya, Mireille Perrier, Claire Perot",https://www.filmcrave.com/movie_page_main.php?id=43002,A male nurse saves the life of a thief only to find himself in over his head when a group of men abduct his pregnant wife in order to spring the criminal from the hospital. Now he will have to outwit both the men and the cops in order to save his wife. --
Vampire,42254,1.5,01/23/2011,English,"Drama, Horror",R,Shunji Iwai,"Kevin Zegers, Keisha Castle-Hughes, Amanda Plummer, Rachael Leigh Cook, Trevor Morgan, Adelaide Clemens",https://www.filmcrave.com/movie_page_main.php?id=43003,"Simon is a normal teacher by day and a bloodthirsty vampire by night. When the urge comes, he turns to the internet where chatrooms provide the perfect meal in the form of suicidal young women who are perfect targets to sate his hunger. --"
The Anatomy of Love,39774,1.8,07/29/2010,English,"Comedy, Romance",NR,Greg Galloway,"Volnerius Rackley, Rachelle Neal, Michael Telfair, Alexis Walters, Marc Reece, Troy Halverson",https://www.filmcrave.com/movie_page_main.php?id=43004,Unknown
Leap Year ( A\xc3\xb1o bisiesto ),9582,2.6,04/29/2011,Spanish,Drama,NR,Michael Rowe,"Monica del Carmen, Gustavo S\xc3\xa1nchez Parra, Armando Hern\xc3\xa1ndez, Jos\xc3\xa9 Juan Meraz, Ireri Sol\xc3\xads, Marco Zapata",https://www.filmcrave.com/movie_page_main.php?id=43005,A woman who goes from affair to affair meets up with Arturo and the pair
Death Powder ( Desu pawuda ),57346,2.0,01/01/1986,Japanese,"Sci-Fi, Horror",NR,Shigeru Izumiya,"Kiyoshiro Imawano, Shigeru Izumiya, Rikako Murakami, Mari Natsuki",https://www.filmcrave.com/movie_page_main.php?id=43006,"A group of underground scientists conduct experiments on a captured android that has the capability to unleash a hallucinogenic toxin. When the android breaks free, the researchers are subjected to its toxin and experience nightmarish visions as they struggle to deal with the simulcroid. \t"
Forbidden City Cop ( Daai laap mat taam 008 ),27871,2.3,02/16/1996,Cantonese,"Action, Comedy",NR,"Stephen Chow, Vincent Kok","Stephen Chow, Carina Lau, Carman Lee, Tat-Ming Cheung, Kar-Ying Law, Tats Lau",https://www.filmcrave.com/movie_page_main.php?id=43007,An inventive guardsman in Imperial China must employ his wits and his skill when the emperor is abducted by supernatural forces. \t
"Dagmar's Hot Pants, Inc. ( Dagmars Heta Trosor )",39980,1.6,10/01/1971,Swedish,"Comedy, Romance",R,Vernon P. Becker,"Diana Kj\xc3\xa6r, Robert Strauss, Anne Grete Nissen, Ole S\xc3\xb8ltoft, Annelie Alexandersson, Poul Bundgaard",https://www.filmcrave.com/movie_page_main.php?id=43008,A Copenhagen hooker with a heart of gold who spends her time tending to various clients.\t
Last of the Living,35689,2.0,05/03/2009,English,"Comedy, Horror",NR,Logan McMillan,"Morgan Williams, Robert Faith, Ashleigh Southam, Stacey Stevens, Jullian Josland, Shaun Garea",https://www.filmcrave.com/movie_page_main.php?id=43009,Unknown
Something Better Somewhere Else,45304,1.5,05/21/2010,English,"Comedy, Romance",NR,Ron Lazzeretti,"John G. Connolly, David Pasquesi, Christian Stolte, Molly Glynn, Jenifer Tyler, Molly Kunz",https://www.filmcrave.com/movie_page_main.php?id=43010,Unknown
Loveless,18750,2.7,02/18/2011,English,"Comedy, Drama",NR,Ramin Serry,"Andrew von Urtz, Cindy Chastain, Scott Cohen, Genevieve Hudson-Price, Gary Wilmes, Kendra Hurley",https://www.filmcrave.com/movie_page_main.php?id=43011,Unknown
The Sombrero Kid,30274,2.2,07/31/1942,English,Western,NR,George Sherman,"Don 'Red' Barry, Lynn Merrick, Robert Homans, John James, Joel Friedkin, Rand Brooks",https://www.filmcrave.com/movie_page_main.php?id=43012,Unknown
Trailing Double Trouble,34852,2.0,10/10/1940,English,Western,NR,S. Roy Luby,"Ray Corrigan, John 'Dusty' King, Max Terhune, Lita Conway, Nancy Louise King, Roy Barcroft",https://www.filmcrave.com/movie_page_main.php?id=43013,Unknown
The Trail of the Silver Spurs,27173,2.3,01/04/1941,English,Western,NR,S. Roy Luby,"Ray Corrigan, John 'Dusty' King, Max Terhune, I. Stanford Jolley, Dorothy Short, Milburn Morante",https://www.filmcrave.com/movie_page_main.php?id=43014,Unknown
Turned Out Nice Again,30255,2.2,08/02/1941,English,"Comedy, Musical",NR,Marcel Varnel,"George Formby, Peggy Bryan, Elliott Mason, Edward Chapman, O.B. Clarence, Mackenzie Ward",https://www.filmcrave.com/movie_page_main.php?id=43015,Unknown
Jungle Warriors ( Euer Weg f\xc3\xbchrt durch die H\xc3\xb6lle ),49229,3.0,11/01/1984,English,Action,R,Ernst R. von Theumer,"Sybil Danning, John Vernon, Paul L. Smith, Nina Van Pallandt, Alex Cord, Marjoe Gortner",https://www.filmcrave.com/movie_page_main.php?id=43016,Unknown
Red Heat,12673,2.6,05/25/1985,English,Thriller,R,Robert Collector,"Linda Blair, Sylvia Kristel, Sue Kiel, William Ostrander, Elisabeth Volkmann, Albert Fortell",https://www.filmcrave.com/movie_page_main.php?id=43017,Unknown
Detective Dee and the Mystery of the Phantom Flame ( Di Renjie ),6305,2.7,09/30/2010,Mandarin,"Crime, Action",NR,Hark Tsui,"Andy Lau, Carina Lau, Tony Leung Ka Fai, Chao Deng, Bingbing Li, Jean-Michel Casanova",https://www.filmcrave.com/movie_page_main.php?id=43018,An exiled detective finds himself back on the job with a series of mysterious deaths surround and threaten to derail the upcoming inauguration of Empress Wu. --
The Destiny of Lesser Animals,31265,2.2,04/01/2011,English,"Crime, Drama",NR,Deron Albright,"Yao B. Nunoo, Fred Nii Amugi, Abena Takyi, Xolasie Mawuenyega, Grace Budu-Arthur, Francis Gbormittah",https://www.filmcrave.com/movie_page_main.php?id=43019,Unknown
108 ( Cuchillo de palo ),28219,2.3,03/23/2011,Spanish,Documentary,NR,Renate Costa,"Miguel Auad Petunia, Renate Costa, Manuel Cuenca",https://www.filmcrave.com/movie_page_main.php?id=43020,Unknown
"Meaning, The ( Arth )",2430,3.4,12/03/1982,Hindi,"Drama, Romance",NR,Mahesh Bhatt,"Shabana Azmi, Kulbhushan Kharbanda, Smita Patil, Raj Kiran, Gulshan Grover, Dina Pathak",https://www.filmcrave.com/movie_page_main.php?id=43021,Unknown
"Golden City, The ( goldene Stadt, Die )",42513,1.7,11/24/1942,German,Drama,NR,Veit Harlan,"Kristina S\xc3\xb6derbaum, Eugen Kl\xc3\xb6pfer, Annie Rosar, Dagny Servaes, Paul Klinger, Kurt Meisel",https://www.filmcrave.com/movie_page_main.php?id=43022,Unknown
The Goose Steps Out,34110,1.9,08/01/1942,English,Comedy,NR,"Basil Dearden, Will Hay","Will Hay, Frank Pettingell, Julien Mitchell, Charles Hawtrey, Peter Croft, Anne Firth",https://www.filmcrave.com/movie_page_main.php?id=43023,Unknown
The Great Impersonation,38571,1.8,12/18/1942,English,Thriller,NR,John Rawlins,"Ralph Bellamy, Evelyn Ankers, Aubrey Mather, Edward Norris, Kaaren Verne, Henry Daniell",https://www.filmcrave.com/movie_page_main.php?id=43024,Unknown
Leave It on the Floor,10470,2.7,01/20/2011,English,Musical,NR,Sheldon Larry,"Ephraim Sykes, Andre Myers, Phillip Evelyn, Barbie-Q, Cameron Koa, Demarkes Dogan",https://www.filmcrave.com/movie_page_main.php?id=43025,"Brad is fed up with his dysfunctional home life and abusive mother and finds himself part of the L.A. underground ball scene where he finds a new family. Shades of ""Paris is Burning"" highlighted by music and choreography by Beyonce music director, Kim Burse and Beyonce dance master, Frank Gatson Jr. --"
Habana Eva,22826,2.5,08/01/2010,Spanish,"Comedy, Romance",NR,Fina Torres,"Prakriti Maduro, Yuliet Cruz, Juan Carlos Garc\xc3\xada, Carlos Enrique Almirante, Noel Garc\xc3\xada, Herminia S\xc3\xa1nchez",https://www.filmcrave.com/movie_page_main.php?id=43026,Unknown
The Attic,35661,2.0,01/15/2008,English,Horror,R,Mary Lambert,"Elisabeth Moss, Jason Lewis, Tom Malloy, John Savage, Catherine Mary Stewart, Alexandra Daddario",https://www.filmcrave.com/movie_page_main.php?id=43027,"After her family moves into a new house, Emma starts to see visions of her dead twin sister.\t"
The Toybox,37489,2.5,04/16/2005,English,Horror,NR,Paolo Sedazzari,"Craig Henderson, Claudine Spiter, Elliot Jordan, Les Dungar, Heather Chasen, William Lockhart",https://www.filmcrave.com/movie_page_main.php?id=43028,Unknown
Where Trails End,27200,2.3,05/01/1942,English,"Action, Western",NR,Robert Emmett Tansey,"Tom Keene, Frank Yaconelli, Joan Curtis, Don Stewart, Charles King, Wilhelm von Brincken",https://www.filmcrave.com/movie_page_main.php?id=43029,Unknown
Rebellion,34762,2.0,10/27/1936,English,Western,NR,Lynn Shores,"Tom Keene, Rita Hayworth, Duncan Renaldo, William Royle, Gino Corrado, Allan Cavan",https://www.filmcrave.com/movie_page_main.php?id=43030,Unknown
Arizona Roundup,47807,3.0,03/06/1942,English,"Action, Comedy",NR,Robert Emmett Tansey,"Tom Keene, Frank Yaconelli, Sugar Dawn, Jack Ingram, Hope Blackwood, I. Stanford Jolley",https://www.filmcrave.com/movie_page_main.php?id=43031,Unknown
Lone Star Law Men,42497,1.7,12/05/1941,English,Western,NR,Robert Emmett Tansey,"Tom Keene, Frank Yaconelli, Betty Miles, Sugar Dawn, Gene Alsace, Glenn Strange",https://www.filmcrave.com/movie_page_main.php?id=43032,Unknown
Riding the Sunset Trail,27186,2.3,10/31/1941,English,"Western, Adventure",NR,Robert Emmett Tansey,"Tom Keene, Betty Miles, Frank Yaconelli, Sugar Dawn, Slim Andrews, Kenne Duncan",https://www.filmcrave.com/movie_page_main.php?id=43033,Unknown
Glee: The 3D Concert Movie,10137,2.5,08/12/2011,English,Documentary,PG,Kevin Tancharoen,"Dianna Agron, Lea Michele, Cory Monteith, Chris Colfer, Heather Morris, Naya Rivera",https://www.filmcrave.com/movie_page_main.php?id=43034,A music documentary that was shot during the Glee Live! In Concert! tour in the summer of 2011. --
In the Land of Blood and Honey,23138,2.1,12/23/2011,English,"Romance, War",R,Angelina Jolie,"Rade Serbedzija, Branko Djuric, Nikola Djuricko, Zana Marjanovic, Dolya Gavanski, Goran Kostic",https://www.filmcrave.com/movie_page_main.php?id=43035,A Serbian soldier fighting a brutal ethnic conflict and the female Bosnian prisoner he grew up with - two sides of a war may yet find a connection despite coming from opposite sides of the war.  --
Attack the Block,4212,2.7,07/29/2011,English,"Sci-Fi, Comedy",R,Joe Cornish,"Nick Frost, Jodie Whittaker, Luke Treadaway, John Boyega, Joey Ansah, Paige Meade",https://www.filmcrave.com/movie_page_main.php?id=43036,"When aliens decide to invade the UK, a gang of South London teens bands together to protect their neighborhood. --"
"Round Up, The ( rafle, La )",5849,2.9,03/10/2010,French,"Drama, Historical",NR,Rose Bosch,"Jean Reno, M\xc3\xa9lanie Laurent, Gad Elmaleh, Rapha\xc3\xablle Agogu\xc3\xa9, Hugo Leverdez, Sylvie Testud",https://www.filmcrave.com/movie_page_main.php?id=43037,"In 1942 13,000 Jews were taken from Nazi-occupied Paris to wind up at the terrace at Berghof, La Rafle. The film explores the lives of men, women and children - all real people who lived through these events - on both sides - and how this event changed lives forever. --"
Pariah,4504,2.9,12/28/2011,English,Drama,R,Dee Rees,"Kim Wayans, Aasha Davis, Nina Daniels, Charles Parnell, Adepero Oduye, Afton Williamson",https://www.filmcrave.com/movie_page_main.php?id=43038,A teen threatens to alienate her family and friends through shifting identities and yearning for sexual expression. --
Swinging with the Finkels,34432,1.8,01/01/2010,English,"Comedy, Romance",NR,Jonathan Newman,"Mandy Moore, Martin Freeman, Melissa George, Jerry Stiller, Jonathan Silverman, Elizabeth Tan",https://www.filmcrave.com/movie_page_main.php?id=43039,Unknown
Safe,4635,2.6,04/27/2012,English,Crime,R,Boaz Yakin,"Jason Statham, Chris Sarandon, James Hong, Anson Mount, Reggie Lee, Danny Hoch",https://www.filmcrave.com/movie_page_main.php?id=43040,"A former elite agent must take on two tough assignments: rescue a girl from the dangerous Triads while using a coveted safe combination to outwit the Russian Mafia, corrupt cops and the Triads themselves. --"
Gone,9210,2.4,02/24/2012,English,Thriller,PG-13,Heitor Dhalia,"Amanda Seyfried, Jennifer Carpenter, Wes Bentley, Sebastian Stan, Michael Par\xc3\xa9, Daniel Sunjata",https://www.filmcrave.com/movie_page_main.php?id=43041,Two years ago Jill escaped from a serial killer and is still haunted by
Forfeit ( Gone ),41665,2.3,03/01/2007,English,"Drama, Thriller",R,Andrew Shea,"Billy Burke, Sherry Stringfield, John Aylward, Gregory Itzin, Phil Reeves, Kirk Baltz",https://www.filmcrave.com/movie_page_main.php?id=43042,Unknown
ParaNorman,1680,2.9,08/17/2012,English,"Animation, Adventure",PG,"Chris Butler, Sam Fell","Kodi Smit-McPhee, Anna Kendrick, John Goodman, Casey Affleck, Christopher Mintz-Plasse, Jodelle Ferland",https://www.filmcrave.com/movie_page_main.php?id=43043,"Outcast and misunderstood because he can speak to the dead, Norman none-the-less will take on ghosts, zombies and clueless adults in order to save his town from an ancient curse. --"
Moonrise Kingdom,260,3.2,05/25/2012,English,Drama,PG-13,Wes Anderson,"Bruce Willis, Edward Norton, Bill Murray, Jason Schwartzman, Frances McDormand, Tilda Swinton",https://www.filmcrave.com/movie_page_main.php?id=43044,"In the 1960s, on a small island off the coast of New England, two young lovers decide to flee together. When their disappearance is noted, various factions of the town ban together to find them and turn the place upside down... which may be just what is needed. --"
Wish Me Away,8486,2.8,12/01/2011,English,"Documentary, Biography",NR,"Bobbie Birleffi, Beverly Kopf","Chely Wright, Rodney Crowell, Christipher Wright, Stan Wright, Jennifer Archer, Russell Carter",https://www.filmcrave.com/movie_page_main.php?id=43045,Chronicles two years in the life of Chely Wright - a country music star and the first commercial artist to come out as gay and the subsequent response from the Nashville and LGBT communities. --
"Dinner Guest, The ( invit\xc3\xa9, L' )",39717,1.8,09/19/2007,French,Comedy,NR,Laurent Bouhnik,"Daniel Auteuil, Val\xc3\xa9rie Lemercier, Thierry Lhermitte, Hippolyte Girardot, Artus de Penguern, Mar Sodupe",https://www.filmcrave.com/movie_page_main.php?id=43046,"Gerard and his wife have roughly 24 hours to prepare for their apartment for dinner with his boss. The couple seek guidance from their obnoxious neighbor, Alexandre, who supposedly has experience with this sort of thing. Gerard and his wife will soon regret this decision.\t"
The Undefeated,19952,2.3,07/15/2011,English,"Documentary, Biography",NR,Stephen K. Bannon,"Sarah Palin, Rick Halford, Jamie Radtke, Mark Levin, Andrew Breitbart, Kristan Cole",https://www.filmcrave.com/movie_page_main.php?id=43047,Documentary about former Alaska governor and Tea-Party advocate Sarah Palin. --
The Best and the Brightest,11735,2.8,10/16/2010,English,Comedy,NR,Josh Shelov,"Neil Patrick Harris, Bonnie Somerville, Amy Sedaris, Peter Serafinowicz, Christopher McDonald, Kate Mulgrew",https://www.filmcrave.com/movie_page_main.php?id=43048,Unknown
"Last Circus, The ( Balada triste de trompeta )",4760,2.9,09/29/2010,Spanish,"Comedy, Drama",R,\xc3\x81lex de la Iglesia,"Carlos Areces, Antonio de la Torre, Carolina Bang, Manuel Tallaf\xc3\xa9, Alejandro Tejer\xc3\xadas, Sancho Gracia",https://www.filmcrave.com/movie_page_main.php?id=43049,"A boy watches his father, a clown in a circus, taken away to fight"
"Happy, Happy ( Sykt lykkelig )",14195,2.8,03/25/2011,Norwegian,"Comedy, Drama",NR,Anne Sewitsky,"Agnes Kittelsen, Henrik Rafaelsen, Joachim Rafaelsen, Maibritt Saerens, Oskar Hern\xc3\xa6s Brands\xc3\xb8, Ram Shihab Ebedy",https://www.filmcrave.com/movie_page_main.php?id=43050,Unknown
The Vanguard,46457,1.8,02/07/2008,English,"Action, Horror",NR,Matthew Hope,"Karen Admiraal, Jack Bailey, Ray Bullock Jr., Emma Choy, Steve Weston, Christopher Hatherall",https://www.filmcrave.com/movie_page_main.php?id=43051,Unknown
Killer Yacht Party,20901,2.4,01/01/2006,English,"Horror, Thriller",NR,Piotr Uzarowicz,"James C. Burns, Kate Luyben, Tony Besson, Renee Darmiento, David Lago, Anne Son",https://www.filmcrave.com/movie_page_main.php?id=43052,A group of people attending a party aboard a yacht run afoul of a killer - could it be the ghost of an heiress who recently burned to death aboard the boat? --
The Con Artist,19945,2.3,02/12/2010,English,Comedy,NR,Risa Bramon Garcia,"Donald Sutherland, Russell Peters, Terra Vnesa, Rebecca Romijn, Sarah Roemer, Rossif Sutherland",https://www.filmcrave.com/movie_page_main.php?id=43053,Unknown
Ready,12240,2.5,06/05/2011,Hindi,"Comedy, Action",NR,Anees Bazmee,"Salman Khan, Asin, Paresh Rawal, Mahesh Manjrekar, Anuradha Patel, Sharat Saxena",https://www.filmcrave.com/movie_page_main.php?id=43054,Unknown
Passion ( Passione ),31283,2.2,06/22/2011,Italian,Historical,NR,John Turturro,"John Turturro, Lina Sastri, Peppe Barra, M'Barka Ben Taleb, Salvatore Palomba, Loredana Simioli",https://www.filmcrave.com/movie_page_main.php?id=43055,"John Turturro directs this story of the musical history surrounding Naples, Italy as well as the influence that music has had on the world stage. --"
The Mighty Macs,20271,2.2,04/01/2011,English,"Drama, Sport",NR,"Tim Chambers, Anthony Gargano","Carla Gugino, David Boreanaz, Marley Shelton, Ellen Burstyn, Phyllis Somerville, Lauren Bittner",https://www.filmcrave.com/movie_page_main.php?id=43056,"Cathy Rush takes over the coaching job of small, nearly defunct all-girls Catholic team in the 1970s. Despite having no gym and even no uniforms, she is bound and determined to have the girls play for the national championship. --"
"Hey, Boo: Harper Lee and 'To Kill a Mockingbird' ",6689,2.9,05/13/2011,English,"Documentary, Biography",NR,Mary Murphy,"Mary Badham, Tom Brokaw, Rosanne Cash, Alice Finch Lee, James McBride, James Patterson",https://www.filmcrave.com/movie_page_main.php?id=43057,Unknown
Kona Coast,48517,3.0,05/01/1968,English,Drama,NR,Lamont Johnson,"Richard Boone, Vera Miles, Joan Blondell, Steve Ihnat, Chips Rafferty, Kent Smith",https://www.filmcrave.com/movie_page_main.php?id=43058,Unknown
I Want to See ( Je veux voir ),59193,2.0,12/03/2008,French,Drama,NR,"Joana Hadjithomas, Khalil Joreige","Catherine Deneuve, Brigitte Curmi, Joseph Silva, Joana Hadjithomas, Khalil Joreige, Rabih Mroue",https://www.filmcrave.com/movie_page_main.php?id=43059,Unknown
Park Benches ( Bancs publics (Versailles rive droite) ),51408,3.0,07/08/2009,French,Comedy,NR,Bruno Podalyd\xc3\xa8s,"Florence Muller, Ridan, J\xc3\xa9r\xc3\xb4me Paret, Denis Podalyd\xc3\xa8s, Samir Guesmi, Bruno Podalyd\xc3\xa8s",https://www.filmcrave.com/movie_page_main.php?id=43060,Unknown
Haunted Ranch,40607,2.3,02/19/1943,English,"Western, Mystery",NR,Robert Emmett Tansey,"John 'Dusty' King, David Sharpe, Max Terhune, Julie Duncan, Glenn Strange, Charles King",https://www.filmcrave.com/movie_page_main.php?id=43061,Unknown
High Explosive,27214,2.3,03/27/1943,English,"Action, Drama",NR,Frank McDonald,"Chester Morris, Jean Parker, Barry Sullivan, Ralph Sanford, Rand Brooks, Dick Purcell",https://www.filmcrave.com/movie_page_main.php?id=43062,Unknown
Hot Coffee,3183,3.0,06/27/2011,English,Documentary,NR,Susan Saladoff,"Al Franken, John Grisham, Victor Schwartz, Joanne Doroshow, Joan Claybrook, Stella Liebeck",https://www.filmcrave.com/movie_page_main.php?id=43063,Documentary that seeks the truth behind the McDonald's coffee-spilling lawsuit. --
Fire in Babylon,31242,2.2,10/18/2010,English,"Documentary, Sport",NR,Stevan Riley,"Viv Richards, Lance Gibbs, Clive Lloyd, Colin Croft, Gordon Greenidge, Michael Holding",https://www.filmcrave.com/movie_page_main.php?id=43064,Unknown
Raw Faith,31469,2.8,04/16/2010,English,"Documentary, Biography",NR,Wm. Peter Wiedensmith,Marilyn Sewell,https://www.filmcrave.com/movie_page_main.php?id=43065,"Follows two years in the life of minister Marilyn Sewell as she deals with her faith, the future, her past and even love. It may be one woman's journey, but the story will resonate with all. --"
If a Tree Falls: A Story of the Earth Liberation Front ,19408,2.3,01/01/2011,English,"Documentary, Crime",NR,"Marshall Curry, Sam Cullman",Daniel McGowan,https://www.filmcrave.com/movie_page_main.php?id=43066,Unknown
To Rome With Love,12323,2.3,06/22/2012,English,Comedy,R,Woody Allen,"Woody Allen, Jesse Eisenberg, Pen\xc3\xa9lope Cruz, Alec Baldwin, Ellen Page, Roberto Benigni",https://www.filmcrave.com/movie_page_main.php?id=43067,Follows a group of people - from visitors to residents - and the romance and adventures they find themselves tangled up in while in Italy. --
Vampires,51525,3.0,09/01/2010,French,Comedy,NR,Vincent Lannoo,"Carlo Ferrante, Vera Van Dooren, Pierre Lognay, Fleur Lise Heuet, Julien Dor\xc3\xa9, Paul Ahmarani",https://www.filmcrave.com/movie_page_main.php?id=43068,Unknown
Jackass 3.5,16520,2.2,04/01/2011,English,Documentary,R,Jeff Tremaine,"Johnny Knoxville, Bam Margera, Steve-O, Ryan Dunn, Chris Pontius, Jason 'Wee Man' Acu\xc3\xb1a",https://www.filmcrave.com/movie_page_main.php?id=43069,Outtakes and unused scenes from Jackass 3 are releases in an all new feature. --
Flypaper,12250,2.4,08/19/2011,English,"Comedy, Crime",NR,Rob Minkoff,"Patrick Dempsey, Ashley Judd, Jeffrey Tambor, Mekhi Phifer, Tim Blake Nelson, Curtis Armstrong",https://www.filmcrave.com/movie_page_main.php?id=43070,Two robberies rock a bank at the same time. A man caught in the middle has only one thing on his mind: protecting the bank teller he secretly loves. --
"Great Bear, The ( k\xc3\xa6mpestore bj\xc3\xb8rn, Den )",31256,2.2,02/10/2011,Danish,"Animation, Adventure",NR,Esben Toft Jacobsen,"Markus Rygaard, Flemming Quist M\xc3\xb8ller, Elith Nulle Nykj\xc3\xa6r, Alberte Blichfeldt",https://www.filmcrave.com/movie_page_main.php?id=43071,Unknown
The High Cost of Living,28232,2.3,05/13/2011,English,Drama,NR,Deborah Chow,"Zach Braff, Isabelle Blais, Patrick Labb\xc3\xa9, Aimee Lee, Julian Lo, Kyle Switzer",https://www.filmcrave.com/movie_page_main.php?id=43072,Unknown
Textuality,28224,2.3,04/22/2011,English,"Comedy, Romance",NR,Warren P. Sonoda,"Jason Lewis, Carly Pope, Eric McCormack, Liam Card, Kris Holden-Ried, Kristen Hager",https://www.filmcrave.com/movie_page_main.php?id=43073,Unknown
The Good Doctor,13623,2.3,08/31/2012,English,"Drama, Thriller",PG-13,Lance Daly,"Orlando Bloom, Riley Keough, Taraji P. Henson, Rob Morrow, Michael Pe\xc3\xb1a, Troy Garity",https://www.filmcrave.com/movie_page_main.php?id=43074,"A doctor has an attachment to a patient who boosts his self-esteem. When the patient starts healing, the doctor tampers with the patient's treatment to keep the patient at the hospital close to him. \t"
Aurora,13639,2.8,05/25/1998,English,"Adventure, Sci-Fi",NR,Christopher Kulikowski,"Christopher Stapleton, Michael Otis, David Jean Thomas, Christopher Heltai, Markus Botnick, Micheal DiMaggio",https://www.filmcrave.com/movie_page_main.php?id=43075,"In the 22nds Century a group of seven explorers are sent from Earth the the nearest sister planet, Aurora, to survey it for future colonization. But a malfunction instead leads to a crash landing. The planet proves quite inhospitable and with scant supplies and no hope of rescue, the only option is to make a long, deadly trek the supply bunkers. --"
Death Rides the Plains,18129,2.7,05/07/1943,English,Western,NR,Sam Newfield,"Robert Livingston, Al St. John, Patti McCarty, Ray Bennett, I. Stanford Jolley, Slim Whitaker",https://www.filmcrave.com/movie_page_main.php?id=43076,Unknown
Doughboys in Ireland,34114,1.9,10/07/1943,English,"Comedy, War",NR,Lew Landers,"Kenny Baker, Jeff Donnell, Lynn Merrick, Guy Bonham, Red Latham, Robert Mitchum",https://www.filmcrave.com/movie_page_main.php?id=43077,Unknown
December 7th,23519,2.2,01/01/1943,English,"War, Historical",NR,"John Ford, Gregg Toland","Walter Huston, Harry Davenport, Dana Andrews, Paul Hurst, George O'Brien, James Kevin McGuinness",https://www.filmcrave.com/movie_page_main.php?id=43078,Unknown
Pacific Rim,4601,2.6,07/12/2013,English,"Action, Sci-Fi",PG-13,Guillermo del Toro,"Idris Elba, Charlie Hunnam, Rinko Kikuchi, Ron Perlman, Charlie Day, Clifton Collins Jr.",https://www.filmcrave.com/movie_page_main.php?id=43079,"When monstrous creatures from the sea dubbed Kaiju attack, it pushes the human race to the edge of annihilation. Countering the force with massive robots known as Jaegers, two human pilots linked by a neural bridge take on the Kaiju. Yet even this force seems to be no match, and after years of fighting it comes down to a washed-up pilot, an untested rookie and an aged Jaeger to stand up for humanity. --"
Lucky,20008,2.3,04/01/2011,English,Comedy,NR,Gil Cates Jr.,"Colin Hanks, Jeffrey Tambor, Ari Graynor, Mimi Rogers, Adam Harrington, Ann-Margret",https://www.filmcrave.com/movie_page_main.php?id=43080,"Ben wins the lottery and suddenly his life-long crush is in his life. She's in it for the money, but when she discovers that Ben moonlights as a serial killer, matters become a bit more complicated. --"
Brave,875,2.9,06/22/2012,English,"Animation, Adventure",PG,Mark Andrews,"Emma Thompson, Kelly Macdonald, Kevin McKidd, Robbie Coltrane, Julie Walters, Craig Ferguson",https://www.filmcrave.com/movie_page_main.php?id=43081,A young princess makes a reckless choice that has grave consequences for her kingdom unless she can summon the courage to face the curse head on in this mythological Scottish tale. --
Girlfriend,19211,2.3,07/15/2011,English,Drama,NR,Justin Lerner,"Jackson Rathbone, Shannon Woodward, Amanda Plummer, Evan Sneider, Jerad Anderson, Harrison Lees",https://www.filmcrave.com/movie_page_main.php?id=43082,"A young man with Down's Syndrome begins a relationship with a single mother, but matters become complicated when her violent ex-boyfriend shows up again. --"
The Boy She Met Online,28184,2.3,08/24/2010,English,"Crime, Mystery",NR,Curtis Crawford,"Tracy Spiridakos, Jon Cor, Alexandra Paul, Thea Gill, Tim Finnigan, Cinthia Burke",https://www.filmcrave.com/movie_page_main.php?id=43083,Unknown
Unrivaled,32686,2.8,03/16/2010,English,"Action, Sport",R,Warren P. Sonoda,"Hector Echavarria, Steven Yaffee, Nicholas Campbell, Jordan Madley, Ashleigh Hubbard, Keith Jardine",https://www.filmcrave.com/movie_page_main.php?id=43084,Unknown
A Dangerous Method,5377,2.6,11/23/2011,English,"Drama, Thriller",R,David Cronenberg,"Viggo Mortensen, Keira Knightley, Michael Fassbender, Vincent Cassel, Sarah Gadon, Andr\xc3\xa9 Hennicke",https://www.filmcrave.com/movie_page_main.php?id=43085,Examines the relationship between Carl Jung and Sigmund Freud and how their animosity gave rise to psychoanalysis. --
Bobby Fischer Against the World,11835,2.5,06/06/2011,English,"Documentary, Biography",NR,Liz Garbus,Bobby Fischer,https://www.filmcrave.com/movie_page_main.php?id=43086,Documentary about the life of Bobby Fischer from his days as a Chess prodigy to his life as a fugitive. --
Family Portrait in Black and White,31255,2.2,01/23/2011,English,Documentary,NR,Julia Ivanova,Olga Nenya,https://www.filmcrave.com/movie_page_main.php?id=43087,Unknown
The Virginian,19222,2.3,05/04/1946,English,"Western, Romance",NR,Stuart Gilmore,"Joel McCrea, Brian Donlevy, Sonny Tufts, Barbara Britton, Fay Bainter, Tom Tully",https://www.filmcrave.com/movie_page_main.php?id=43088,Unknown
Ghost Town,46741,1.3,03/01/1956,English,Western,NR,Allen H. Miner,"Kent Taylor, John Smith, Marian Carr, John Doucette, William 'Bill' Phillips, Serena Sande",https://www.filmcrave.com/movie_page_main.php?id=43089,Unknown
Extreme Dating,37479,2.5,01/01/2005,English,"Comedy, Romance",R,Lorena David,"Monique Demers, Meat Loaf, Benjamin King, Devon Sawa, Amanda Detmer, Andrew Keegan",https://www.filmcrave.com/movie_page_main.php?id=43090,Unknown
Bordertown Gun Fighters ,34917,2.0,07/08/1943,English,Western,NR,Howard Bretherton,"Bill Elliott, George 'Gabby' Hayes, Anne Jeffreys, Ian Keith, Harry Woods, Edward Earle",https://www.filmcrave.com/movie_page_main.php?id=43091,Unknown
Bomber's Moon,45049,1.5,08/06/1943,English,"Drama, War",NR,"Edward Ludwig, Harold D. Schuster","George Montgomery, Annabella, Kent Taylor, Walter Kingsford, Martin Kosleck, Dennis Hoey",https://www.filmcrave.com/movie_page_main.php?id=43092,Unknown
Beyond the Last Frontier,28761,2.1,08/18/1943,English,Western,NR,Howard Bretherton,"Eddie Dew, Smiley Burnette, Lorraine Miller, Robert Mitchum, Harry Woods, Ernie Adams",https://www.filmcrave.com/movie_page_main.php?id=43093,Unknown
Griff the Invisible,6200,2.8,08/19/2011,English,"Comedy, Drama",NR,Leon Ford,"Ryan Kwanten, Maeve Dermody, Marshall Napier, Toby Schmitz, Heather Mitchell, Anthony Phelan",https://www.filmcrave.com/movie_page_main.php?id=43094,An office worker by day - super hero by night - Griff finds his life turned upside down when he finds a kindred spirit in a young scientist named Melody. --
Foo Fighters: Back and Forth,23660,2.2,04/05/2011,English,Documentary,NR,James Moll,"David Grohl, Nate Mendel, Taylor Hawkins, Chris Shiflett, Pat Smear, William Goldsmith",https://www.filmcrave.com/movie_page_main.php?id=43095,Unknown
Black Hills Express,30291,2.2,08/15/1943,English,Western,NR,John English,"Don 'Red' Barry, Wally Vernon, Ariel Heath, George J. Lewis, William Halligan, Charles Miller",https://www.filmcrave.com/movie_page_main.php?id=43096,Unknown
Black Market Rustlers,34921,2.0,08/27/1943,English,"War, Western",NR,S. Roy Luby,"Ray Corrigan, Dennis Moore, Max Terhune, Evelyn Finley, Steve Clark, Glenn Strange",https://www.filmcrave.com/movie_page_main.php?id=43097,Unknown
Nine Men,39144,1.8,02/22/1943,English,"Drama, War",NR,Harry Watt,"Jack Lambert, Gordon Jackson, Frederick Piper, Grant Sutherland, Bill Blewitt, Eric Micklewood",https://www.filmcrave.com/movie_page_main.php?id=43098,Unknown
Hammerhead,48537,3.0,09/11/1968,English,"Drama, Thriller",NR,David Miller,"Vince Edwards, Judy Geeson, Peter Vaughan, Diana Dors, Michael Bates, Beverly Adams",https://www.filmcrave.com/movie_page_main.php?id=43099,Unknown
The Executioner,18360,2.7,09/16/1970,English,"Drama, Thriller",PG,Sam Wanamaker,"George Peppard, Joan Collins, Judy Geeson, Oskar Homolka, Charles Gray, Nigel Patrick",https://www.filmcrave.com/movie_page_main.php?id=43100,Unknown
The Woman in Red,11539,2.8,02/16/1935,English,Drama,NR,Robert Florey,"Barbara Stanwyck, Gene Raymond, Genevieve Tobin, John Eldredge, Phillip Reed, Dorothy Tree",https://www.filmcrave.com/movie_page_main.php?id=43101,Unknown
High School Hellcats,48210,3.0,06/01/1958,English,"Crime, Drama",NR,Edward Bernds,"Yvonne Fedderson, Brett Halsey, Jana Lund, Susanne Sidney, Heather Ames, Nancy Kilgas",https://www.filmcrave.com/movie_page_main.php?id=43102,Unknown
Hell Bound,48184,3.0,10/01/1957,English,"Crime, Drama",NR,William J. Hole Jr.,"John Russell, June Blair, Stuart Whitman, Margo Woode, George E. Mather, Stanley Adams",https://www.filmcrave.com/movie_page_main.php?id=43103,Unknown
The Nun and the Sergeant,27600,2.3,01/01/1962,English,"Drama, War",NR,Franklin Adreon,"Robert Webber, Anna Sten, Leo Gordon, Hari Rhodes, Robert Easton, Dale Ishimoto",https://www.filmcrave.com/movie_page_main.php?id=43104,Unknown
The Careless Years,36905,2.5,09/02/1957,English,"Drama, Romance",NR,Arthur Hiller,"Dean Stockwell, Natalie Trundy, John Larch, Barbara Billingsley, John Stephenson, Maureen Cassidy",https://www.filmcrave.com/movie_page_main.php?id=43105,Unknown
Missing Pieces,35441,2.0,05/01/1991,English,"Comedy, Mystery",PG,Leonard Stern,"Eric Idle, Robert Wuhl, Lauren Hutton, Bob Gunton, Richard Belzer, Bernie Kopell",https://www.filmcrave.com/movie_page_main.php?id=43106,Unknown
Just Buried,32629,2.8,10/03/2008,English,"Comedy, Drama",NR,Chaz Thorne,"Jay Baruchel, Sergio Di Zio, Nigel Bennett, Thomas Gibson, Rose Byrne, Graham Greene",https://www.filmcrave.com/movie_page_main.php?id=43107,Unknown
Real Time,51149,3.0,01/18/2008,English,"Comedy, Drama",R,Randall Cole,"Randy Quaid, Jay Baruchel, Jayne Eastwood, Lucy Filippone, Jeff Pustil, Ella Chan",https://www.filmcrave.com/movie_page_main.php?id=43108,Unknown
Koi... Mil Gaya,9486,2.5,08/03/2003,Hindi,"Drama, Fantasy",NR,Rakesh Roshan,"Rekha, Hrithik Roshan, Preity Zinta, Rakesh Roshan, Prem Chopra, Rajat Bedi",https://www.filmcrave.com/movie_page_main.php?id=43109,Unknown
My Week with Marilyn,4791,2.7,11/23/2011,English,Drama,R,Simon Curtis,"Michelle Williams, Eddie Redmayne, Kenneth Branagh, Toby Jones, Judi Dench, Emma Watson",https://www.filmcrave.com/movie_page_main.php?id=43110,"During the filming of The Prince and the Showgirl, Colin Clark documents the strained relationship between his employer, Sir Laurence Olivier and Marilyn Monroe. --"
The Miracle of Spanish Harlem,35746,2.0,10/01/2010,English,Drama,NR,Derek Partridge,"Kate del Castillo, Luis Antonio Ramos, Adrian Martinez, Andre Royo, Tony Plana, Fatima Ptacek",https://www.filmcrave.com/movie_page_main.php?id=43111,Unknown
Carnage,8005,2.5,12/16/2011,English,"Comedy, Drama",R,Roman Polanski,"Kate Winslet, Christoph Waltz, Jodie Foster, John C. Reilly, Eliot Berger",https://www.filmcrave.com/movie_page_main.php?id=43112,"After a schoolyard dust-up, two couples meet for a nice, cordial meeting that quickly turns into a verbal assault. --"
Perhaps Love ( Ru guo \xc2\xb7 Ai ),6598,2.9,12/01/2005,Mandarin,"Drama, Musical",NR,Peter Chan,"Takeshi Kaneshiro, Xun Zhou, Jacky Cheung, Jin-hee Ji, Eric Tsang, Sandra Ng Kwan Yue",https://www.filmcrave.com/movie_page_main.php?id=43113,"This musical-within-a-musical amassed several 2006 Hong Kong Film Awards, and rightfully so. A sumptuous production involving a love triangle (one vertex of which is the great Takeshi Kaneshiro, of House of Flying Daggers fame) on- and off-camera. It\xe2\x80\x99s best described as part Busby Berkeley and part Barnum & Bailey--with a touch of amnesia mixed in for good measure. \t"
Barracuda,58096,2.0,10/29/1997,French,"Drama, Thriller",NR,Philippe Ha\xc3\xafm,"Jean Rochefort, Guillaume Canet, Claire Keim, Michel Scourneau, Rose Thi\xc3\xa9ry, C\xc3\xa9cile Cotte",https://www.filmcrave.com/movie_page_main.php?id=43114,A psychotic old man imprisons his young neighbor in his apartment in order to have some company.\t
The People Speak,34285,1.9,12/13/2009,English,Documentary,NR,"Anthony Arnove, Chris Moore, Howard Zinn\t \t","Howard Zinn, Matt Damon, Morgan Freeman, Rosario Dawson, Sandra Oh, Viggo Mortensen",https://www.filmcrave.com/movie_page_main.php?id=43115,Unknown
Gone With the Pope,33458,2.0,06/04/2010,English,Crime,NR,Duke Mitchell,"Duke Mitchell, Lorenzo Dardado, Jim LoBianco, Peter Milo, John Murgia, Giorgio Tavolieri",https://www.filmcrave.com/movie_page_main.php?id=43116,Unknown
Septien,23272,2.2,01/01/2011,English,"Comedy, Drama",NR,Michael Tully,"Rachel Korine, Robert Longstreet, Mark Darby Robinson, Michael Tully, Jim Willingham, Onur Tukel",https://www.filmcrave.com/movie_page_main.php?id=43117,A talented athlete returns home to Tennessee after 18 years to his two eccentric brothers where a tentative balance is struck until a figure from the past threatens their new relationship. --
The City Dark,45308,1.5,03/01/2011,English,Documentary,NR,Ian Cheney,Ian Cheney,https://www.filmcrave.com/movie_page_main.php?id=43118,Unknown
Huge,18729,2.7,06/18/2010,English,"Comedy, Drama",NR,Ben Miller,"Noel Clarke, Johnny Harris, Ralph Brown, Thandie Newton, Tamsin Egerton, Michelle Ryan",https://www.filmcrave.com/movie_page_main.php?id=43119,Unknown
Why We Train,22759,2.5,09/30/2008,English,Documentary,NR,Darin Mangan,"Guile Branco, Dave Bautista, Lou Ferrigno, Paul Levesque, Arnold Schwarzenegger,  \tLindsay Hanzl",https://www.filmcrave.com/movie_page_main.php?id=43120,Unknown
Sprawling from Grace,29018,2.1,06/06/2008,English,Documentary,NR,David M. Edwards,"Bill Clinton, John Hickenlooper, Michael Dukakis, Patrick McCrory, James Howard Kunstler, Mark Falcone",https://www.filmcrave.com/movie_page_main.php?id=43121,The unintended consequences of suburban sprawl.\t
Crazy Wisdom: The Life & Times of Chogyam Trungpa Rinpoche,35777,2.0,02/05/2011,Other,Documentary,NR,Johanna Demetrakas,"Sakyong Mipham Rinpoche, Pema Chodron, Ram Dass, Gesar Mukpo, Robert Thurman, Allen Ginsberg",https://www.filmcrave.com/movie_page_main.php?id=43122,Unknown
Ingelore,28123,2.3,07/31/2009,English,"Documentary, Biography",NR,Frank Stiefel,"Hanna Schwamborn, Delaney Miner, Don Franzen, Charles Braverman, Larry Mirisch, Andrea McIntyre",https://www.filmcrave.com/movie_page_main.php?id=43123,Unknown
ChromeSkull: Laid to Rest 2,15133,2.4,01/01/2011,English,Horror,NR,Robert Hall,"Nick Principe, Brian Austin Green, Danielle Harris, Thomas Dekker, Gail O'Grady, Johnathon Schaech",https://www.filmcrave.com/movie_page_main.php?id=43124,"Following the events of Laid to Rest, ChomeSkull survives his near death and picks up where he left off - leaving behind a trail of death and terror. --"
100 Voices: A Journey Home,22832,2.5,09/21/2010,English,Documentary,NR,"Matthew Asner, Danny Gold","Ari Brown, Nathan Lam, Alberto Misrachi, Simon Spiro, Faith Steinsnyder",https://www.filmcrave.com/movie_page_main.php?id=43125,Unknown
"Matchmaker, The ( Once I Was )",14189,2.8,01/15/2011,Hebrew,Drama,NR,Avi Nesher,"Adir Miller, Maya Dagan, Tuval Shafir, Dror Keren, Dov Navon, Yarden Bar-Kochba",https://www.filmcrave.com/movie_page_main.php?id=43126,Unknown
Rock Prophecies,31191,2.2,08/14/2009,English,Documentary,NR,John Chester,"Robert Knight, Jeff Beck, Slash, Carlos Santana, Steve Vai, ZZ Top",https://www.filmcrave.com/movie_page_main.php?id=43127,Unknown
Five Hours from Paris ( Hamesh Shaot me'Pariz ),51459,3.0,10/10/2009,Hebrew,Drama,NR,Leonid Prudovsky,"Vladimir Freedman, Dror Keren, Dorit Lev-Ari, Elena Yaralova",https://www.filmcrave.com/movie_page_main.php?id=43128,Unknown
"Rock of Souls, The ( pe\xc3\xb1\xc3\xb3n de las \xc3\x81nimas, El )",27245,2.3,04/28/1944,Spanish,"Drama, Romance",NR,Miguel Zacar\xc3\xadas,"Jorge Negrete, Mar\xc3\xada F\xc3\xa9lix, Ren\xc3\xa9 Cardona, Carlos L\xc3\xb3pez Moctezuma, Miguel \xc3\x81ngel Ferriz, Virginia Manzano",https://www.filmcrave.com/movie_page_main.php?id=43129,Unknown
"rapto, El",48093,3.0,04/23/1954,Spanish,"Drama, Comedy",NR,Emilio Fern\xc3\xa1ndez,"Jorge Negrete, Mar\xc3\xada F\xc3\xa9lix, Andr\xc3\xa9s Soler, Jos\xc3\xa9 El\xc3\xadas Moreno, Rodolfo Landa, Jos\xc3\xa9 \xc3\x81ngel Espinosa 'Ferrusquilla'",https://www.filmcrave.com/movie_page_main.php?id=43130,Unknown
They Met in the Dark,38576,1.8,05/22/1945,English,"Mystery, Romance",NR,Carl Lamac,"James Mason, Joyce Howard, Tom Walls, Phyllis Stanley, Edward Rigby, David Farrar",https://www.filmcrave.com/movie_page_main.php?id=43131,Unknown
Asteroid,41437,2.3,02/16/1997,English,"Action, Sci-Fi",NR,Bradford May,"Michael Biehn, Annabella Sciorra, Zachary Charles, Don Franklin, Carlos G\xc3\xb3mez, Michael Weatherly",https://www.filmcrave.com/movie_page_main.php?id=43132,Unknown
Killing Emmett Young ( Emmett's Mark ),22629,2.5,10/10/2002,English,"Crime, Thriller",R,Keith Snyder,"Scott Wolf, Gabriel Byrne, Tim Roth, Khandi Alexander, Adam LeFevre, John Doman",https://www.filmcrave.com/movie_page_main.php?id=43133,Unknown
As If I Am Not There,28207,2.3,01/07/2011,Other,Drama,NR,Juanita Wilson,"Stellan Skarsg\xc3\xa5rd, Miraj Grbic, Natasa Petrovic, Jasna Diklic, Fedja Stukan, Sanja Buric",https://www.filmcrave.com/movie_page_main.php?id=43134,Unknown
Between the Canals,22853,2.5,03/18/2011,English,"Crime, Drama",NR,Mark O'Connor,"Peter Coonan, Dan Hyland, Stephen Jones, Damien Dempsey, Anne Marie Martin, Kenneth Meehan",https://www.filmcrave.com/movie_page_main.php?id=43135,Unknown
Pina,19479,2.2,02/24/2011,German,Musical,NR,Wim Wenders,"Pina Bausch, Pablo Aran Gimeno, Dominique Mercy, Julie Shanahan, Rainer Behr, Clementine Deluy",https://www.filmcrave.com/movie_page_main.php?id=43136,"Wim Wenders presents a visual feast as she celebrates the late German choreographer, Pina Bausch by having her dancers perform some of her greatest most famous creations. --"
Essential Killing,12310,2.5,11/20/2010,English,"Thriller, War",NR,Jerzy Skolimowski,"Vincent Gallo, Emmanuelle Seigner, David L. Price, Phillip Goss, Janusz Wojtarowicz, Mark Gasperich",https://www.filmcrave.com/movie_page_main.php?id=43137,A Taliban fighter escapes into a Polish forest during the rendition process. It's winter so can he survive?\t
The Iron Lady,6758,2.5,12/30/2011,English,"Drama, Biography",PG-13,Phyllida Lloyd,"Meryl Streep, Harry Lloyd, Jim Broadbent, Anthony Head, Richard E. Grant, Roger Allam",https://www.filmcrave.com/movie_page_main.php?id=43138,"A film based on the life of the UK's first female prime minister, Margaret Thatcher and what she had to sacrifice in order to rise to power in a male-dominated political society. --"
Coriolanus,5595,2.6,01/20/2012,English,"Drama, Historical",R,Ralph Fiennes,"Gerard Butler, Ralph Fiennes, Jessica Chastain, Brian Cox, Vanessa Redgrave, James Nesbitt",https://www.filmcrave.com/movie_page_main.php?id=43139,A disgraced hero joins forces with his hated enemy in order to destroy the city that betrayed him: Rome. --
Chasing Madoff,14420,2.6,08/26/2011,English,Documentary,NR,Jeff Prosserman,"Bernie Madoff, Frank Casey, Neil Chelo, Gaytri Kachroo, Harry Markopolos, Michael Ocrant",https://www.filmcrave.com/movie_page_main.php?id=43140,Harry Markopolos's ten-year odyssey to expose Bernie Madoff's $18 billion ponzi scheme. --
Mega Shark vs Crocosaurus,31245,2.2,12/21/2010,English,"Action, Sci-Fi",R,Christopher Ray,"Gary Stretch, Jaleel White, Sarah Lieving, Robert Picardo, Gerald Webb, Dylan Vox",https://www.filmcrave.com/movie_page_main.php?id=43141,Unknown
Next Year in Bombay,31251,2.2,01/08/2011,Other,"Documentary, Drama",NR,"Mathias Mangin, Jonas Parient\xc3\xa9","Sharona Galsulkar, Sharon Galsulkar",https://www.filmcrave.com/movie_page_main.php?id=43142,Unknown
Polish Bar,35748,2.0,10/01/2010,English,Drama,NR,Ben Berkowitz,"Vincent Piazza, James Badge Dale, Meat Loaf, Judd Hirsch, Richard Belzer, Golden Brooks",https://www.filmcrave.com/movie_page_main.php?id=43143,Unknown
Anything for Her ( Pour elle ),11719,2.8,12/03/2008,French,"Crime, Drama",NR,Fred Cavay\xc3\xa9,"Vincent Lindon, Diane Kruger, Lancelot Roch, Olivier Marchal, Hammou Gra\xc3\xafa, Liliane Rov\xc3\xa8re",https://www.filmcrave.com/movie_page_main.php?id=43144,Unknown
Saddles and Sagebrush,34914,2.0,04/27/1943,English,Western,NR,William Berke,"Russell Hayden, Dub Taylor, Ann Savage, Bob Wills, William Wright, Frank LaRue",https://www.filmcrave.com/movie_page_main.php?id=43145,Unknown
Submarine Base,34919,2.0,07/20/1943,English,"Drama, War",NR,Albert H. Kelley,"John Litel, Alan Baxter, Eric Blore, Georges Metaxa, George Flaherty, Rafael Storm",https://www.filmcrave.com/movie_page_main.php?id=43146,Unknown
Bbuddah... Hoga Tera Baap,17273,2.5,07/01/2011,Hindi,Action,NR,Puri Jagannath,"Anju, Amitabh Bachchan, Charmy, Sonal Chauhan, Sonu Sood, Hema Malini",https://www.filmcrave.com/movie_page_main.php?id=43147,"A flamboyant, short-tempered hitman returns to India for one final job. --"
Razzle Dazzle,37579,2.5,02/29/2008,English,Comedy,PG,Darren Ashton,"Ben Miller, Kerry Armstrong, Shayni Notelovitz, Denise Roberts, Sheridan Rynne, Kerry-Ann Thoo",https://www.filmcrave.com/movie_page_main.php?id=43148,Unknown
The Constant Nymph,33198,2.0,06/23/1943,English,"Drama, Romance",NR,Edmund Goulding,"Charles Boyer, Joan Fontaine, Alexis Smith, Brenda Marshall, Charles Coburn, Peter Lorre",https://www.filmcrave.com/movie_page_main.php?id=43149,Unknown
"Count of Monte Cristo, The ( comte de Monte Cristo, 1\xc3\xa8re \xc3\xa9poque: Edmond Dant\xc3\xa8s, Le )",14548,2.6,01/21/1943,French,"Adventure, Drama",NR,Robert Vernay,"Pierre Richard-Willm, Mich\xc3\xa8le Alfa, Aim\xc3\xa9 Clariond, Marcel Herrand, Ermete Zacconi, Alexandre Rignault",https://www.filmcrave.com/movie_page_main.php?id=43150,Unknown
A Love Affair of Sorts,22868,2.5,06/24/2011,English,Drama,NR,David Guy Levy,"Lili Bord\xc3\xa1n, David Guy Levy, Iv\xc3\xa1n Kamar\xc3\xa1s, Jonathan Beckerman",https://www.filmcrave.com/movie_page_main.php?id=43151,Unknown
Cold Fish ( Tsumetai nettaigyo ),13382,2.4,07/06/2011,Japanese,"Drama, Thriller",NR,Shion Sono,"Mitsuru Fukikoshi, Megumi Kagurazaka, Hikari Kajiwara, Asuka Kurosawa, Denden, Tetsu Watanabe",https://www.filmcrave.com/movie_page_main.php?id=43152,An ordinary man with a rocky relationship with his family and a fading fish store business finds his life on a downward spiral when he meets up with a charismatic man who also happens to be a serial killer. --
A Proper Violence,39818,1.8,06/03/2011,English,"Crime, Drama",NR,"Chris Faulisi, Matt Robinson","Randy Spence, Justin Morck, Shawn Mahoney, Will Brunson, Beverly Lauchner, Jeremy Goren",https://www.filmcrave.com/movie_page_main.php?id=43153,Three strangers come together to dole out their form of justice against a man with a dark secret. --
Videotape,31279,2.2,06/01/2011,English,"Drama, Thriller",NR,"Andrew Yorke, Kevin Michael","Andrew Yorke, Allison Varley, Kevin Michael, Daniel Thomas Phipps, Ty Gibson, Sam Maclin",https://www.filmcrave.com/movie_page_main.php?id=43154,Unknown
"Wedding Party, The ( Bluthochzeit, Die )",25697,3.0,04/21/2005,German,"Comedy, Drama",NR,Dominique Deruddere,"Armin Rohde, Uwe Ochsenknecht, Josef Heynert, Arne Lenk, Julia Schmidt, Sandra Borgmann",https://www.filmcrave.com/movie_page_main.php?id=43155,Unknown
"Weird Love Makers, The ( Kyonetsu no kisetsu )",48248,3.0,09/03/1960,Japanese,Drama,NR,Koreyoshi Kurahara,"Tamio Kawaji, Eiji G\xc3\xb4, Noriko Matsumoto, Yuko Chishiro, Hiroyuki Nagato, Chico Roland",https://www.filmcrave.com/movie_page_main.php?id=43156,Unknown
"Thirst for Love, The ( Ai no kawaki )",48424,3.0,10/07/1966,Japanese,Drama,NR,Koreyoshi Kurahara,"Ruriko Asaoka, Nobuo Nakamura, Tetsuo Ishidate, Akira Yamanouchi, Chitose Kurenai, Y\xc3\xbbko Kusunoki",https://www.filmcrave.com/movie_page_main.php?id=43157,Unknown
I Hate But Love ( Nikui an-chikush\xc3\xb4 ),48280,3.0,01/01/1962,Japanese,Action,NR,Koreyoshi Kurahara,"Y\xc3\xbbjir\xc3\xb4 Ishihara, Ruriko Asaoka, Izumi Ashikawa, Asao Koike, Tamio Kawaji",https://www.filmcrave.com/movie_page_main.php?id=43158,Unknown
Black Sun ( Kuroi taiyo ),32087,2.8,01/01/1964,Japanese,Unknown,NR,Koreyoshi Kurahara,"Tamio Kawaji, Chico Roland, Tatsuya Fuji, Shogen Shinda, Ikuko Chiyo, Zenji Yamada",https://www.filmcrave.com/movie_page_main.php?id=43159,Unknown
Phase 7 ( Fase 7 ),34346,1.8,03/03/2011,Spanish,"Sci-Fi, Thriller",R,Nicol\xc3\xa1s Goldbart,"Daniel Hendler, Jazm\xc3\xadn Stuart, Yayo Guridi, Federico Luppi, Carlos Bermejo, Abian Vainstein",https://www.filmcrave.com/movie_page_main.php?id=43160,An apartment building is shut off from the outside world due to a quarantine and a man will do anything to protect his pregnant wife. --
A Good Old Fashioned Orgy,16673,2.2,04/29/2011,English,Comedy,R,"Alex Gregory, Peter Huyck","Lucy Punch, Jason Sudeikis, Michelle Borth, Leslie Bibb, Lake Bell, Martin Starr",https://www.filmcrave.com/movie_page_main.php?id=43161,"A long-time group of friends, now in their 30s, decide to celebrate the end of summer by throwing a good, old-fashioned orgy. --"
R.I.P.D.,21499,2.0,07/19/2013,English,"Comedy, Crime",PG-13,Robert Schwentke,"Ryan Reynolds, Jeff Bridges, Kevin Bacon, Mary-Louise Parker, Robert Knepper, James Hong",https://www.filmcrave.com/movie_page_main.php?id=43162,"After being killed in the line of duty, a cop finds himself as part of the ""Rest in Peace Department"" - as a newly minted undead police officer, his first assignment is tracking down the men who murdered him. --"
God's Fiddler: Jascha Heifetz,18757,2.7,04/01/2011,English,"Documentary, Biography",NR,Peter Rosen,Bill van Horn,https://www.filmcrave.com/movie_page_main.php?id=43163,Unknown
World of the Dead: The Zombie Diaries,24486,2.1,06/24/2011,English,Horror,NR,"Michael Bartlett, Kevin Gates","Philip Brodie, Alix Wilton Regan, Rob Oldfield, Vicky Araico, Toby Bowman, Okorie Chukwu",https://www.filmcrave.com/movie_page_main.php?id=43164,"Three months after an epidemic killed the majority of the population and created a vast wave of the living dead, a group of civilians and military survivors at a rural base here a communication from the coast. After a sudden attack leaves most of them dead, the remaining group decides to travel to the coast, dealing with the living dead and marauding bandits, in hope that humanity can survive. --"
W.E.,12432,2.4,02/03/2012,English,"Drama, Romance",R,Madonna,"Abbie Cornish, Natalie Dormer, James D'Arcy, James Fox, Andrea Riseborough, Annabelle Wallis",https://www.filmcrave.com/movie_page_main.php?id=43165,A contemporary romance between a Russian security guard and a married woman - a woman obsessed with the story of King Edward VIII and his affair with Wallis Simpson. --
Thor: The Dark World,2204,2.8,11/08/2013,English,"Adventure, Fantasy",PG-13,Alan Taylor,"Chris Hemsworth, Natalie Portman, Tom Hiddleston, Christopher Eccelston, Anthony Hopkins, Zachary Levi",https://www.filmcrave.com/movie_page_main.php?id=43166,"Following the events in The Avengers, Thor returns home to Asgard only to face a malevolent force older than the universe itself. Malekith has returned and plans to return all to darkness - and not even the might of Odin and Asgard can stop him. Thor will take on a journey both dangerous and personal, and he may have to sacrifice everything in order to save all the realms from destruction. --"
Texas Chainsaw 3D,28520,1.8,01/04/2013,English,Horror,R,John Luessenhop,"Alexandra Daddario, Tania Raymonde, Scott Eastwood, Bill Moseley, Richard Riehle, Dan Yeager",https://www.filmcrave.com/movie_page_main.php?id=43167,"A young woman receives news on an inheritance in Texas. Yet this windfall comes with a price to pay in the form of cannibalistic family, including a certain chainsaw-wielding maniac. --"
"Lovers, The aka Singularity",13410,2.5,02/13/2015,English,"Adventure, Romance",R,Roland Joff\xc3\xa9,"Josh Hartnett, Neve Campbell, Claire van der Boom, Bipasha Basu, Simone Kessell, James Mackay",https://www.filmcrave.com/movie_page_main.php?id=43168,"A love story that transcends time and cultures: in one story Jay Fennel, a marine archeologist, lies in a coma after diving to save the life of wife Laura, who had been exploring a British merchant ship wreck. While in this place between life and death we flash back to the story of James Stewart, who bears a striking resemblance to Fennel, as the East India Company begins the conquest of Pune, India and he falls for a female warrior, Tulaja.  --"
The Host,13614,2.2,03/29/2013,English,"Sci-Fi, Thriller",PG-13,Andrew Niccol,"Saoirse Ronan, Jake Abel, William Hurt, Diane Kruger, Max Irons, Boyd Holbrook",https://www.filmcrave.com/movie_page_main.php?id=43169,"Based on the novel by Stephanie Meyer, a parasitic invasion has left most of the population of earth as mindless bodies of alien host. Yet one girl, Melanie Stryder, will not submit to rule of her possesor, Wanderer, and infuses her own memories onto that of the alien. Both seek out Jared - a true human still in hiding - with both human and alien having a mutual yearning to find him. --"
Fast & Furious 6,2088,2.8,05/24/2013,English,Action,PG-13,Justin Lin,"Vin Diesel, Dwayne Johnson, Paul Walker, Michelle Rodriguez, Luke Evans, Gina Carano",https://www.filmcrave.com/movie_page_main.php?id=43170,"Following their $100 million heist, Dom and his crew have found wealth, but they can never return to their homes. But there is hope to return to normality when Agent Hobbs offers them a deal - if the assembled crew can help topple a team of mercenary drivers whose crimes span 12 countries, their records will be cleared and past crimes pardoned. Dom agrees - but what will the personal cost be when he learns that one of the members he has to take down is Letty - the love of his life he thought dead?  --"
Despicable Me 2,1453,2.9,07/03/2013,English,"Animation, Comedy",PG,"Pierre Coffin, Chris Renaud","Steve Carell, Kristen Wiig, Miranda Cosgrove, Benjamin Bratt, Russell Brand, Elsie Kate Fisher",https://www.filmcrave.com/movie_page_main.php?id=43171,"The famed Anti-Villain League needs help taking down a new global terror and they turn to the baddest of them all: Gru... only he's not so bad anymore after turning into a father for Margo, Agnes, and Edith. But maybe there's enough evil left inside him to help after all... certainly the minions are on board. --"
The Artist,230,3.2,11/23/2011,English,"Romance, Comedy",PG-13,Michel Hazanavicius,"Jean Dujardin, B\xc3\xa9r\xc3\xa9nice Bejo, John Goodman, James Cromwell, Penelope Ann Miller, Missi Pyle",https://www.filmcrave.com/movie_page_main.php?id=43173,A silent film star who worries that the advent of talking pictures will spell the end of his career connects with a  young up-and-coming dancer in 1927 Hollywood. --
Bully,2873,2.8,03/09/2012,English,Documentary,PG-13,Lee Hirsch,"Alex, Ja'Maya, Kelby, Tina Long, Kirk Smalley, David Long",https://www.filmcrave.com/movie_page_main.php?id=43174,"A documentary that examines how bullying - be it on the playground or online - affects the more than 5 million American students it happens to each year. From the victims to the perpetrators to those who are trying to make a difference, The Bully Project takes an unflinching look at it all.  --"
Scary Movie 5,38326,1.6,04/12/2013,English,"Comedy, Horror",PG-13,Malcolm D. Lee,"Ashley Tisdale, Heather Locklear, Simon Rex, Molly Shannon, Erica Ash, Jerry O'Connell",https://www.filmcrave.com/movie_page_main.php?id=43175,Taking a page from Black Swan two friends are vying for the top spot in a over-sexed French director's new production and have to deal with overbearing mothers and a veteran dancer gone mad on their way to the coveted role. --
House at the End of the Street,9806,2.4,09/21/2012,English,"Horror, Thriller",PG-13,Mark Tonderai,"Jennifer Lawrence, Elisabeth Shue, Max Thieriot, Gil Bellows, Nolan Gerard Funk, Fernando Lara",https://www.filmcrave.com/movie_page_main.php?id=43176,"A mother and daughter move into a new town and into a house next door to where a young girl murdered her parents. After befriending the son who survived the incident, it becomes apparent this story isn't over yet. --"
Outrage ( Autoreiji ),5950,2.7,12/02/2011,Japanese,"Crime, Drama",R,Takeshi Kitano,"Takeshi Kitano, Kippei Shiina, Ryo Kase, Tomokazu Miura, Jun Kunimura, Tetta Sugimoto",https://www.filmcrave.com/movie_page_main.php?id=43177,"A Yakuza boss faces constant betrayal and shifting allegiance in his struggle to maintain power. When a subordinate strikes a deal with a rival drug-dealing faction, he order a quick and violent retribution. --"
The Myth of the American Sleepover,8625,2.8,01/13/2011,English,"Comedy, Drama",NR,David Robert Mitchell,"Jade Ramsey, Amy Seimetz, Nikita Ramsey, Amanda Bauer, Jean Louise O'Sullivan, Claire Sloma",https://www.filmcrave.com/movie_page_main.php?id=43178,"Facing personal and interpersonal crossroads on the last night of summer vacation, four high school friends wander the streets of suburban Detroit, each taking the first tentative steps into the world of adulthood in this thought-provoking drama.\t"
Double Dhamaal,6020,2.8,07/01/2011,Hindi,"Comedy, Crime",NR,Indra Kumar,"Sanjay Dutt, Javed Jaffrey, Ritesh Deshmukh, Mallika Sherawat, Arshad Warsi, Satish Kaushik",https://www.filmcrave.com/movie_page_main.php?id=43179,Unknown
Assault Girls ( Asaruto g\xc3\xa2ruzu ),32675,2.8,12/19/2009,Japanese,"Action, Sci-Fi",NR,Mamoru Oshii,"Yoshikazu Fujiki, Rinko Kikuchi, Meisa Kuroki, Hinako Saeki",https://www.filmcrave.com/movie_page_main.php?id=43180,Unknown
"Connected: An Autoblogography About Love, Death & Technology",31253,2.2,01/21/2011,English,Documentary,PG,Tiffany Shlain,"Leonard Shlain, Ken Goldberg, Tiffany Shlain, Peter Coyote",https://www.filmcrave.com/movie_page_main.php?id=43181,Unknown
Good Will Evil ( Xiong mei ),51274,3.0,11/07/2008,Mandarin,Horror,NR,"Yu-fen Lin, Ming-chan Wang","Terri Kwan, Tammy Chen, Leon Dai, Yi-Ching Lu, Hsin-Ling Chi, Wen-Cheng Chen",https://www.filmcrave.com/movie_page_main.php?id=43182,Unknown
Playing House,33470,2.0,02/25/2011,English,Thriller,NR,Tom Vaughan,"Shelley Calene-Black, Matt Lusk, Sarah Prikryl, Craig Welzbacher, Celeste Roberts, Kevin Parker",https://www.filmcrave.com/movie_page_main.php?id=43183,A man invites an old friend to rent his house in order to cover mortgage costs. Things go find until he starts dating a new girlfriend - who has a plan all her own. --
Trigger,28227,2.3,04/30/2011,English,Drama,NR,Bruce McDonald,"Molly Parker, Tracy Wright, Don McKellar, Sarah Polley, Callum Keith Rennie, Julian Richings",https://www.filmcrave.com/movie_page_main.php?id=43184,Unknown
Sleeping Beauty,20135,2.1,12/02/2011,English,Drama,NR,Julia Leigh,"Emily Browning, Rachael Blake, Ewen Leslie, Mirrah Foulkes, Eden Falk, Henry Nixon",https://www.filmcrave.com/movie_page_main.php?id=43185,"Lucy, a young college student, enters a world of unspoken desire when she takes a job at an exclusive club catering to unique clientele. --"
Machine Gun Preacher,3556,2.8,09/23/2011,English,"Action, Biography",R,Marc Forster,"Gerard Butler, Michelle Monaghan, Michael Shannon, Madeline Carroll, Kathy Baker, Barbara Coven",https://www.filmcrave.com/movie_page_main.php?id=43186,Sam Childers spent his life as a drug-dealing biker until he found God. He found a way to put his faith and former life to use by taking on the task of coming to the aid of Sudanese children forced to become soldiers. --
Coup de Cinema,46826,1.3,05/11/2011,English,"Comedy, Drama",NR,"Austin Hillebrecht, Sean Parker","Austin Hillebrecht, Dennis Fitzpatrick, Corey Brunish, Nomi Summa, David Loftus, Barrie Wild",https://www.filmcrave.com/movie_page_main.php?id=43187,A young filmmaker finds himself on the lowest rung in the studio and decides to utilize cast and crew in order to re-film a terrible movie under the nose of an overbearing director. --
A Warm Wind,18770,2.7,06/22/2011,English,Drama,NR,Jeff London,"Tyler Haines, Zac Titus, Brent King, Landon Ashworth, Szymon Karl, Robert Sisko",https://www.filmcrave.com/movie_page_main.php?id=43188,Unknown
Few Options,18752,2.7,02/25/2011,English,"Crime, Drama",NR,George A. Pappy Jr.,"Kenny Johnson, Erin Daniels, Brad Dourif, Christian Stokes, Rainn Wilson, Michael Sheen",https://www.filmcrave.com/movie_page_main.php?id=43189,"After a mistake led to 22 years behind bars, a man is finally freed and wants nothing more than to start a new life. But without any leads, the only calling is from his old ""friends"" who claim they have a legitimate job for him. --"
Eroded,22869,2.5,06/25/2011,English,"Drama, Mystery",NR,John Whitney,"Jon Osbeck, Amanda Howell, Richard Napoli, Kristina Kopf, Candace Bullock, Jeremy Ryan Brown",https://www.filmcrave.com/movie_page_main.php?id=43190,Unknown
Special Treatment ( Sans queue ni t\xc3\xaate ),28210,2.3,01/14/2011,French,"Comedy, Drama",NR,Jeanne Labrune,"Isabelle Huppert, Bouli Lanners, Sabila Moussadek, Richard Debuisne, Val\xc3\xa9rie Dr\xc3\xa9ville, Mathieu Carri\xc3\xa8re",https://www.filmcrave.com/movie_page_main.php?id=43192,A high class working girl and an uptight psychiatrist have a chance encounter and find their line of work shares many parallels. --
Life! Camera Action...,35758,2.0,10/31/2010,Hindi,"Drama, Family",NR,Rohit Gupta,"Dipti Mehta, Shaheed K. Woods, Noor Naghmi, John Crann, Swati Kapila, Chelsi Stahr",https://www.filmcrave.com/movie_page_main.php?id=43193,Unknown
Top Floor Left Wing ( Dernier \xc3\xa9tage gauche gauche ) ,28196,2.3,11/17/2010,French,"Comedy, Drama",NR,Angelo Cianci,"Hippolyte Girardot, Mohamed Fellag, Julie-Anne Roth, Georges Siatidis, Aymen Sa\xc3\xafdi, Ly\xc3\xa8s Salem",https://www.filmcrave.com/movie_page_main.php?id=43194,Unknown
The Captains,13552,2.5,07/21/2011,English,Documentary,NR,William Shatner,"William Shatner, Patrick Stewart, Avery Brooks, Kate Mulgrew, Chris Pine, Scott Bakula",https://www.filmcrave.com/movie_page_main.php?id=43195,The man who is still best known for playing Captain Kirk goes on a global tour to talk with the men and women who have also played captains in the Star Trek universe. --
The Chosen One,20969,2.4,09/03/2010,English,"Comedy, Drama",PG-13,Rob Schneider,"Steve Buscemi, Rob Schneider, Holland Taylor, Peter Riegert, Mary Decaro, Marcus Giamatti",https://www.filmcrave.com/movie_page_main.php?id=43196,Unknown
"Dead and the Damned, The ( Cowboys & Zombies )",29328,2.0,01/01/2010,English,"Horror, Western",NR,Rene Perez,"David A. Lockhart, Camille Montgomery, Rick Mora, Robert Amstler, Randall Marshall Dillon, Autumn J.D. Harrison",https://www.filmcrave.com/movie_page_main.php?id=43197,"A mysterious meteor turns the residents of a small, western town into ravenous zombies. A bounty hunter, his bounty and the bait he used to trap him are now the only survivors and must figure out how to work together or become the next victims. --"
Rock of Ages,10039,2.4,06/15/2012,English,"Musical, Drama",PG-13,Adam Shankman,"Julianne Hough, Diego Boneta, Tom Cruise, Alec Baldwin, Malin Akerman, Catherine Zeta-Jones",https://www.filmcrave.com/movie_page_main.php?id=43198,In 1987 Los Angeles two young people with big dreams find each other
"derecho de Jes\xc3\xbas - The Right of Jes\xc3\xbas, El",59162,2.0,01/06/2008,Spanish,Drama,NR,Jes\xc3\xbas Galindo,"Antonio Rufino, Marcus DeAnda, Claudia Zevallos, William Colvin, David Lopez, Lizeth Rojas",https://www.filmcrave.com/movie_page_main.php?id=43199,Unknown
Spiderhole,20978,2.4,10/29/2010,English,Horror,NR,Daniel Simpson,"Amy Noble, Emma Griffiths Malin, George Maguire, John Regan, Reuben-Henry Biggs, Moya Farrelly",https://www.filmcrave.com/movie_page_main.php?id=43200,Unknown
Assassination Games,16742,2.3,07/29/2011,English,"Action, Thriller",R,Ernie Barbarash,"Jean-Claude Van Damme, Scott Adkins, Kevin Chapman, Ivan Kaye, Alin Panc, Valentin Teodosiu",https://www.filmcrave.com/movie_page_main.php?id=43201,"Two highly skilled assassins - one an expert sharpshooter, the other a master of knives, will have to team up in order to take down the head of a drug cartel, which is being backed by the DEA. --"
Barbie Fairytopia: Magic of the Rainbow,8047,2.7,03/13/2007,English,"Animation, Family",NR,William Lau,"Kelly Sheridan, Lee Tockar, Kathleen Barr, Christopher Gaze, Tabitha St. Germain, Venus Terzo",https://www.filmcrave.com/movie_page_main.php?id=43202,Elina travels to the Crystal Palace to learn the Annual Flight of Spring at the Fairy School. Things get complicated when evil Laverna reappears and threatens to plunge Fairytopia in a bitter ten years long Winter. --
Barbie: Fairytopia,7918,2.6,03/08/2005,English,"Animation, Family",NR,"Walter P. Martishius, William Lau","Kelly Sheridan, Lee Tockar, Tabitha St. Germain, Kathleen Barr, Venus Terzo, Chiara Zanni",https://www.filmcrave.com/movie_page_main.php?id=43203,"When Fairytopia's flowers and fairies get sick, Elina, a beautiful wigless fairy, journeys to find Azura, a Guardian Fairy, who can help solve the problem. Along the way, Elina befriends many creatures and have her courage tested. --"
Barbie and the Diamond Castle,5891,2.9,09/09/2008,English,"Animation, Family",NR,Gino Nichele,"Kelly Sheridan, Melissa Lyons, Cassidy Ladden, Chantal Strand, Maryke Hendrikse, Lara Janine",https://www.filmcrave.com/movie_page_main.php?id=43204,"Liana and Alexa find a girl trapped inside a mirror. In order to save their new friend, the girls need to find the hidden Diamond Castle before the evil Lydia does so. --"
Barbie in the Nutcracker,6256,2.7,10/02/2001,English,"Animation, Family",NR,Owen Hurley,"Kelly Sheridan, Kirby Morrow, Tim Curry, Peter Kelamis, Christopher Gaze, French Tickner",https://www.filmcrave.com/movie_page_main.php?id=43205,"The first computer animated Barbie movie, the story is loosely adapted from E. T. A. Hoffmann's story ""The Nutcracker and the Mouse King"" and uses music and choreography from Tchaikovsky's ballet ""The Nutcracker"". --"
Green Lantern: Emerald Knights,15797,2.2,06/07/2011,English,"Animation, Adventure",PG-13,"Chris Berkeley, Lauren Montgomery\t, Jay Oliva","Nathan Fillion, Jason Isaacs, Elisabeth Moss, Henry Rollins, Arnold Vosloo, Steve Blum",https://www.filmcrave.com/movie_page_main.php?id=43206,An origin story for the Green Lantern Corp and significant Knights who will battle a powerful entity.\t
Green Lantern: First Flight,8724,2.6,07/28/2009,English,"Animation, Adventure",PG-13,Lauren Montgomery,"Christopher Meloni, Victor Garber, Tricia Helfer, Michael Madsen, John Larroquette, Kurtwood Smith",https://www.filmcrave.com/movie_page_main.php?id=43207,The story of Hal Jordan's transformation from a pilot to a guardian of Earth.  A dying alien named Abin Sur crashes and passes on the most powerful ring created.\t
Protektor,23648,2.2,11/01/2009,Czech,Drama,NR,Marek Najbrt,"Matthias Brandt, Jan Budar, Marek Daniel, Cyril Drozda, Tom\xc3\xa1s Mech\xc3\xa1cek, Kl\xc3\xa1ra Mel\xc3\xadskov\xc3\xa1",https://www.filmcrave.com/movie_page_main.php?id=43208,"In order to protect his Jewish wife from the Nazis, a Czech journalist takes a job at a radio station spewing propaganda. But as the demands become more and more unreasonable, it threaten his relationship.  --"
"Woman with the 5 Elephants, The ( Frau mit den 5 Elefanten, Die )",14181,2.8,10/23/2010,German,Documentary,NR,Vadim Jendreyko,"Svetlana Geier, Anna G\xc3\xb6tte, Hannelore Hagen, J\xc3\xbcrgen Klodt, Johannes Geier, Fyodor Ivanovich Mikhaylov",https://www.filmcrave.com/movie_page_main.php?id=43209,Unknown
The Interrupters,12097,2.6,03/10/2011,English,Documentary,NR,Steve James,Unknown,https://www.filmcrave.com/movie_page_main.php?id=43210,Unknown
The Tree,10472,2.7,07/22/2011,English,"Drama, Romance",NR,Julie Bertuccelli,"Charlotte Gainsbourg, Morgana Davies, Marton Csokas, Christian Byers, Tom Russell, Aden Young",https://www.filmcrave.com/movie_page_main.php?id=43211,"A widowed mother and her four children must cope after the patriarch of the family dies. The 8-year-old Simone is convinced her father's spirit now resides in the fig tree and speaks to her through the leaves. But as the roots and branches of the tree threaten their home, the mother must make an agonizing choice. --"
Aversion,59222,2.0,03/30/2009,English,Horror,NR,Gaius Roberts,"Mary Amy, Josh Berresford, Melantha Blackthorne, Christopher Illing, Marc Raco, Andrew Roth",https://www.filmcrave.com/movie_page_main.php?id=43212,Unknown
Forged,28178,2.3,07/31/2010,English,"Action, Drama",NR,William Wedig,"Manny Perez, David Castro, Margo Martindale, Jaime Tirelli, Kevin Breznahan, John Bianco",https://www.filmcrave.com/movie_page_main.php?id=43213,Unknown
All She Can ( Benavides Born ),28199,2.3,01/01/2011,English,Drama,NR,Amy Wendel,"Corina Calderon, Jeremy Ray Valdez, Joseph Julian Soria, Julia Vera, Julio Cedillo, Leticia Maga\xc3\xb1a",https://www.filmcrave.com/movie_page_main.php?id=43214,Unknown
Seventh Son,17426,2.1,02/06/2015,English,"Fantasy, Adventure",PG-13,Sergey Bodrov,"Jeff Bridges, Julianne Moore, Ben Barnes, Olivia Williams, Kit Harington, Djimon Hounsou",https://www.filmcrave.com/movie_page_main.php?id=43215,"John Gregory, seventh son of a seventh son, protects his country from witches, ghouls and other creatures. But his time is coming to an end, and he needs to find an apprentice to continue his work. Unfortunately, everyone he has tried to train has died but his last hope lies in local farmer's son Thomas Ward. But when a dangerous witch named Mother Malkin escapes, it will be a dangerous test of his Spook skills. --"
The Five-Year Engagement,9814,2.4,04/27/2012,English,Comedy,R,Nicholas Stoller,"Emily Blunt, Jason Segel, Alison Brie, Rhys Ifans, Chris Pratt, Kevin Hart",https://www.filmcrave.com/movie_page_main.php?id=43216,Follows the relationship of a couple during the turbulent engagement period. --
Where the Road Meets the Sun,42953,1.7,01/01/2011,English,"Crime, Drama",NR,Mun Chee Yong,"Eric Mabius, Will Yun Lee, Fernando Noriega, Luke Brandon Field, Laura Ramsey, Elsa Pataky",https://www.filmcrave.com/movie_page_main.php?id=43217,Unknown
Empty,28212,2.3,01/25/2011,English,"Drama, Horror",NR,C.S. Drury,"Ashley C. Williams, Jon Carlo, Barry McBrien, John Woodruff, Peter Alexandrou, Niecy Cerise",https://www.filmcrave.com/movie_page_main.php?id=43218,Unknown
Distant Beats,28200,2.3,01/01/2011,English,"Drama, Musical",NR,Sriram Vegaraju,"Trin Miller, Nathan Gifford, Zareen Shaguft, Bharatram Margani, Janet Hietter, Pardhasarathy Nemani",https://www.filmcrave.com/movie_page_main.php?id=43219,Unknown
"Wig, The ( Gabal )",16734,2.5,08/12/2005,Korean,Horror,NR,Shin-yeon Won,"Min-seo Chae, Seon Yu, So-yeon Kim, Hyeon-jin Sa, Jeong-seong Lee, Kyeong-bin Rah",https://www.filmcrave.com/movie_page_main.php?id=43220,Unknown
Blood Night: The Legend of Mary Hatchet,12734,2.6,11/22/2009,English,Horror,R,Frank Sabatella,"Bill Moseley, Danielle Harris, Nate Dushku, Samantha Facchi, Anthony Marks, Billy Magnussen",https://www.filmcrave.com/movie_page_main.php?id=43221,"A group of teenagers celebrating Blood Night, the anniversary of the death of a local axe murderer, suddenly find themselves face-to-face with the realities of her haunting.  As they run from the bloody rampage left behind, they'll need to survive the night to expose the truth behind the legend of Bloody Mary.\t"
Dark Souls ( M\xc3\xb8rke sjeler ),5631,2.9,06/18/2010,Norwegian,"Horror, Thriller",NR,"C\xc3\xa9sar Ducasse, Mathieu Peteul","Morten Rud\xc3\xa5, Kyrre Haugen Sydness, Ida Elise Broch, Johanna Gustavsson, Jan H\xc3\xa5rstad, Marianne R\xc3\xb8dje",https://www.filmcrave.com/movie_page_main.php?id=43222,Unknown
Siren,10333,2.7,03/22/2011,English,Horror,R,Andrew Hull,"Eoin Macken, Anna Skellern, Tereza Srbova, Anthony Jabre",https://www.filmcrave.com/movie_page_main.php?id=43223,Unknown
True Adolescents,51339,3.0,03/14/2009,English,Comedy,NR,Craig Johnson,"Mark Duplass, Bret Loehr, Carr Thompson, Melissa Leo, Laura Kai Chen, Davie-Blue",https://www.filmcrave.com/movie_page_main.php?id=43224,Unknown
Jerusalem Countdown,31290,2.2,08/26/2011,English,Drama,NR,Harold Cronk,"David A.R. White, Anna Zielinski, Randy Travis, Lee Majors, Jaci Velasquez, Matthew Tailford",https://www.filmcrave.com/movie_page_main.php?id=43225,"The threat of stopping a nuclear attack on American soil fall to FBI Agent Shane Daughtry - who must rely on a washed-up arms dealer, a former Israeli Mossad agent and a by-the-books CIA director to stop the bomb before it goes off. --"
"Nameless, The ( sin nombre, Los )",23361,2.2,11/12/1999,Spanish,"Horror, Thriller",R,Jaume Balaguer\xc3\xb3,"Emma Vilarasau, Karra Elejalde, Trist\xc3\xa1n Ulloa, Toni Sevilla, Brendan Price, Jordi Dauder",https://www.filmcrave.com/movie_page_main.php?id=43226,Unknown
Wake Wood,17382,2.3,03/15/2011,English,"Horror, Drama",R,David Keating,"Aidan Gillen, Eva Birthistle, Timothy Spall, Ella Connolly, Ruth McCabe, Brian Gleeson",https://www.filmcrave.com/movie_page_main.php?id=43227,"When couple Patrick and Louise lose their only daughter Alice to a dog attack, they move to the small town of Wake Wood. It's there they discover a pagan ritual that allows them to resurrect their daughter for three days. Hoping to ease their sorrow and give them one last goodbye, the couple agree to the ritual. As the days pass, they begin to wonder what happens when Alice has to go back?  --"
The Reef,13295,2.4,03/01/2011,English,"Horror, Thriller",R,Andrew Traucki,"Damian Walshe-Howling, Gyton Grantley, Adrienne Pickering, Zoe Naylor, Kieran Darcy-Smith, Mark Simpson",https://www.filmcrave.com/movie_page_main.php?id=43228,Unknown
House of Boys,31222,2.2,03/20/2010,English,"Drama, Romance",NR,Jean-Claude Schlim,"Layke Anderson, Harry Ferrier, Benn Northover, Tom Leick, Sascha Ley, Udo Kier",https://www.filmcrave.com/movie_page_main.php?id=43229,Unknown
Suing the Devil,22874,2.5,08/26/2011,English,"Comedy, Drama",NR,Timothy A. Chey,"Malcolm McDowell, Shannen Fields, Corbin Bernsen, Tom Sizemore, Bart Bronson, Rebecca St. James",https://www.filmcrave.com/movie_page_main.php?id=43230,A law student with nothing to lose decides to sue the devil for $8 trillion and then must put together his case when Satan shows up to defend himself. --
"Free Will, The ( freie Wille, Der )",21082,3.3,04/26/2006,German,"Crime, Drama",NR,Matthias Glasner,"J\xc3\xbcrgen Vogel, Sabine Timoteo, Andr\xc3\xa9 Hennicke, Manfred Zapatka, Judith Engel, Maya Bothe",https://www.filmcrave.com/movie_page_main.php?id=43231,Unknown
Alive! Is Michael Jackson Really Dead?,10826,3.0,03/01/2011,English,Documentary,NR,Pearl Jr.,Pearl Jr.,https://www.filmcrave.com/movie_page_main.php?id=43232,Unknown
The Grey,3313,2.7,01/27/2012,English,"Action, Drama",R,Joe Carnahan,"Liam Neeson, Dermot Mulroney, James Badge Dale, Joe Anderson, Frank Grillo, Dallas Roberts",https://www.filmcrave.com/movie_page_main.php?id=43233,A plane crash strands a team of oil drillers in the Alaskan wilderness. They must struggle to survive against the elements and a vicious pack of wolves who view these new entities as intruders.  --
Good Neighbors,19745,2.3,07/29/2011,English,"Comedy, Crime",NR,Jacob Tierney,"Jay Baruchel, Scott Speedman, Xavier Dolan, Emily Hampshire, Kaniehtiio Horn, Jacob Tierney",https://www.filmcrave.com/movie_page_main.php?id=43234,An old Montreal apartment building in the neighborhood of Notre Dame de Grace is the setting revolving around trust and paranoia as tenants turn against tenant when they suspect one of them may be a serial killer. --
Cook County ,23830,2.3,11/11/2011,English,Drama,R,David Pomes,"Anson Mount, Xander Berkeley, Ryan Donowho, Makenna Fitzsimmons, Yankie Grant, Polly Cole",https://www.filmcrave.com/movie_page_main.php?id=43235,"A father returns home to a family he left behind only to find it being destroyed from within by meth. As he struggles to connect with his son, he comes up against the meth-fueled rage of uncle ""Bump"" and must figure out a way to save his family from addiction and danger. --"
Puncture,16328,2.3,09/23/2011,English,Drama,R,"Adam Kassen, Mark Kassen","Chris Evans, Michael Biehn, Vinessa Shaw, Brett Cullen, Kate Burton, Jennifer Blanc",https://www.filmcrave.com/movie_page_main.php?id=43236,A lawyer battling his own addictions takes on the case of a small health supply corporation against huge corporate hospital group purchasing organizations over safer syringes. --
Silent Souls ( Ovsyanki ),39778,1.8,09/28/2010,Russian,Drama,NR,Aleksei Fedorchenko,"Yuliya Aug, Viktor Sukhorukov, Olga Dobrina, Igor Sergeev, Yulia Tushina, Leisan Sitdikova",https://www.filmcrave.com/movie_page_main.php?id=43237,"A lonely, middle-aged man accompanies his boss on a traditional Meryan send-off following her death. It's about life, death, love and contemplation of the soul. --"
Heavy Times,45310,1.5,08/02/2011,English,Comedy,NR,"Benjamin Mark, Ryan McKenna","Brian D. Evans, Melina Chadbourne, Adam Lauver, Jeff Koen, Jay Brunner, Keaton Farmer",https://www.filmcrave.com/movie_page_main.php?id=43238,"With nothing better to do, three friends: Dan, Mark and Hugh visit Dan's sister for dinner but after running into brother-in-law Rick they find themselves on an impromptu road trip that quickly spirals out of control. --"
Knights of Badassdom,11372,2.5,01/21/2014,English,"Adventure, Fantasy",R,Joe Lynch,"Ryan Kwanten, Steve Zahn, Peter Dinklage, Summer Glau, Jimmi Simpson, Tom Hopper",https://www.filmcrave.com/movie_page_main.php?id=43239,A group of live-action role players manage to summon a demon from hell and must band together to deal with their mistake. --
"Separation, A ( Jodaeiye Nader az Simin )",345,3.2,12/30/2011,Persian,Drama,PG-13,Asghar Farhadi,"Peyman Moaadi, Leila Hatami, Sareh Bayat, Shahab Hosseini, Sarina Farhadi, Merila Zare'i",https://www.filmcrave.com/movie_page_main.php?id=43240,"An Iranian couple face a tough decisions: the wife is determined to leave the country behind in order for their daughter to have a better life, but the husband refused to leave in order to care for his father, who suffers from Alzheimers. Divorce seems like the only option to satisfy both sides. --"
Burst City ( Bakuretsu toshi ),49138,3.0,01/01/1982,Japanese,"Action, Sci-Fi",NR,Gakuryu Ishii,"Michirou Endo, Shigeru Izumiya, Takanori Jinnai, Kou Machida, Shigeru Muroi, Shinya Ohe",https://www.filmcrave.com/movie_page_main.php?id=43241,"A wild adrenaline-fueled, punk rock science fiction film. Set in a dystopic future vision of Tokyo, it follows the exploits of rival biker gangs rebelling against the construction of a massive power plant in their turf. A kinetic showcase for the Japanese punk rock movement of the late 70's and early 80's. \t"
Borderline Cult,35651,2.0,08/21/2007,English,"Horror, Thriller",R,Ulli Lommel,"Elissa Dowling, Patrick Faucette, Christian Behm, De Vida Gray, Cassandra Church, Rebecca Russ",https://www.filmcrave.com/movie_page_main.php?id=43242,"After three ruthless serial killers team up in the Mexican border town of Juarez, hundreds of women are abducted, tortured and murdered in this grisly thriller. --"
Blitz,5120,2.6,05/20/2011,English,Thriller,R,Elliott Lester,"Jason Statham, Paddy Considine, Aidan Gillen, Zawe Ashton, David Morrissey, Richard Riddell",https://www.filmcrave.com/movie_page_main.php?id=43243,A tough cop is on the trail of a serial killer who targets police
Grotesque,33359,2.0,09/09/1988,English,Horror,R,Joe Tornatore,"Linda Blair, Tab Hunter, Donna Wilkes, Brad Wilson, Nels Van Patten, Sharon Hughes",https://www.filmcrave.com/movie_page_main.php?id=43244,Unknown
Bunraku,8451,2.5,09/30/2011,English,"Action, Drama",R,Guy Moshe,"Josh Hartnett, Demi Moore, Woody Harrelson, Ron Perlman, Kevin McKidd, Gackt",https://www.filmcrave.com/movie_page_main.php?id=43245,"In a world without guns, a mysterious drifter bent on revenge and a samurai looking to reclaim a family heirloom form a tenuous partnership to bring down Nicola the Woodcutter - but they will have to fight through his nine greatest warriors first. --"
Main Street,28550,1.9,09/09/2011,English,Drama,PG,John Doyle,"Orlando Bloom, Colin Firth, Patricia Clarkson, Amber Tamblyn, Andrew McCarthy, Ellen Burstyn",https://www.filmcrave.com/movie_page_main.php?id=43248,Colorful characters in a small town find themselves reinventing and reevaluating their lives after a stranger arrives with a plan to save the dying town. --
Laugh at My Pain,11432,2.8,09/09/2011,English,Comedy,R,Leslie Small,"Kevin Hart, Na'im Lynn",https://www.filmcrave.com/movie_page_main.php?id=43249,"Theatrical release based on the hit 2011 stand-up comedy tour of Kevin Hart, which took in $15 million including a record-breaking $1.1 million 2-day show at L.A. Live's Nokia Theatre. --"
Atrocious,20348,2.2,01/22/2011,Spanish,"Horror, Thriller",R,Fernando Barreda Luna,"Jose Masegosa, Chus Pereiro, Cristian Valencia, Rafael Amaya",https://www.filmcrave.com/movie_page_main.php?id=43250,A family found dead in a country side estate - 37 hours of recorded footage over the last five days of their lives - the Legend of the Girl in the Garraf woods and the strange circumstances of how they died. --
"Grandmaster, The ( Yi dai zong shi )",2743,2.9,08/23/2013,Mandarin,"Action, Biography",PG-13,Kar Wai Wong,"Tony Leung Chiu Wai, Ziyi Zhang, Chen Chang, Cung Le, Hye-kyo Song, Siu-Lung Leung",https://www.filmcrave.com/movie_page_main.php?id=43251,A biography of the great martial arts master Ip Man - the legendary man who would train and mentor Bruce Lee. --
Young Adult,6370,2.5,12/16/2011,English,"Comedy, Drama",R,Jason Reitman,"Charlize Theron, Patrick Wilson, J.K. Simmons, Elizabeth Reaser, Patton Oswalt, Collette Wolfe",https://www.filmcrave.com/movie_page_main.php?id=43252,A messy divorce leaves an author in search of a new connection - so she returns home to rekindle an old flame despite the fact he's now a married with children. --
Lawless,1637,2.9,08/29/2012,English,"Crime, Drama",R,John Hillcoat,"Tom Hardy, Gary Oldman, Shia LaBeouf, Mia Wasikowska, Guy Pearce, Jessica Chastain",https://www.filmcrave.com/movie_page_main.php?id=43253,"Franklin County, Virginia during the depression years: a bootlegging gang"
The Woman,19198,2.2,01/23/2011,English,Horror,R,Lucky McKee,"Carlee Baker, Angela Bettis, Sean Bridgers, Lauren Ashley Carter, Pollyanna McIntosh, Shyla Molhusen",https://www.filmcrave.com/movie_page_main.php?id=43254,A man attempts to civilize a woman - the last remaining person of a clan of people who roam the wilderness but he doesn't realize his good intentions will put his family in great danger. --
Fleshburn,14011,2.8,05/25/1984,English,"Action, Drama",R,George Gage,"Steve Kanaly, Karen Carlson, Macon McCalman, Robert Chimento, Sonny Landham, Robert Alan Browne",https://www.filmcrave.com/movie_page_main.php?id=43255,"A demented ex-Vietnam vet escapes from an insane asylum, captures the team of psychiatrists who had him committed, and then proceeds to torture them in a particularly sick fashion, featuring witchcraft and unusual Native American rituals --"
Chain Gang,33234,2.0,11/01/1950,English,"Action, Crime",NR,Lew Landers,"Douglas Kennedy, Marjorie Lord, Emory Parnell, William 'Bill' Phillips, Thurston Hall, Harry Cheshire",https://www.filmcrave.com/movie_page_main.php?id=43256,A reporter gets a job as a prison guard to document inhuman conditions --
Saigon Electric,42955,1.7,03/12/2011,Vietnamese,Drama,NR,Stephane Gauger,Unknown,https://www.filmcrave.com/movie_page_main.php?id=43257,Unknown
The Stickup,28977,2.1,02/01/2002,English,"Action, Crime",R,Rowdy Herrington,"James Spader, Leslie Stefanson, David Keith, John Livingston, Robert Miano, Alf Humphreys",https://www.filmcrave.com/movie_page_main.php?id=43258,Unknown
One Fall,42970,1.7,08/12/2011,English,Drama,PG-13,Marcus Dean Fuller,"Marcus Dean Fuller, Zoe McLellan, Seamus Mulcahy, James McCaffrey, Mark La Mura, Mark Margolis",https://www.filmcrave.com/movie_page_main.php?id=43259,"After surviving a 200-foot fall at a local attraction a man disappears and returns with the remarkable gift of healing. Yet he only uses his new-found power on people who pay him, leading to conflict with friends, family and his own conscience. --"
Gantz,26417,2.1,01/29/2011,Japanese,"Horror, Sci-Fi",NR,Shinsuke Sato,"Ken'ichi Matsuyama, Kazunari Ninomiya, Takayuki Yamada, Natsuna, Yuriko Yoshitaka, Kanata Hong\xc3\xb4",https://www.filmcrave.com/movie_page_main.php?id=43260,"Buildt upon the mange with the same name. A teenager jumps down at the subway train tracks to help his childhood friend save a drunk lying unconsious on the track. As the train hit them, they suddenly appear in a room full of strangers and a cube. To add to the confusion the cube open and an arsenal and a suitcase with to each of them and tell them to kill an alien. --"
"A Galaxy Far, Far Away",24279,2.3,03/01/2001,English,"Documentary, Comedy",NR,Tariq Jalil,"Tariq Jalil, Roger Corman, James Duval, Andy Garcia, Robert Loggia, Joe Pesci",https://www.filmcrave.com/movie_page_main.php?id=43261,Unknown
"Unknown, The ( Clawed: The Legend of Sasquatch )",44445,2.0,04/14/2005,English,"Action, Thriller",R,Karl Kozak,"Dylan Purcell, Brandon Henschel, Miles O'Keeffe, Miles O'Keeffe, Chelsea Hobbs, Jack Conley",https://www.filmcrave.com/movie_page_main.php?id=43262,Unknown
Love Lies Bleeding,10796,3.0,01/15/2008,English,"Action, Drama",R,Keith Samples,"Brian Geraghty, Christian Slater, Dylan Kenin, Jenna Dewan-Tatum, James Madio, Luce Rains",https://www.filmcrave.com/movie_page_main.php?id=43263,Unknown
Land of Confusion,14807,2.6,03/29/2008,English,Documentary,NR,Jeremy Zerechak,Unknown,https://www.filmcrave.com/movie_page_main.php?id=43264,Unknown
Scourge,46456,1.8,01/31/2008,English,"Horror, Sci-Fi",R,Jonas Quastel,"Russell Ferrier, Robyn Ledoux, Nic Rhind, Jason Harder, Marina Pasqua, Sharron Bertchilde",https://www.filmcrave.com/movie_page_main.php?id=43265,Unknown
"Jeff, Who Lives at Home",3727,2.7,03/16/2012,English,Comedy,R,"Jay Duplass, Mark Duplass","Jason Segel, Judy Greer, Ed Helms, Susan Sarandon, Rae Dawn Chong, Katie Aselton",https://www.filmcrave.com/movie_page_main.php?id=43266,A slacker is uprooted from his parents' basement on an errand from his mother but just may find his purpose in life when he joins his brother in tracking down his supposedly adulterous wife. --
Jack Reacher,5984,2.6,12/21/2012,English,"Crime, Drama",PG-13,Christopher McQuarrie,"Tom Cruise, Rosmund Pike, Robert Duvall, Werner Herzog, Richard Jenkins, David Oyelowo",https://www.filmcrave.com/movie_page_main.php?id=43267,"From the page's of Lee Child's crime series: In America's heartland, a sniper takes out five people before a manhunt leads to the capture and arrest of a subject. The man proclaims his innocence, despite the mountain of evidence against hims, and has just one requst: ""Get Jack Reacher"". Reacher arrives, hoping to once and for all bury the man and bring justice, but as he goes deeper in the case, he uncovers far more than he bargained for. --"
Contraband,3863,2.7,01/13/2012,English,Thriller,R,Baltasar Korm\xc3\xa1kur,"Kate Beckinsale, Mark Wahlberg, Ben Foster, Giovanni Ribisi, J.K. Simmons, Lukas Haas",https://www.filmcrave.com/movie_page_main.php?id=43268,"A one-time smuggler, has gone straight as a security guard. But when financial troubles threaten to bring him down, he may return to his old ways when an associate presents him with a lucrative opportunity. --"
We Need to Talk About Kevin,1085,3.0,12/09/2011,English,"Drama, Thriller",R,Lynne Ramsay,"John C. Reilly, Tilda Swinton, Ezra Miller, Siobhan Fallon, Ursula Parker, Lauren Fox",https://www.filmcrave.com/movie_page_main.php?id=43269,A woman reaches out to her estranged husband to deal with her grief and sense of responsibility after her son goes on a school-shooting rampage. --
Hick,9487,2.5,05/11/2012,English,"Comedy, Drama",R,Derick Martini,"Chloe Moretz, Blake Lively, Juliette Lewis, Alec Baldwin, Rory Culkin, Eddie Redmayne",https://www.filmcrave.com/movie_page_main.php?id=43270,A Nebraska teen gets a rude awakening about life when she runs away from home and sets out for Las Vegas. --
Trance,3886,2.7,04/05/2013,English,"Crime, Drama",R,Danny Boyle,"James McAvoy, Vincent Cassel, Rosario Dawson, Danny Sapani, Matt Cross, Sam Creed",https://www.filmcrave.com/movie_page_main.php?id=43272,"An art auctioneer gets involved with a gang of criminals. In order to recover a priceless lost painting, her turns to a hypnotherapist. But as reality, desire and hypnotic suggestion collide - things become complicated and more dangerous than anyone could have anticipated. --"
A Bird of the Air,33119,2.0,09/23/2011,English,"Drama, Romance",Unknown,Margaret Whitton,"Rachel Nichols, Jackson Hurst, Anjanette Comer, Linda Emond, Buck Henry, Judith Ivey",https://www.filmcrave.com/movie_page_main.php?id=43273,"A man who has spent his life alone finds his purpose in his life when a talkative parrot flies into his trailer one night and he becomes determined to track down the owner. Along the way, a woman who has been eying him from a distance enlists her help (along with her basset hound) even if he objects. --"
Absentia,9725,2.5,03/03/2011,English,Horror,R,Mike Flanagan,"Katie Parker, Courtney Bell, Dave Levine, Morgan Peter Brown, Justin Gordon, Doug Jones",https://www.filmcrave.com/movie_page_main.php?id=43274,"After disappearing seven years earlier, a man is declared dead so his now-pregnant wife can move on. Her sister has moved in, after a battle with drugs, to help her move on as well. Yet when he suddenly shows back up into their lives, malnourished and pale, it leads to questioning and uncovers a hidden world that is closer than you think. --"
One Week Job,34286,1.9,01/01/2010,English,"Documentary, Biography",NR,Ian Mackenzie,Sean Aiken,https://www.filmcrave.com/movie_page_main.php?id=43275,Unknown
Mob Rules ( Tic ),43129,1.5,03/01/2010,English,Action,R,Keith Parmer,"Lennie James, Treva Etienne, Gary McDonald, Tina Casciani, Courtney Hope, Daniele Favilli",https://www.filmcrave.com/movie_page_main.php?id=43276,London gangsters spend ten years planning revenge down to the tiniest detail and then head to America to track down the ex-partner who screwed them\t
River of Darkness,29057,2.1,03/29/2011,English,Horror,R,Bruce Koehler,"Kurt Angle, S. William Hinzman, Kevin Nash, Sid Eudy, Bill Laing, Alan Rowe Kelly",https://www.filmcrave.com/movie_page_main.php?id=43277,"When unspeakable evil falls on a quiet river town, sheriff Logan (Kurt Angle) is thrust into a chilling nightmare of death and mayhem. He is confronted with a series of horrific murders, each more vicious than the last, and soon learns of the communities seedy past and the evil that has risen from purgatory to exact revenge on the town.\t"
Hyenas,24381,2.3,04/19/2011,English,Horror,R,Eric Weston,"Christa Campbell, Costas Mandylor, Costas Mandylor, Joshua Alba, Andrew James Allen, Bar Paly",https://www.filmcrave.com/movie_page_main.php?id=43278,Unknown
"Happiness is a Warm Blanket, Charlie Brown",12935,2.5,03/29/2011,English,"Animation, Family",NR,"Andrew Beall, Frank Molieri","Trenton Rogers, Shane Baumel, Amanda Pace, Austin Lux, Blesst Bowden, Ciara Bravo",https://www.filmcrave.com/movie_page_main.php?id=43279,"In this heartwarming new tale, Linus is pushed to his limits when he learns his grandmother is coming to visit and plans to rid him of his most cherished possession, his beloved security blanket. As grandma\xe2\x80\x99s impending arrival looms closer, the Peanuts gang finds ways to try and help Linus lose his dependence on his fuzzy crutch\t"
Gangster Squad,6566,2.5,01/11/2013,English,"Crime, Drama",R,Ruben Fleischer,"Ryan Gosling, Josh Brolin, Sean Penn, Emma Stone, Giovanni Ribisi, Anthony Mackie",https://www.filmcrave.com/movie_page_main.php?id=43280,"In 1940s-50's L.A., the East Coast Mafia begins to encroach on the City of Angels, but the LAPD isn't about to let their city be corrupted without a fight. --"
Pearl Jam Twenty,3017,2.9,09/20/2011,English,Documentary,NR,Cameron Crowe,"Eddie Vedder, Chris Cornell, Layne Staley, Stone Gossard, Jeff Ament, Jack Irons",https://www.filmcrave.com/movie_page_main.php?id=43281,Cameron Crowe directs this music documentary that looks into the life and times of Pearl Jam as they celebrate their 20th year together in 2011. --
Gainsbourg: A Heroic Life ( Gainsbourg (Vie h\xc3\xa9ro\xc3\xafque) ),16784,2.5,08/31/2011,French,"Biography, Drama",NR,Joann Sfar,"Eric Elmosnino, Lucy Gordon, Laetitia Casta, Doug Jones, Anna Mouglalis, Myl\xc3\xa8ne Jampano\xc3\xaf",https://www.filmcrave.com/movie_page_main.php?id=43282,A snapshot of French singer Serge Gainsbourg - from his childhood in Nazi-occupied France to his rise as a song-writer in the 1960s up to his death at age 62 in 1991. --
Big Miracle,6111,2.6,02/03/2012,English,"Drama, Romance",PG,Ken Kwapis,"Kristen Bell, Vinessa Shaw, Drew Barrymore, John Krasinski, Dermot Mulroney, Ted Danson",https://www.filmcrave.com/movie_page_main.php?id=43283,A small-town reporter manages to thaw relations between Cold War enemies the U.S. and U.S.S.R. when she reports on the plight of three California Grey Whales in the Arctic Circle. --
Turbo,4065,2.7,07/17/2013,English,"Animation, Adventure",PG,David Soren,"Ryan Reynolds, Paul Giamatti, Samuel L. Jackson, Bill Hader, Maya Rudolph, Michelle Rodriguez",https://www.filmcrave.com/movie_page_main.php?id=43284,"A snail tired of living a snail-paced life dreams of speed, just like his"
Daylight,31286,2.2,07/15/2011,English,"Horror, Thriller",NR,David Barker,"Alexandra Meierhans, Ivan Martin, Michael Godere, Aidan Redmond, Brian Bickerstaff, Kendrick Strauch",https://www.filmcrave.com/movie_page_main.php?id=43285,Unknown
Autoerotic,42968,1.7,07/22/2011,English,Drama,NR,"Joe Swanberg, Adam Wingard","Amy Seimetz, Joe Swanberg, Josephine Decker, Kate Lyn Sheil, Lane Hughes, Megan Mercier",https://www.filmcrave.com/movie_page_main.php?id=43286,Follows four Chicago couples in a a series of interconnected stories that explore the boundaries of self-pleasure and various sexual encounters. --
Shaolin,13025,2.4,09/09/2011,Mandarin,"Action, Drama",R,Benny Chan,"Andy Lau, Nicholas Tse, Bingbing Fan, Jackie Chan, Jacky Wu, Yu Xing",https://www.filmcrave.com/movie_page_main.php?id=43287,"As China crumbles in the face of feuding warloards, Hao Jie sees himself as a master of the battlefield and a fierce warrior. Yet when his own family is wiped out, he is forced to take shelter with the Shaolin monks he once looked down upon and he soon realizes his arrogance blinded him to the true suffering of the people. Joining forces, they launch a daring plan of rescue and redemption. --"
Wasted on the Young,33782,1.9,03/11/2011,English,"Drama, Thriller",R,Ben C. Lucas,"Oliver Ackland, Adelaide Clemens, Alex Russell, Georgina Haig, T.J. Power, Kym Thorne",https://www.filmcrave.com/movie_page_main.php?id=43288,"A high school party gets completely out of hand - cool kid Zack, his geeky kid brother Darren and Xandrie - Darren's best friend and the girl at the center of it all - must cope with the fallout and the need for revenge. --"
Home for the Holidays ( Deadly Desires ),35321,2.0,11/28/1972,English,"Drama, Horror",NR,John Llewellyn Moxey,"Jessica Walter, Sally Field, Jill Haworth, Julie Harris, Eleanor Parker, Walter Brennan",https://www.filmcrave.com/movie_page_main.php?id=43289,Unknown
Carnival Magic,24210,2.3,01/01/1981,English,Family,G,Al Adamson,"Don Stewart, Jennifer Houlton, Howard Segal, Regina Carrol, Joe Cirillo, Mark Weston",https://www.filmcrave.com/movie_page_main.php?id=43290,"A telekinetic and mind-reading magician, along with his talking chimp sidekick, become the main-attraction in the carnival\t"
R.O.T.O.R.,44230,2.0,07/28/1988,English,"Action, Sci-Fi",NR,Cullen Blaine,"Margaret Trigg, Richard Gesswein, Jayne Smith, James Cole, Stan Moore, Nanette Kuczek",https://www.filmcrave.com/movie_page_main.php?id=43291,A prototype robot intended for crime combat escapes from the development lab and goes on a killing rampage.\t
Conan O'Brien Can't Stop,7329,2.6,06/24/2011,English,"Documentary, Comedy",R,Rodman Flender,"Conan O'Brien, Andy Richter, Jimmy Vivino, Scott Healy, Mike Merritt, James Wormworth",https://www.filmcrave.com/movie_page_main.php?id=43292,Unknown
Shiloh Falls,46455,1.8,12/01/2007,English,"Thriller, Western",PG-13,Adrian Fulle,"Esteban Powell, Forrest Witt, Patrick Graves, J. Marvin Campbell, Jack Littman, Brad Greenquist",https://www.filmcrave.com/movie_page_main.php?id=43293,"Upon tracking a murderous gang of bandits to the dusty outpost town of Shiloh Falls, a hardened lawman if forced to fight alongside his worst enemies in order to defeat a supernatural stranger that could destroy them all\t"
Knuckle,14438,2.6,01/21/2011,English,"Documentary, Biography",R,Ian Palmer,"Ian Palmer, Paddy Joyce, James Quinn McDonagh",https://www.filmcrave.com/movie_page_main.php?id=43294,"A look into a 12-year history between two feuding Irish families, known as the Irish Travelers to those who have seen the videos,  and the motivation behind their bare-knuckled throwdowns. --"
Creature,35996,1.7,09/09/2011,English,Horror,R,Fred Andrews,"Serinda Swan, Mehcad Brooks, Sid Haig, Pruitt Taylor Vince, Dillon Casey, Aaron Hill",https://www.filmcrave.com/movie_page_main.php?id=43295,The Louisiana bayou is the setting as a group of friends must somehow survive after waking a monster from the swamp depths. --
Jane's Journey,33468,2.0,01/11/2011,English,"Documentary, Biography",NR,Lorenz Knauer,"Jane Goodall, Angelina Jolie, Pierce Brosnan, Kofi Annan, Merlin van Lawick, Angel van Lawick",https://www.filmcrave.com/movie_page_main.php?id=43296,"When Dr. Jane Goodall gave up her career as a primatologist, along with her private life, she did it for a good reason: to save the planet. For 20 years she has been working 300 days each year she has been spreading her message, garnering awards and praise along the way. This is her story. --"
Programming the Nation?,42265,1.7,08/19/2011,English,Documentary,NR,Jeff Warrick,"John B. Alexander, Christopher Coppola, Dennis Kucinich, Noam Chomsky, David Fricke, Philip Farber",https://www.filmcrave.com/movie_page_main.php?id=43297,A documentary that explores the history of subliminal content in media and even the military and examines if the American people are being influenced unconsciously by these means. --
Senna,806,3.1,08/12/2011,English,"Documentary, Biography",PG-13,Asif Kapadia,"Ayrton Senna, Alain Prost, Frank Williams, Ron Dennis, Viviane Senna, Milton da Silva",https://www.filmcrave.com/movie_page_main.php?id=43298,"A documentary/biography of Formula One legend Ayrton Senna, who became a global sensation, and a revered man in his native Brazil, before meeting a sudden, tragic end at only 34 years of age. --"
Shut Up Little Man! An Audio Misadventure,9974,2.7,08/25/2011,English,"Documentary, Comedy",NR,Matthew Bate,"Ivan Brunetti, Daniel Clowes, Eddie Lee Sausage, Peter Haskett, Mike Mitchell, Mitch Deprey",https://www.filmcrave.com/movie_page_main.php?id=43299,Two friends record the arguments or their violently-vocal neighbors and quite accidentally create one of the first viral pop-culture events. --
PEZheads: The Movie,6849,2.8,10/31/2006,English,Documentary,NR,Christopher Marshall,"Chris Skeene, Kendra Skeene, Robby Takac, Vinnie Fiorello, Joe Vittoria, Shawn Peterson",https://www.filmcrave.com/movie_page_main.php?id=43300,Unknown
Reservation ,35745,2.0,09/26/2010,English,Horror,NR,Michael A. McGowan,"Skye P. Marshall, Ian Chidlaw, Dylan Diehl, Ryan Haake, Amanda Mangum, Keta Meggett",https://www.filmcrave.com/movie_page_main.php?id=43301,Unknown
Troubadors,51142,3.0,01/01/2008,English,Drama,NR,"Adam Galassi, Tom Galassi, Tom Snyder\t","David Marcotte, Patrick Zielinski, Amy Sokol, Craig Barnes, Tom Galassi, Tammy Stackpoole",https://www.filmcrave.com/movie_page_main.php?id=43302,Unknown
Confessions of a Porn Addict,28083,2.3,03/27/2008,English,Comedy,NR,Duncan Christie,"Spencer Rice, Mark Breslin, Lindsey Connell, Michelle Morgan, Robert Black, Duncan Christie",https://www.filmcrave.com/movie_page_main.php?id=43303,Unknown
Fire!,46464,1.8,11/06/2008,English,"Action, Adventure",NR,Raoul W. Heimrich,"Gary Dourdan, Cosma Shiva Hagen, Ken Duken, Florentine Lahme, Ralph Herforth, Numan A\xc3\xa7ar",https://www.filmcrave.com/movie_page_main.php?id=43304,Unknown
I'm Glad My Mother is Alive ( Je suis heureux que ma m\xc3\xa8re soit vivante ),43135,1.5,04/22/2011,French,Drama,NR,"Claude Miller, Nathan Miller","Vincent Rottiers, Sophie Cattani, Christine Citti, Yves Verhoeven, Maxime Renard, Olivier Gu\xc3\xa9rit\xc3\xa9e",https://www.filmcrave.com/movie_page_main.php?id=43305,"A troubled teen who was given up for adoption starts on a quest to find his birth mother. When he succeeds in tracking her down, the years of emptiness and loneliness eventually drive him to an act of madness.  --"
Over Your Cities Grass Will Grow,35771,2.0,01/07/2011,French,Documentary,NR,Sophie Fiennes,"Anselm Kiefer, Klaus Dermutz",https://www.filmcrave.com/movie_page_main.php?id=43306,Unknown
Redemption Road,31291,2.2,08/26/2011,English,Drama,NR,Mario Van Peebles,"Michael Clarke Duncan, Taryn Manning, Kiele Sanchez, Luke Perry, Tom Skerritt, Melvin Van Peebles",https://www.filmcrave.com/movie_page_main.php?id=43307,Unknown
Saving Private Perez ( Salvando al Soldado P\xc3\xa9rez ),34033,1.9,09/02/2011,Spanish,"Adventure, Comedy",PG-13,Beto G\xc3\xb3mez,"Gerardo Taracena, Joaqu\xc3\xadn Cosio, Jaime Camil, Randy Vasquez, Isela Vega, Miguel Rodarte",https://www.filmcrave.com/movie_page_main.php?id=43308,A Mexican drug lord is in for the adventure of his life after his mother sends him on a suicidal rescue mission to find his brother and ends up in Iraq. --
Wrong Turn 4: Bloody Beginnings,16330,2.3,10/17/2011,English,"Horror, Action",R,Declan O'Brien,"Terra Vnesa, Dean Armstrong, Kaitlyn Wong, Jennifer Pudavick, Tenika Davis, Kristen Harris",https://www.filmcrave.com/movie_page_main.php?id=43309,A group of snowmobilers are caught in a storm but happen upon an abandoned sanatorium and are more than happy for the shelter. Too bad for them there still  happens to be a resident and he isn't happy about the company. --
Surviving Life (Theory and Practice) ( Prez\xc3\xadt svuj zivot (teorie a praxe) ),14852,2.6,12/03/2010,Czech,"Animation, Comedy",NR,Jan Svankmajer,"V\xc3\xa1clav Helsus, Kl\xc3\xa1ra Issov\xc3\xa1, Zuzana Kr\xc3\xb3nerov\xc3\xa1, Daniela Bakerova, Em\xc3\xadlia Dosekov\xc3\xa1, Marcel Nemec",https://www.filmcrave.com/movie_page_main.php?id=43310,Unknown
Resurrect Dead: The Mystery of the Toynbee Tiles,4979,2.9,01/01/2011,English,Documentary,NR,Jon Foy,"Justin Duerr, Colin Smith, Steve Weinik",https://www.filmcrave.com/movie_page_main.php?id=43311,Unknown
"Silence, The ( letzte Schweigen, Das )",19958,2.3,03/08/2013,German,Drama,NR,Baran bo Odar,"Ulrich Thomsen, Wotan Wilke M\xc3\xb6hring, Katrin Sa\xc3\x9f, Burghart Klau\xc3\x9fner, Sebastian Blomberg, Karoline Eichhorn",https://www.filmcrave.com/movie_page_main.php?id=43312,"Two cases of murder 23 years apart - but for those involved in the killing, the grief and the investigation - both past and present collide but will justice be brought to the guilty or not?\t"
Grave Encounters,10985,2.4,04/22/2011,English,Horror,NR,The Vicious Brothers,"Sean Rogerson, Juan Riedinger, Ashleigh Gryzko, Mackenzie Gray, Bob Rathie, Ben Wilkinson",https://www.filmcrave.com/movie_page_main.php?id=43313,The members of a ghost-hunting reality program get more than they bargained for when they're locked in for the night at Collingwood Psychiatric Hospital - where the ghosts are very real and have no intention of letting the crew leave. --
Superheroes,26711,2.3,01/01/2011,English,"Documentary, Comedy",NR,Michael Barnett,Unknown,https://www.filmcrave.com/movie_page_main.php?id=43314,Unknown
Kalevet - Rabies,28197,2.3,12/10/2010,Hebrew,Horror,NR,"Aharon Keshales, Navot Papushado","Ania Bukstein, Ran Danker, Liat Harlev, Efrat Boimold, Danny Geva, Yael Grobglas",https://www.filmcrave.com/movie_page_main.php?id=43315,"An Israeli atypical slasher flick involving a pair of siblings in a deserted nature reserve, the psychotic killer who finds them, a park ranger and his dog, a police unit and and some young tennis players. --"
The FP,15316,2.5,03/16/2012,English,Comedy,R,"Brandon Trost, Jason Trost","Jason Trost, Lee Valmassy, Art Hsu, Caitlyn Folley, Brandon Barrera, James DeBello",https://www.filmcrave.com/movie_page_main.php?id=43316,"After the rivalry between two gangs over Frazier Park using the dance/fight video game Beat Beat Revolution results in the death of his brother, JTRO turns his back and vows never to play. But a year later, The FP is in ruins and JTRO will have to summon the courage to dance again... for his brother's honor and for his revenge. --"
Lost Voyage,46358,1.8,05/11/2002,English,"Horror, Mystery",R,Christian McIntire,"Judd Nelson, Janet Gunn, Jeff Kober, Lance Henriksen, Scarlett Chorvat, Richard Gunn",https://www.filmcrave.com/movie_page_main.php?id=43317,"Decades after being mysteriously swallowed up in the bottomless belly of the Bermuda Triangle, the reappearance of the cruise ship Corona Queen leads to a terrifying journey into the unknown\t"
Juvies,14767,2.6,02/01/2004,English,Documentary,NR,Leslie Neale,"Mos Def, Gil Garcetti, Eric Kipness, Mark Wahlberg, Michael Meade, Elizabeth Sowell",https://www.filmcrave.com/movie_page_main.php?id=43318,Unknown
Linewatch,25797,3.0,10/21/2008,English,"Crime, Drama",R,Kevin Bray,"Cuba Gooding Jr., Omari Hardwick, Evan Ross, Dean Norris, Malieek Straughter, Sharon Leal",https://www.filmcrave.com/movie_page_main.php?id=43319,A border patrol agent and one time Los Angeles gang member is forced to take extreme measures to protect his nephew\t
Irvine Welsh's Ecstasy,17289,2.5,11/20/2012,English,"Drama, Romance",NR,Rob Heydon,"Adam Sinclair, Kristin Kreuk, Billy Boyd, Carlo Rota, Ashley Pover, Keram Malicki-S\xc3\xa1nchez",https://www.filmcrave.com/movie_page_main.php?id=43320,"The plot centers around two people, who's lives collide through a meeting at a rave. A young wife (Kristin Kreuk), unhappy with her life and marriage, decides to start a relationship with a drug dealer (Adam Sinclair) whom she meets at a rave party."
Silver Linings Playbook,292,3.1,11/21/2012,English,"Comedy, Drama",R,David O. Russell,"Jennifer Lawrence, Bradley Cooper, Robert De Niro, Julia Stiles, Jacki Weaver, Chris Tucker",https://www.filmcrave.com/movie_page_main.php?id=43321,"After eight months in an institution, Pat Solitano moves in with his parents, wanting nothing more to get his life back in order, starting with re-connecting with he ex-wife. He meets a young woman with challenges of her own who promises to help him, as long as he does something for her in return. Yet as the plan comes together, these two damaged individuals begin to form their own bond. --"
The Caller,24524,2.1,08/26/2011,English,"Mystery, Thriller",R,Matthew Parkhill,"Stephen Moyer, Rachelle Lefevre, Luis Guzm\xc3\xa1n, Ed Quinn, Lorna Raver, Maris\xc3\xa9 Alvarez",https://www.filmcrave.com/movie_page_main.php?id=43323,"Mary Kee, a divorced woman begins to receive threatening calls from an"
Underwater Love ( Onna no kappa ),31272,2.2,04/22/2011,Japanese,"Fantasy, Musical",NR,Shinji Imaoka,"Mutsuo Yoshioka, Emi Nishimura, Sawa Masaki, Yoshir\xc3\xb4 Umezawa, Fumio Moriya, Ai Narita",https://www.filmcrave.com/movie_page_main.php?id=43324,"An erotic musical that features a woman in a listless relationship who comes across a mythical Kappa - who she realizes is a young man she knew before he drowned. Hiding him, she finds herself attracted to him and engages in a passionate affair.\t"
House of Fallen,51171,3.0,03/01/2008,English,"Drama, Thriller",R,Robert Stephens,"Ken Arnold, Corbin Bernsen, Felicia Dames, Eleanor Drew, Richard Fullerton, Jeff Wincott",https://www.filmcrave.com/movie_page_main.php?id=43325,Unknown
The Whisperer in Darkness,39817,1.8,05/19/2011,English,"Mystery, Sci-Fi",NR,Sean Branney,"Stephen Blackehart, Conor Timmis, Barry Lynch, Andrew Leman, Matt Foyer, Autumn Wendel",https://www.filmcrave.com/movie_page_main.php?id=43326,Unknown
Elite Squad: The Enemy Within ( Tropa de Elite 2 - O Inimigo Agora \xc3\x89 Outro ),3740,2.8,01/23/2011,Portuguese,"Action, Crime",NR,Jos\xc3\xa9 Padilha,"Wagner Moura, Irandhir Santos, Andr\xc3\xa9 Ramiro, Milhem Cortaz, Maria Ribeiro, Seu Jorge",https://www.filmcrave.com/movie_page_main.php?id=43327,"After a prison riot, Captain Nascimiento, now a high-ranking security officer in Rio de Janeiro, is swept into the largest operation against drug traffickers: a bloody political dispute that involves government officials and paramilitary groups."
Chillar Party,11968,2.6,07/08/2011,Hindi,"Comedy, Family",NR,"Vikas Bahl, Nitesh Tiwari","Chinmai Chandranshuh, Vedant Desai, Rohan Grover, Naman Jain, Divji Handa, Irfan Khan",https://www.filmcrave.com/movie_page_main.php?id=43328,Unknown
Murder 2,5370,2.8,07/08/2011,Hindi,"Crime, Drama",NR,Mohit Suri,"Jaqueline Fernandes, Yana Gupta, Emraan Hashmi, Bikramjeet Kanwarpal, Prashant Narayanan, Sudhanshu Pandey",https://www.filmcrave.com/movie_page_main.php?id=43329,Unknown
Stone Cold Dead,8509,2.8,03/05/1980,English,"Crime, Thriller",R,George Mendeluk,"Richard Crenna, Paul Williams, Linda Sorenson, Belinda Montgomery, Chuck Shamata, Alberta Watson",https://www.filmcrave.com/movie_page_main.php?id=43330,A cop and a small-time crime boss join forces to find the person responsible for a series of prostitute killings\t
Marshal Law,55568,1.3,12/16/1996,English,"Action, Drama",R,Stephen Cornwell,"Jimmy Smits, James LeGros, Kristy Swanson, Vonte Sweet, Scott Plank, Channon Roe",https://www.filmcrave.com/movie_page_main.php?id=43331,A former U.S. Marshall takes extreme measures to save his family from a band of psychopaths after an earthquake destroys the apartment complex in which they live\t
Headless Horseman,32601,2.8,10/27/2007,English,Horror,R,Anthony C. Ferrante,"Billy Aaron Brown, Rebecca Mozo, Richard Moll, Arianne Fraser, M. Steven Felty, Elizabeth Prestel",https://www.filmcrave.com/movie_page_main.php?id=43332,Seven teens on the way to a party discover that they're in danger of losing their heads to a vengeful ghost that won't stop killing until he's gathered enough gourds to make a complete collection.\t
Empire of Assassins,20990,2.4,07/05/2011,Mandarin,Action,R,N/A,"Miu Tse, Li Yuan",https://www.filmcrave.com/movie_page_main.php?id=43333,Unknown
Kuroneko ( Yabu no naka no kuronek ),10059,2.6,05/27/1971,Japanese,"Fantasy, Horror",NR,Kaneto Shind\xc3\xb4,"Kichiemon Nakamura, Nobuko Otowa, Kiwako Taichi, Kei Sat\xc3\xb4, Taiji Tonoyama, Rokko Toura",https://www.filmcrave.com/movie_page_main.php?id=43334,Unknown
Identification of a Woman ( Identificazione di una donna ),19473,2.2,09/30/1982,Italian,"Drama, Romance",NR,Michelangelo Antonioni,"Tomas Milian, Daniela Silverio, Christine Boisson, Lara Wendel, Veronica Lazar, Enrica Antonioni",https://www.filmcrave.com/movie_page_main.php?id=43335,"A director, whose wife has left him, decides to make a film about relationships. He searches for the perfect lead in his film... and maybe in his life. --"
Leningrad Cowboys Meet Moses,49575,3.0,02/25/1994,English,"Adventure, Comedy",NR,Aki Kaurism\xc3\xa4ki,"Twist-Twist Erkinharju, Ben Granfelt, Sakke J\xc3\xa4rvenp\xc3\xa4\xc3\xa4, Jore Marjaranta, Ekke Niiva, Jyri N\xc3\xa4rv\xc3\xa4nen",https://www.filmcrave.com/movie_page_main.php?id=43336,Unknown
Premium Rush,4266,2.7,08/24/2012,English,"Action, Thriller",PG-13,David Koepp,"Joseph Gordon-Levitt, Jamie Chung, Michael Shannon, Dania Ramirez, Aasif Mandvi, Nick Damici",https://www.filmcrave.com/movie_page_main.php?id=43337,A bike messenger suddenly finds himself on more than just a routine delivery when a corrupt cop begins pursuit after picking up a package. --
Generation P,18759,2.7,04/14/2011,Russian,"Comedy, Drama",NR,Victor Ginzburg,"Oleg Taktarov, Vladimir Menshov, Vladimir Epifantsev, Renata Litvinova, Mikhail Efremov, Andrey Panin",https://www.filmcrave.com/movie_page_main.php?id=43338,Unknown
Big Money Hustlas,6592,2.9,07/18/2000,English,"Comedy, Crime",NR,John Cafiero,"Violent J, Shaggy 2 Dope, Jamie Madrox, Monoxide, John G. Brennan, Harland Williams",https://www.filmcrave.com/movie_page_main.php?id=43339,"After sweeping his own streets clean of organized crime, a San Fran cop named Sugar Bear (Shaggy 2 Dope) heads east for some tougher turf. Soon after landing a job with the NYPD this pimpin' piggy realizes that he may have met his match.\t"
"Angel of Mine ( empreinte de l'ange, L' )",46461,1.8,08/13/2008,French,Drama,NR,Safy Nebbou,"Catherine Frot, Sandrine Bonnaire, Wladimir Yordanoff, Antoine Chappey, Michel Aumont, Sophie Quinton",https://www.filmcrave.com/movie_page_main.php?id=43340,Tells of a woman who becomes convinced a 6-year-old girl she sees at a birthday party is the daughter she lost during a fire in a maternity ward years earlier.\t
A Family Underground,14825,2.6,05/12/2009,English,Documentary,R,Paul Andresen,"Shaggy 2 Dope, Afroman, Violent J, Jamie Madrox, Monoxide, Ice-T",https://www.filmcrave.com/movie_page_main.php?id=43341,Unknown
Big Money Rustlas,10946,2.6,01/23/2010,English,"Comedy, Western",R,Paul Andresen,"Violent J, Shaggy 2 Dope, 2 Tuff Tony, Boondox, Blaze Ya Dead Homie, Jason Mewes",https://www.filmcrave.com/movie_page_main.php?id=43342,Unknown
Chrome Angels ( Cyborg Conquest ),51394,3.0,06/06/2009,English,"Action, Sci-Fi",R,Leigh Scott,"Stacey Dash, Paul Le Mat, Frida Farrell, Eliza Swenson, Kristen Quintrall, Jackey Hall",https://www.filmcrave.com/movie_page_main.php?id=43343,Unknown
Act of Valor,3948,2.7,02/24/2012,English,"Action, Thriller",R,"Mike McCoy, Scott Waugh","Roselyn Sanchez, Nestor Serrano, Emilio Rivera, Gonzalo Menendez, Ailsa Marshall, Jason Cottle",https://www.filmcrave.com/movie_page_main.php?id=43344,"Inspired by true events and starring an active group of Navy SEALs, Act of Valor follows this elite group of trained soldiers as they mount a cover rescue mission for a kidnapped CIA operative. --"
Texas Killing Fields,19575,2.1,10/14/2011,English,"Crime, Drama",R,Ami Canaan Mann,"Chloe Moretz, Sam Worthington, Jeffrey Dean Morgan, Jessica Chastain, Stephen Graham, Annabeth Gish",https://www.filmcrave.com/movie_page_main.php?id=43345,A local homicide detective and a New York cop join forces to catch the killer behind a series of unsolved murders in the bayous and backwoods of Texas. --
This Means War,6261,2.5,02/17/2012,English,"Action, Comedy",PG-13,McG,"Tom Hardy, Chris Pine, Reese Witherspoon, Rebel Wilson, Laura Vandervoort, Til Schweiger",https://www.filmcrave.com/movie_page_main.php?id=43346,Two CIA operatives find themselves battling each other when they both fall
Chronicle,3060,2.7,02/03/2012,English,"Drama, Sci-Fi",PG-13,Josh Trank,"Michael B. Jordan, Michael Kelly, Dane DeHaan, Ashley Hinshaw, Alex Russell, Anna Wood",https://www.filmcrave.com/movie_page_main.php?id=43347,It's superhero-meets-found-footage when a trio of teenage friends suddenly gain superpowers after coming in contact with strange substances. But problems arise when personal issues throw them into conflict. --
Funland,33354,2.0,10/01/1987,English,Comedy,PG-13,Michael A. Simpson,"William Windom, David L. Lander, Bruce Mahler, Robert Sacchi, Clark Brandon, Jan Hooks",https://www.filmcrave.com/movie_page_main.php?id=43348,Unknown
I Like to Hurt People,20811,2.4,01/01/1985,English,Documentary,NR,Donald G. Jackson,"Edward Farhat, Andr\xc3\xa9 the Giant, Dusty Rhodes, Ernie Roth, Don Kent, Ed George",https://www.filmcrave.com/movie_page_main.php?id=43349,Unknown
3 A.M.,11984,2.6,07/01/2001,English,"Crime, Mystery",NR,Lee Davis,"Sarita Choudhury, Michelle Rodriguez, Danny Glover, Bobby Cannavale, Pam Grier, John Ortiz",https://www.filmcrave.com/movie_page_main.php?id=43350,3 A.M. looks at a group of cabbies trying to get by while working the night shift.\t
Blood Crime,31022,2.2,09/13/2002,English,"Drama, Thriller",R,William A. Graham,"James Caan, Johnathon Schaech, Elizabeth Lackey, David Field, Sydney Jackson, Paul Glover",https://www.filmcrave.com/movie_page_main.php?id=43351,"Seattle detective Daniel Pruitt goes out to the country with his wife Jessica who is brutally attacked; hysterical, she accuses an innocent man, whom Pruitt beats severely. But when he finally contacts the local sheriff the beaten man turns up dead and turns out to be the sheriff's son. Now Pruitt has to find the real murderer before the evidence starts pointing to him.\t"
Slash,46378,1.8,08/26/2003,English,"Comedy, Horror",R,Neal Sundstrom,"Adam Woolf, Danny Keogh, Milan Murray, Guy Raphaely, Anton Voster, David Dukas",https://www.filmcrave.com/movie_page_main.php?id=43352,A horrifying family legend comes back to haunt the singer of a popular rock band teetering on the edge of becoming super stars.\t
Dorm ( Dek hor ),7234,2.7,02/02/2006,Thai,"Drama, Horror",NR,Songyos Sugmakanan,"Charlie Trairat, Chintara Sukapatana, Sirachuch Chienthaworn, Pakasit Pantural, Thanabodin Sukserisup, Nipawan Taveepornsawan",https://www.filmcrave.com/movie_page_main.php?id=43353,Unknown
Missing Pieces,28606,2.1,01/01/2012,English,Drama,NR,Kenton Bartlett,"Mark Boone Junior, Melora Walters, Daniel Hassel, Taylor Engel, Bob Fitts, Jocelyn Druyan",https://www.filmcrave.com/movie_page_main.php?id=43354,Unknown
The Entitled,28201,2.3,01/01/2011,English,Thriller,R,Aaron Woodley,"Ray Liotta, Kevin Zegers, Stephen McHattie, Laura Vandervoort, Victor Garber, Devon Bostick",https://www.filmcrave.com/movie_page_main.php?id=43356,Unknown
A Beginner's Guide to Endings,12556,2.6,01/01/2010,English,"Comedy, Drama",R,Jonathan Sobol,"Tricia Helfer, Scott Caan, Harvey Keitel, J.K. Simmons, Paulo Costanzo, Jared Keeso",https://www.filmcrave.com/movie_page_main.php?id=43357,Unknown
Atomic Mom,31241,2.2,10/10/2010,English,"Documentary, Historical",NR,M.T. Silvia,"Pauline Silvia, M.T. Silvia, Emiko Okada",https://www.filmcrave.com/movie_page_main.php?id=43358,Unknown
The Smell of Success,32641,2.8,01/20/2009,English,Comedy,PG-13,Michael Polish,"Billy Bob Thornton, T\xc3\xa9a Leoni, Mark Polish, Ed Helms, Kyle MacLachlan, Pruitt Taylor Vince",https://www.filmcrave.com/movie_page_main.php?id=43359,Unknown
"Carolina, RI: The Smallest of the Small",39767,1.8,04/08/2010,English,Documentary,NR,Carla Ricci,"Charlie Dyson, Walter Eddy, Francis Fenner, Esther Grimes, Janice Houston, Paula Dove Jennings",https://www.filmcrave.com/movie_page_main.php?id=43360,Unknown
She Monkeys ( Apflickorna ),39813,1.8,04/25/2011,Swedish,Drama,NR,Lisa Aschan,"Mathilda Paradeiser, Linda Molin, Isabella Lindquist, Sergej Merkusjev, Adam Lundgren, Sigmund Hovind",https://www.filmcrave.com/movie_page_main.php?id=43361,Two teens involved in the same equestrian acrobatics team spark a relationship - but the struggle with power - both within and without - keeps building until it threatens to tear everything apart. --
"Women on the 6th Floor, The ( femmes du 6\xc3\xa8me \xc3\xa9tage, Les )",29192,2.0,04/11/2011,French,Comedy,NR,Philippe Le Guay,"Fabrice Luchini, Sandrine Kiberlain, Natalia Verbeke, Carmen Maura, Lola Due\xc3\xb1as, Berta Ojea",https://www.filmcrave.com/movie_page_main.php?id=43362,"Jean-Louis Joubert lives an affluent, uptight and ultimately boring life in 1960s Paris. But, when he discovers the sixth floor of his luxury building, and the colorful Spanish maids living there, it helps to open a whole new world and a new approach to life. --"
Stiletto,37586,2.5,04/29/2008,English,"Action, Crime",R,Nick Vallelonga,"Stana Katic, Tom Berenger, Paul Sloan, Michael Biehn, William Forsythe, Kelly Hu",https://www.filmcrave.com/movie_page_main.php?id=43363,Unknown
The Hunger Games: Catching Fire,752,3.0,11/22/2013,English,"Action, Drama",PG-13,Francis Lawrence,"Jennifer Lawrence, Josh Hutcherson, Liam Hemsworth, Woody Harrelson, Sam Claflin, Donald Sutherland",https://www.filmcrave.com/movie_page_main.php?id=43364,"Based on the second book in Suzanne Collin's Hunger Games trilogy: Following their dual victory in the Hunger Games, Katniss and Peeta find themselves on the mandatory post-games victory tour through each of the districts. Katniss also finds herself torn between her relationship with Peeta and Gale. Yet their subversive victory has stirred up some districts and rumors of rebellion run rampant. The Capitol must figure out a way to quell this growing unrest and comes up with a novel solution for the 75th Annual Hunger Games: bringing back past winners to fight once again and this time there will be no compromise.  --"
The Odd Life of Timothy Green,8030,2.5,08/15/2012,English,Fantasy,PG,Peter Hedges,"Jennifer Garner, Joel Edgerton, Ron Livingston, Rosemarie DeWitt, Dianne Wiest, Michael Arden",https://www.filmcrave.com/movie_page_main.php?id=43365,"A couple unable to conceive decide to put all their hopes and dreams of having their own child in a box and bury it in the back yard. When a child is born, the couple believe their wishes have been heard, but Timothy Green is not your normal child... --"
Trespass,29291,1.8,10/14/2011,English,"Crime, Drama",R,Joel Schumacher,"Nicolas Cage, Cam Gigandet, Nicole Kidman, Liana Liberato, Nico Tortorella, Jordana Spiro",https://www.filmcrave.com/movie_page_main.php?id=43366,Things go from bad to worse for a husband and wife held for ransom when it turns out a simple home invasion holds divides the couple when deception and betrayal are revealed. --
Oranges and Sunshine,1512,3.1,10/28/2011,English,Drama,R,Jim Loach,"Hugo Weaving, Emily Watson, David Wenham, Lorraine Ashbourne, Tara Morice, Clayton Watson",https://www.filmcrave.com/movie_page_main.php?id=43367,"Based on the true story of Margaret Humphreys, a social worker from Nottingham who discovered a secret the British government tried to keep hidden: the forced migration of 130,000 children, many of whom suffered abuse, and nearly singlehandedly brought to scandal to world-wide attention. --"
Answers to Nothing,33077,2.0,12/02/2011,English,"Drama, Mystery",R,Matthew Leutwyler,"Dane Cook, Elizabeth Mitchell, Julie Benz, Barbara Hershey, Zach Gilford, Erik Palladino",https://www.filmcrave.com/movie_page_main.php?id=43368,"A group of lost souls in L.A. share an intertwining story as they search for meaning, justice and even love against the backdrop of a child abduction. --"
Being Elmo: A Puppeteer's Journey,2188,3.0,10/21/2011,English,Documentary,PG,Constance Marks,"Kevin Clash, Frank Oz, Bill Barretta, Rosie O'Donnell, Whoopi Goldberg, Caroll Spinney",https://www.filmcrave.com/movie_page_main.php?id=43369,Elmo is perhaps one of the most recognized and adored characters on Sesame Street - winning the hearts of children world-wide. Yet the man behind the puppet can walk down the street without a soul recognizing him. This is the story of Kevin Clash and how he breathes life into a cherished character. --
Joyful Noise,7901,2.5,01/13/2012,English,Comedy,PG-13,Todd Graff,"Kris Kristofferson, Queen Latifah, Dolly Parton, Courtney B. Vance, Keke Palmer, Jesse L. Martin",https://www.filmcrave.com/movie_page_main.php?id=43370,"A small-town choir looks to beat the odds and win a national competition, but only if the two leads can stop butting heads and learn to work together. --"
Born and Bred,31289,2.2,08/19/2011,English,"Documentary, Drama",NR,Justin Frimmer,"Javier Molina, Oscar Molina, Robert Luna",https://www.filmcrave.com/movie_page_main.php?id=43371,Chronicles the lives of adolescent boxers as they graduate from the rank of amateurs to the competitive professional world in the boxing capital of the America: Los Angeles. --
The Dungeon of Harrow,46093,1.8,01/01/1962,English,Horror,NR,Pat Boyette,"Russ Harvey, Helen Hogan, William McNulty, Michele Buquor, Maurice Harris, Eunice Grey",https://www.filmcrave.com/movie_page_main.php?id=43372,Unknown
Underground Aces,30843,2.2,01/01/1981,English,Comedy,PG,Robert Butler,"Dirk Benedict, Melanie Griffith, Sid Haig, Jerry OrbachFrank Gorshin, Michael Winslow, Frank Gorshin",https://www.filmcrave.com/movie_page_main.php?id=43373,Unknown
The Sleeping Car,19891,2.3,02/02/1990,English,"Comedy, Horror",R,Douglas Curtis,"David Naughton, Judie Aronson, Kevin McCarthy, Jeff Conaway, Dani Minnick, Ernestine Mercer",https://www.filmcrave.com/movie_page_main.php?id=43374,A young man moves into a railway sleeping car which still houses a ghostly occupant.\t
The Amityville Curse,24567,2.1,05/07/1990,English,Horror,R,Tom Berry,"Kim Coates, Dawna Wightman, Helen Hughes, David Stein, Anthony Dean Rubes, Cassandra Gava",https://www.filmcrave.com/movie_page_main.php?id=43375,"A group of friends settle down in Amityville to restore a haunted mansion, with predictable results.\t"
The Midnight Hour,26553,2.1,11/01/1985,English,"Comedy, Horror",NR,Jack Bender,"Lee Montgomery, Shari Belafonte, LeVar Burton, Peter DeLuise, Dedee Pfeiffer, Kevin McCarthy",https://www.filmcrave.com/movie_page_main.php?id=43376,Unknown
Triviatown,38683,1.8,04/01/2006,English,Documentary,NR,"Patrick Cady, Brit McAdams",Donald E. Chesebro,https://www.filmcrave.com/movie_page_main.php?id=43377,Unknown
America the Beautiful,5338,3.0,08/01/2008,English,Documentary,R,Darryl Roberts,"Anthony Kiedis, Jessica Simpson, Paris Hilton, Martin Short, Eve Ensler, Ted Casablanca",https://www.filmcrave.com/movie_page_main.php?id=43378,Filmmaker Darryl Roberts goes on a five year journey to examine America's growing obsession: physical perfection.\t
Entry Level,25761,3.0,08/12/2007,English,"Comedy, Drama",NR,Douglas Horn,"D.B. Sweeney, Missi Pyle, Cedric Yarbrough, Lisa Ann Walter, Steve Ryan, Kurtwood Smith",https://www.filmcrave.com/movie_page_main.php?id=43379,Unknown
Frownland,35667,2.0,03/07/2008,English,"Comedy, Drama",NR,Ronald Bronstein,"Dore Mann, Paul Grimstad, David Sandholm, Carmine Marino, Mary Bronstein, Paul Grant",https://www.filmcrave.com/movie_page_main.php?id=43380,"When he's not trying to sell coupons door to door, Keith struggles with evicting his roommate from their seedy apartment, helping a friend who's suicidal and just getting by as an outsider in the cruel city.\t"
This is Not a Robbery,17228,2.5,04/01/2008,English,Documentary,NR,"Lucas Jansen, Adam Kurland, Spencer Vrooman\t","J.L. ""Red"" Rountree",https://www.filmcrave.com/movie_page_main.php?id=43381,Unknown
Dead Space: Downfall,9226,2.5,10/28/2008,English,"Animation, Horror",NR,Chuck Patton,"Jim Cummings, Bruce Boxleitner, Lia Sargent, Kelly Hu, Kevin Michael Richardson, Keith Szarabajka",https://www.filmcrave.com/movie_page_main.php?id=43382,"For the crew of the USG Ishimura, this is how the horror begins: On a deep space mining mission to a remote planet, an ancient religious relic - thought to be proof of the existence of God - is unearthed and brought aboard\t"
"Referees, The ( arbitres, Les )",45305,1.5,07/11/2010,English,"Documentary, Sport",NR,"Yves Hinant, Eric Cardot, Lehericey Delphine","Howard Webb, Manuel Mejuto Gonz\xc3\xa1lez, Roberto Rosetti, Michel Platini, Peter Fr\xc3\xb6jdfeldt, Massimo Busacca",https://www.filmcrave.com/movie_page_main.php?id=43383,Unknown
Guns of Diablo,13280,2.4,01/29/1965,English,Western,NR,Boris Sagal,"Charles Bronson, Susan Oliver, Kurt Russell, Jan Merlin, John Fiedler, Douglas Fowley",https://www.filmcrave.com/movie_page_main.php?id=43384,"A 14-year-old Kurt Russell plays Jamie, an orphaned boy heading westward with a wagon train. Charles Bronson tops the cast as wagon scout Linc Murdock, who runs into difficulties when he meets old flame Maria (Susan Oliver), who is now married to corrupt lawman Rance Macklin (Jan Merlin). \t"
"Shooter, The ( Deadly Shooter )",11430,2.8,10/23/1997,English,Western,R,Fred Olen Ray,"Michael Dudikoff, Randy Travis, Valerie Wildman, Andrew Stevens, William Smith, Robert Donavan",https://www.filmcrave.com/movie_page_main.php?id=43385,A legendary gunfighter and Civil War veteran faces a gang of rogue bandits and an ornery family who controls the small town he has drifted into.\t
The Learning Curve,22613,2.5,10/05/2001,English,"Crime, Thriller",R,Eric Schwab,"Carmine Giovinazzo, Norbert Weisser, Monet Mazur, Tim Ransom, James Eckhouse, Allan Wasserman",https://www.filmcrave.com/movie_page_main.php?id=43386,"When Gerogia meets Paul at a bar, the two quickly realize that they have a love for illicit thrills in common. Soon they are pulling cons together.\t"
A Lobster Tale,25738,3.0,10/21/2006,English,Drama,PG-13,Adam Massey,"Colm Meaney, Alberta Watson, Graham Greene, Jack Knight, Dale Ewing, Joe Pingue",https://www.filmcrave.com/movie_page_main.php?id=43387,Unknown
Mirrors 2,29273,1.9,10/19/2010,English,"Horror, Mystery",R,V\xc3\xadctor Garc\xc3\xada,"Nick Stahl, Emmanuelle Vaugier, Evan Jones, Christy Carlson Romano, William Katt, Lawrence Turner",https://www.filmcrave.com/movie_page_main.php?id=43388,Unknown
30 Days of Night: Dark Days,19559,2.2,10/05/2010,English,"Horror, Thriller",R,Ben Ketai,"Kiele Sanchez, Rhys Coiro, Diora Baird, Harold Perrineau, Mia Kirshner, Ben Cotton",https://www.filmcrave.com/movie_page_main.php?id=43389,Unknown
Superman/Batman: Apocalypse,16264,2.2,09/28/2010,English,"Animation, Action",PG-13,Lauren Montgomery,"Andre Braugher, Tim Daly, Summer Glau, Kevin Conroy, Edward Asner, Susan Eisenberg",https://www.filmcrave.com/movie_page_main.php?id=43390,"When a spaceship splashes down in Gotham Harbor, Batman and Superman encounter a mysterious teen girl with powers as great as Superman\xe2\x80\x99s.\t"
Beware the Gonzo,13547,2.5,04/22/2010,English,Comedy,NR,Bryan Goluboff,"Zo\xc3\xab Kravitz, Jesse McCartney, Ezra Miller, Campbell Scott, Amy Sedaris, Judah Friedlander",https://www.filmcrave.com/movie_page_main.php?id=43391,Unknown
3-D Sex and Zen: Extreme Ecstasy,29805,2.2,04/14/2011,Cantonese,Drama,NR,Christopher Sun Lap Key,"Hiro Hayama, Yukiko Su\xc3\xb4, Irene Chen, Saori Hara, Leni Lan, Vonnie Lui",https://www.filmcrave.com/movie_page_main.php?id=43392,Unknown
El Bulli: Cooking in Progress,28244,2.3,07/27/2011,French,Documentary,NR,Gereon Wetzel,"Ferran Adri\xc3\xa0, Oriol Castro, Eduard Xatruch, Eugeni de Diego, Aitor Lozano",https://www.filmcrave.com/movie_page_main.php?id=43393,Unknown
Ninjas vs. Vampires,35755,2.0,10/29/2010,English,"Action, Comedy",NR,Justin Timpane,"Jay Saunders, Daniel Ross, Cory Okouchi, Devon Marie Burt, Carla Okouchi, Melissa McConnell",https://www.filmcrave.com/movie_page_main.php?id=43394,Unknown
Ninjas vs. Zombies,31235,2.2,08/24/2010,English,"Comedy, Horror",R,Justin Timpane,"Daniel Ross, Cory Okouchi, Carla Okouchi, P.J. Megaw, Dan Guy, Daniel Mascarello",https://www.filmcrave.com/movie_page_main.php?id=43395,Unknown
Vicious Circle,28129,2.3,09/08/2009,English,Drama,NR,Paul Boyd,"Paul Rodriguez, Emily Rios, Trevor Wright, Robert Zepeda, Richard Edson, Idalis DeLeon",https://www.filmcrave.com/movie_page_main.php?id=43396,Two individualistic teenagers find one another but learn that romance can be an uphill struggle.\t
Behind The Wall,18678,2.7,08/30/2008,English,"Horror, Thriller",PG-13,Paul Schneider,"Lindy Booth, Lawrence Dane, James Thomas, Andy Jones, Brad Hodder, Suzie Pollard",https://www.filmcrave.com/movie_page_main.php?id=43397,"Twenty years after her mother's mysterious murder, a young woman uncovers an evil force tied to a horrible family secret.\t"
Home Movie,4388,3.0,07/10/2008,English,"Drama, Horror",R,Christopher Denham,"Adrian Pasdar, Cady McClain, Amber Joy Williams, Austin Williams, Lucian Maisel",https://www.filmcrave.com/movie_page_main.php?id=43398,Unknown
Street Racer,41684,2.3,05/27/2008,English,Action,R,Teo Konuralp,"Clint Browning, Dorothy Drury, Robert Pike Daniel, Jason Ellefson, Dustin Fitzsimons, Connor Clayton",https://www.filmcrave.com/movie_page_main.php?id=43399,Unknown
April Fool's Day,43152,1.4,03/25/2008,English,Horror,NR,"Mitchell Altieri, Phil Flores","Taylor Cole, Josh Henderson, Scout Taylor-Compton, Joe Egender, Jennifer Siebel Newsom, Samuel Child",https://www.filmcrave.com/movie_page_main.php?id=43400,Unknown
Toast,11836,2.5,06/11/2011,English,"Comedy, Drama",NR,S.J. Clarkson,"Freddie Highmore, Victoria Hamilton, Colin Prockter, Ken Stott, Oscar Kennedy, Helena Bonham Carter",https://www.filmcrave.com/movie_page_main.php?id=43401,Unknown
Father of Invention,24453,2.1,01/01/2010,English,"Comedy, Drama",PG-13,Trent Cooper,"Kevin Spacey, Heather Graham, Camilla Belle, Virginia Madsen, John Stamos, Johnny Knoxville",https://www.filmcrave.com/movie_page_main.php?id=43402,"Once infomericial king, Robert Axle has just been released after eight years behind bars. Now he struggles to reconnect with his family and catch up with the latest technology. --"
Revenge of the Electric Car,19760,2.3,01/01/2011,English,Documentary,PG-13,Chris Paine,"Tim Robbins, Danny DeVito, Jon Favreau, Anthony Kiedis, Stephen Colbert, Talulah Riley",https://www.filmcrave.com/movie_page_main.php?id=43403,"Following in the footsteps of his documentary Who Killed the Electric Car? - director Chris Paine is given unprecedented access to the electric car research and development programs at General Motors, Nissan, and Tesla Motors chronicling the resurgence of the electric car movement. --"
Another Happy Day,11864,2.5,01/23/2011,English,Drama,R,Sam Levinson,"Ellen Barkin, Ezra Miller, Kate Bosworth, Demi Moore, Thomas Haden Church, George Kennedy",https://www.filmcrave.com/movie_page_main.php?id=43404,"A woman, her three children in tow, attends a wedding for her estranged son at her parents' Annapolis estate where emotions run high as she enters a family minefield.\t"
The Son of No One,28434,1.9,11/04/2011,English,"Crime, Thriller",R,Dito Montiel,"Channing Tatum, Al Pacino, Juliette Binoche, Ray Liotta, Katie Holmes, Brian Gilbert",https://www.filmcrave.com/movie_page_main.php?id=43405,A young cop returns to the neighborhood her grew up in when he is assigned to patrol it. Yet a long-buried secret comes back to haunt him and threatens his career and family. --
Tyrannosaur,1614,3.0,11/18/2011,English,Drama,NR,Paddy Considine,"Peter Mullan, Olivia Colman, Eddie Marsan, Paul Popplewell, Ned Dennehy, Samuel Bottomley",https://www.filmcrave.com/movie_page_main.php?id=43406,"A man consumed by anger and rage is destroying himself, until he meets a Christian charity shop worker. Yet a secret she hides threatens to derail both their lives. --"
Albert Nobbs,8004,2.5,01/27/2012,English,Drama,R,Rodrigo Garc\xc3\xada,"Mia Wasikowska, Aaron Johnson, Jonathan Rhys Meyers, Brendan Gleeson, Glenn Close, Mark Williams",https://www.filmcrave.com/movie_page_main.php?id=43407,"A woman struggles to find independence in 19th century Ireland and poses as a man so she can work as a butler at a top hotel. When she meets a painter it gives ""Albert"" the chance she needs to escape the lie she has been living. --"
The Green,7670,3.2,04/30/2011,English,Drama,NR,Steven Williford,"Jason Butler Harner, Cheyenne Jackson, Julia Ormond, Illeana Douglas, Karen Young, Bill Sage",https://www.filmcrave.com/movie_page_main.php?id=43408,Unknown
17 Miracles,20988,2.4,06/03/2011,English,Historical,PG,T.C. Christensen,"Jasen Wade, Jason Celaya, Natalie Blackman, Bruce Newbold, Savanna Kylie Lewis, Caitlin E.J. Meyer",https://www.filmcrave.com/movie_page_main.php?id=43409,Unknown
Woke Up Dead,46468,1.8,01/01/2009,English,"Comedy, Horror",NR,John Fasano,"Jon Heder, Krysten Ritter, Josh Gad, Daniel Roebuck, Wayne Knight, Meital Dohan",https://www.filmcrave.com/movie_page_main.php?id=43410,Unknown
My Step-Dad's a Freakin' Vampire,55607,1.3,01/01/2009,English,"Comedy, Horror",NR,David Matheny,"Lahcen Anajjar, Kate Forristall, Larry Peterson, Jeremy Spencer, Anita Cordell, Brandon Martin",https://www.filmcrave.com/movie_page_main.php?id=43411,Unknown
"Lost Tribe, The ( Primal )",37632,2.5,11/07/2009,English,"Adventure, Horror",R,Roel Rein\xc3\xa9,"Emily Foxler, Nick Mennell, Marc Bacher, Brianna Brown, Maxine Bahns, Lance Henriksen",https://www.filmcrave.com/movie_page_main.php?id=43412,Unknown
"Manson, My Name is Evil ( Leslie, My Name is Evil )",19946,2.3,04/01/2010,English,"Comedy, Crime",R,Reginald Harkema,"Kristen Hager, Gregory Smith, Ryan Robbins, Kristin Adams, Peter Keleghan, Kaniehtiio Horn",https://www.filmcrave.com/movie_page_main.php?id=43413,A straight laced chemist begins questioning society's standards and confronting his own darkest desires after falling for the all American homecoming queen who joined a hippie death cult and made headlines for her murderous exploits.\t
Confessions ( Kokuhaku ),1797,3.1,06/05/2010,Japanese,"Drama, Mystery",NR,Tetsuya Nakashima,"Takako Matsu, Yoshino Kimura, Masaki Okada, Yukito Nishii, Kaoru Fujiwara, Ai Hashimoto",https://www.filmcrave.com/movie_page_main.php?id=43414,Unknown
Parker and the Box,35797,2.0,07/28/2011,English,"Adventure, Mystery",NR,Michael Altino,"Steven Buccarelli, Mike Catapano, Mary Kate Costa, James Konczyk, Silvano Mastrangelo, Jeff Musillo",https://www.filmcrave.com/movie_page_main.php?id=43415,Unknown
Amounting to Nothing,39824,1.8,07/29/2011,English,Comedy,NR,Johnny Luna,"James Ponce, Carmen Ivette, Johnny Luna, Tommy Munoz, Clint Hansen, Manny Santana",https://www.filmcrave.com/movie_page_main.php?id=43416,Unknown
Late Bloomers,19689,2.3,07/29/2011,English,Drama,NR,Julie Gavras,"William Hurt, Isabella Rossellini, Doreen Mantle, Kate Ashfield, Luke Treadaway, Aidan McArdle",https://www.filmcrave.com/movie_page_main.php?id=43417,Unknown
Xtro II: The Second Encounter,49469,3.0,09/25/1991,English,"Horror, Sci-Fi",R,Harry Bromley Davenport,"Jan-Michael Vincent, Paul Koslo, Tara Buckman, Jano Frandsen, Nicholas Lea, Nic Amoroso",https://www.filmcrave.com/movie_page_main.php?id=43418,Unknown
Politics of Love,20472,2.4,08/26/2011,English,"Comedy, Romance",NR,William Dear,"Brian J. White, Mallika Sherawat, Loretta Devine, Ruby Dee, Gerry Bednob, Anil Raman",https://www.filmcrave.com/movie_page_main.php?id=43419,"During the 2008 presidential campaign a young, Obama volunteer falls for a staunch, conservative rival - but can love overcome politics? --"
Inuk,31239,2.2,10/02/2010,Other,Adventure,NR,Mike Magidson,"Gaba Petersen, Ole J\xc3\xb8rgen Hammeken, Rebekka J\xc3\xb8rgensen, Sara Lyberth, Elisabeth Skade, Inunnguaq Jeremiassen",https://www.filmcrave.com/movie_page_main.php?id=43420,Unknown
Quarantine 2: Terminal,11035,2.4,06/17/2011,English,"Horror, Mystery",R,John Pogue,"Mercedes Mas\xc3\xb6hn, Josh Cooke, Mattie Liptak, Ignacio Serricchio, Noree Victoria, Bre Blair",https://www.filmcrave.com/movie_page_main.php?id=43421,"If you thought that the virus had been contained in Quarantine, you were dead wrong! In this sequel, the virus has escaped and made it to an airplane.  When the plane lands it is quickly placed under quarantine.  Now, the survivors on the plane must save themselves from the deadly virus before the government blows them to kingdom come.\t"
Rust,11738,2.8,12/29/2010,English,Drama,PG,Corbin Bernsen,"Corbin Bernsen, Frank Gall, Lloyd Warner, Audrey Lynn Tennent, Kirsten Collins, John Hutchinson",https://www.filmcrave.com/movie_page_main.php?id=43422,Unknown
Scooby-Doo! Camp Scare,9315,2.6,09/14/2010,English,"Animation, Family",NR,Ethan Spaulding,"Frank Welker, Mindy Cohn, Matthew Lillard, Grey DeLisle, Dee Bradley Baker, Mark Hamill",https://www.filmcrave.com/movie_page_main.php?id=43423,The Mystery Inc. gang gathers round the campfire for some spooky ghost stories but these tales of terror turn out to be true when the creepy creatures in them come to life.\t
Tom and Jerry Meet Sherlock Holmes,20104,2.3,08/04/2010,English,"Animation, Family",NR,"Spike Brandt, Jeff Siergey","Michael York, Malcolm McDowell, John Rhys-Davies, Grey DeLisle, Jeff Bergman, Phil LaMarr",https://www.filmcrave.com/movie_page_main.php?id=43424,Unknown
LEGO: The Adventures of Clutch Powers,23664,2.2,06/19/2011,English,"Animation, Adventure",NR,Howard E. Baker,"Ryan McPartlin, Yvonne Strahovski, Paul Michael Glaser, Roger Rose, Jeff Bennett, Gregg Berger",https://www.filmcrave.com/movie_page_main.php?id=43425,Unknown
Inside Out,15014,2.4,09/09/2011,English,"Crime, Drama",PG-13,Artie Mandelberg,"Paul Levesque, Michael Rapaport, Parker Posey, Michael Cudlitz, Julie White, Bruce Dern",https://www.filmcrave.com/movie_page_main.php?id=43426,"After serving a 13-year prison sentence, all AJ wants to do is go back to his family and live a normal life. But an accidental shooting leaves him running once again. --"
The Black Power Mixtape 1967-1975,29323,2.0,09/09/2011,English,Documentary,NR,G\xc3\xb6ran Olsson,"Erykah Badu, Harry Belafonte, Talib Kweli, Danny Glover, Stokely Carmichael, Angela Davis",https://www.filmcrave.com/movie_page_main.php?id=43427,Footage shot by Swedish journalists that chronicle the Black Power Movement is edited by contemporary Swedish filmmaker G\xc3\xb6ran Olsson. --
The Mill and the Cross,6113,2.8,01/01/2011,English,"Drama, Historical",NR,Lech Majewski,"Rutger Hauer, Charlotte Rampling, Michael York, Joanna Litwin, Oskar Huliczka",https://www.filmcrave.com/movie_page_main.php?id=43428,"Pieter Bruegel's masterpiece ""The Way to Calvary"" is brought to life on screen as the story behind the painting is explored. --"
Good Deeds,3209,2.9,02/24/2012,English,"Comedy, Romance",PG-13,Tyler Perry,"Thandie Newton, Rebecca Romijn, Tyler Perry, Gabrielle Union, Jamie Kennedy, Eddie Cibrian",https://www.filmcrave.com/movie_page_main.php?id=43429,Wesley Deeds is predictable. He always lives his life by what is expected
Rebirth,31254,2.2,01/21/2011,English,Documentary,NR,James Whitaker,Unknown,https://www.filmcrave.com/movie_page_main.php?id=43430,Unknown
Puck Hogs,51387,3.0,06/02/2009,English,"Comedy, Sport",NR,Warren P. Sonoda,"Jim Annan, Jason Blicker, Liam Card, Joe Dinicol, Katherine East, Kelly Fanson",https://www.filmcrave.com/movie_page_main.php?id=43431,Unknown
The Rainbow Tribe,18748,2.7,02/01/2011,English,"Comedy, Family",NR,Christopher R. Watson,"David James Elliott, Grayson Russell, Ed Quinn, Julie Ann Emery, Rebecca Mader, Noah Munck",https://www.filmcrave.com/movie_page_main.php?id=43432,Unknown
Jealous of the Birds,55304,1.2,01/01/2011,English,"Documentary, Historical",NR,Jordan Bahat,Unknown,https://www.filmcrave.com/movie_page_main.php?id=43433,Unknown
Hysteria,16764,2.5,01/01/2014,English,Thriller,Unknown,Barbara Stepansky,Unknown,https://www.filmcrave.com/movie_page_main.php?id=43434,Unknown
The Guilt Trip,9541,2.4,12/19/2012,English,Comedy,PG-13,Anne Fletcher,"Seth Rogen, Barbra Streisand, Yvonne Strahovski, Colin Hanks, Adam Scott, Kathy Najimy",https://www.filmcrave.com/movie_page_main.php?id=43435,"A man takes a road trip with his mother across the country. His motive is to sell his latest invention, while her motive is to track down a lost love. \t"
"Autobiography of Nicolae Ceausescu, The ( Autobiografia lui Nicolae Ceausescu )",28195,2.3,10/29/2010,Other,Documentary,NR,Andrei Ujica,"Nicolae Ceausescu, Elena Ceausescu, Mikhail Gorbachev, Richard Nixon, Zedong Mao, Jimmy Carter",https://www.filmcrave.com/movie_page_main.php?id=43436,Unknown
Magic Mike,5401,2.6,06/29/2012,English,Comedy,R,Steven Soderbergh,"Channing Tatum, Matthew McConaughey, Alex Pettyfer, Joe Manganiello, Matt Bomer, Olivia Munn",https://www.filmcrave.com/movie_page_main.php?id=43437,An up-and-coming male stripper is shown the ropes by some of the more experienced members of this specialized profession. --
Hysteria,4820,2.7,05/18/2012,English,"Comedy, Romance",R,Tanya Wexler,"Felicity Jones, Maggie Gyllenhaal, Hugh Dancy, Rupert Everett, Jonathan Pryce, Anna Chancellor",https://www.filmcrave.com/movie_page_main.php?id=43438,Mortimer Granville has an idea that will revolutionize medical science or at least make a lot of women very happy when he develops the world's first vibrator. --
Psycho Cop,42786,1.7,11/28/1989,English,Horror,R,Wallace Potts,"Robert R. Shafer, Jeff Qualle, Palmer Lee Todd, Dan Campbell, Cindy Guyer, Linda West",https://www.filmcrave.com/movie_page_main.php?id=43439,A group of six college kids heads out to a cabin in the woods to have some
Psycho Cop Returns,49600,3.0,07/27/1994,English,"Drama, Horror",R,Adam Rifkin,"Robert R. Shafer, Barbara Niven, Rod Sweitzer, Miles Dougal, Nick Vallelonga, Dave Bean",https://www.filmcrave.com/movie_page_main.php?id=43440,Unknown
Screams of a Winter Night,42113,1.6,09/01/1979,English,"Horror, Mystery",PG,James L. Wilson,"Matt Borel, Gil Glasgow, Patrick Byers, Mary Agen Cox, Robin Bradley, Ray Gaspard",https://www.filmcrave.com/movie_page_main.php?id=43441,A nightmare ensues when five young couples set out to enjoy a weekend in a haunted cabin.\t
The Town That Dreaded Sundown,9360,2.5,12/24/1976,English,"Drama, Crime",R,Charles B. Pierce,"Ben Johnson, Andrew Prine, Dawn Wells, Jimmy Clem, Jim Citty, Charles B. Pierce",https://www.filmcrave.com/movie_page_main.php?id=43442,"A hooded murderer stalks the streets of Texarkana, Arkansas, terrifying the small town's populace. Based on actual events which occurred during a three month period in 1946.\t"
When Michael Calls ( Shattered Silence ),19075,2.3,02/05/1972,English,"Horror, Thriller",NR,Philip Leacock,"Ben Gazzara, Elizabeth Ashley, Michael Douglas, Karen Pearson, Larry Reynolds, Alan McRae",https://www.filmcrave.com/movie_page_main.php?id=43443,A mystery thriller about a woman tormented by phone calls from a nephew who supposedly died fifteen years earlier
Cotter,55360,1.0,01/01/1973,English,Drama,NR,Paul Stanley,"Don Murray, Carol Lynley, Rip Torn, Sherry Jackson, R.G. Armstrong, Lonny Chapman",https://www.filmcrave.com/movie_page_main.php?id=43444,"A drunken Indian clown causes a rodeo tragedy, comes home and is blamed for another death.\t"
Vampires on Bikini Beach,46637,1.3,01/01/1988,English,Horror,NR,Mark Headley,"Jennifer Badham, Todd Kaufman, Stephen Mathews, Nancy Rogers, Amanda Hughes, Jennifer Jostyn",https://www.filmcrave.com/movie_page_main.php?id=43445,"Two teenagers find a book called ""The Book of the Dead,"" and soon they discover that a vampire cult, which needs the book to raise the dead so they can take over the world, is after them.\t"
The Granny,39584,1.8,05/23/1995,English,"Comedy, Horror",R,Luca Bercovici,"Stella Stevens, Shannon Whirry, Luca Bercovici, Brant von Hoffman, Sandy Helberg, Heather Elizabeth Parkhurst",https://www.filmcrave.com/movie_page_main.php?id=43446,A money-grubbing family gathers to hear the will of their hated gray-haired granny and are surprised when she comes back from the grave to wreak horrible revenge.\t
Judas Kiss,10471,2.7,04/01/2011,English,"Drama, Sci-Fi",NR,J.T. Tepnapa,"Charlie David, Brent Corrigan, Dennis Bateman, Genevieve Buechner, Richard Harmon, Timo Descamps",https://www.filmcrave.com/movie_page_main.php?id=43447,A failed filmmaker is given a unique opportunity to mend his past when he goes back to his alma mater to judge a film festival and finds himself face-to-face with his past.  --
Marathon Boy,22857,2.5,04/20/2011,English,"Documentary, Biography",NR,Gemma Atwal,"Budhia Singh, Biranchi Das",https://www.filmcrave.com/movie_page_main.php?id=43448,Unknown
Losing Control,51543,3.0,04/02/2011,English,Comedy,NR,Valerie Weiss,"Miranda Kent, Reid Scott, Kathleen Robertson, Theo Alexander, Bitsie Tulloch, John Billingsley",https://www.filmcrave.com/movie_page_main.php?id=43449,Unknown
The Stranger in Us,11733,2.8,06/23/2010,English,Drama,NR,Scott Boswell,"Raphael Barker, Adam Perez, Scott Cox, Jeffrey Weissman, Jesse Schoem, Marc Scruggs",https://www.filmcrave.com/movie_page_main.php?id=43450,Unknown
Take Me Home,2748,3.1,04/28/2011,English,"Comedy, Romance",NR,Sam Jaeger,"Victor Garber, Lin Shaye, Bree Turner, Michelle Krusiec, Cristine Rose, Sam Jaeger",https://www.filmcrave.com/movie_page_main.php?id=43451,"Soon after Thom starts operating as an illegal taxi driver in New York City, Claire hires him to drive her to California after her estranged father suffers a heart attack.\t"
The Peace Killers,24173,2.3,09/29/1971,English,"Action, Crime",R,Douglas Schwartz,"Clint Ritchie, Jess Walton, Paul Prokop, Michael Ontkean, Lavelle Roby, Gary Morgan",https://www.filmcrave.com/movie_page_main.php?id=43452,The Peace Killers is a action flick about a renegade gang of bikers out to get back a former member from a hippie commune.\t
Bottom Land ( Bottomland ),37255,2.5,01/01/1992,English,Drama,NR,Ed Radtke,"Richard Hyde, Bryan Shane Allen, Ken West, Eva Woods, Haskell Phillips",https://www.filmcrave.com/movie_page_main.php?id=43453,"When Stephen Saunders returns home to his family's farm six months after his wife is killed in an accident, he finds that his son has bonded with his father, leaving him feeling doubtful about his place in the world. The three men must then learn to communicate and help each other on their own respective paths.\t"
Lying in Wait,46368,1.8,12/17/2002,English,"Drama, Thriller",R,D. Shone Kirkpatrick,"Rutger Hauer, Virginia Madsen, Thomas Newton, Vanessa Dorman, Ian Buchanan, Shannon Whirry",https://www.filmcrave.com/movie_page_main.php?id=43454,An innocent man discovers things are not always what they seem as he's led into a web of murder and revenge.\t
