title,overall_rank,average_rating,number_reviews,theatrical_release_date,language,genre,mpaa_rating,director,actors,url,plot
The Female Brain,53749,3.0,1,02/09/2018,English,Comedy,NR,Whitney Cummings,"Toby Kebbell, Sofía Vergara, Jane Seymour, Beanie Feldstein, Whitney Cummings, Ben Platt",https://www.filmcrave.com/movie_page_main.php?id=59455,Unknown
I Can Only Imagine,12803,2.6,5,03/16/2018,English,"Drama, Family",PG,"Andrew Erwin, Jon Erwin","J. Michael Finley, Brody Rose, Dennis Quaid, Madeline Carroll, Cloris Leachman, Trace Adkins",https://www.filmcrave.com/movie_page_main.php?id=59456,"Based on the story behind MercyMe's chart-topping song of the same name, an inspirational story of the power of forgiveness that has brought hope to so many. --"
Teen Titans Go! To the Movies,3437,3.1,6,07/27/2018,English,"Animation, Action",PG,"Aaron Horvath, Peter Rida Michail","Scott Menville, Tara Strong, Hynden Walch, Greg Cipes, Khary Payton, Will Arnett",https://www.filmcrave.com/movie_page_main.php?id=59457,"It seems every superhero has their own movie these days - everyone but the Teen Titans. Robin is going to do everything in his power to remedy this oversight, and the Teen Titans head to Hollywood. But a supervillain has other plans, and with Robin looking more to stardom than teamwork, the Titans begin to fracture. --"
Battalion,60124,2.0,1,01/09/2018,English,Sci-Fi,NR,Michael Miller,"Jesse Richardson, Ellen Williams, Michael Thomson, James Storer, Leigh Walker, Darrell Plumridge",https://www.filmcrave.com/movie_page_main.php?id=59458,Unknown
Eureka Seven Hi-Evolution 1 ( Kôkyôshi hen Eureka sebun Hai-eboryûshon 1 ),53473,3.0,1,08/12/2017,Japanese,"Anime, Action",NR,"Tomoki Kyôda, Hisatoshi Shimizu","Yûko Sanpei, Kaori Nazuka, Kôji Tsujitani, Aya Hisakawa, Toshiyuki Morikawa, Tôru Furuya",https://www.filmcrave.com/movie_page_main.php?id=59459,Unknown
The Relationtrip,53202,3.0,1,03/11/2017,English,Comedy,NR,"C.A. Gabriel, Renée Felice Smith","Renée Felice Smith, Matt Bush, Nelson Franklin, Floyd Foster Jr., Brandon Kyle Goodman, Georgia Mischak",https://www.filmcrave.com/movie_page_main.php?id=59460,Unknown
Barrage,53580,3.0,1,10/13/2017,French,Drama,NR,Laura Schroeder,"Lolita Chammah, Themis Pauwels, Isabelle Huppert, Elsa Houben, Luc Schiltz, Charles Müller",https://www.filmcrave.com/movie_page_main.php?id=59461,Unknown
The Workers Cup,53092,3.0,1,01/19/2017,English,"Documentary, Sport",NR,Adam Sobel,Unknown,https://www.filmcrave.com/movie_page_main.php?id=59462,Unknown
Allure,53695,3.0,1,01/06/2018,English,"Romance, Thriller",NR,"Carlos Sanchez, Jason Sanchez","Evan Rachel Wood, Julia Sarah Stone, Denis O'Hare, Maxim Roy, Joe Cobden, Jonathan Shatzky",https://www.filmcrave.com/movie_page_main.php?id=59463,Unknown
Revenge,2081,3.0,13,05/11/2018,English,"Action, Thriller",R,Coralie Fargeat,"Matilda Anna Ingrid Lutz, Kevin Janssens, Guillaume Bouchède, Vincent Colombe",https://www.filmcrave.com/movie_page_main.php?id=59464,"An isolated villa is the setting for a trio of wealthy men, and one mistress, to party. That is, until she is violated and speaks out - only to find her boyfriend isn't about to give up his friends and wealth, and throws her off a cliff to her death. But this is no ordinary woman, and she does not die but finds a new strength and plots a brutal revenge. --"
Inoperable,53661,3.0,1,12/01/2017,English,Horror,NR,Christopher Lawrence Chapman,"Danielle Harris, Katie Keene, Jeff Denton, Crystal Cordero, Cher Hubsher, Gene Michael",https://www.filmcrave.com/movie_page_main.php?id=59465,Unknown
Armed,46722,1.8,2,09/14/2018,English,"Action, Thriller",R,Mario Van Peebles,"William Fichtner, Ryan Guzman, Mario Van Peebles, Laz Alonso, Columbus Short, Charles Halford",https://www.filmcrave.com/movie_page_main.php?id=59466,A former U.S. Marshal is struggling to adjust following a disastrous operation. That is when he is contacted by a former colleague who presents evidence of a bigger conspiracy when he shows all the survivors of the same operation are showing signs of the same symptoms. --
"Quartette, The ( Kvarteto )",53623,3.0,1,10/22/2017,Czech,"Comedy, Drama",NR,Miroslav Krobot,"Jaroslav Plesl, Lukás Melník, Lenka Krobotová, Jana Stepánková, Jirí Schmitzer, Barbora Poláková",https://www.filmcrave.com/movie_page_main.php?id=59467,Unknown
Streaker ( Flitzer ),53709,3.0,1,01/10/2018,German,"Comedy, Sport",NR,Peter Luisi,"Beat Schlatter, Doro Müggler, Bendrit Bajra, Luna Wedler, Daniel Mangisch, Philippe Graber",https://www.filmcrave.com/movie_page_main.php?id=59468,Unknown
A Thousand Junkies,60054,2.0,1,04/22/2017,English,"Comedy, Drama",NR,Tommy Swerdlow,"T.J. Bowen, Patricia Castelo Branco, Dennice Cisneros, Blake Heron, Tommy Swerdlow, Dinarte de Freitas",https://www.filmcrave.com/movie_page_main.php?id=59469,Unknown
"Art of Loving. Story of Michalina Wislocka, The ( Sztuka kochania. Historia Michaliny Wislockiej )",53622,3.0,1,10/22/2017,Polish,"Biography, Comedy",NR,Maria Sadowska,"Karolina Gruszka, Magdalena Boczarska, Piotr Adamczyk, Arkadiusz Jakubik, Justyna Wasilewska, Eryk Lubos",https://www.filmcrave.com/movie_page_main.php?id=59470,Unknown
"Sammy Davis, Jr.: I've Gotta Be Me",60102,2.0,1,10/14/2017,English,Documentary,NR,Samuel D. Pollard,"Sammy Davis Jr., Tony Bennett, Quincy Jones, Sidney Poitier, Billy Crystal, Harry Belafonte",https://www.filmcrave.com/movie_page_main.php?id=59471,Unknown
Traffik,42332,1.5,6,04/20/2018,English,Thriller,R,Deon Taylor,"Omar Epps, Paula Patton, Missi Pyle, William Fichtner, Laz Alonso, Roselyn Sanchez",https://www.filmcrave.com/movie_page_main.php?id=59472,"A couple decide to spend a romantic weekend on a mountain retreat, but when they stumble upon a biker gang, they uncover a secret - one the gang will kill for to keep that way. --"
Two Irenes ( As Duas Irenes ),53357,3.0,1,05/25/2017,Portuguese,Drama,NR,Fabio Meira,"Priscila Bittencourt, Isabela Torres, Marco Ricca, Suzana Ribeiro, Inês Peixoto, Teuda Bara",https://www.filmcrave.com/movie_page_main.php?id=59473,Unknown
Youth ( Fang hua ),53683,3.0,1,12/15/2017,Mandarin,"Documentary, Romance",NR,Xiaogang Feng,"Xuan Huang, Miao Miao, Caiyu Yang, Elane Zhong, Li Xiaofeng, TianChen Wang",https://www.filmcrave.com/movie_page_main.php?id=59474,Unknown
Birdshot,53420,3.0,1,07/06/2017,Other,"Drama, Mystery",NR,Mikhail Red,"Mary Joy Apostol, John Arcilla, Arnold Reyes, Ku Aquino",https://www.filmcrave.com/movie_page_main.php?id=59475,Unknown
"No Date, No Signature ( No Date, No Sign )",53598,3.0,1,10/15/2017,Persian,Drama,NR,Vahid Jalilvand,"Amir Aghaee, Navid Mohammadzadeh, Hediyeh Tehrani, Zakieh Behbahani, Saeed Dakh, Alireza Ostadi",https://www.filmcrave.com/movie_page_main.php?id=59476,Unknown
Scaffolding,53615,3.0,1,10/20/2017,Hebrew,Drama,NR,Matan Yair,"Asher Lax, Ami Smolartchik, Yaacov Cohen, Keren Berger, Naama Manor",https://www.filmcrave.com/movie_page_main.php?id=59477,Unknown
Waru,53711,3.0,1,01/11/2018,English,Drama,NR,"Chelsea Cohen, Ainsley Gardiner, Casey Kaa, Renae Maihi, Awanui Simich-Pene, Briar Grace Smith, Paula Whetu Jones, Katie Wolfe","Tomai Ihaia, Sophia Johnson, Sienna MacKinlay, Jonny Brugh, Miriama McDowell, Tanea Heke",https://www.filmcrave.com/movie_page_main.php?id=59478,Unknown
The Boy Downstairs,53755,3.0,1,02/16/2018,English,"Comedy, Romance",PG-13,Sophie Brooks,"Zosia Mamet, Matthew Shear, Deirdre O'Connell, Sarah Ramos, Diana Irvine, Arliss Howard",https://www.filmcrave.com/movie_page_main.php?id=59479,Unknown
"Don't Worry, He Won't Get Far on Foot",8166,2.7,7,07/13/2018,English,"Biography, Drama",R,Gus Van Sant,"Joaquin Phoenix, Jonah Hill, Rooney Mara, Jack Black, Beth Ditto, Udo Kier",https://www.filmcrave.com/movie_page_main.php?id=59480,"Based on a true story: a slacker survives a near-fatal car accident and, on the path to sobriety, finds a talent for drawing irreverent, often controversial, comics for the local paper. With support from his girlfriend and sponsor, he turns this talent into a national sensation and finds a new lease on life. --"
"Double Lover ( amant double, L' )",10931,3.0,3,02/14/2018,French,"Romance, Thriller",NR,François Ozon,"Marine Vacth, Jérémie Renier, Jacqueline Bisset, Myriam Boyer, Dominique Reymond, Fanny Sage",https://www.filmcrave.com/movie_page_main.php?id=59481,"A disenchanted model and reserved beauty, Chloé suffers from severe and persistent abdominal pains, pains she finds are psychosomatic thanks to the work of her new psychoanalyst, the charming Dr Paul Meyer. When their relationship takes a more physical turn, she goes from patient to partner, but soon after moving in with Paul, she realizes he has been hiding a part of his identity, and her life takes on a hallucinatory hue as she tries to adjust. --"
You Disappear ( Du forsvinder ),53706,3.0,1,01/09/2018,Danish,Drama,NR,Peter Schønau Fog,"Trine Dyrholm, Nikolaj Lie Kaas, Michael Nyqvist, Abel Folk, Laura Bro, Morten Hauch-Fausbøll",https://www.filmcrave.com/movie_page_main.php?id=59482,Unknown
"Big Bad Fox and Other Tales..., The ( grand méchant Renard et autres contes..., Le )",53618,3.0,1,10/21/2017,French,Animation,G,"Patrick Imbert, Benjamin Renner","Violette Samama, Christophe Lemoine, Guillaume Darnault, Antoine Schoumsky, Jules Bienvenu, Augustin Jahn-Sani",https://www.filmcrave.com/movie_page_main.php?id=59483,Unknown
Leaning Into the Wind: Andy Goldsworthy,60134,2.0,1,03/09/2018,English,Documentary,PG,Thomas Riedelsheimer,"Andy Goldsworthy, Holly Goldsworthy",https://www.filmcrave.com/movie_page_main.php?id=59484,Unknown
Marlina the Murderer in Four Acts,53619,3.0,1,10/21/2017,Other,"Drama, Thriller",NR,Mouly Surya,"Marsha Timothy, Yoga Pratama, Egy Fedly, Dea Panendra, Haydar Salishz",https://www.filmcrave.com/movie_page_main.php?id=59485,Unknown
"Summit, The ( Cordillera, La )",53693,3.0,1,01/05/2018,Spanish,"Drama, Thriller",NR,Santiago Mitre,"Ricardo Darín, Paulina García, Gerardo Romano, Erica Rivas, Dolores Fonzi, Christian Slater",https://www.filmcrave.com/movie_page_main.php?id=59486,Unknown
Goldbuster ( Yao ling ling ),53689,3.0,1,01/05/2018,Cantonese,Comedy,NR,Sandra Kwan Yue Ng,"Sandra Kwan Yue Ng, Francis Ng, Yi Zhang, Alex Fong, Yilei Jiang, Teng Shen",https://www.filmcrave.com/movie_page_main.php?id=59487,Unknown
Hannah,53645,3.0,1,11/10/2017,French,Drama,NR,Andrea Pallaoro,"Charlotte Rampling, André Wilms, Stéphanie Van Vyve, Simon Bisschop, Jean-Michel Balthazar, Fatou Traoré",https://www.filmcrave.com/movie_page_main.php?id=59488,Unknown
In Between ( Bar Bahar ),53064,3.0,1,01/06/2017,Hebrew,Drama,NR,Maysaloun Hamoud,"Mouna Hawa, Sana Jammelieh, Shaden Kanboura, Mahmud Shalaby, Nisrin Abou-Hanna, Aiman Daw",https://www.filmcrave.com/movie_page_main.php?id=59489,Unknown
Becks,53747,3.0,1,02/09/2018,English,"Drama, Romance",NR,"Daniel Powell, Elizabeth Rohrbaugh","Lena Hall, Christine Lahti, Mena Suvari, Sas Goldberg, Dan Fogler, Hayley Kiyoko",https://www.filmcrave.com/movie_page_main.php?id=59490,Unknown
Dear Dictator,53791,3.0,1,03/16/2018,English,Comedy,NR,"Lisa Addario, Joe Syracuse","Michael Caine, Odeya Rush, Katie Holmes, Seth Green, Jason Biggs, Jordyn Cavros",https://www.filmcrave.com/movie_page_main.php?id=59491,Unknown
Gintama,5490,3.3,3,01/19/2018,Japanese,"Action, Comedy",NR,Yûichi Fukuda,"Shun Oguri, Kôichi Yamadera, Takayuki Yamada, Masaki Suda, Masami Nagasawa, Yûya Yagira",https://www.filmcrave.com/movie_page_main.php?id=59492,Unknown
"Housemaid, The ( Cô Haû Gaí )",53396,3.0,1,06/15/2017,Vietnamese,"Horror, Romance",NR,Derek Nguyen,"Kate Nhung, Jean-Michel Richaud, Kim Xuan, Svitlana Kovalenko, Rosie Fellner, Kien An",https://www.filmcrave.com/movie_page_main.php?id=59493,Unknown
The Death of Stalin,1255,3.1,26,01/19/2018,English,"Biography, Drama",R,Armando Iannucci,"Steve Buscemi, Olga Kurylenko, Jason Isaacs, Rupert Friend, Andrea Riseborough, Jeffrey Tambor",https://www.filmcrave.com/movie_page_main.php?id=59494,Unknown
Killing Jesus ( Matar a Jesús ),53601,3.0,1,10/16/2017,Spanish,Drama,NR,Laura Mora Ortega,"Natasha Jaramillo, Giovanny Rodríguez, Camilo Escobar, Carmenza Cossio, Juan Pablo Trujillo, José David Medina",https://www.filmcrave.com/movie_page_main.php?id=59495,Unknown
Blueprint,60100,2.0,1,10/13/2017,English,Drama,NR,Daryl Wein,"Jerod Haynes, Tai'isha Davis, Sandra Adams-Monegain, Jalaiya Lee-Haynes, Edgar Miguel Sanchez, Jeremy Pargo",https://www.filmcrave.com/movie_page_main.php?id=59496,Unknown
Budapest Noir,53603,3.0,1,10/17/2017,Hungarian,"Crime, Drama",NR,Éva Gárdos,"Kata Dobó, Zoltán Schneider, Réka Tenki, Zsolt Anger, Krisztián Kolovratnik, János Kulka",https://www.filmcrave.com/movie_page_main.php?id=59497,Unknown
The Cage Fighter,53158,3.0,1,03/02/2017,English,"Documentary, Action",NR,Jeff Unay,"Joe Carman, Callie Carman, Delanee Carman, Norinda Reed, Vernon Beach, Kira Carman",https://www.filmcrave.com/movie_page_main.php?id=59498,Unknown
Her Love Boils Bathwater ( Yu wo wakasuhodo no atsui ai ),53697,3.0,1,01/06/2018,Japanese,Comedy,NR,Ryôta Nakano,"Rie Miyazawa, Hana Sugisaki, Aoi Itô, Yukiko Shinohara, Tarô Suruga, Tôri Matsuzaka",https://www.filmcrave.com/movie_page_main.php?id=59499,Unknown
"Holy Camp! ( llamada, La )",53705,3.0,1,01/09/2018,Spanish,Musical,NR,"Javier Ambrossi, Javier Calvo","Macarena García, Anna Castillo, Belén Cuesta, Gracia Olayo, Richard Collins-Moore, Secun de la Rosa",https://www.filmcrave.com/movie_page_main.php?id=59500,Unknown
Ice Mother ( Bába z ledu ),53304,3.0,1,04/23/2017,Czech,"Comedy, Drama",NR,Bohdan Sláma,"Zuzana Krónerová, Pavel Nový, Daniel Vízek, Václav Neuzil, Marek Daniel, Tatiana Vilhelmová",https://www.filmcrave.com/movie_page_main.php?id=59501,Unknown
The Pearl,52587,3.0,1,03/03/2016,English,Documentary,NR,"Jessica Dimmock, Christopher LaMarca",Unknown,https://www.filmcrave.com/movie_page_main.php?id=59502,Unknown
Atomic Homefront,53653,3.0,1,11/17/2017,English,Documentary,NR,Rebecca Cammisa,"Matt LaVanchy, Lois Gibbs, Douglas Clemens, Michelle Seger, Karen Nickel, Jenny Turner",https://www.filmcrave.com/movie_page_main.php?id=59503,Unknown
Longing ( Ga'agua ),53700,3.0,1,01/07/2018,Hebrew,Drama,NR,Savi Gabizon,"Ella Armony, Shai Avivi, Shmil Ben Ari, Salim Dau, Adam Gabay, Shiri Golan",https://www.filmcrave.com/movie_page_main.php?id=59504,Unknown
"Sort of Family, A ( Una especie de familia )",53607,3.0,1,10/18/2017,Spanish,"Crime, Drama",NR,Diego Lerman,"Bárbara Lennie, Daniel Aráoz, Claudio Tolcachir, Yanina Ávila, Paula Cohen",https://www.filmcrave.com/movie_page_main.php?id=59505,Unknown
Dundee: The Son of a Legend Returns Home,60154,2.0,1,06/01/2018,English,Comedy,NR,Steve Rogers,"Danny McBride, Paul Hogan",https://www.filmcrave.com/movie_page_main.php?id=59506,Unknown
Double Date,26323,3.0,2,10/12/2017,English,"Horror, Comedy",NR,Benjamin Barfoot,"Danny Morgan, Georgia Groome, Michael Socha, Kelly Wenham, Dougie Poynter, Brooke Norbury",https://www.filmcrave.com/movie_page_main.php?id=59507,Unknown
What They Had,5859,2.9,7,10/19/2018,English,Drama,R,Elizabeth Chomko,"Michael Shannon, Taissa Farmiga, Hilary Swank, Aimee Garcia, Blythe Danner, Robert Forster",https://www.filmcrave.com/movie_page_main.php?id=59508,"With her mother succumbing to age and illness, a woman returns home at the urging of her brother in order to help her father accept the situation and ultimately let her go. --"
Hampstead,38175,2.5,2,06/23/2017,English,"Comedy, Drama",PG-13,Joel Hopkins,"James Norton, Brendan Gleeson, Diane Keaton, Simon Callow, Lesley Manville, Phil Davis",https://www.filmcrave.com/movie_page_main.php?id=59509,Unknown
Assassination Nation,15350,2.5,5,09/21/2018,English,Thriller,R,Sam Levinson,"Odessa Young, Hari Nef, Suki Waterhouse, Abra, Colman Domingo, Bill Skarsgård",https://www.filmcrave.com/movie_page_main.php?id=59510,"The town of Salem is overwhelmingly typical, including a group of young women obsessed with social media, selfies and the like. But when an anonymous source starts posting personal information online, it unleashes hell as the town descends into chaos and anarchy. --"
Borg vs McEnroe,3197,3.0,9,04/13/2018,English,"Biography, Sport",R,Janus Metz,"Sverrir Gudnason, Shia LaBeouf, Stellan Skarsgård, Tuva Novotny, Ian Blackman, Robert Emms",https://www.filmcrave.com/movie_page_main.php?id=59511,"Follows one of the greatest rivalries in all of sports - the 1980s tennis rivalry, across 14 matches, between the calm, collected Swede Björn Borg and the brash, volatile American John McEnroe. --"
Mercy,60205,2.0,1,07/05/2019,English,"Drama, Romance",R,Tali Shalom-Ezer,"Kate Mara, Ellen Page, Elias Koteas, Amy Seimetz, Brian Geraghty, Beau Knapp",https://www.filmcrave.com/movie_page_main.php?id=59512,Unknown
Ava,53685,3.0,1,12/22/2017,French,"Drama, Romance",R,Léa Mysius,"Noée Abita, Laure Calamy, Juan Cano, Tamara Cano, Ismaël Capelot, Carmen Gimenez",https://www.filmcrave.com/movie_page_main.php?id=59513,Unknown
Hunting Season ( Temporada de Caza ),53583,3.0,1,10/13/2017,Spanish,Drama,NR,Natalia Garagiola,"Germán Palacios, Lautaro Bettoni, Boy Olmi, Rita Pauls, Pilar Benitez Vivart",https://www.filmcrave.com/movie_page_main.php?id=59514,Unknown
Makala,53698,3.0,1,01/06/2018,Other,Documentary,NR,Emmanuel Gras,"Kabwita Kasongo, Lydie Kasongo",https://www.filmcrave.com/movie_page_main.php?id=59515,Unknown
Mobile Homes,53628,3.0,1,10/27/2017,Unknown,Drama,NR,Vladimir de Fontenay,"Imogen Poots, Callum Turner, Callum Keith Rennie, Shane Daly, Frank Oulton, Jai Jai Jones",https://www.filmcrave.com/movie_page_main.php?id=59516,Unknown
Bloody Milk ( Petit paysan ),53626,3.0,1,10/27/2017,French,Drama,NR,Hubert Charuel,"Swann Arlaud, Sara Giraudeau, Isabelle Candelier, Bouli Lanners, Valentin Lespinasse, Clément Bresson",https://www.filmcrave.com/movie_page_main.php?id=59517,Unknown
The Charmer,21436,3.3,2,10/13/2017,Danish,"Drama, Thriller",NR,Milad Alami,"Lars Brygmann, Stine Fischer Christensen, Morten Hee Andersen, Ardalan Esmaili, Boie Kratfeldt, Susan Taslimi",https://www.filmcrave.com/movie_page_main.php?id=59518,Unknown
Guilty Men ( Pariente ),53696,3.0,1,01/06/2018,Spanish,"Drama, Thriller",NR,Iván Gaona,"René Diaz Calderón, Willington Gordillo, Leidy Herrera, Alfonso López, Heriberto Palacio",https://www.filmcrave.com/movie_page_main.php?id=59519,Unknown
Fixed,53753,3.0,1,02/13/2018,English,Comedy,NR,Alonso Mayo,"Andy Comeau, Courtney Henggeler, Nelson Franklin, Leonard Roberts, Alan Ruck, Erinn Hayes",https://www.filmcrave.com/movie_page_main.php?id=59520,Unknown
No Resolution,60082,2.0,1,09/01/2017,English,Drama,NR,Tim Kasher,"Maura Kidwell, Layne Manzer, Erin O'Shea, Emma Neira, Andrew Bailes, Marilyn Bass",https://www.filmcrave.com/movie_page_main.php?id=59521,Unknown
Acts of Violence,43171,1.4,9,01/12/2018,English,"Action, Drama",R,Brett Donowho,"Bruce Willis, Cole Hauser, Shawn Ashmore, Ashton Holmes, Melissa Bolona, Sophia Bush",https://www.filmcrave.com/movie_page_main.php?id=59522,Three brothers band together as their future sister-in-law is kidnapped by a group of human traffickers. Meanwhile a local police cop has been trying to take down the head of this group for years with little luck or help from the rest of the police department. --
Inside,53716,3.0,1,01/12/2018,English,"Horror, Thriller",NR,Miguel Ángel Vivas,"Rachel Nichols, Laura Harring, Andrea Tivadar, Stany Coppet, Craig Stevenson, Maarten Swaan",https://www.filmcrave.com/movie_page_main.php?id=59523,Unknown
Comics in Focus: Chris Claremont's X-Men,59714,2.0,1,10/14/2013,English,Documentary,NR,Patrick Meaney,"Chris Claremont, Jessie Pridemore, Amanda Shafer, Hallie Cooper-Novack, Tom McLean, Lon Brown",https://www.filmcrave.com/movie_page_main.php?id=59524,Unknown
Finding Your Feet,33063,2.8,2,11/02/2017,English,"Comedy, Drama",NR,Richard Loncraine,"Timothy Spall, Joanna Lumley, Imelda Staunton, Celia Imrie, David Hayman, John Sessions",https://www.filmcrave.com/movie_page_main.php?id=59525,Unknown
I Kill Giants,26328,3.0,2,11/11/2017,English,"Drama, Fantasy",NR,Anders Walter,"Zoe Saldana, Imogen Poots, Jennifer Ehle, Madison Wolfe, Noel Clarke, Ciara O'Callaghan",https://www.filmcrave.com/movie_page_main.php?id=59526,Unknown
Looking Glass,23762,2.2,5,02/16/2018,English,Thriller,R,Tim Hunter,"Nicolas Cage, Robin Tunney, Marc Blucas, Ernie Lively, Jacque Gray, Bill Bolender",https://www.filmcrave.com/movie_page_main.php?id=59527,Unknown
Operation Red Sea,38199,2.5,2,02/23/2018,Mandarin,"Action, Drama",NR,Dante Lam,"Yi Zhang, Johnny Huang, Hai-Qing, Jiang Du, Luxia Jiang, Jiahao Guo",https://www.filmcrave.com/movie_page_main.php?id=59528,"When a hostage situation comes up on Ihwea, the PLA Navy Marine Corps launch a rescue operation but come under fierce attack from rebels and terrorists alike. --"
The Man from Earth: Holocene,60125,2.0,1,01/15/2018,English,"Drama, Fantasy",NR,Richard Schenkman,"David Lee Smith, John Billingsley, Brittany Curran, William Katt, Carlos Knight, Sterling Knight",https://www.filmcrave.com/movie_page_main.php?id=59529,Unknown
The Midnight Man,53556,3.0,1,10/03/2017,English,"Comedy, Horror",NR,Aitor Uribarri,"Ken Foree, Wendie Weldon, Tommy Day Carey, Tony D. Czech, Keith Biondi, Stephen Walter",https://www.filmcrave.com/movie_page_main.php?id=59530,Unknown
My Art,53296,3.0,1,04/22/2017,English,Drama,NR,Laurie Simmons,"Robert Clohessy, Laurie Simmons, John Rothman, Parker Posey, Lena Dunham, Blair Brown",https://www.filmcrave.com/movie_page_main.php?id=59531,Unknown
November,3681,3.3,4,04/24/2017,Other,"Drama, Family",NR,Rainer Sarnet,"Rea Lest, Jörgen Liik, Arvo Kukumägi, Katariina Unt, Taavi Eelmaa, Heino Kalm",https://www.filmcrave.com/movie_page_main.php?id=59532,Unknown
Project Eden: Vol. I,53692,3.0,1,01/05/2018,English,"Sci-Fi, Mystery",NR,"Ashlee Jensen, Terrance M. Young","Cliff Simon, Josh Ockenden, Anna McGahan, Mike Dopud, Erick Avari, Emily Fradenburgh",https://www.filmcrave.com/movie_page_main.php?id=59533,Unknown
Padmaavat,3682,3.3,4,01/26/2018,Hindi,"Drama, Historical",NR,Sanjay Leela Bhansali,"Deepika Padukone, Anupriya Goenka, Ranveer Singh, Shahid Kapoor, Aditi Rao Hydari, Jim Sarbh",https://www.filmcrave.com/movie_page_main.php?id=59534,Unknown
"Count of the Old Town, The ( Munkbrogreven )",47445,3.0,1,01/21/1935,Swedish,"Comedy, Romance",NR,"Edvin Adolphson, Sigurd Wallén","Valdemar Dalquist, Julia Cæsar, Sigurd Wallén, Tollie Zellman, Edvin Adolphson, Ingrid Bergman",https://www.filmcrave.com/movie_page_main.php?id=59535,Unknown
Pandora and the Magic Box,48488,3.0,1,01/01/1965,English,Comedy,NR,Joseph W. Sarno,"Ria Milan, W.B. Parker, Marla Ellis, Kimberly August, Douglas Hinshaw, Elaine Siegal",https://www.filmcrave.com/movie_page_main.php?id=59536,Unknown
Submergence,31497,2.2,3,04/13/2018,English,"Drama, Romance",NR,Wim Wenders,"James McAvoy, Alicia Vikander, Alexander Siddig, Celyn Jones, Reda Kateb, Mohamed Hakeemshady",https://www.filmcrave.com/movie_page_main.php?id=59537,Unknown
When We First Met,23074,2.5,3,02/09/2018,English,Comedy,NR,Ari Sandel,"Alexandra Daddario, Robbie Amell, Adam Devine, Noureen DeWulf, Shelley Hennig, Andrew Bachelor",https://www.filmcrave.com/movie_page_main.php?id=59538,"When Noah meets Avery at a Halloween party, he thinks he has met the girl of his dreams but ends up in the ""friend zone"". Now he has discover a photo booth time machine to take him back to that very night and correct what went wrong. Will he make it right this time? --"
Counterfeiters,53568,3.0,1,10/07/2017,English,Drama,NR,Bryce Hirschberg,"Bryce Hirschberg, Annie Newton, Julie Simone, Bridget Avildsen, Barret Hirschberg, Taylor Lockwood",https://www.filmcrave.com/movie_page_main.php?id=59539,Unknown
Hereditary,1096,3.0,50,06/08/2018,English,"Drama, Horror",R,Ari Aster,"Toni Collette, Gabriel Byrne, Alex Wolff, Milly Shapiro, Ann Dowd, Zachary Arthur",https://www.filmcrave.com/movie_page_main.php?id=59540,"Ellen has long been the matriarch of the Graham family but, upon her passing, her daughter, Annie, along with her husband Steve and their two children find themselves as part of a horrifying legacy as they begin to unravel the true story behind their family - and learn that not everything you inherit is welcome. --"
Mute,24591,2.0,12,02/23/2018,English,"Sci-Fi, Mystery",NR,Duncan Jones,"Alexander Skarsgård, Paul Rudd, Justin Theroux, Seyneb Saleh, Gilbert Owuor, Robert Sheehan",https://www.filmcrave.com/movie_page_main.php?id=59541,Unknown
The Neighbor,53734,3.0,1,01/26/2018,English,"Drama, Thriller",R,Aaron Harvey,"William Fichtner, Jessica McNamee, Jean Louisa Kelly, Michael Rosenbaum, Colin Woodell, Erich Anderson",https://www.filmcrave.com/movie_page_main.php?id=59542,Unknown
"Paul, Apostle of Christ",16056,2.4,6,03/23/2018,English,Drama,PG-13,Andrew Hyatt,"James Faulkner, Jim Caviezel, Joanne Whalley, John Lynch, Noah Huntley, Alexandra Vino",https://www.filmcrave.com/movie_page_main.php?id=59543,"The story of two men Luke, who risks his life in order to visit his friend Paul, held in a deep, dark prison under Nero, who wants nothing more than to execute all Christians in his city of Rome. Luke resolves to write a new book, one that will lay the foundation for a new religion, even as Paul reflects on his own past misdeeds and wonders if anyone will remember him. --"
Breaking In,38547,1.7,6,05/11/2018,English,Thriller,PG-13,James McTeigue,"Gabrielle Union, Billy Burke, Richard Cabral, Ajiona Alexus, Levi Meaden, Seth Carr",https://www.filmcrave.com/movie_page_main.php?id=59544,"When a group of men stage a home invasion, a mother will stop at nothing to protect her family. --"
The First Purge,21638,2.1,12,07/04/2018,English,"Action, Horror",R,Gerard McMurray,"Jermel Howard, Patch Darragh, Y'lan Noel, Christian Robinson, Mugga, Melonie Diaz",https://www.filmcrave.com/movie_page_main.php?id=59545,"With the rise of a third political party, dubbed the New Founding Fathers of America, a social experiment will take place on Staten Island where, for 12 hours, all crime will be legal. While no one is required to stay, $5000 is offered for each who participates but behind the scenes a more sinister experiment is taking place. --"
Disobedience,2906,3.0,10,04/27/2018,English,"Drama, Romance",R,Sebastián Lelio,"Rachel McAdams, Rachel Weisz, Alessandro Nivola, Anton Lesser, Nicholas Woodeson, Cara Horgan",https://www.filmcrave.com/movie_page_main.php?id=59546,"Years after being shunned by a community for an attraction towards a childhood friend, a woman returns home only to find the passion rekindled in a relationship that will test the bounds of faith and sexuality. --"
"Guardians, The ( Zashchitniki )",31492,2.2,3,09/05/2017,Russian,"Action, Sci-Fi",R,Sarik Andreasyan,"Anton Pampushnyy, Sanjar Madi, Sebastien Sisak, Alina Lanina, Valeriya Shkirando, Vyacheslav Razbegaev",https://www.filmcrave.com/movie_page_main.php?id=59547,Unknown
Aardvark,53280,3.0,1,04/21/2017,English,Drama,PG-13,Brian Shoaf,"Zachary Quinto, Jenny Slate, Sheila Vand, Jon Hamm, Tonya Pinkins, Dale Soules",https://www.filmcrave.com/movie_page_main.php?id=59548,Unknown
All I Wish,53805,3.0,1,03/30/2018,English,"Comedy, Drama",NR,Susan Walter,"Sharon Stone, Famke Janssen, Tony Goldwyn, Liza Lapira, Ellen Burstyn, Leonor Varela",https://www.filmcrave.com/movie_page_main.php?id=59549,Unknown
"Young Karl Marx, The ( jeune Karl Marx, La )",53394,3.0,1,06/11/2017,German,"Biography, Drama",NR,Raoul Peck,"August Diehl, Stefan Konarske, Vicky Krieps, Olivier Gourmet, Hannah Steele, Alexander Scheer",https://www.filmcrave.com/movie_page_main.php?id=59550,Unknown
Submission,53588,3.0,1,10/13/2017,English,Drama,R,Richard Levine,"Stanley Tucci, Addison Timlin, Kyra Sedgwick, Janeane Garofalo, Ritchie Coster, Colby Minifie",https://www.filmcrave.com/movie_page_main.php?id=59551,Unknown
Irreplaceable You,60131,2.0,1,02/16/2018,English,"Comedy, Romance",NR,Stephanie Laing,"Gugu Mbatha-Raw, Kate McKinnon, Claire Holt, Christopher Walken, Jacki Weaver, Michiel Huisman",https://www.filmcrave.com/movie_page_main.php?id=59552,Unknown
Midnighters,53411,3.0,1,06/19/2017,English,Thriller,NR,Julius Ramsay,"Alex Essoe, Perla Haney-Jardine, Dylan McTee, Ward Horton, Andrew Rothenberg, Joseph Lee Anderson",https://www.filmcrave.com/movie_page_main.php?id=59553,Unknown
Book Club,13074,2.4,11,05/18/2018,English,Comedy,PG-13,Bill Holderman,"Jane Fonda, Diane Keaton, Candice Bergen, Mary Steenburgen, Craig T. Nelson, Andy Garcia",https://www.filmcrave.com/movie_page_main.php?id=59554,Four lifelong friends find themselves with a new outlook on life after they decide to pick 50 Shades of Grey for their monthly book club. --
Kickboxer 3: The Art of War,37355,2.5,2,09/04/1992,English,"Action, Sport",R,Rick King,"Sasha Mitchell, Dennis Chan, Richard Comar, Noah Verduzco, Alethea Miranda, Milton Gonçalves",https://www.filmcrave.com/movie_page_main.php?id=59555,Unknown
Kickboxer 4: The Aggressor,32419,2.8,2,07/27/1994,English,"Action, Sport",R,Albert Pyun,"Sasha Mitchell, Kamel Krifa, Brad Thornton, Jill Pierce, Michele Krasnoo, Nicholas Guest",https://www.filmcrave.com/movie_page_main.php?id=59556,Unknown
The Redemption: Kickboxer 5,37391,2.5,2,08/01/1995,English,"Action, Drama",R,Kristine Peterson,"Mark Dacascos, James Ryan, Geoff Meed, Tony Caprari, Greg Latter, Duane Porter",https://www.filmcrave.com/movie_page_main.php?id=59557,Unknown
Open Season: Scared Silly,31485,2.2,3,03/08/2016,English,"Animation, Comedy",PG,David Feiss,"Donny Lucas, William Townsend, Melissa Sturm, Trevor Devall, Garry Chalk, Brian Drummond",https://www.filmcrave.com/movie_page_main.php?id=59558,Unknown
Blood Money (2017/II),38188,2.5,2,10/13/2017,English,Thriller,R,Lucky McKee,"John Cusack, Ellar Coltrane, Willa Fitzgerald, Jacob Artist, Ned Bellamy, Antonio J Bell",https://www.filmcrave.com/movie_page_main.php?id=59559,Three friends go camping and come across $8 million and the man who wants his money
Padman,53751,3.0,1,02/09/2018,Hindi,"Biography, Comedy",PG-13,R. Balki,"Akshay Kumar, Radhika Apte, Sonam Kapoor, Amitabh Bachchan, Swini Khara, Rob Tunstall",https://www.filmcrave.com/movie_page_main.php?id=59560,Unknown
Aaaaaaaah!,55807,1.3,2,11/06/2015,English,"Comedy, Thriller",NR,Steve Oram,"Julian Barratt, Tom Meeten, Julian Rhind-Tutt, Toyah Willcox, Holli Dempsey, Lucy Honigman",https://www.filmcrave.com/movie_page_main.php?id=59561,Unknown
American Folk,53730,3.0,1,01/26/2018,English,"Drama, Musical",PG,David Heinz,"Joe Purdy, Amber Rubarth, Krisha Fairchild, David Fine, Bruce Beatty, Elizabeth Dennehy",https://www.filmcrave.com/movie_page_main.php?id=59562,Unknown
The Competition,53732,3.0,1,01/26/2018,English,"Comedy, Romance",NR,Harvey Lowry,"Thora Birch, Claire Coffee, Chris Klein, David Blue, Tiffany Fallon, Jason Tobias",https://www.filmcrave.com/movie_page_main.php?id=59563,Unknown
2047: Virtual Revolution,33016,2.8,2,06/04/2016,English,"Action, Crime",NR,Guy-Roger Duvert,"Mike Dopud, Jane Badler, Jochen Hägele, Maximilien Poullein, Kaya Blocksage, Petra Silander",https://www.filmcrave.com/movie_page_main.php?id=59564,Unknown
Mission: Impossible - Fallout,517,3.1,61,07/27/2018,English,"Action, Thriller",PG-13,Christopher McQuarrie,"Tom Cruise, Rebecca Ferguson, Vanessa Kirby, Henry Cavill, Michelle Monaghan, Angela Bassett",https://www.filmcrave.com/movie_page_main.php?id=59565,"Ethan Hunt and his IMF team once again find themselves racing against the clock after a botched mission puts all their lives, as well as the fate of the world, in danger. --"
Offerings,49514,3.0,1,05/01/1989,English,Horror,R,Christopher Reynolds,"Loretta Leigh Bowman, Elizabeth Greene, G. Michael Smith, Jerry Brewer, Tobe Sexton, Max Burnett",https://www.filmcrave.com/movie_page_main.php?id=59566,Unknown
Steve McQueen: American Icon,53544,3.0,1,09/28/2017,English,"Documentary, Biography",NR,"Jon Erwin, Ben Smallbone","Greg Laurie, Barbara Minty, Barbara Leigh, Mel Gibson, Gary Sinise, Mel Novak",https://www.filmcrave.com/movie_page_main.php?id=59567,Unknown
The Humanity Bureau,38612,1.7,5,04/06/2018,English,"Action, Sci-Fi",R,Rob W. King,"Nicolas Cage, Sarah Lind, Jakob Davies, Hugh Dillon, Vicellous Shannon, Kurt Max Runte",https://www.filmcrave.com/movie_page_main.php?id=59568,"In a near-dystopian future, New America faces an endless cycle of recession and environmental catastrophe. In order to keep things productive, the Humanity Bureau hunts down and banishes those deemed worthless to a wasteland known as New Eden. Agent Noah Cross doesn't think twice about his job - until he comes across a single mother and her son and must face a truth, a truth that could change everything. --"
The Scent of Rain & Lightning,53234,3.0,1,03/25/2017,English,"Drama, Western",R,Blake Robbins,"Justin Chatwin, Maggie Grace, Maika Monroe, Bonnie Bedelia, Mark Webber, Logan Miller",https://www.filmcrave.com/movie_page_main.php?id=59569,Unknown
House of Demons,53743,3.0,1,02/06/2018,English,"Drama, Horror",R,Patrick Meaney,"Amber Benson, Kaytlin Borgen, Morgan Peter Brown, Dove Meir, Whitney Moore, Jeff Torres",https://www.filmcrave.com/movie_page_main.php?id=59570,Unknown
Josie,53794,3.0,1,03/16/2018,English,"Drama, Thriller",Unknown,Eric England,"Sophie Turner, Dylan McDermott, Kurt Fuller, Daeg Faerch, Jack Kilmer, Robin Bartlett",https://www.filmcrave.com/movie_page_main.php?id=59571,Unknown
Love After Love,53807,3.0,1,03/30/2018,English,Drama,NR,Russell Harbaugh,"Andie MacDowell, Chris O'Dowd, Francesca Faridany, Seth Barrish, James Adomian, Romy Byrne",https://www.filmcrave.com/movie_page_main.php?id=59572,Unknown
The Rape of Recy Taylor,53680,3.0,1,12/15/2017,English,Documentary,NR,Nancy Buirski,"Recy Taylor, Esther Cooper Jackson, Robert Corbitt, James Johnson II, Alma Daniels, Chris Money",https://www.filmcrave.com/movie_page_main.php?id=59573,Unknown
Eat Me,53768,3.0,1,03/02/2018,English,"Drama, Thriller",NR,Adrian Cruz,"Michael Shamus Wiles, Brad Carter, Jacqueline Wright",https://www.filmcrave.com/movie_page_main.php?id=59574,Unknown
They Remain,26341,3.0,2,03/02/2018,English,Thriller,NR,Philip Gelatt,"William Jackson Harper, Rebecca Henderson",https://www.filmcrave.com/movie_page_main.php?id=59575,Unknown
The Giant Killer,53643,3.0,1,11/10/2017,English,Documentary,NR,David Yuzuk,"David Yuzuk, Walter Flaherty, Fred Gleffe, Russel Hall, Chris Mancini, Jean Rinaldi",https://www.filmcrave.com/movie_page_main.php?id=59576,Unknown
Imitation Girl,53171,3.0,1,03/04/2017,English,"Drama, Sci-Fi",NR,Natasha Kermani,"Lauren Ashley Carter, Neimah Djourabchi, Adam David Thompson, Catherine Mary Stewart, Stefanie Woodburn, Brian Morvant",https://www.filmcrave.com/movie_page_main.php?id=59577,Unknown
JoJo's Bizarre Adventure: Diamond is Unbreakable - Chapter 1 ( JoJo no kimyô na bôken: Daiyamondo wa kudakenai - dai-isshô ),53479,3.0,1,08/17/2017,Japanese,"Action, Fantasy",NR,Takashi Miike,"Ryûnosuke Kamiki, Nana Komatsu, Jun Kunimura, Takayuki Yamada, Kento Yamazaki, Yûsuke Iseya",https://www.filmcrave.com/movie_page_main.php?id=59578,Unknown
Outside In,53809,3.0,1,04/03/2018,English,Drama,NR,Lynn Shelton,"Edie Falco, Jay Duplass, Kaitlyn Dever, Ben Schwartz, Alycia Delmore, Louis Hobson",https://www.filmcrave.com/movie_page_main.php?id=59579,Unknown
The Terrible Two,53773,3.0,1,03/06/2018,English,"Horror, Thriller",NR,Billy Lewis,"Donny Boaz, Cari Moskow, Reid Doyle, Tracy McMullan, Shane Callahan, Arielle Breslerman",https://www.filmcrave.com/movie_page_main.php?id=59580,Unknown
Back to Burgundy ( Ce qui nous lie ),14309,2.8,3,03/23/2018,French,"Comedy, Drama",NR,Cédric Klapisch,"Pio Marmaï, Ana Girardot, François Civil, Jean-Marc Roulot, María Valverde, Yamée Couture",https://www.filmcrave.com/movie_page_main.php?id=59581,"Jean hasn't been back home for 10 years, but when he learns his father has fallen ill, he returns, meeting back up with his brother and sister and trying to reforge relationships and trust he left behind. --"
Dirt,31495,2.2,3,03/06/2018,English,Sport,NR,Alex Ranarivelo,"Kevin Dillon, DeRon Horton, Christina Moore, Ntare Guma Mbaho Mwine, Dominic DeVore, Matthew Glave",https://www.filmcrave.com/movie_page_main.php?id=59582,Unknown
Los Angeles Overnight,53799,3.0,1,03/20/2018,English,Thriller,NR,Michael Chrisoulakis,"Lin Shaye, Sally Kirkland, Peter Bogdanovich, Maria Olsen, Ashley Park, Camilla Jackson",https://www.filmcrave.com/movie_page_main.php?id=59583,Unknown
"Lullaby, The ( Siembamba )",53767,3.0,1,03/01/2018,English,Horror,NR,Darrell Roodt,"Reine Swart, Thandi Puren, Deànré Reiners, Brandon Auret, Dorothy Ann Gould, Shayla-Rae McFarlane",https://www.filmcrave.com/movie_page_main.php?id=59584,Unknown
Braven,11126,2.5,11,02/02/2018,English,"Action, Drama",R,Lin Oeding,"Jason Momoa, Jill Wagner, Stephen Lang, Garret Dillahunt, Zahn McClarnon, Sala Baker",https://www.filmcrave.com/movie_page_main.php?id=59585,Unknown
"Desert Bride, The ( novia del desierto, La )",11807,2.8,4,05/04/2018,Spanish,Drama,NR,"Cecilia Atán, Valeria Pivato","Paulina García, Claudio Rissi",https://www.filmcrave.com/movie_page_main.php?id=59586,"The story of long-time domestic employee and a family patriarch, who find comfort in routine and must learn to adapt when the house they know so well goes up for sale. --"
Hichki,53801,3.0,1,03/23/2018,Hindi,Drama,NR,Siddharth Malhotra,"Rani Mukerji, Supriya Pilgaonkar, Harsh Mayar, Ivan Rodrigues, Asif Basra, Suprio Bose",https://www.filmcrave.com/movie_page_main.php?id=59587,"A woman who suffers from Tourette Syndrome wants nothing more than to achieve her dream of becoming a teacher. When she lands a job at a prestigious school, she thinks that dream has finally come true, only to find out she will be in charge of the miscreants and trouble-makers. This only spurs her on to turn her condition into her advantage and find a way to inspire those who have been marginalized and forgotten. --"
Marrowbone,7240,2.7,10,04/13/2018,English,"Drama, Horror",R,Sergio G. Sánchez,"George MacKay, Anya Taylor-Joy, Charlie Heaton, Mia Goth, Matthew Stagg, Nicola Harrison",https://www.filmcrave.com/movie_page_main.php?id=59588,"A mother and four children move to her old homestead to escape a dark past. But when illness takes her, and the children are forced to fend for themselves, they must deal with a nosy lawyer and supernatural presence that threatens to tear them apart. --"
"Workshop, The ( atelier, L' )",53596,3.0,1,10/14/2017,French,Drama,NR,Laurent Cantet,"Marina Foïs, Matthieu Lucci, Florian Beaujean, Mamadou Doumbia, Mélissa Guilbert, Warda Rammach",https://www.filmcrave.com/movie_page_main.php?id=59589,Unknown
Threads,506,3.6,5,09/23/1984,English,"Drama, War",NR,Mick Jackson,"Karen Meagher, Reece Dinsdale, David Brierly, Rita May, Nicholas Lane, Jane Hazlegrove",https://www.filmcrave.com/movie_page_main.php?id=59590,"A docu-drama about the effects of nuclear war and the subsequent fallout that takes place in the working-class town of Sheffield, England. Explores the build-up, immediate and long-term aftermath of the catastrophic event. --"
Serenity,26478,1.9,15,01/25/2019,English,"Drama, Thriller",R,Steven Knight,"Matthew McConaughey, Anne Hathaway, Jason Clarke, Diane Lane, Djimon Hounsou, Jeremy Strong",https://www.filmcrave.com/movie_page_main.php?id=59591,A fishing boat captain in the Caribbean has a hidden past - one that finally catches up to him. But the new reality he finds himself a part of may not be all it seems.  --
Ride,60114,2.0,1,11/10/2017,English,Action,PG-13,Alex Ranarivelo,"Shane Graham, Ludacris, Sasha Alexander, Blake Sheldon, Alexander Davis, Jessica Serfaty",https://www.filmcrave.com/movie_page_main.php?id=59592,Unknown
Stephanie,55515,2.5,1,04/27/2017,English,"Fantasy, Horror",R,Akiva Goldsman,"Anna Torv, Frank Grillo, Kenneth Choi, Harold Perrineau, Shree Crooks, Adam Lazarre-White",https://www.filmcrave.com/movie_page_main.php?id=59593,Unknown
Trek-the Movie,53813,3.0,1,04/06/2018,English,"Comedy, Drama",NR,Alan Peterson,"Austin R. Grant, Joel Bishop, Stefania Barr, Clint Pulver, Ryan Mitchel Brown, Spencer Loftus",https://www.filmcrave.com/movie_page_main.php?id=59594,Unknown
Bent,45466,1.5,3,03/09/2018,English,"Crime, Thriller",R,Bobby Moresco,"Karl Urban, Sofía Vergara, Andy Garcia, Vincent Spano, John Finn, Grace Byers",https://www.filmcrave.com/movie_page_main.php?id=59595,Unknown
Uncle Drew,29424,2.0,5,06/29/2018,English,"Comedy, Sport",PG-13,Charles Stone III,"Kyrie Irving, Nick Kroll, LilRel Howery, Shaquille O'Neal, Erica Ash, Crystal Lee Brown",https://www.filmcrave.com/movie_page_main.php?id=59596,"Dax has staked everything he has, including his life's savings, in order to enter and win the Rucker Classic street ball tournament. But a series of mishaps and setbacks causes Dax to lose his team... but not his hope. That is when he comes across the man, the myth, the legend known as Uncle Drew. In order to win the tournament and the cash prize, Dax will help Drew recruit his ""old"" team and prove that age is no barrier against winning. --"
Batman: Gotham by Gaslight,24570,2.1,8,01/23/2018,English,"Animation, Action",R,Sam Liu,"Bruce Greenwood, Jennifer Carpenter, Kari Wuhrer, Grey DeLisle, David Forseth, John DiMaggio",https://www.filmcrave.com/movie_page_main.php?id=59597,Unknown
Batman: Return of the Caped Crusaders,6961,3.0,4,10/11/2016,English,"Animation, Action",PG,Rick Morales,"Adam West, Burt Ward, Julie Newmar, Jeff Bergman, Thomas Lennon, Steven Weber",https://www.filmcrave.com/movie_page_main.php?id=59598,Unknown
Bhaagamathie,53731,3.0,1,01/26/2018,Other,"Historical, Horror",NR,Ashok G.,"Anushka Shetty, Murli Sharma, Jayaram, Unni Mukundan, Asha Sharath, Thalaivasal Vijay",https://www.filmcrave.com/movie_page_main.php?id=59599,Unknown
Mile 22,16362,2.3,14,08/17/2018,English,Action,R,Peter Berg,"Mark Wahlberg, Lauren Cohan, Ronda Rousey, John Malkovich, Sala Baker, Iko Uwais",https://www.filmcrave.com/movie_page_main.php?id=59600,"An elite US agent, along with a top-secret tactical command unit, work to help smuggle a mysterious police officer with highly sensitive information out of the country. --"
Monsters at Large,53790,3.0,1,03/13/2018,English,Family,PG,Jason Murphy,"Mischa Barton, Stephen Tobolowsky, Austin St. John, Matthew Kosto, Auggie Pulliam, Alicia C. Del Aguila",https://www.filmcrave.com/movie_page_main.php?id=59601,Unknown
Tilt,53300,3.0,1,04/22/2017,English,"Drama, Horror",NR,Kasra Farahani,"Joseph Cross, Alexia Rasmussen, C.S. Lee, Jessy Hodges, Jade Sealey, Kelvin Yu",https://www.filmcrave.com/movie_page_main.php?id=59602,Unknown
Beauty and the Dogs ( Aala Kaf Ifrit ),53611,3.0,1,10/20/2017,Arabic,"Crime, Drama",NR,"Khaled Walid Barsaoui, Kaouther Ben Hania","Mariam Al Ferjani, Ghanem Zrelli, Noomen Hamda, Mohamed Akkari, Chedly Arfaoui, Anissa Daoud",https://www.filmcrave.com/movie_page_main.php?id=59603,Unknown
10x10,42078,2.3,2,04/13/2018,English,Thriller,NR,Suzi Ewing,"Kelly Reilly, Luke Evans, Noel Clarke, Olivia Chenery, Jason Maza, Ruby Bustamante",https://www.filmcrave.com/movie_page_main.php?id=59604,Unknown
Actors of Sound,52787,3.0,1,06/04/2016,English,Documentary,NR,Lalo Molina,"Michael Lee Cullen, Marko A. Costanzo, Eric Justen, Kitty Malone, Heikki Kossi, Leslie Bloome",https://www.filmcrave.com/movie_page_main.php?id=59605,Unknown
"Third Murder, The ( Sandome no satsujin )",26335,3.0,2,01/04/2018,Japanese,"Drama, Mystery",NR,Hirokazu Koreeda,"Masaharu Fukuyama, Kôji Yakusho, Shinnosuke Mitsushima, Mikako Ichikawa, Izumi Matsuoka, Yuki Saitô",https://www.filmcrave.com/movie_page_main.php?id=59606,Unknown
Wastelander,53741,3.0,1,02/02/2018,English,"Action, Sci-Fi",NR,Angelo Lopes,"Brendan Guy Murphy, Jon Proudstar, Carol Cardenas, David Morden, Sian Vilaire, Aaron Stielstra",https://www.filmcrave.com/movie_page_main.php?id=59607,Unknown
Ridge Runners,53723,3.0,1,01/19/2018,English,"Crime, Drama",NR,Hunter West,"Jennica Schwartzman, Austin Haley, Christopher Howell, Jason Thompson, Charlee Graham, Ryan Schwartzman",https://www.filmcrave.com/movie_page_main.php?id=59608,Unknown
The Misguided,53733,3.0,1,01/26/2018,English,"Comedy, Drama",NR,Shannon Alexander,"Katherine Langford, Anna Philp, Caleb Galati, Athan Bellos, Jasmine Nibali, Steven J. Mihaljevich",https://www.filmcrave.com/movie_page_main.php?id=59609,Unknown
But Deliver Us from Evil,60057,2.0,1,04/27/2017,English,"Horror, Thriller",NR,Joshua Coates,"Eric Roberts, Grant Harvey, Pooch Hall, Torrei Hart, Thorsten Kaye, Cynthia Rodriguez",https://www.filmcrave.com/movie_page_main.php?id=59610,Unknown
Freedom on My Mind,58052,2.0,1,06/22/1994,English,Documentary,NR,"Connie Field, Marilyn Mulford",Ronnie Washington,https://www.filmcrave.com/movie_page_main.php?id=59611,Unknown
Boston,53273,3.0,1,04/19/2017,English,Documentary,NR,Jon Dunham,"Matt Damon, Robert de Castella, Rosa Mota, Bill Rodgers, Joan Benoit Samuelson",https://www.filmcrave.com/movie_page_main.php?id=59612,Unknown
Nana,53015,3.0,1,11/06/2016,English,"Documentary, Historical",NR,Serena Dykman,"Serena Dykman, Alice Michalowski",https://www.filmcrave.com/movie_page_main.php?id=59613,Unknown
Party Bus to Hell,53823,3.0,1,04/16/2018,English,Horror,NR,Rolfe Kanefsky,"Tara Reid, Devanny Pinn, Sadie Katz, Elissa Dowling, Aaron Groben, Ben Stobber",https://www.filmcrave.com/movie_page_main.php?id=59614,Unknown
Wolf Warrior ( Zhan lang ),38102,2.5,2,09/01/2015,Mandarin,"Action, Crime",NR,Jing Wu,"Jing Wu, Nan Yu, Dahong Ni, Zhu Xiao, Qiang Ma, Zhaoqi Shi",https://www.filmcrave.com/movie_page_main.php?id=59615,Unknown
TuTuMuch,51637,3.0,1,01/17/2010,English,Documentary,NR,Elise Swerhone,Unknown,https://www.filmcrave.com/movie_page_main.php?id=59616,Unknown
"Music of Silence, The ( musica del silenzio, La )",53740,3.0,1,02/02/2018,English,Biography,NR,Michael Radford,"Antonio Banderas, Jordi Mollà, Toby Sebastian, Luisa Ranieri, Alessandro Sperduti, Antonella Attili",https://www.filmcrave.com/movie_page_main.php?id=59617,Unknown
A Lesson in Cruelty,53739,3.0,1,02/02/2018,English,Comedy,NR,Alexander Salazar,"Justin Lebrun, Martin Copping, Sally McDonald, Maya Aleksandra, Savannah Hastings, Michael D. Anglin",https://www.filmcrave.com/movie_page_main.php?id=59618,Unknown
Where is Kyra?,26275,3.0,2,01/23/2017,English,Drama,R,Andrew Dosunmu,"Michelle Pfeiffer, Kiefer Sutherland, Suzanne Shepherd, Sam Robards, Elizabeth Evans, Marc Menchaca",https://www.filmcrave.com/movie_page_main.php?id=59619,Unknown
"Other Side of Hope, The ( Toivon tuolla puolen )",42066,2.3,2,09/01/2017,Finnish,"Comedy, Drama",NR,Aki Kaurismäki,"Ville Virtanen, Dome Karukoski, Kati Outinen, Tommi Korpela, Tommi Eronen, Jörn Donner",https://www.filmcrave.com/movie_page_main.php?id=59620,Unknown
Windjammer: The Voyage of the Christian Radich,48333,3.0,1,04/08/1958,English,"Documentary, Romance",NR,"Bill Colleran, Louis De Rochemont III","Pau Casals, Niels Arntsen, Sigurd Borgen, Trygve Bendiksen, Wilbur De Paris, Arthur Fiedler",https://www.filmcrave.com/movie_page_main.php?id=59621,Unknown
This is Cinerama,25385,3.0,2,09/30/1952,English,Documentary,G,"Merian C. Cooper, Gunther von Fritsch, Ernest B. Schoedsack, Michael Todd Jr.",Lowell Thomas,https://www.filmcrave.com/movie_page_main.php?id=59622,Unknown
Black Venus ( Vénus noire ),21316,3.3,2,10/07/2010,French,"Drama, Historical",NR,Abdellatif Kechiche,"Yahima Torres, Andre Jacobs, Olivier Gourmet, Elina Löwensohn, François Marthouret, Michel Gionti",https://www.filmcrave.com/movie_page_main.php?id=59623,Unknown
Stage Struck,47249,3.0,1,11/16/1925,English,Comedy,NR,Allan Dwan,"Gloria Swanson, Lawrence Gray, Gertrude Astor, Oliver Sandys, Ford Sterling, Carrie Scott",https://www.filmcrave.com/movie_page_main.php?id=59624,Unknown
American Socialist: The Life and Times of Eugene Victor Debs,53060,3.0,1,01/01/2017,English,Documentary,NR,Yale Strom,"Nick Cagle, Amy Madigan, Tom 'Jack' Daniels, Steve Gunderson",https://www.filmcrave.com/movie_page_main.php?id=59625,Unknown
"Art and Heart, the World of Isaiah Sheffer",59906,2.0,1,01/14/2016,English,"Documentary, Biography",NR,Catherine Tambini,Isaiah Sheffer,https://www.filmcrave.com/movie_page_main.php?id=59626,Unknown
Company Town,53507,3.0,1,09/08/2017,English,Documentary,NR,"Natalie Kottke, Erica Sardarian","David Bouie, Cheryl Slavant, Wilma Subra",https://www.filmcrave.com/movie_page_main.php?id=59627,Unknown
Don't Talk to Irene,26326,3.0,2,10/29/2017,English,Comedy,NR,Don't Talk to Irene,"Geena Davis, Michelle McLeod, Joan Gregson, Bruce Gray, Andy Reid, Anastasia Phillips",https://www.filmcrave.com/movie_page_main.php?id=59628,Unknown
Gray Matters,52104,3.0,1,10/15/2014,English,"Documentary, Biography",NR,Marco Orsini,Mary McGuckian,https://www.filmcrave.com/movie_page_main.php?id=59629,Unknown
In the Land of Pomegranates,53690,3.0,1,01/05/2018,Hebrew,Documentary,NR,Hava Kohav Beller,Unknown,https://www.filmcrave.com/movie_page_main.php?id=59630,Unknown
Strangers on the Earth,53253,3.0,1,04/04/2017,English,Documentary,NR,Tristan Cook,Dane Johansen,https://www.filmcrave.com/movie_page_main.php?id=59631,Unknown
Sea Gypsies: The Far Side of the World,53445,3.0,1,07/25/2017,English,"Documentary, Action",NR,Nico Edwards,"David Bowie, Nico Edwards, Clemens Gabriel, Ayack Wanderer",https://www.filmcrave.com/movie_page_main.php?id=59632,Unknown
Hilleman: A Perilous Quest to Save the World's Children,52820,3.0,1,06/18/2016,English,Documentary,NR,Donald Rayne Mitchell,Dr. Maurice Hilleman,https://www.filmcrave.com/movie_page_main.php?id=59633,Unknown
Girls vs Gangsters ( Guimi 2 ),53775,3.0,1,03/09/2018,Mandarin,"Comedy, Drama",NR,Chun-Chun Wong,"Mike Tyson, Janine Chun-Ning Chang, Ivy Yi-Han Chen, Fiona Sit, Shuilin Wang, Tiantian Fan",https://www.filmcrave.com/movie_page_main.php?id=59634,Unknown
Getting Grace,53509,3.0,1,09/08/2017,English,Drama,PG-13,Daniel Roebuck,"Daniel Roebuck, Madelyn Dundon, Marsha Dietlein, Dana Ashbrook, Duane Whitaker, Steve Christopher",https://www.filmcrave.com/movie_page_main.php?id=59635,Unknown
Kuleana,60070,2.0,1,06/23/2017,English,"Drama, Mystery",PG-13,Brian Kohne,"Moronai Kanekoa, Kristina Anapau, Sonya Balmores, Stefan C. Schaefer, Branscombe Richmond, Marlene Sai",https://www.filmcrave.com/movie_page_main.php?id=59636,Unknown
Love Costs Everything,51678,3.0,1,06/01/2011,English,"Documentary, Biography",R,M.D. Neely,"Amani Mustafa, Sanjay Masih, Maria Perez, Canon Andrew White, Walter Masih, Yusuf Aziz",https://www.filmcrave.com/movie_page_main.php?id=59637,Unknown
Mowgli: Legend of the Jungle,28650,1.9,9,12/31/2019,English,"Adventure, Drama",PG-13,Andy Serkis,"Cate Blanchett, Andy Serkis, Benedict Cumberbatch, Christian Bale, Naomie Harris, Matthew Rhys",https://www.filmcrave.com/movie_page_main.php?id=59638,"A young boy is raised by wolves, a lone human among the animals of the jungle. As he grows older he must face not just the danger of a man-hating tiger, Shere Khan, but also come to terms with his own origins and nature. --"
Pandas,53812,3.0,1,04/06/2018,English,Documentary,G,"David Douglas, Drew Fellman","Wen Lei Bi, Rong Hou, Ben Kilham, Jacob Owens",https://www.filmcrave.com/movie_page_main.php?id=59639,Unknown
Final Portrait,5689,2.9,6,03/23/2018,English,"Biography, Comedy",R,Stanley Tucci,"Armie Hammer, Geoffrey Rush, Clémence Poésy, Tony Shalhoub, James Faulkner, Sylvie Testud",https://www.filmcrave.com/movie_page_main.php?id=59640,"On a short trip to Paris in 1964, author and art connoisseur James Lord finds himself agreeing to sit for a portrait for his friend Alberto Giacometti. Told that it will only take a few days, and intrigued by the process, Lord agrees - opening the door to the insight, beauty, chaos, frustration and genius of the artistic endeavor.  --"
Guardians of the Tomb,43272,1.5,4,02/23/2018,English,"Action, Adventure",NR,Kimble Rendall,"Bingbing Li, Kellan Lutz, Kelsey Grammer, Stef Dawson, Yasmin Kassim, Ryan Johnson",https://www.filmcrave.com/movie_page_main.php?id=59641,Unknown
The Heart of Nuba,53811,3.0,1,04/06/2018,English,Documentary,NR,Kenneth A. Carlson,"Tom Catena, George Reilly, Steve Kettelberger, Gene Catena, Dr. Corry Chapman, Nancy Catena",https://www.filmcrave.com/movie_page_main.php?id=59642,Unknown
The Hustle,29677,1.9,9,05/10/2019,English,Comedy,PG-13,Chris Addison,"Rebel Wilson, Anne Hathaway, Tim Blake Nelson, Alex Sharp, Ingrid Oliver, Francisco Labbe",https://www.filmcrave.com/movie_page_main.php?id=59643,"A remake of ""Dirty Rotten Scoundrels"" that finds two competitive, but on-the-outs, con artists taking part in a new hustle - with the caveat that the loser of said contest will leave town. --"
Pyewacket,15595,2.5,5,03/23/2018,English,Thriller,NR,Adam MacDonald,"Nicole Muñoz, Laurie Holden, Chloe Rose, Eric Osborne, James McGowan, Neil Whitely",https://www.filmcrave.com/movie_page_main.php?id=59644,Unknown
Razzia,53708,3.0,1,01/10/2018,Arabic,Drama,NR,Nabil Ayouch,"Maryam Touzani, Arieh Worthalter, Amine Ennaji, Abdelilah Rachid, Dounia Binebine, Abdellah Didane",https://www.filmcrave.com/movie_page_main.php?id=59645,Unknown
The Feels,53387,3.0,1,06/09/2017,English,"Comedy, Romance",NR,Jenée LaMarque,"Constance Wu, Jenée LaMarque, Josh Fadem, Ever Mainard, Lauren Parks, Angela Trimbur",https://www.filmcrave.com/movie_page_main.php?id=59646,Unknown
Izzy Gets the F*ck Across Town,33073,2.8,2,05/04/2018,English,"Comedy, Drama",NR,Christian Papierniak,"Mackenzie Davis, Haley Joel Osment, Alia Shawkat, Carrie Coon, Annie Potts, Lakeith Stanfield",https://www.filmcrave.com/movie_page_main.php?id=59647,Unknown
On Chesil Beach,18927,2.7,3,05/18/2018,English,"Drama, Romance",R,Dominic Cooke,"Saoirse Ronan, Emily Watson, Samuel West, Anne-Marie Duff, Bebe Cave, Adrian Scarborough",https://www.filmcrave.com/movie_page_main.php?id=59648,Set in 1962 England a young couple from vastly different backgrounds enter into an idyllic romance amidst a sexual revolution and societal pressure focused on physical intimacy. All this leads to and awkward and fateful wedding night. Based on the novel by Ian McEwan. --
The Outsider,26340,3.0,2,02/28/2018,English,"Crime, Drama",NR,Martin Zandvliet,"Jared Leto, Tadanobu Asano, Kippei Shîna, Rory Cochrane, Emile Hirsch, Shioli Kutsuna",https://www.filmcrave.com/movie_page_main.php?id=59649,Unknown
Roxanne Roxanne,42046,2.3,2,01/22/2017,English,Drama,NR,Michael Larnell,"Mahershala Ali, Nia Long, Adam Horovitz, Jermaine Crawford, Kevin Phillips, Tonye Patano",https://www.filmcrave.com/movie_page_main.php?id=59650,Unknown
"Where Have You Gone, Lou DiMaggio",53225,3.0,1,03/21/2017,English,"Documentary, Biography",NR,Brad Kuhlman,"Lou DiMaggio, Larry David, Jeff Garlin, Colin Quinn, Joy Behar, Susie Essman",https://www.filmcrave.com/movie_page_main.php?id=59651,Unknown
Yardie,53726,3.0,1,01/20/2018,English,Crime,NR,Idris Elba,"Stephen Graham, Aml Ameen, Mark Rhino Smith, Akin Gazi, Fraser James, Naomi Ackie",https://www.filmcrave.com/movie_page_main.php?id=59652,Unknown
Leave No Trace,1192,3.1,29,06/29/2018,English,Drama,PG,Debra Granik,"Ben Foster, Thomasin McKenzie, Dale Dickey, Jeff Kober, Isaiah Stone, Dana Millican",https://www.filmcrave.com/movie_page_main.php?id=59653,"A father and his teen daughter have lived for years off the grid in the vast forests of Portland, Oregon. But a chance mistake puts them into the social services system. Neither are prepared for the new world they find themselves thrust into, and put in motion a plan to return to their idyllic life. --"
Papillon,5255,2.8,13,08/24/2018,English,"Biography, Crime",R,Michael Noer,"Charlie Hunnam, Rami Malek, Eve Hewson, Michael Socha, Christopher Fairbank, Brian Vernel",https://www.filmcrave.com/movie_page_main.php?id=59654,"Devil's Island is a remote, dangerous penal colony. The rather meek Henri ""Papillon"" Charrière, a Parisian safecracker is sent to the island after being framed for murder. He will do anything to escape and thus strikes up a friendship with the quirky counterfeiter Louis Dega - who has the money and the means - but a plan of this magnitude can't be down overnight and over several years, ups and downs, they form an unbreakable bond. --"
The Forgiven,23075,2.5,3,03/09/2018,English,Thriller,R,Roland Joffé,"Forest Whitaker, Eric Bana, Jeff Gum, Morné Visser, Terry Norton, Rob Gough",https://www.filmcrave.com/movie_page_main.php?id=59655,Unknown
Our Blood is Wine,53776,3.0,1,03/09/2018,English,Documentary,NR,Emily Railsback,"Jeremy Quinn, Ramaz Nikoladze, Giorgi Natenadze, Mariam Iosebidze, Luarsab Togonidze",https://www.filmcrave.com/movie_page_main.php?id=59656,Unknown
Detective Chinatown 2,53756,3.0,1,02/16/2018,Mandarin,"Action, Comedy",R,Sicheng Chen,"Baoqiang Wang, Haoran Liu, Yang Xiao, Natasha Liu Bordizzo, Yuxian Shang, Michael Pitt",https://www.filmcrave.com/movie_page_main.php?id=59657,Unknown
Honor Up,53757,3.0,1,02/16/2018,English,"Action, Adventure",R,Damon Dash,"Jay Black, Blackface, Eishia Brightwell, Cam'ron, Damon Dash, Stacey Dash",https://www.filmcrave.com/movie_page_main.php?id=59658,Unknown
Curvature,53761,3.0,1,02/23/2018,English,"Mystery, Sci-Fi",NR,Diego Hallivis,"Lyndsy Fonseca, Linda Hamilton, Glenn Morshower, Noah Bean, Zach Avery, Alex Lanipekun",https://www.filmcrave.com/movie_page_main.php?id=59659,Unknown
The Boxcar Children,52073,3.0,1,08/05/2014,English,"Adventure, Adventure",G,"Daniel Chuba ,Mark A.Z. Dippé, Kyungho Jo","Illeana Douglas, Mackenzie Foy, Zachary Gordon, Joey King, Jadon Sand, Martin Sheen",https://www.filmcrave.com/movie_page_main.php?id=59660,Unknown
Free Willy: Escape from Pirate's Cove,41837,2.3,2,03/23/2010,English,"Family, Adventure",PG,Will Geiger,"Bindi Irwin, Beau Bridges, Bongolethu Mbutuma, Siyabulela Ramba, Matthew Dylan Roberts, Stephen Jennings",https://www.filmcrave.com/movie_page_main.php?id=59661,Unknown
Maqbool,59001,2.0,1,01/30/2004,Hindi,"Crime, Drama",NR,Vishal Bhardwaj,"Irrfan Khan, Tabu, Pankaj Kapur, Naseeruddin Shah, Om Puri, Piyush Mishra",https://www.filmcrave.com/movie_page_main.php?id=59662,Maqbool works as the underworld Don's sidekick and finds himself falling in love with his
Pokémon Detective Pikachu,10355,2.4,32,05/10/2019,English,"Animation, Family",PG,Rob Letterman,"Ryan Reynolds, Justice Smith, Kathryn Newton, Bill Nighy, Ken Watanabe, Suki Waterhouse",https://www.filmcrave.com/movie_page_main.php?id=59663,The world of Pokémon is usually based on people capturing and battling
Kings,40042,1.6,7,04/27/2018,English,"Crime, Drama",R,Deniz Gamze Ergüven,"Daniel Craig, Halle Berry, Issac Ryan Brown, Rick Ravanello, Kevin Carroll, Lamar Johnson",https://www.filmcrave.com/movie_page_main.php?id=59664,Follows the life of a foster family in South Central L.A. during the weeks leading up to the verdict in the Rodney King trial that will upend the city. --
Rabbit à la Berlin ( Królik po berlinsku ),59465,2.0,1,10/01/2009,German,"Documentary, Historical",NR,Bartosz Konopka,Unknown,https://www.filmcrave.com/movie_page_main.php?id=59665,Unknown
Let the Sunshine In ( Un beau soleil intérieur ),9160,2.9,4,04/27/2018,French,"Comedy, Drama",NR,Claire Denis,"Juliette Binoche, Xavier Beauvois, Philippe Katerine, Josiane Balasko, Sandrine Dumas, Alex Descas",https://www.filmcrave.com/movie_page_main.php?id=59666,Unknown
Thy Kingdom Come,60136,2.0,1,03/09/2018,English,Drama,NR,Eugene Richards,Javier Bardem,https://www.filmcrave.com/movie_page_main.php?id=59667,Unknown
"Moon Child ( niño de la luna, El )",49497,3.0,1,01/01/1989,Spanish,"Fantasy, Sci-Fi",NR,Agustí Villaronga,"Maribel Martín, Lisa Gerrard, Enrique Saldana, Lucia Bosé, David Sust, Mary Carrillo",https://www.filmcrave.com/movie_page_main.php?id=59668,Unknown
Eight Hours of Terror ( Hachijikan no kyôfu ),48296,3.0,1,03/08/1957,Japanese,"Action, Crime",NR,Seijun Suzuki,"Keiko Shima, Nobuo Kaneko, Kan Yanagiya, Hiroshi Kondô, Hideaki Nitani, Taizô Fukami",https://www.filmcrave.com/movie_page_main.php?id=59669,Unknown
"Sleeping Beast Within, The ( Kemono no nemuri )",48369,3.0,1,04/06/1960,Japanese,Mystery,NR,Seijun Suzuki,"Hiroyuki Nagato, Kazuko Yoshiyuki, Shôichi Ozawa, Shinsuke Ashida, Hisano Yamaoka, Tsutomu Shimomoto",https://www.filmcrave.com/movie_page_main.php?id=59670,Unknown
Smashing the 0-Line ( Mikkô zero rain ),48372,3.0,1,06/25/1960,Japanese,"Action, Crime",NR,Seijun Suzuki,"Hiroyuki Nagato, Yuji Kodaka, Sanae Nakahara, Mayumi Shimizu, Tomo'o Nagai, Kaku Takashina",https://www.filmcrave.com/movie_page_main.php?id=59671,Unknown
Tokyo Knights ( Tokyo naito ),48387,3.0,1,02/01/1961,Japanese,"Action, Crime",NR,Seijun Suzuki,"Kôji Wada, Mayumi Shimizu, Yôko Minamida, Nobuo Kaneko, Yoshiko Nezu, Shôichi Ozawa",https://www.filmcrave.com/movie_page_main.php?id=59672,Unknown
"Man with a Shotgun, The ( Sandanju no otoko )",48395,3.0,1,06/04/1961,Japanese,Crime,NR,Seijun Suzuki,"Hideaki Nitani, Izumi Ashikawa, Yuji Kodaka, Yôko Minamida, Akio Tanaka, Eiji Gô",https://www.filmcrave.com/movie_page_main.php?id=59673,Unknown
The Psychopath,48533,3.0,1,05/20/1966,English,"Crime, Horror",NR,Freddie Francis,"Patrick Wymark, Margaret Johnston, John Standing, Alexander Knox, Judy Huxtable, Don Borisenko",https://www.filmcrave.com/movie_page_main.php?id=59674,Unknown
"Indiscretions ( nouveau testament, Le )",47832,3.0,1,04/30/1939,French,Comedy,NR,Sacha Guitry,"Sacha Guitry, Jacqueline Delubac, Christian Gérard, Betty Daussmond, Charles Dechamps, Marguerite Templey",https://www.filmcrave.com/movie_page_main.php?id=59675,Unknown
Mon père avait raison,47624,3.0,1,11/27/1936,French,Comedy,NR,Sacha Guitry,"Sacha Guitry, Gaston Dubosc, Serge Grave, Paul Bernard, Jacqueline Delubac, Betty Daussmond",https://www.filmcrave.com/movie_page_main.php?id=59676,Unknown
Faisons un rêve...,47638,3.0,1,12/31/1936,French,"Comedy, Romance",NR,Sacha Guitry,"Sacha Guitry, Raimu, Jacqueline Delubac, Arletty, Pierre Bertin, Victor Boucher",https://www.filmcrave.com/movie_page_main.php?id=59677,Unknown
Remontons les Champs-Élysées,47813,3.0,1,01/01/1939,French,"Comedy, Drama",NR,Sacha Guitry,"Sacha Guitry, Lucien Baroux, Jean Périer, Roger Bourdin, Robert Pizani, Jean Coquelin",https://www.filmcrave.com/movie_page_main.php?id=59678,Unknown
The Happys,52874,3.0,1,08/14/2016,English,Comedy,NR,"Tom Gould, John Serpe","Amanda Bauer, Jack DePew, Janeane Garofalo, Melissa McBride, Rhys Ward, Arturo del Puerto",https://www.filmcrave.com/movie_page_main.php?id=59679,Unknown
Tehran Taboo,53754,3.0,1,02/14/2018,Persian,"Animation, Drama",NR,Ali Soozandeh,"Farhad Abadinejad, Alireza Bayram, Arash Marandi, Elmira Rafizadeh, Thomas Nash, Ali Nasrabadi",https://www.filmcrave.com/movie_page_main.php?id=59680,Unknown
Damascus Cover,53874,3.0,1,06/02/2018,English,Thriller,NR,Daniel Zelik Berk,"Jonathan Rhys Meyers, Olivia Thirlby, John Hurt, Jürgen Prochnow, Navid Negahban, Wolf Kahler",https://www.filmcrave.com/movie_page_main.php?id=59681,Unknown
An Ordinary Man,18923,2.7,3,04/13/2018,English,"Drama, Thriller",R,Brad Silberling,"Ben Kingsley, Hera Hilmar, Peter Serafinowicz, Robert Blythe, Edmund Kingsley, Milorad Kapor",https://www.filmcrave.com/movie_page_main.php?id=59682,Unknown
RBG,3504,3.0,8,01/21/2018,English,Documentary,PG,"Julie Cohen, Betsy West","Ruth Bader Ginsburg, Gloria Steinem, Nina Totenberg",https://www.filmcrave.com/movie_page_main.php?id=59683,Unknown
Demon House,53792,3.0,1,03/16/2018,English,"Documentary, Horror",NR,Zak Bagans,"Zak Bagans, Jay Wasley, Billy Tolley",https://www.filmcrave.com/movie_page_main.php?id=59684,Unknown
Sensitivity Training,60132,2.0,1,02/27/2018,English,Comedy,NR,Melissa Finell,"Anna Lise Phillips, Jill E. Alexander, Quinn Marcus, Finnegan Haid, Amy Vorpahl, Andy Gala",https://www.filmcrave.com/movie_page_main.php?id=59685,Unknown
The Week Of,40002,1.8,3,04/27/2018,English,Comedy,NR,Robert Smigel,"Adam Sandler, Chris Rock, Steve Buscemi, Rachel Dratch, Scott Cohen, Melanie Nicholls-King",https://www.filmcrave.com/movie_page_main.php?id=59686,Unknown
Beast,7065,2.8,7,05/11/2018,English,Drama,R,Michael Pearce,"Jessie Buckley, Johnny Flynn, Geraldine James, Charley Palmer Rothwell, Hattie Gotobed, Shannon Tarbet",https://www.filmcrave.com/movie_page_main.php?id=59687,"A troubled woman living in an isolated community finds herself drawn to a stranger in town. But even as she unwinds from the grip of her oppressive family, she must come to terms with the fact this secretive outsider may be responsible for a series of brutal murders. --"
Juggernaut,53571,3.0,1,10/07/2017,English,"Crime, Drama",NR,Daniel DiMarco,"Amanda Crew, Jack Kesy, Stephen McHattie, Ty Olsson, David Cubitt, Peter McRobbie",https://www.filmcrave.com/movie_page_main.php?id=59688,Unknown
A Sniper's War,60130,2.0,1,02/01/2018,Russian,Documentary,NR,Olya Schechter,Unknown,https://www.filmcrave.com/movie_page_main.php?id=59689,Unknown
Bad Samaritan,7801,2.6,14,05/04/2018,English,"Horror, Thriller",R,Dean Devlin,"Kerry Condon, David Tennant, Robert Sheehan, Jacqueline Byers, Lisa Brenner, Carlito Olivero",https://www.filmcrave.com/movie_page_main.php?id=59690,"After coming up with a perfect plan to rob the rich and give to themselves, a pair of thieves pick the wrong man when they stumble upon a young woman being held captive. This is just the beginning, however, as the cold, calculating killer swiftly hides all evidence and makes a plan of his own - to silence these new threats, whatever it takes. --"
Haider,52090,3.0,1,10/02/2014,Hindi,"Action, Crime",NR,Vishal Bhardwaj,"Tabu, Shahid Kapoor, Shraddha Kapoor, Kay Kay Menon, Narendra Jha, Kulbhushan Kharbanda",https://www.filmcrave.com/movie_page_main.php?id=59691,A man returns to his home in Kashmir to discover that his father has
Sexual Chronicles of a French Family ( Chroniques sexuelles d'une famille d'aujourd'hui ),59533,2.0,1,06/01/2012,French,"Comedy, Drama",NR,"Pascal Arnold, Jean-Marc Barr","Mathias Melloul, Valérie Maës, Stephan Hersoen, Leïla Denio, Nathan Duval, Yan Brian",https://www.filmcrave.com/movie_page_main.php?id=59692,Unknown
The Workshop,59329,2.0,1,04/25/2007,English,Documentary,NR,Jamie Morgan,"Jamie Morgan, Laurel Conley, Peter Kudren, Dominique Meeroff, James Swank, Jumana Fallenstar",https://www.filmcrave.com/movie_page_main.php?id=59693,Unknown
A Little Bit Zombie,37775,2.5,2,02/04/2012,English,"Comedy, Horror",R,Casey Walker,"Kristopher Turner, Crystal Lowe, Shawn Roberts, Kristen Hager, Stephen McHattie, Emilie Ullerup",https://www.filmcrave.com/movie_page_main.php?id=59694,Unknown
Two Roses and a Golden Rod,55696,1.3,2,01/01/1969,English,"Comedy, Drama",R,Albert Zugsmith,"John Alderman, Elizabeth Knowles, Ami Paisley, Lois Ursone",https://www.filmcrave.com/movie_page_main.php?id=59695,Unknown
Into the Storm,32752,2.8,2,05/31/2009,English,"Biography, Drama",NR,Thaddeus O'Sullivan,"Brendan Gleeson, Janet McTeer, Adrian Scarborough, Jack Shepherd, James D'Arcy, Iain Glen",https://www.filmcrave.com/movie_page_main.php?id=59696,This biopic follows Winston Churchill's personal struggles during his years as prime
Scorched Earth,31494,2.2,3,02/02/2018,English,"Action, Sci-Fi",R,Peter Howitt,"Gina Carano, John Hannah, Stephanie Bennett, Alisha Newton, Patrick Gilmore, Ryan Robbins",https://www.filmcrave.com/movie_page_main.php?id=59697,Unknown
Apartment 212,53213,3.0,1,03/16/2017,English,Horror,NR,Haylar Garcia,"Penelope Mitchell, Sally Kirkland, Chris Johnson, Kyle Gass, Han Soto, Dan Davidson",https://www.filmcrave.com/movie_page_main.php?id=59698,Unknown
Most Likely to Murder,14308,2.8,3,03/12/2018,English,Comedy,R,Dan Gregor,"Rachel Bloom, Vincent Kartheiser, Billy Eichner, Adam Pally, Didi Conn, Julia Goldani Telles",https://www.filmcrave.com/movie_page_main.php?id=59699,Unknown
Too Cold to Swim,53752,3.0,1,02/10/2018,English,Drama,NR,D.W. Young,"Oliver Henzler, Michael Rabe, Sophie Simpson, Pierre Shrady, Steven Zirnkilton, Francesco Saviano",https://www.filmcrave.com/movie_page_main.php?id=59700,Unknown
Christopher Robin,3545,3.0,10,08/03/2018,English,"Adventure, Comedy",PG,Marc Forster,"Hayley Atwell, Ewan McGregor, Jim Cummings, Chris O'Dowd, Toby Jones, Peter Capaldi",https://www.filmcrave.com/movie_page_main.php?id=59701,"Christopher Robin has become a working-class family man - focused on doing right, but with little time for fun. But he is about to rediscover the joy in life when an old friend, Winnie the Pooh, shows back up in his life and reunites him with the Hundred Acre Wood and Pooh's many friends. --"
The Seagull,14310,2.8,3,05/11/2018,English,Drama,PG-13,Michael Mayer,"Saoirse Ronan, Elisabeth Moss, Annette Bening, Michael Zegen, Brian Dennehy, Corey Stoll",https://www.filmcrave.com/movie_page_main.php?id=59702,"Irina, an aging actress brings a successful novelist on a summer holiday to visit her husband and son. Nina, an innocent girl on a neighboring estate, falls for the novelist. He uses this to his advantage, to corrupt and ultimately reject her - much as Irina has rejected her son, who, in turn, is infatuated with Nina. The adults continue of with their lives with little regard to the chaos they have sown. --"
Upgrade,3100,2.8,29,06/01/2018,English,"Action, Sci-Fi",R,Leigh Whannell,"Logan Marshall-Green, Simon Maiden, Betty Gabriel, Harrison Gilbertson, Melanie Vallejo, Benedict Hardie",https://www.filmcrave.com/movie_page_main.php?id=59703,"In the near-future, technology is ingrained in all aspects of life. Grey Trace is a rare technophobe, but following a life-altering event, he will sacrifice his own humanity to gain his revenge as he is implanted with an AI chip called STEM. --"
The Valley,53175,3.0,1,03/05/2017,English,"Drama, Mystery",R,Saila Kariat,"Alyy Khan, Suchitra Pillai, Jake T. Austin, Agneeta Thacker, Christa B. Allen, Barry Corbin",https://www.filmcrave.com/movie_page_main.php?id=59704,Unknown
Wildling,31498,2.2,3,04/13/2018,English,"Fantasy, Horror",R,Fritz Böhm,"Liv Tyler, Brad Dourif, James Le Gros, Bel Powley, Mike Faist, Troy Ruptash",https://www.filmcrave.com/movie_page_main.php?id=59705,Unknown
The Catcher Was a Spy,19184,2.3,6,01/19/2018,English,"Biography, Drama",R,Ben Lewin,"Connie Nielsen, Paul Rudd, Mark Strong, Jeff Daniels, Sienna Miller, Guy Pearce",https://www.filmcrave.com/movie_page_main.php?id=59706,Unknown
Prospect,9704,2.6,7,03/10/2018,English,Sci-Fi,R,"Chris Caldwell, Zeek Earl","Sophie Thatcher, Pedro Pascal, Jay Duplass, Andre Royo, Sheila Vand, Anwan Glover",https://www.filmcrave.com/movie_page_main.php?id=59707,Unknown
Meow Wolf: Origin Story,60135,2.0,1,03/09/2018,English,Documentary,NR,"Morgan Capps, Jilann Spitzmiller","George R.R. Martin, Vince Kadlubek, Sean Di Ianni, Emily Montoya, Caity Kennedy, Matt King",https://www.filmcrave.com/movie_page_main.php?id=59708,Unknown
Take Your Pills,60138,2.0,1,03/16/2018,English,Documentary,NR,Alison Klayman,Unknown,https://www.filmcrave.com/movie_page_main.php?id=59709,Unknown
The Radiant One,59991,2.0,1,12/13/2016,English,"Drama, Mystery",NR,Kristopher Dolphin,"Dan Shaked, Peyton McDavitt, Lindsey Cruz, Ashlee Grubbs, Toni Blair, Isaac Rhino",https://www.filmcrave.com/movie_page_main.php?id=59710,Unknown
Black Cop,53602,3.0,1,10/17/2017,English,Drama,NR,Cory Bowles,"Ronnie Rowe, Sophia Walker, Sebastien Labelle, Simon Paul Mutuyimana, Christian Murray, Taylor Olson",https://www.filmcrave.com/movie_page_main.php?id=59711,Unknown
The Grinch,5998,2.7,20,11/09/2018,English,"Animation, Family",PG,"Yarrow Cheney, Scott Mosier","Benedict Cumberbatch, Rashida Jones, Angela Lansbury, Kenan Thompson, Pharrell Williams, Cameron Seely",https://www.filmcrave.com/movie_page_main.php?id=59712,"Illumination (Despicable Me, Minions) puts their own spin on the Dr. Seuss classic about the miserable Grinch who wants nothing more than to steal Christmas away from Whoville, which, year after year, disturbs his solitude with their exuberance celebrations. Yet for all his planning, it is the holiday spirit of a young Whoville girl that will finally open his eyes, and give him a heart. --"
The Happiest Place on Earth,52169,3.0,1,02/27/2015,English,"Drama, Mystery",NR,John Goshorn,"Jennifer Faith Ward, Tom Kemnitz Jr., Marco DiGeorge, Peg O'Keef, Chris Lindsay, Daniel Wachs",https://www.filmcrave.com/movie_page_main.php?id=59713,Unknown
First Match,53786,3.0,1,03/12/2018,English,Drama,NR,Olivia Newman,"Elvire Emanuelle, Mugga, Yahya Abdul-Mateen II, Colman Domingo, Jharrel Jerome, Kim Ramirez",https://www.filmcrave.com/movie_page_main.php?id=59714,Unknown
Perfect,53785,3.0,1,03/11/2018,English,Thriller,NR,Eddie Alcazar,"Abbie Cornish, Courtney Eaton, Martin Sensmeier, Tao Okamoto, Leonardo Nam, Maurice Compte",https://www.filmcrave.com/movie_page_main.php?id=59715,Unknown
Blind,33053,2.8,2,06/16/2017,English,"Drama, Romance",R,Michael Mailer,"Demi Moore, Alec Baldwin, Dylan McDermott, Viva Bianca, Renée Willett, Dorothy Lyman",https://www.filmcrave.com/movie_page_main.php?id=59716,Unknown
4/20 Massacre,60141,2.0,1,04/03/2018,English,"Action, Horror",NR,Dylan Reynolds,"Jamie Bernadette, Vanessa Rose Parker, Stacey Danger, Justine Wachsberger, Marissa Pistone, Jim Storm",https://www.filmcrave.com/movie_page_main.php?id=59717,Unknown
Shimmer Lake,60067,2.0,1,06/09/2017,English,"Comedy, Drama",NR,Oren Uziel,"Benjamin Walker, Rainn Wilson, Stephanie Sigman, John Michael Higgins, Mark Rendall, Rob Corddry",https://www.filmcrave.com/movie_page_main.php?id=59718,"The plot goes in reverse order, uncovering a bank robbery in a small town"
"Monkey King 3, The ( Xiyouji zhi Nü'erguo )",53758,3.0,1,02/16/2018,Mandarin,"Action, Fantasy",NR,Soi Cheang,"Aaron Kwok, William Feng, Zanilia Zhao, Shenyang Xiao, Him Law, Gigi Leung",https://www.filmcrave.com/movie_page_main.php?id=59719,Unknown
Dance Academy: The Movie,53772,3.0,1,03/03/2018,English,Drama,NR,Jeffrey Walker,"Alicia Banit, Xenia Goodwin, Dena Kaplan, Jordan Rodrigues, Nic Westaway, David E. Woodley",https://www.filmcrave.com/movie_page_main.php?id=59720,Unknown
Monster Hunt 2 ( Zhuo yao ji 2 ),53759,3.0,1,02/18/2018,Mandarin,"Comedy, Sci-Fi",NR,Raman Hui,"Tony Chiu-Wai Leung, Baihe Bai, Boran Jing, Yuchun Li, Tony Yo-ning Yang, Sandra Kwan Yue Ng",https://www.filmcrave.com/movie_page_main.php?id=59721,Unknown
Mad to Be Normal,53311,3.0,1,04/26/2017,English,"Biography, Drama",NR,Robert Mullan,"Elisabeth Moss, David Tennant, Michael Gambon, Gabriel Byrne, David Bamber, Trevor White",https://www.filmcrave.com/movie_page_main.php?id=59722,Unknown
Cold Skin,17349,2.5,4,10/20/2017,English,"Adventure, Horror",NR,Xavier Gens,"Ray Stevenson, David Oakes, Aura Garrido, John Benfield, Ben Temple, Iván González",https://www.filmcrave.com/movie_page_main.php?id=59723,Unknown
Survivors Guide to Prison,53763,3.0,1,02/23/2018,English,Documentary,NR,Matthew Cooke,"Susan Sarandon, Patricia Arquette, Danny Trejo, Jesse Williams, Danny Glover, Cynthia Nixon",https://www.filmcrave.com/movie_page_main.php?id=59724,Unknown
Sorry to Bother You,1245,3.1,27,07/13/2018,English,"Comedy, Fantasy",R,Boots Riley,"Tessa Thompson, Armie Hammer, Lakeith Stanfield, Patton Oswalt, Steven Yeun, Terry Crews",https://www.filmcrave.com/movie_page_main.php?id=59725,"Taking place in an alternate version of Oakland, a black telemarketer learns the secret to success is to use his ""white voice"" and proceeds to quickly rise up the food chain. But his newfound fame comes at a price as he delves deeper and deeper into his shady business. --"
Corbin Nash,53826,3.0,1,04/20/2018,English,"Action, Horror",NR,Ben Jagger,"Corey Feldman, Dean S. Jagger, Rutger Hauer, Bruce Davison, Malcolm McDowell, Chris Pardal",https://www.filmcrave.com/movie_page_main.php?id=59726,Unknown
Hearts Beat Loud,5628,2.9,6,01/26/2018,English,Drama,PG-13,Brett Haley,"Nick Offerman, Kiersey Clemons, Ted Danson, Toni Collette, Sasha Lane, Blythe Danner",https://www.filmcrave.com/movie_page_main.php?id=59727,"A daughter about to head off to college spends a final summer with her father, where they form an unlikely bond as a songwriting duo. --"
Zoe,26807,2.3,3,04/01/2018,English,"Romance, Sci-Fi",R,Drake Doremus,"Ewan McGregor, Matthew Gray Gubler, Rashida Jones, Léa Seydoux, Theo James, Miranda Otto",https://www.filmcrave.com/movie_page_main.php?id=59728,Unknown
6 Balloons,26343,3.0,2,04/06/2018,Finnish,Drama,NR,Marja-Lewis Ryan,"Dave Franco, Tim Matheson, Abbi Jacobson, Jane Kaczmarek, Maya Erskine, Jen Tullock",https://www.filmcrave.com/movie_page_main.php?id=59729,Unknown
Paradox ( Sha po lang: taam long ),18922,2.7,3,11/14/2017,Cantonese,Action,NR,Wilson Yip,"Louis Koo, Yue Wu, Ka Tung Lam, Chris Collins, Tony Jaa, Jacky Cai",https://www.filmcrave.com/movie_page_main.php?id=59730,Unknown
Pope Francis: A Man of His Word,10934,3.0,3,05/18/2018,English,Documentary,PG,Wim Wenders,Pope Francis,https://www.filmcrave.com/movie_page_main.php?id=59731,"Not a traditional biography, but rather a deeply personal journey behind one of the most prominent figures of our age, his ideals, reforms and challenges that he faces today. --"
A Suitable Girl,53299,3.0,1,04/22/2017,Hindi,Documentary,NR,"Sarita Khurana, Smriti Mundhra",Unknown,https://www.filmcrave.com/movie_page_main.php?id=59732,Unknown
Sun Dogs,60068,2.0,1,06/18/2017,English,"Comedy, Drama",NR,Jennifer Morrison,"Allison Janney, Melissa Benoist, Jennifer Morrison, Eric Christian Olsen, Ed O'Neill, Michael Angarano",https://www.filmcrave.com/movie_page_main.php?id=59733,Unknown
Eighth Grade,545,3.2,27,08/03/2018,English,Comedy,R,Bo Burnham,"Josh Hamilton, Elsie Fisher, Emily Robinson, Missy Yager, Greg Crowe, Deborah Unger",https://www.filmcrave.com/movie_page_main.php?id=59734,"Kayla has lived through nearly a year of a disastrous eighth grade year. As we follow her through her last week in middle school before summer, we live her life in all its painful glory. --"
Adrift,2497,3.0,16,06/01/2018,English,"Adventure, Drama",PG-13,Baltasar Kormákur,"Shailene Woodley, Sam Claflin, Jeffrey Thomas, Elizabeth Hawthorne, Grace Palmer, Tami Ashcraft",https://www.filmcrave.com/movie_page_main.php?id=59735,"Two free spirits, and sailing enthusiasts, meet by chance and fall for each other. The adventurous duo decide to celebrate their love with a journey across the ocean, not knowing what fate has in store. Running into one of the most powerful hurricanes on record, their boat nearly destroyed and one on the verge of death - it will take everything to survive. --"
Life Itself,14929,2.6,4,09/21/2018,English,Drama,R,Dan Fogelman,"Olivia Cooke, Oscar Isaac, Olivia Wilde, Samuel L. Jackson, Mandy Patinkin, Antonio Banderas",https://www.filmcrave.com/movie_page_main.php?id=59736,"Romance, marriage, birth - the story of a young New York couple whose journey through this life reverberates across continents and through several generations. --"
Silicon Beach,53742,3.0,1,02/03/2018,English,Drama,NR,Max Gold,"Brant Rotnem, Navah Raphael, Michelle M. Miracle, Melody Peng, Oliver Singer, Katie Foster",https://www.filmcrave.com/movie_page_main.php?id=59737,Unknown
Quality Problems,53172,3.0,1,03/04/2017,English,"Comedy, Drama",NR,"Brooke Purdy, Doug Purdy","Brooke Purdy, Doug Purdy, Maxwell Purdy, Scout Purdy, Chris Mulkey, Mo Gaffney",https://www.filmcrave.com/movie_page_main.php?id=59738,Unknown
Can You Ever Forgive Me?,2661,2.9,25,10/19/2018,English,"Biography, Comedy",R,Marielle Heller,"Melissa McCarthy, Melissa McCarthy, Joanna Adler, Richard E. Grant, Marc Evan Jackson, Christian Navarro",https://www.filmcrave.com/movie_page_main.php?id=59739,"Based on the true story of best-selling celebrity biographer Lee Israel who, during the 1970s-80s published books on the likes of Katherine Hepburn, Tallulah Bankhead, Estee Lauder and journalist Dorothy Kilgallen. But changing tastes means Israel finds herself no longer able to get published. Not content with this fact, she turns to a new tactic: deception, along with help from her best friend, Jack. --"
Bad Times at the El Royale,3069,2.8,31,10/12/2018,English,Thriller,R,Drew Goddard,"Chris Hemsworth, Dakota Johnson, Jon Hamm, Jeff Bridges, Nick Offerman, Lewis Pullman",https://www.filmcrave.com/movie_page_main.php?id=59740,"A seedy hotel with a dark past located in Lake Tahoe, the El Royale has seen its fair share of mayhem and depravity. But on this night, seven souls, each with a secret to bury, find themselves coming together for one last shot at redemption - until it all goes to hell. --"
First Man,2868,2.8,40,10/12/2018,English,"Biography, Drama",PG-13,Damien Chazelle,"Ryan Gosling, Claire Foy, Jon Bernthal, Pablo Schreiber, Kyle Chandler, Jason Clarke",https://www.filmcrave.com/movie_page_main.php?id=59741,"The story of Neil Armstrong, who is famous for becoming the first man to walk on the moon and the sacrifice it took to get him there. --"
Goosebumps 2: Haunted Halloween,24536,2.1,8,10/12/2018,English,"Adventure, Comedy",PG,Ari Sandel,"Madison Iseman, Wendi McLendon-Covey, Chris Parnell, Ken Jeong, Jeremy Ray Taylor, Shari Headley",https://www.filmcrave.com/movie_page_main.php?id=59742,"A group of friends are in for one unforgettable Halloween when they come across a locked R.L. Stein manuscript called ""Haunted Halloween"" and when they open it, unleash some of the author's most dangerous creations upon their unsuspecting town. --"
"Where'd You Go, Bernadette",10981,2.6,8,08/16/2019,English,"Comedy, Drama",PG-13,Richard Linklater,"Cate Blanchett, Kristen Wiig, Judy Greer, Billy Crudup, Troian Bellisario, Laurence Fishburne",https://www.filmcrave.com/movie_page_main.php?id=59743,"After her anxiety-ridden mother goes missing, 15-year-old Bee sets off to find her, only to uncover some uncomfortable things about her past in the process. --"
Halloween,5701,2.6,40,10/19/2018,English,Horror,R,David Gordon Green,"Judy Greer, Jamie Lee Curtis, Virginia Gardner, Toby Huss, Will Patton, Nick Castle",https://www.filmcrave.com/movie_page_main.php?id=59744,"Forty years have passed since Michael Myers attempted to murder Laurie Strode. Laurie has spent that time preparing for his return, and will do anything to stop him once and for all. The opportunity arises when Myers escapes from a crashed asylum bus - and both have unfinished business. --"
"Mourning Forest, The ( Mogari no mori)",51281,3.0,1,01/28/2008,Japanese,Drama,NR,Naomi Kawase,"Yôichirô Saitô, Machiko Ono, Shigeki Uda, Makiko Watanabe, Kanako Masuda, Yûsei Yamamoto",https://www.filmcrave.com/movie_page_main.php?id=59745,The story of a nurse (played by Machiko Ono) who is grieving for her dead child. She
Manila in the Claws of Light ( Maynila sa mga kuko ng liwanag ),49220,3.0,1,04/22/1980,Other,"Drama, Mystery",NR,Lino Brocka,"Hilda Koronel, Bembol Roco, Lou Salvador Jr., Joonee Gamboa, Pio De Castro III, Spanky Manikan",https://www.filmcrave.com/movie_page_main.php?id=59746,Unknown
This Transient Life ( Mujô ),48781,3.0,1,03/22/1971,Japanese,Drama,NR,Akio Jissôji,"Kotobuki Hananomoto, Akiji Kobayashi, Eiji Okada, Kin Sugai, Ryô Tamura, Minori Terada",https://www.filmcrave.com/movie_page_main.php?id=59747,Unknown
Mandara,48802,3.0,1,09/11/1971,Japanese,Drama,NR,Akio Jissôji,"Shin Kishida, Kôji Shimizu, Hiroko Sakurai, Ryô Tamura",https://www.filmcrave.com/movie_page_main.php?id=59748,Unknown
Poem ( Uta ),48822,3.0,1,01/01/1972,Japanese,Drama,NR,Akio Jissôji,"Shin Kishida, Hiroko Sakurai, Saburô Shinoda, Ryô Tamura, Eiko Yanami",https://www.filmcrave.com/movie_page_main.php?id=59749,Unknown
How Do I Love Thee?,48751,3.0,1,10/01/1970,English,"Comedy, Drama",NR,Michael Gordon,"Jackie Gleason, Maureen O'Hara, Shelley Winters, Rosemary Forsyth, Rick Lenz, Don Beddoe",https://www.filmcrave.com/movie_page_main.php?id=59750,Unknown
"Guardians, The ( gardiennes, Les )",5491,3.3,3,05/04/2018,French,Drama,R,Xavier Beauvois,"Nathalie Baye, Laura Smet, Iris Bry, Cyril Descours, Gilbert Bonneau, Nicolas Giraud",https://www.filmcrave.com/movie_page_main.php?id=59751,"The Great War has taken all able-bodied men to the front, including Georges Sandrail and the rest of the men in his family, leaving his farm in the hands of Hortense and her daughter Solange . When they realize they are not prepared for harvest, they find themselves hiring on an orphan, Francine Riant, who proves the be the glue that holds this trio of women together. But when Georges returns on leave, he finds himself falling for Francine. --"
Liberated: The New Sexual Revolution,53247,3.0,1,04/01/2017,English,Documentary,NR,Benjamin Nolot,"Kim Biddle, Tony Porter, Donna Freitas, Robert Jensen, Don McPherson, Gail Dines",https://www.filmcrave.com/movie_page_main.php?id=59752,Unknown
Won't You Be My Neighbor?,210,3.4,23,06/08/2018,English,Documentary,PG-13,Morgan Neville,"Joanne Rogers, Fred Rogers, Yo-Yo Ma, François Scarborough Clemmons, David Newell, Joe Negri",https://www.filmcrave.com/movie_page_main.php?id=59753,"Through life lessons, sharing, puppets and compassion, Fred Rogers influenced generations of children though his television show. Won't You Be My Neighbor? looks into the life and legacy of Mr. Rogers. --"
Beautiful Boy,1718,3.1,15,11/02/2018,English,Drama,R,Felix Van Groeningen,"Steve Carell, Timothée Chalamet, Maura Tierney, Christian Convery, Oakley Bull, Amy Ryan",https://www.filmcrave.com/movie_page_main.php?id=59754,"Based on the best-selling memoirs from father and son David and Nic Sheff, Beautiful Boy chronicles a story both heartbreaking and inspirational as the family survives, endures, relapses and recovers through a life and consequences of addiction. --"
Bleeding Steel,26333,3.0,2,12/22/2017,English,"Action, Sci-Fi",R,Leo Zhang,"Jackie Chan, Show Lo, Na-Na OuYang, Erica Xia-Hou, Callan Mulvey, Tess Haubrich",https://www.filmcrave.com/movie_page_main.php?id=59755,Unknown
Lu Over the Wall,53481,3.0,1,08/18/2017,Japanese,"Anime, Adventure",PG,Masaaki Yuasa,"Kanon Tani, Shôta Shimoda, Shin'ichi Shinohara, Akira Emoto, Michael Sinterniklaas, Christine Marie Cabanos",https://www.filmcrave.com/movie_page_main.php?id=59756,Unknown
#Screamers ( Screamers ),52515,3.0,1,01/01/2016,English,"Horror, Mystery",NR,Dean Matthew Ronalds,"Tom Malloy, Chris Bannow, Griffin Matthews, Emanuela Galliussi, Theodora Miranne, Abbi Snee",https://www.filmcrave.com/movie_page_main.php?id=59757,Unknown
The Titan,34542,1.8,5,03/30/2018,English,"Action, Sci-Fi",NR,Lennart Ruff,"Sam Worthington, Taylor Schilling, Tom Wilkinson, Agyness Deyn, Nathalie Emmanuel, Corey Johnson",https://www.filmcrave.com/movie_page_main.php?id=59758,Unknown
Come Sunday,18924,2.7,3,04/13/2018,English,Drama,NR,Joshua Marston,"Lakeith Stanfield, Jason Segel, Chiwetel Ejiofor, Martin Sheen, Danny Glover, Condola Rashad",https://www.filmcrave.com/movie_page_main.php?id=59759,Unknown
Under the Silver Lake,10134,2.5,17,04/19/2019,English,"Crime, Thriller",R,David Robert Mitchell,"Andrew Garfield, Riley Keough, Topher Grace, Callie Hernandez, Jimmi Simpson, Grace Van Patten",https://www.filmcrave.com/movie_page_main.php?id=59760,"A man becomes obsessed with the case of the murder of a billionaire mogul and a missing girl. The more clues he seemingly finds, the further from reality he seems to get. --"
Duck Butter,42079,2.3,2,04/20/2018,English,Comedy,NR,Miguel Arteta,"Alia Shawkat, Laia Costa, Mae Whitman, Hong Chau, Kumail Nanjiani, Kate Berlant",https://www.filmcrave.com/movie_page_main.php?id=59761,Unknown
Grace Jones: Bloodlight and Bami,53816,3.0,1,04/13/2018,English,Documentary,NR,Sophie Fiennes,"Grace Jones, Jean-Paul Goude, Sly & Robbie",https://www.filmcrave.com/movie_page_main.php?id=59762,Unknown
"Never Steady, Never Still",53606,3.0,1,10/18/2017,English,Drama,NR,Kathleen Hepburn,"Shirley Henderson, Théodore Pellerin, Mary Galloway, Nicholas Campbell, Jared Abrahamson, Chilton Crane",https://www.filmcrave.com/movie_page_main.php?id=59763,Unknown
The Islands and the Whales,53566,3.0,1,10/06/2017,Other,Documentary,NR,Mike Day,Unknown,https://www.filmcrave.com/movie_page_main.php?id=59764,Unknown
SuperFly,28564,2.0,7,06/13/2018,English,"Action, Crime",R,Director X.,"Jennifer Morrison, Jason Mitchell, Andrea Londo, Trevor Jackson, Lex Scott Davis, Terayle Hill",https://www.filmcrave.com/movie_page_main.php?id=59765,"A remake of the blaxploitation classic made in 1972 that follows a drug dealer looking to get out of the game for good by pulling off one final, massive score and making off with the cash. --"
Hellraiser: Judgment,35999,2.0,3,02/03/2018,English,Horror,NR,Gary J. Tunnicliffe,"Damon Carney, Randy Wayne, Alexandra Harris, Paul T. Taylor, Gary J. Tunnicliffe, Heather Langenkamp",https://www.filmcrave.com/movie_page_main.php?id=59766,Unknown
Accident Man,33605,2.0,4,02/06/2018,English,"Action, Crime",R,Jesse V. Johnson,"Scott Adkins, Ray Stevenson, Ashley Greene, David Paymer, Michael Jai White, Ray Park",https://www.filmcrave.com/movie_page_main.php?id=59767,Unknown
Flight to Fury,56707,2.0,1,08/08/1964,English,Adventure,NR,Monte Hellman,"Dewey Martin, Fay Spain, Jack Nicholson, Joseph Estrada, Vic Diaz, Jacqueline Hellman",https://www.filmcrave.com/movie_page_main.php?id=59768,Unknown
Begin the Beguine aka Starting Over ( Volver a empezar ),22533,2.5,3,04/22/1983,Spanish,Drama,NR,José Luis Garci,"Antonio Ferrandis, Encarna Paso, José Bódalo, Agustín González, Pablo Hoyos, Marta Fernández Muro",https://www.filmcrave.com/movie_page_main.php?id=59769,Unknown
Inherit the Wind,37442,2.5,2,05/29/1999,English,Drama,PG,Daniel Petrie,"Jack Lemmon, George C. Scott, Lane Smith, Tom Everett Scott, Kathryn Morris, John Cullum",https://www.filmcrave.com/movie_page_main.php?id=59770,Courtroom drama fictionalizes the real life Scopes Monkey Trial from 1925. Henry
Chronicle of the Years of Fire ( Ahdat sanawovach el-djamr ),57089,2.0,1,11/26/1975,Arabic,"Drama, War",NR,Mohammed Lakhdar-Hamina,"Yorgo Voyagis, Mohammed Lakhdar-Hamina, Leila Shenna, Cheikh Nourredine, François Maistre, Mohamed Hadj Smaïn",https://www.filmcrave.com/movie_page_main.php?id=59771,A depiction of the Algerian War of Independence as seen through the eyes of a peasant.
"Given Word, The aka Keeper of Promises ( O Pagador de Promessas )",56701,2.0,1,03/24/1964,Portuguese,Drama,NR,Anselmo Duarte,"Leonardo Villar, Glória Menezes, Dionísio Azevedo, Geraldo Del Rey, Roberto Ferreira, Norma Bengell",https://www.filmcrave.com/movie_page_main.php?id=59772,Unknown
Children of the Corn: Runaway,31496,2.2,3,03/13/2018,English,Horror,NR,John Gulager,"Lynn Andrews III, Mary Kathryn Bryant, Marci Miller, Jake Ryan Scott, Blaine Maye, Daria Balling",https://www.filmcrave.com/movie_page_main.php?id=59773,Unknown
Dirty Hearts ( Corações Sujos ),51748,3.0,1,07/21/2012,Japanese,"Drama, Historical",NR,Vicente Amorim,"Tsuyoshi Ihara, Takako Tokiwa, Eiji Okuda, Shun Sugata, Kimiko Yo, Eduardo Moscovis",https://www.filmcrave.com/movie_page_main.php?id=59774,Unknown
The Ritual,7326,2.7,12,10/13/2017,English,Horror,NR,David Bruckner,"Rafe Spall, Arsher Ali, Robert James-Collier, Sam Troughton, Paul Reid, Matthew Needham",https://www.filmcrave.com/movie_page_main.php?id=59775,"A group of college friends reunite to celebrate the memory of one they lost on a hiking trip. But when one gets injured, they decide to cut through the forest to save time - but this forest is home to a malevolent spirit, and it doesn't like being disturbed. --"
Hunter Killer,13145,2.4,15,10/26/2018,English,"Action, Thriller",R,Donovan Marsh,"Gary Oldman, Gerard Butler, Common, Michael Nyqvist, Michael Trucco, Caroline Goodall",https://www.filmcrave.com/movie_page_main.php?id=59776,A newly-minted American submarine captain enters into a vital mission with an elite team of Navy Seals in order to rescue the Russian president who has been kidnapped by a rogue general. --
The Half-Breed,47199,3.0,1,07/30/1916,English,Western,NR,Allan Dwan,"Douglas Fairbanks, Alma Rubens, Sam De Grasse, Tom Wilson, Frank Brownlee, Jewel Carmen",https://www.filmcrave.com/movie_page_main.php?id=59777,Unknown
The Good Bad Man,47197,3.0,1,04/21/1916,English,"Western, Romance",NR,Allan Dwan,"Douglas Fairbanks, Sam De Grasse, Pomeroy Cannon, Bessie Love, Mary Alden, Joseph Singleton",https://www.filmcrave.com/movie_page_main.php?id=59778,Unknown
Krystal,53817,3.0,1,04/13/2018,English,"Comedy, Drama",R,William H. Macy,"Nick Robinson, Rosario Dawson, William H. Macy, Grant Gustin, William Fichtner, Kathy Bates",https://www.filmcrave.com/movie_page_main.php?id=59779,Unknown
Fury of the Fist and the Golden Fleece,55410,1.5,2,05/25/2018,English,Action,NR,Alexander Wraith,"Danny Trejo, Jason London, Bill Goldberg, Ron Jeremy, Jeremy London, Tommy 'Tiny' Lister",https://www.filmcrave.com/movie_page_main.php?id=59780,Unknown
Kodachrome,33071,2.8,2,04/20/2018,English,Drama,NR,Mark Raso,"Elizabeth Olsen, Bruce Greenwood, Ed Harris, Jason Sudeikis, Wendy Crewson, Gethin Anthony",https://www.filmcrave.com/movie_page_main.php?id=59781,Unknown
Mary Shelley,11199,2.6,7,05/25/2018,English,"Biography, Drama",PG-13,Haifaa Al-Mansour,"Elle Fanning, Maisie Williams, Douglas Booth, Stephen Dillane, Bel Powley, Joanne Froggatt",https://www.filmcrave.com/movie_page_main.php?id=59782,"Follows the life of 18-year-old Mary Wollstonecraft Godwin who, in 18th Century London, finds herself drawn to the poet Percy Shelley and thus begins a frank, torrid love affair - one defied by passion and personal tragedy, and which helped inspire her to write the Gothic masterpiece Frankenstein. --"
Sollers Point,53587,3.0,1,10/13/2017,English,Drama,R,Matthew Porterfield,"McCaul Lombardi, Jim Belushi, Tom Guiry, Zazie Beetz, Everleigh Brenner, Imani Hakim",https://www.filmcrave.com/movie_page_main.php?id=59783,Unknown
Three Identical Strangers,4253,2.9,8,01/19/2018,English,Documentary,PG-13,Tim Wardle,"Robert Shafran, David Kellman, Eddy Galland, Ron Guttman, Silvi Alzetta-Reali, Adrian Lichter",https://www.filmcrave.com/movie_page_main.php?id=59784,Unknown
Zoo,53881,3.0,1,06/08/2018,English,"Family, Historical",PG,Colin McIvor,"Art Parkinson, Damian O'Hare, Amy Huberman, Toby Jones, Ian McElhinney, Penelope Wilton",https://www.filmcrave.com/movie_page_main.php?id=59785,Unknown
The Ashram,47035,3.0,1,03/02/2018,English,"Fantasy, Thriller",NR,Ben Rekhi,"Sam Keeley, Manoel Orfanaki, Hera Hilmar, Kal Penn, Radhika Apte, Melissa Leo",https://www.filmcrave.com/movie_page_main.php?id=59786,Unknown
The Darkest Minds,33718,1.8,8,08/03/2018,English,"Sci-Fi, Thriller",PG-13,Jennifer Yuh Nelson,"Amandla Stenberg, Harris Dickinson, Skylan Brooks, Miya Cech, Patrick Gibson, Mandy Moore",https://www.filmcrave.com/movie_page_main.php?id=59787,"After a plagues sweeps the United States, 98% of the nation's children are dead. The remaining 2% who survived find themselves with amazing powers. But instead of being celebrated, they are locked up in interment camps - that is where 16-year-old Ruby finds herself. Each child is assigned a color based on their abilities - and while Ruby can control minds, she knows this is one of the most dangerous powers, and instead hides among the super-intelligent. But her life is about to change when she escapes - and discovers her true purpose. --"
Searching,905,3.1,28,08/31/2018,English,Drama,PG-13,Aneesh Chaganty,"John Cho, Debra Messing, Joseph Lee, Michelle La, Sara Sohn, Gage Biltoft",https://www.filmcrave.com/movie_page_main.php?id=59788,"Told entirely from the point-of-view of a computer screen, a father searches his missing 15-year-old daughter's laptop and social media accounts in hopes of finding out what has happened to her. --"
Measure of a Man,53864,3.0,1,05/11/2018,English,"Comedy, Drama",PG-13,Jim Loach,"Judy Greer, Donald Sutherland, Beau Knapp, Liana Liberato, Luke Wilson, Danielle Rose Russell",https://www.filmcrave.com/movie_page_main.php?id=59789,Unknown
On Her Shoulders,60127,2.0,1,01/20/2018,English,Documentary,NR,Alexandria Bombach,"Nadia Murad, Murad Ismael, Amal Clooney, Ki-moon Ban, Simone Monasebian",https://www.filmcrave.com/movie_page_main.php?id=59790,Unknown
And Then I Go,53401,3.0,1,06/17/2017,English,Drama,NR,Vincent Grashaw,"Arman Darbo, Sawyer Barth, Melanie Lynskey, Justin Long, Tony Hale, Carrie Preston",https://www.filmcrave.com/movie_page_main.php?id=59791,Unknown
"Racer and the Jailbird ( Fidèle, Le )",18926,2.7,3,05/04/2018,French,"Crime, Drama",R,Michaël R. Roskam,"Matthias Schoenaerts, Adèle Exarchopoulos, Eric De Staercke, Jean-Benoît Ugeux, Nabil Missoumi, Thomas Coumans",https://www.filmcrave.com/movie_page_main.php?id=59792,Unknown
Church & State,53914,3.0,1,08/10/2018,English,Documentary,NR,"Kendall Wilcox, Holly Tuckett","Taylor Petrey, Jim Magleby, Jennifer Lynn Dobner, Peggy Tomsic, Mark Lawrence",https://www.filmcrave.com/movie_page_main.php?id=59793,Unknown
Running from Crazy,59574,2.0,1,01/07/2013,English,"Documentary, Biography",NR,Barbara Kopple,"Jack Hemingway, Joan Hemingway, Langley Hemingway, Mariel Hemingway, Margaux Hemingway, Bobby Williams",https://www.filmcrave.com/movie_page_main.php?id=59794,Unknown
Terminal,23842,2.1,10,05/11/2018,English,"Drama, Thriller",NR,Vaughn Stein,"Margot Robbie, Simon Pegg, Mike Myers, Max Irons, Katarina Cas, Matthew Lewis",https://www.filmcrave.com/movie_page_main.php?id=59795,Noir thriller details the story of two hit-men as they embark on a borderline suicide mission for a mysterious employer and a high paycheck. Along the way the unlikely pair find a dynamic woman who may be more involved than they had originally suspected.
Sign Gene,53819,3.0,1,04/13/2018,English,Adventure,NR,Emilio Insolera,"Emilio Insolera, Benjamin Bahan, Hiroshi Vava, Danny Gong, Susan Mather, Carola Insolera",https://www.filmcrave.com/movie_page_main.php?id=59796,Unknown
Cargo,7375,2.7,13,04/19/2018,English,"Drama, Thriller",NR,"Ben Howling, Yolanda Ramke","Martin Freeman, Anthony Hayes, Susie Porter, Caren Pistorius, Kris McQuade, Natasha Wanganeen",https://www.filmcrave.com/movie_page_main.php?id=59797,"A father, wife and infant daughter navigate a houseboat in an Australia that has fallen to an epidemic with a bite meaning death in only a couple days. Foraging for food, the wife is bit and, seeking help, the family hits the road where the father also is bit and must use his remaining time to find someone to care for his daughter. --"
Flock of Four ,53632,3.0,1,10/28/2017,English,"Adventure, Comedy",NR,Gregory Caruso,"Braeden Lemasters, Uriah Shelton, Isaac Jay, Dylan Riley Snyder, Reg E. Cathey, Coco Jones",https://www.filmcrave.com/movie_page_main.php?id=59798,Unknown
How to Talk to Girls at Parties,16523,2.3,11,05/25/2018,English,"Comedy, Romance",R,John Cameron Mitchell,"Elle Fanning, Nicole Kidman, Alex Sharp, Alice Sanders, Ethan Lawrence, Hebe Beardsall",https://www.filmcrave.com/movie_page_main.php?id=59799,"Surburban London, 1970s, the Sex Pistols have imbued the country with punk fervor and Enn isn't about to miss the party. Attending a local party from punk Queen Boadicea, Enn falls for Zan, a gorgeous foreign exchange student. But Zan comes from farther away than America - much farther away, and Enn, along with his new punk pals, will have to work to make their galaxy-spanning love affair work and perhaps save the universe in the process. --"
Modern Life is Rubbish,53845,3.0,1,04/27/2018,English,"Comedy, Romance",NR,Daniel Jerome Gill,"Ian Hart, Tom Riley, Freya Mavor, Jessie Cave, Daisy Bevan, Josh Whitehouse",https://www.filmcrave.com/movie_page_main.php?id=59800,Unknown
Night School,18979,2.2,11,09/28/2018,English,Comedy,PG-13,Malcolm D. Lee,"Kevin Hart, Tiffany Haddish, Mary Lynn Rajskub, Keith David, Ben Schwartz, Taran Killam",https://www.filmcrave.com/movie_page_main.php?id=59801,Follows a motley crew of misfits and deadbeats have one last chance to earn their GEDs - if only they can get through a rather punishing night school. --
Where Love Found Me,52730,3.0,1,05/01/2016,English,"Adventure, Drama",PG-13,David Bolt,"Kaitlin Cheung, Andrew Cheney, James Kyson, Brian Fong, Jennifer Klekas, Max Mendoza",https://www.filmcrave.com/movie_page_main.php?id=59802,Unknown
The King,21444,3.3,2,06/22/2018,English,Documentary,R,Eugene Jarecki,"James Carville, Alec Baldwin, Chuck D, Ethan Hawke, Emmylou Harris, Ashton Kutcher",https://www.filmcrave.com/movie_page_main.php?id=59803,A road trip across America that explores the origins of a country boy who became a king and a democracy turned into an empire. --
Ophelia,11228,2.6,7,01/22/2018,English,"Drama, Romance",PG-13,Claire McCarthy,"Daisy Ridley, Naomi Watts, Tom Felton, Clive Owen, George MacKay, Daisy Head",https://www.filmcrave.com/movie_page_main.php?id=59804,Unknown
Puzzle,4254,2.9,8,07/27/2018,English,Drama,R,Marc Turtletaub,"Kelly Macdonald, Irrfan Khan, David Denman, Austin Abrams, Bubba Weiler, Helen Coxe",https://www.filmcrave.com/movie_page_main.php?id=59805,"Agnes is a typical suburban mother, overlooked and taken for granted like so many others. But thought a series of circumstances, she finds she has a passion and talent for jigsaw puzzles and this puts her on a path to find a new calling in life, and help put the pieces of her life in order. --"
Restoring Tomorrow,52708,3.0,1,04/21/2016,English,Documentary,PG,Aaron Wolf,Aaron Wolf,https://www.filmcrave.com/movie_page_main.php?id=59806,Unknown
The Cleanse,26243,3.0,2,03/13/2016,English,"Comedy, Fantasy",R,Bobby Miller,"Anna Friel, Johnny Galecki, Kyle Gallner, Anjelica Huston, Oliver Platt, Kevin J. O'Connor",https://www.filmcrave.com/movie_page_main.php?id=59807,Unknown
Class Rank,53863,3.0,1,05/11/2018,English,"Comedy, Family",NR,Eric Stoltz,"Skyler Gisondo, Olivia Holt, Kristin Chenoweth, Bruce Dern, Nick Krause, Peter Maloney",https://www.filmcrave.com/movie_page_main.php?id=59808,Unknown
The Escape of Prisoner 614,53841,3.0,1,04/27/2018,English,"Adventure, Comedy",PG-13,Zach Golden,"Ron Perlman, Martin Starr, Jake McDorman, George Sample III, Wayne Pyle, Ralph Cashen",https://www.filmcrave.com/movie_page_main.php?id=59809,Unknown
Fahrenheit 451,29301,2.0,6,05/19/2018,English,"Documentary, Sci-Fi",NR,Ramin Bahrani,"Sofia Boutella, Michael B. Jordan, Michael Shannon, Martin Donovan, Keir Dullea, Lilly Singh",https://www.filmcrave.com/movie_page_main.php?id=59810,"In a future where firemen burn books instead of put out fires, Guy Montag is a lock to become the new chief after being groomed by his superior, Captain Beatty. But when he begins to question his past and his motives, he goes from the face of the firemen to most-wanted terrorist with the fate of the future of knowledge on his shoulders. --"
Johnny English Strikes Again,26751,2.0,11,10/26/2018,English,"Comedy, Action",PG,David Kerr,"Rowan Atkinson, Olga Kurylenko, Emma Thompson, Jake Lacy, Ben Miller, Miranda Hennessy",https://www.filmcrave.com/movie_page_main.php?id=59811,"When a cyber-terrorist releases a list of all the active undercover agents in Britain, the spy agency must tap a totally analog retired agent  to combat the master hacker. Thus Johnny English finds himself out of retirement, and thrust in the midst of the digital age, fighting to save the day once again. --"
Steven Tyler: Out on a Limb,60153,2.0,1,05/10/2018,English,Documentary,NR,Casey Tebo,"Steven Tyler, Slash, Casey Tebo, Adam Green, Robert DeLeo",https://www.filmcrave.com/movie_page_main.php?id=59812,Unknown
Heidi,37386,2.5,2,01/01/1995,English,"Animation, Adventure",NR,"Toshiyuki Hiruma, Takashi","Kathleen Barr, Garry Chalk, Philip Maurice Hayes, Andrea Libman, Ellen Kennedy, Ian James Corlett",https://www.filmcrave.com/movie_page_main.php?id=59813,Unknown
The Legend of Atlantis,44554,2.0,2,03/30/2004,English,"Animation, Family",NR,Diane Eskenazi,Unknown,https://www.filmcrave.com/movie_page_main.php?id=59814,Unknown
Like Me,38198,2.5,2,02/20/2018,English,"Crime, Drama",NR,Robert Mockler,"Addison Timlin, Ian Nelson, Larry Fessenden, Jeremy Gardner, Ana Asensio, Nicolette Pierini",https://www.filmcrave.com/movie_page_main.php?id=59815,Unknown
Oh Lucy!,5117,3.1,4,03/02/2018,Japanese,"Comedy, Drama",NR,Atsuko Hirayanagi,"Shinobu Terajima, Josh Hartnett, Kaho Minami, Kôji Yakusho, Shioli Kutsuna, Megan Mullally",https://www.filmcrave.com/movie_page_main.php?id=59816,Unknown
Let Yourself Go ( Lasciati andare ),53651,3.0,1,11/16/2017,Italian,Comedy,NR,Francesco Amato,"Toni Servillo, Verónica Echegui, Carla Signoris, Luca Marinelli, Pietro Sermonti, Giacomo Poretti",https://www.filmcrave.com/movie_page_main.php?id=59817,Unknown
"Claire's Camera ( caméra de Claire, La )",7697,3.2,3,03/09/2018,Korean,Drama,NR,Sang-soo Hong,"Isabelle Huppert, Min-hee Kim, Mi-hee Chang, Jin-young Jung, Yoon Heesun, Shahira Fahmy",https://www.filmcrave.com/movie_page_main.php?id=59818,Unknown
Journey's End,2819,3.1,8,03/16/2018,English,"Drama, War",R,Saul Dibb,"Sam Claflin, Paul Bettany, Asa Butterfield, Stephen Graham, Toby Jones, Tom Sturridge",https://www.filmcrave.com/movie_page_main.php?id=59819,"In the first world war a young boy is sent into battle and here his brother in law is commander who now fears to show his angst, terror in the face of death of him and those he directly commands."
Ramen Heads,53797,3.0,1,03/16/2018,Japanese,Documentary,NR,Koki Shigeno,"Osamu Tomita, Kumiko Ishida, Yûki Ohnishi, Shôta Iida, Tom Takahashi, Katsuya Kobayashi",https://www.filmcrave.com/movie_page_main.php?id=59820,Unknown
Maineland,53796,3.0,1,03/16/2018,English,Documentary,NR,Miao Wang,Unknown,https://www.filmcrave.com/movie_page_main.php?id=59821,Unknown
Furlough,53793,3.0,1,03/16/2018,English,Comedy,R,Laurie Collyer,"Tessa Thompson, Whoopi Goldberg, Melissa Leo, Anna Paquin, Michael Chernus, Drena De Niro",https://www.filmcrave.com/movie_page_main.php?id=59822,Unknown
Keep the Change,53795,3.0,1,03/16/2018,English,"Comedy, Romance",NR,Rachel Israel,"Jessica Walter, Christina Brucato, Johnathan Tchaikovsky, Samantha Elisofon, Sondra James, Brandon Polansky",https://www.filmcrave.com/movie_page_main.php?id=59823,Unknown
Card Subject to Change,51640,3.0,1,02/13/2010,English,Documentary,NR,Tim Disbrow,"Everett Titus, Kevin Sullivan, Johnny Falco, Michael Verdi, Terry Brunk, Dylan Keith Summers",https://www.filmcrave.com/movie_page_main.php?id=59824,Unknown
Alex & The List,53855,3.0,1,05/04/2018,English,"Comedy, Romance",NR,Harris Goldberg,"Patrick Fugit, Jennifer Morrison, Karen Gillan, Eddie Kaye Thomas, Lesley-Anne Down, JoBeth Williams",https://www.filmcrave.com/movie_page_main.php?id=59825,Unknown
Mercury 13,21442,3.3,2,04/20/2018,English,Documentary,NR,"David Sington, Heather Walsh",Unknown,https://www.filmcrave.com/movie_page_main.php?id=59826,Unknown
Future World,40127,1.6,5,05/25/2018,English,"Action, Sci-Fi",R,"James Franco, Bruce Thierry Cheung","James Franco, Milla Jovovich, Lucy Liu, Suki Waterhouse, Margarita Levieva, Method Man",https://www.filmcrave.com/movie_page_main.php?id=59827,Unknown
102 Not Out,53854,3.0,1,05/04/2018,Hindi,Comedy,PG,Umesh Shukla,"Amitabh Bachchan, Rishi Kapoor, Jimit Trivedi, Mukesh Hariawala",https://www.filmcrave.com/movie_page_main.php?id=59828,"A 102-year-old man is determined to break the record the for the world's oldest man, which does nothing but cause headache's for his perpetually grumpy 75-year-old son. --"
American Animals,2506,3.0,16,06/01/2018,English,Crime,R,Bart Layton,"Evan Peters, Barry Keoghan, Blake Jenner, Jared Abrahamson, Ann Dowd, Wayne Duvall",https://www.filmcrave.com/movie_page_main.php?id=59829,"Taking inspiration (and not much else) in the heist films they have seen, a group of young men plan to steal millions worth of rare books from their college library. --"
Gotti,28547,2.0,10,06/15/2018,English,"Biography, Crime",R,Kevin Connolly,"John Travolta, Kelly Preston, Ella Bleu Travolta, Stacy Keach, Pruitt Taylor Vince, Lydia Hull",https://www.filmcrave.com/movie_page_main.php?id=59830,"An inside look into the Gotti family - including the Dapper Don John Gotti, outspoken and flamboyant, who became the face of the mob in the 21st Century. It explores the relationship between him and his son, John Gotti Jr. who, despite being inducted into the family business, spent the years following his father's death going legitimate and clearing his family's name. --"
Coming to My Senses,53581,3.0,1,10/13/2017,English,"Documentary, Biography",NR,Dominic Gill,Aaron Baker,https://www.filmcrave.com/movie_page_main.php?id=59831,Unknown
The Wife,7410,2.6,14,08/17/2018,English,Drama,R,Björn Runge,"Max Irons, Glenn Close, Jonathan Pryce, Christian Slater, Harry Lloyd, Alix Wilton Regan",https://www.filmcrave.com/movie_page_main.php?id=59832,"For 40 years, Joan Castleman has been the perfect model wife behind her charismatic husband, Joe, a literary giant about to receive the Nobel Prize. But Joan has had enough - putting up with infidelity and excuses, sacrificing her own talent and career for her husband - and her coup de grace is a long time coming. --"
Veronica,16707,2.3,8,01/05/2018,Spanish,"Drama, Horror",NR,Paco Plaza,"Sandra Escacena, Bruna González, Claudia Placer, Iván Chavero, Ana Torrent, Consuelo Trujillo",https://www.filmcrave.com/movie_page_main.php?id=59833,"After playing with an Ouija Board during a solar eclipse, Verónica begins to experience strange occurrences in her home. Often left to care for her younger sisters and brother while her mother is at work, the events become more disturbing and violent as time goes by. Speaking with a blind nun at her school, she realizes the only way to stop things is to set things right, and goes back the Ouija Board one more time. --"
"Ravenous ( affamés, Les )",28485,2.3,3,09/21/2017,French,"Drama, Horror",NR,Robin Aubert,"Marc-André Grondin, Monia Chokri, Charlotte St-Martin, Marie-Ginette Guay, Brigitte Poupart, Édouard Tremblay-Grenier",https://www.filmcrave.com/movie_page_main.php?id=59834,Unknown
Man Divided ( QEDA ),26331,3.0,2,11/16/2017,Danish,"Drama, Sci-Fi",NR,Max Kestner,"Carsten Bjørnlund, Sofia Helin, Marijana Jankovic, Stina Ekblad, Joseph Mawle, Dragomir Mrsic",https://www.filmcrave.com/movie_page_main.php?id=59835,Unknown
Clockwork Orange County,44716,2.0,2,07/04/2012,English,Documentary,NR,Jonathan W.C. Mills,"Iggy Pop, Henry Rollins, Joe Escalante, David Bowie, Tony Alva, Ike Death",https://www.filmcrave.com/movie_page_main.php?id=59836,A documentary chronicling the rise of Orange County punk rock in the late 1970's and
Quicker'n a Wink,25197,3.0,2,10/12/1940,English,"Documentary, Comedy",NR,George Sidney,Harold E. Edgerton,https://www.filmcrave.com/movie_page_main.php?id=59837,"Documentary short, Pete Smith Specialty about Harold Edgerton who developed the"
Flicker Memories,47917,3.0,1,10/04/1941,English,Comedy,NR,Pete Smith,Pete Smith,https://www.filmcrave.com/movie_page_main.php?id=59838,Unknown
Cavalcade of San Francisco,47889,3.0,1,09/28/1940,English,Documentary,NR,James A. FitzPatrick,James A. FitzPatrick,https://www.filmcrave.com/movie_page_main.php?id=59839,Unknown
Salad Days,32945,2.8,2,12/19/2014,English,Documentary,NR,Scott Crawford,"Dave Grohl, Henry Rollins, Fred Armisen, Ian MacKaye, Thurston Moore",https://www.filmcrave.com/movie_page_main.php?id=59840,Chronicles the punk and hardcore scene in Washington D.C. during the 1980's. --
Dude,60147,2.0,1,04/20/2018,English,"Comedy, Drama",NR,Olivia Milch,"Lucy Hale, Alex Wolff, Alexandra Shipp, Austin Butler, Brooke Smith, Kathryn Prescott",https://www.filmcrave.com/movie_page_main.php?id=59841,Unknown
Fishbowl California,53851,3.0,1,05/01/2018,English,"Comedy, Drama",NR,Michael A. MacRae,"Katrina Bowden, Kate Flannery, Quinton Aaron, Richard Riehle, Tim Bagley, Max Adler",https://www.filmcrave.com/movie_page_main.php?id=59842,Unknown
Supercon,53846,3.0,1,04/27/2018,English,Comedy,R,Zak Knutson,"Maggie Grace, Clancy Brown, Ryan Kwanten, John Malkovich, Mike Epps, Russell Peters",https://www.filmcrave.com/movie_page_main.php?id=59843,"During a convention, a group of former TV stars and comic book artists come together in order to pull off a heist against a crooked promoter and an ego-driven TV icon. --"
Dark Crimes,38613,1.7,5,05/11/2018,English,"Crime, Drama",R,Alexandros Avranas,"Jim Carrey, Charlotte Gainsbourg, Marton Csokas, Kati Outinen, Vlad Ivanov, Agata Kulesza",https://www.filmcrave.com/movie_page_main.php?id=59844,Unknown
Another Kind of Wedding,53849,3.0,1,04/29/2018,English,"Comedy, Drama",NR,Pat Kiely,"Kathleen Turner, Jessica Paré, Jessica Parker Kennedy, Kevin Zegers, Wallace Shawn, Frances Fisher",https://www.filmcrave.com/movie_page_main.php?id=59845,Unknown
Hot Summer Nights,9602,2.6,7,07/27/2018,English,Drama,R,Elijah Bynum,"Timothée Chalamet, Maika Monroe, Alex Roe, William Fichtner, Thomas Jane, Emory Cohen",https://www.filmcrave.com/movie_page_main.php?id=59846,"Recent high school grad Daniel spends summer with his aunt on Cape Cod where he struggles to find a place he fits in. An encounter with local weed slinger and bad boy Hunter soon has him entering into a lucrative and dangerous new world - made more so when he falls for Hunter's younger sister, McKayla, who is strictly off limits. --"
The Escape,6804,3.0,4,05/11/2018,English,Drama,NR,Dominic Savage,"Gemma Arterton, Dominic Cooper, Frances Barber, Marthe Keller, Montserrat Lombard, Jalil Lespert",https://www.filmcrave.com/movie_page_main.php?id=59847,"A mother and housewife feels trapped by her current life and makes a bold decision to leave it all behind when she buys a one-way ticket to Paris, but finds leaving that old life behind is not as easy as she thought. --"
A Kid Like Jake,14311,2.8,3,06/01/2018,English,"Drama, Family",R,Silas Howard,"Claire Danes, Priyanka Chopra, Octavia Spencer, Jim Parsons, Leo James Davis, Ann Dowd",https://www.filmcrave.com/movie_page_main.php?id=59848,"A couple have known their four-year-old son has always been more drawn to princesses than monster trucks. But when his preschool director says this may be more than just a phase, the couple must take a fresh look as their roles of parents and spouses. --"
The Cleaners,53721,3.0,1,01/19/2018,English,Documentary,NR,"Hans Block, Moritz Riesewieck",Unknown,https://www.filmcrave.com/movie_page_main.php?id=59849,Unknown
Ray Meets Helen,53857,3.0,1,05/04/2018,English,"Drama, Romance",NR,Alan Rudolph,"Keith Carradine, Sondra Locke, Keith David, Samantha Mathis, Jennifer Tilly, Kim Wayans",https://www.filmcrave.com/movie_page_main.php?id=59850,Unknown
Hotel Artemis,6598,2.6,20,06/08/2018,English,"Action, Crime",R,Drew Pearce,"Sofia Boutella, Dave Bautista, Jeff Goldblum, Jodie Foster, Evan Jones, Sterling K. Brown",https://www.filmcrave.com/movie_page_main.php?id=59851,"In the near-future, Los Angeles has become a playground for the violent and desperate as riots grip the city and criminals run the streets. Amidst this chaos is a place where these people can recover, provided they have the right connections. Run by an enigmatic figure known as The Nurse, Hotel Artemis caters to a dangerous clientele, but the service is second to none. --"
The Assassin's Code,60143,2.0,1,04/12/2018,English,Thriller,NR,David A. Armstrong,"Justin Chatwin, Peter Stormare, Mark Thompson, Robin Thomas, Yancy Butler, Elizabeth Anweis",https://www.filmcrave.com/movie_page_main.php?id=59852,Unknown
In Darkness,33075,2.8,2,05/25/2018,English,Thriller,NR,Anthony Byrne,"Emily Ratajkowski, Natalie Dormer, Ed Skrein, Joely Richardson, James Cosmo, Neil Maskell",https://www.filmcrave.com/movie_page_main.php?id=59853,Unknown
Dog Days,24507,2.3,4,08/10/2018,English,Drama,PG,Ken Marino,"Nina Dobrev, Finn Wolfhard, Vanessa Hudgens, Eva Longoria, Thomas Lennon, Lauren Lapkus",https://www.filmcrave.com/movie_page_main.php?id=59854,"A group of people in Los Angeles find themselves brought together thanks, in part, to their lovable canine companions. --"
Nothing to Lose ( Nada a Perder ),53860,3.0,1,05/10/2018,Portuguese,"Biography, Drama",PG,Alexandre Avancini,"Petrônio Gontijo, Day Mesquita, Beth Goulart, Dalton Vigh, André Gonçalves, Kathia Calil",https://www.filmcrave.com/movie_page_main.php?id=59855,Unknown
Unfriended: Dark Web,36028,1.8,6,07/20/2018,English,Horror,R,Stephen Susco,"Betty Gabriel, Rebecca Rittenhouse, Chelsea Alden, Billy Drago, Judith Roberts, Andrew Bryniarski",https://www.filmcrave.com/movie_page_main.php?id=59856,A teen comes into possession of laptop that he soon finds appears to have been stolen. But this discovery soon leads to something much more dangerous as it appears the previous owner is watching his every move - and will also do anything to get the laptop back. --
Unbroken: Path to Redemption,31500,2.2,3,09/14/2018,English,"Biography, Drama",PG-13,Harold Cronk,"Samuel Hunt, Merritt Patterson, Will Graham, Bobby Campo, David DeLuise, Gianna Simone",https://www.filmcrave.com/movie_page_main.php?id=59857,"After his return from WWII, where he survived amidst overwhelming odds, former Olympian Louis Zamperini returns home where he faces a new battle, where personal demons and PTSD impede his normal life. --"
The Misandrists,18928,2.7,3,05/25/2018,English,"Comedy, Drama",NR,Bruce La Bruce,"Susanne Sachße, Viva Ruiz, Kembra Pfahler, Caprice Crawford, Grete Gehrke, Kita Updike",https://www.filmcrave.com/movie_page_main.php?id=59858,"A young man on the run from the law is rescued by Isolde and Hilde, two members of a school for wayward girls. Run by Big Mother and several sisters, the school is a front for the FLA - the Female Liberation Army - who will go to any length to overthrow the patriarchy. Even as he is nursed back to health by Isolde, the film builds towards an audacious climax, in more ways than one. --"
Carter & June,53315,3.0,1,04/28/2017,English,"Action, Comedy",NR,Nicholas Kalikow,"Michael Raymond-James, Samaire Armstrong, Timothy Omundson, James Landry Hébert, Paul Rae, Lindsay Musil",https://www.filmcrave.com/movie_page_main.php?id=59859,Unknown
Blindspotting,722,3.2,16,01/18/2018,English,"Comedy, Drama",R,Carlos López Estrada,"Daveed Diggs, Rafael Casal, Janina Gavankar, Jasmine Cephas Jones, Ethan Embry, Tisha Campbell-Martin",https://www.filmcrave.com/movie_page_main.php?id=59860,"Three days before his probation officially ends, Oakland native Collin, doing everything he can to keep clean (curfew, avoiding drugs and holding down a job), witnesses a police officer gunning down a defenseless man. This throws his world off balance as he contends with his hot-headed friend Miles and tries to reconcile with his girlfriend, Val. --"
Boundaries,36142,2.5,2,06/22/2018,English,"Comedy, Drama",R,Shana Feste,"Vera Farmiga, Christopher Plummer, Lewis MacDougall, Christopher Lloyd, Kristen Schaal, Bobby Cannavale",https://www.filmcrave.com/movie_page_main.php?id=59861,"A single mother and her teenage son are forces to go on a cross-country trip when her estranged, pot-dealing father is kicked out of his nursing home. Things get more complicated when they make a few unexpected stops, including one to her ex-husband. --"
Candy Jar,60150,2.0,1,04/27/2018,English,Comedy,NR,Ben Shelton,"Uzo Aduba, Tom Bergeron, Tracey Bonner, Evan Castelloe, Judy Clement, Donovan Elmore",https://www.filmcrave.com/movie_page_main.php?id=59862,Unknown
Born Guilty,53258,3.0,1,04/07/2017,English,"Comedy, Drama",NR,Max Heller,"Jay Devore, David Coussins, Rosanna Arquette, Keesha Sharp, Anna Lore, Jay Klaitz",https://www.filmcrave.com/movie_page_main.php?id=59863,Unknown
Netizens,53808,3.0,1,04/01/2018,English,Documentary,NR,Cynthia Lowen,"Elisabeth Aultman, Soraya Chemaly, Danielle Keats Citron, Mary Anne Franks, Carrie Goldberg, Wesley Hsu",https://www.filmcrave.com/movie_page_main.php?id=59864,Unknown
Andre the Giant,15896,2.4,6,04/10/2018,English,Documentary,NR,Jason Hehir,"André the Giant, Hulk Hogan, Billy Crystal, Vince McMahon, Robin Wright, Roddy Piper",https://www.filmcrave.com/movie_page_main.php?id=59865,Unknown
Birthmarked,36000,2.0,3,03/30/2018,English,Comedy,NR,Emanuel Hoss-Desmarais,"Matthew Goode, Toni Collette, Fionnula Flanagan, Michael Smiley, Suzanne Clément, Andreas Apergis",https://www.filmcrave.com/movie_page_main.php?id=59866,Unknown
20 Weeks,53409,3.0,1,06/19/2017,English,"Drama, Romance",NR,Leena Pendharkar,"Richard Riehle, Michelle Krusiec, Jocelin Donahue, Amir Arison, Sujata Day, Anna Margaret Hollyman",https://www.filmcrave.com/movie_page_main.php?id=59867,Unknown
Caught,53771,3.0,1,03/03/2018,English,"Horror, Sci-Fi",NR,Jamie Patterson,"Cian Barry, Ruben Crow, Aaron Davis, Dave Mounfield, April Pearson, Mickey Sumner",https://www.filmcrave.com/movie_page_main.php?id=59868,Unknown
Baja,53815,3.0,1,04/13/2018,English,Comedy,PG-13,Tony Vidal,"Jake Thomas, Chris Brochu, Michelle DeShon, Arienne Mandi, Zoe Corraface, Kurt Fuller",https://www.filmcrave.com/movie_page_main.php?id=59869,Unknown
Filmworker,26317,3.0,2,10/03/2017,English,Documentary,NR,Tony Zierra,"Leon Vitali, Ryan O'Neal, Danny Lloyd, Matthew Modine, R. Lee Ermey, Stellan Skarsgård",https://www.filmcrave.com/movie_page_main.php?id=59870,Unknown
The Happy Prince,47029,3.0,1,01/21/2018,English,"Drama, Historical",R,Rupert Everett,"Rupert Everett, Colin Firth, Emily Watson, Colin Morgan, Edwin Thomas, Tom Wilkinson",https://www.filmcrave.com/movie_page_main.php?id=59871,Unknown
Penguins,5692,2.9,6,04/17/2019,English,Documentary,G,"Alastair Fothergill, Jeff Wilson",Unknown,https://www.filmcrave.com/movie_page_main.php?id=59872,"Follows the life of Steven, an Adélie penguin, one among millions in the icy Antarctic who looks to nest, find connection and build a family. But life is not easy out here and between killer whales to leopard seals, Steve has a lot to contend with on his life's journey. --"
Victory Day ( Den' Pobedy ),53858,3.0,1,05/05/2018,Russian,Documentary,NR,Sergey Loznitsa,Unknown,https://www.filmcrave.com/movie_page_main.php?id=59873,Unknown
"I Am Sartana, Your Angel of Death ( Sono Sartana, il vostro becchino )",48714,3.0,1,11/20/1969,Italian,"Mystery, Western",NR,Giuliano Carnimeo,"Gianni Garko, Frank Wolff, Ettore Manni, Sal Borgese, Renato Baldini, José Torres",https://www.filmcrave.com/movie_page_main.php?id=59874,Unknown
Sartana's Here... Trade Your Pistol for a Coffin ( C'è Sartana... vendi la pistola e comprati la bara! ),48746,3.0,1,08/07/1970,Italian,Western,NR,Giuliano Carnimeo,"George Hilton, Charles Southwood, Erika Blanc, Piero Lulli, Linda Sini, Nello Pazzafini",https://www.filmcrave.com/movie_page_main.php?id=59875,Unknown
In the Last Days of the City ( Akher ayam el madina ),53842,3.0,1,04/27/2018,Arabic,Drama,NR,Tamer El Said,"Khalid Abdalla, Laila Samy, Hanan Youssef, Mariam Saleh Saad, Hayder Helo, Basim Hajar",https://www.filmcrave.com/movie_page_main.php?id=59876,Unknown
It Came from the Desert,53870,3.0,1,05/29/2018,English,"Comedy, Horror",NR,Marko Mäkilaakso,"Vanessa Grasse, Mark Arnold, Harry Lister Smith, Claudia Trujillo, Alex Mills, Callum McGowan",https://www.filmcrave.com/movie_page_main.php?id=59877,Unknown
The Tale,21443,3.3,2,05/26/2018,English,"Drama, Mystery",NR,Jennifer Fox,"Elizabeth Debicki, Laura Dern, Ellen Burstyn, Jason Ritter, Laura Allen, Isabelle Nélisse",https://www.filmcrave.com/movie_page_main.php?id=59878,Unknown
Woman Walks Ahead,23078,2.5,3,06/29/2018,English,"Biography, Drama",R,Susanna White,"Jessica Chastain, Ciarán Hinds, Sam Rockwell, Michael Nouri, Michael Greyeyes, David Midthunder",https://www.filmcrave.com/movie_page_main.php?id=59879,Unknown
Generation Wealth,5011,3.1,4,07/20/2018,English,Documentary,R,Lauren Greenfield,"Florian Homm, Tiffany Masters, Jaqueline Siegel",https://www.filmcrave.com/movie_page_main.php?id=59880,"Where once the American Dream was raising a family and making a comfortable life for them, now that dream has become twisted where fame, beauty and fortune are prized above all else. Lauren Greenfield turns a critical eye to a new narcistic materialism, even including herself and her own family, and shows how rampant capitalism and the quest for fame has turned the American Dream into a nightmare. --"
Holden On,53233,3.0,1,03/25/2017,English,"Biography, Drama",R,Tamlin Hall,"Matthew Fahey, David Atkinson, Ross Thomas, Tamlin Hall, Robert William Campbell, Greg Thompson",https://www.filmcrave.com/movie_page_main.php?id=59881,Unknown
You Have a Nice Flight,60076,2.0,1,07/29/2017,English,"Comedy, Drama",PG-13,Jimmy Dinh,"Jimmy Dinh, Dominique Swain, Keesha Sharp, Richard Riehle, Amiée Conn, Daniel Nemes",https://www.filmcrave.com/movie_page_main.php?id=59882,Unknown
Rush Hour,53781,3.0,1,03/10/2018,English,Documentary,NR,Luciana Kaplan,Unknown,https://www.filmcrave.com/movie_page_main.php?id=59883,Unknown
Sanju,5004,3.1,4,06/29/2018,Hindi,"Biography, Drama",NR,Rajkumar Hirani,"Anushka Sharma, Ranbir Kapoor, Sonam Kapoor, Tabu, Manisha Koirala, Vicky Kaushal",https://www.filmcrave.com/movie_page_main.php?id=59884,"Based on the incredible true story of Sanjay Dutt, born into the family of cinema legends, he became a film star himself, but his enigmatic life was much more: from dizzying heights to low depths, Dutt won the adulation of fans, but also came face-to-face with the underworld, went to prison and was even accused of being a terrorist. It's a story that gives credence to the saying that life is always stranger than fiction. --"
Birdmen: The Original Dream of Human Flight,59643,2.0,1,04/25/2013,English,Documentary,NR,Matt Sheridan,"Ellen Brennan, Matt Gerdes, Mike Steen",https://www.filmcrave.com/movie_page_main.php?id=59885,Unknown
Bye Bye Germany ( Es war einmal in Deutschland... ),53840,3.0,1,04/27/2018,German,"Comedy, Drama",NR,Sam Garbarski,"Moritz Bleibtreu, Antje Traue, Tim Seyfi, Mark Ivanir, Anatole Taubman, Jeanne Werner",https://www.filmcrave.com/movie_page_main.php?id=59886,Unknown
Fourplay,53806,3.0,1,03/30/2018,English,"Comedy, Drama",NR,Dean Matthew Ronalds,"Tammy Blanchard, Bryan Greenberg, Dominic Fumusa, Emanuela Galliussi",https://www.filmcrave.com/movie_page_main.php?id=59887,Unknown
Color Me You,53459,3.0,1,08/06/2017,English,"Drama, Family",NR,Marco Bottiglieri,"Kaley Caperton, Katie Walker, Christina Burdette, Morgan Roberts, Matt Socia, Donny Boaz",https://www.filmcrave.com/movie_page_main.php?id=59888,Unknown
Far from the Tree,53642,3.0,1,11/10/2017,English,Documentary,NR,Rachel Dretzin,Unknown,https://www.filmcrave.com/movie_page_main.php?id=59889,Unknown
The Riot Act,53946,3.0,1,09/14/2018,English,Thriller,PG-13,Devon Parks,"Brett Cullen, Connor Price, Brandon Keener, Micah Hauptman, Lauren Sweetser, Dean Denton",https://www.filmcrave.com/movie_page_main.php?id=59890,A murder no one was supposed to witness is seen by three - the murdered and two random strangers. But the witnesses become avengers when they scare up the idea of creating a ghost to draw out the suspect. --
Feral,36067,1.8,6,05/25/2018,English,"Action, Horror",NR,Mark Young,"Scout Taylor-Compton, Olivia Luccardi, Lew Temple, Renee Olstead, Brock Kelly, Landry Allbright",https://www.filmcrave.com/movie_page_main.php?id=59891,"Six medical students finds their weekend hike turned into a fight for survival after a wild animal attack leaves them infected with a ""feral disease"" that turns them into rabid, bloodthirsty monsters. --"
Kin,23363,2.2,6,08/31/2018,English,"Action, Sci-Fi",PG-13,"Jonathan Baker, Josh Baker","Carrie Coon, James Franco, Zoë Kravitz, Dennis Quaid, Myles Truitt, Jack Reynor",https://www.filmcrave.com/movie_page_main.php?id=59892,"An ex-con, just released, finds himself on the run with his adopted teen brother. Chased by feds, a group of super soldiers and a one dangerous criminal, the duo rely on the powers of a mysterious weapon to protect them. --"
Boom for Real: The Late Teenage Years of Jean-Michel Basquiat,53862,3.0,1,05/11/2018,English,Documentary,NR,Sara Driver,"Fab 5 Freddy, Patricia Field, Jim Jarmusch, 'Lee' George Quinones, Sur Rodney Sur, Mary-Ann Monforton",https://www.filmcrave.com/movie_page_main.php?id=59893,Unknown
Whitney,8906,2.9,4,07/06/2018,English,"Documentary, Biography",R,Kevin Macdonald,"Whitney Houston, Bobby Brown, Bobbi Kristina Brown, Cissy Houston, L.A. Reid, Clive Davis",https://www.filmcrave.com/movie_page_main.php?id=59894,"An in-depth look into the life, legacy and music of Whitney Houston. --"
Fighting with My Family,6257,2.7,18,02/22/2019,English,"Biography, Comedy",PG-13,Stephen Merchant,"Dwayne Johnson, Lena Headey, Florence Pugh, Vince Vaughn, Nick Frost, Jack Lowden",https://www.filmcrave.com/movie_page_main.php?id=59895,"A former wrestler and his family travel to small venues all over the country, making a living performing for the crowds. Yet his children want something more - a chance to make it to prime time by joining the WWE. --"
Kinshasa Makambo,60133,2.0,1,03/02/2018,Other,Documentary,NR,Dieudo Hamadi,Unknown,https://www.filmcrave.com/movie_page_main.php?id=59896,Unknown
People's Republic of Desire,21441,3.3,2,03/10/2018,Mandarin,Documentary,NR,Hao Wu,Unknown,https://www.filmcrave.com/movie_page_main.php?id=59897,Unknown
Pick of the Litter,26337,3.0,2,01/19/2018,English,Documentary,NR,"Don Hardy Jr., Dana Nachman",Unknown,https://www.filmcrave.com/movie_page_main.php?id=59898,Unknown
Astro,53877,3.0,1,06/08/2018,English,"Sci-Fi, Thriller",NR,Asif Akbar,"Gary Daniels, Marshal Hilton, Courtney Akbar, Max Wasa, Louis Mandylor, Michael Paré",https://www.filmcrave.com/movie_page_main.php?id=59899,Unknown
Ibiza,14925,2.6,4,05/25/2018,English,"Comedy, Romance",NR,Alex Richanbach,"Gillian Jacobs, Richard Madden, Michaela Watkins, Vanessa Bayer, Jordi Mollà, Augustus Prew",https://www.filmcrave.com/movie_page_main.php?id=59900,Unknown
The Kissing Booth,40004,1.8,3,05/11/2018,English,"Comedy, Romance",NR,Vince Marcello,"Molly Ringwald, Joey King, Joel Courtney, Jacob Elordi, Meganne Young, Carson White",https://www.filmcrave.com/movie_page_main.php?id=59901,"Elle and her best friend since birth Lee, decide to run a kissing booth at their high school's Spring Carnival. While working the booth, Elle kisses Noah who just happens to be the older brother of Lee, and is off limits according to the rules of their friendship pact. Elle's life is turned upside down when she realizes her and Noah might have an actual connection, but is worried about ruining her life-long friendship with Lee. --"
What Haunts Us,26344,3.0,2,05/11/2018,English,Documentary,NR,Paige Tolmach,"Eddie Fischer, Paige Goldberg Tolmach, Stuart Coleman, Guerry Glover, Mackie Krawcheck Moore, Cherry Daniel",https://www.filmcrave.com/movie_page_main.php?id=59902,Unknown
McQueen,20490,3.3,2,07/20/2018,English,Documentary,R,"Ian Bonhôte, Peter Ettedgui",Alexander McQueen,https://www.filmcrave.com/movie_page_main.php?id=59903,"Alexander McQueen's story is not just a typical rags-to-riches fairytale, but an inspiration about a man tortured and inspired whose signature style and bold designs inspired and influenced so many. --"
Good Boys,5821,2.7,18,08/16/2019,English,Comedy,R,"Lee Eisenberg, Gene Stupnitsky","Jacob Tremblay, Keith L. Williams, Brady Noon, Molly Gordon, Midori Francis, Millie Davis",https://www.filmcrave.com/movie_page_main.php?id=59904,"A group of sixth-grade boys are looking forward to their first ""adult"" party but before they can join the fun, they must contend with their accidental possession of stolen drugs and pursuit by a ruthless band of teen girls. --"
Gabriel and the Mountain ( Gabriel e a Montanha ),53764,3.0,1,02/24/2018,Portuguese,Drama,NR,Fellipe Barbosa,"João Pedro Zappa, Caroline Abras, John Goodluck, Rhosinah Sekeleti, Luke Mpata, Leonard Siampala",https://www.filmcrave.com/movie_page_main.php?id=59905,Unknown
Monsters and Men,9163,2.9,4,09/28/2018,English,Drama,R,Reinaldo Marcus Green,"Cara Buono, Anthony Ramos, Brian Pollock, Aaron Costa Ganis, Rob Morgan, Chris McKinney",https://www.filmcrave.com/movie_page_main.php?id=59906,Follows a police shooting and the aftermath as told through the eyes of a bystander who filmed the incident. --
The Prince and the Dybbuk,53707,3.0,1,01/10/2018,English,Documentary,NR,"Elwira Niewiera, Piotr Rosolowski","Michal Waszynski, Rosemary Mankiewicz, Albin Ossowski, Michael Babchuk, Alex Mankiewicz, Wojciech Narebski",https://www.filmcrave.com/movie_page_main.php?id=59907,Unknown
Eating Animals,53883,3.0,1,06/15/2018,English,Documentary,NR,Christopher Dillon Quinn,Natalie Portman,https://www.filmcrave.com/movie_page_main.php?id=59908,Unknown
Nancy,38197,2.5,2,01/20/2018,English,"Mystery, Thriller",NR,Christina Choe,"Andrea Riseborough, Steve Buscemi, Ann Dowd, John Leguizamo, J. Smith-Cameron, René Ifrah",https://www.filmcrave.com/movie_page_main.php?id=59909,Unknown
A Simple Favor,3319,2.8,25,09/14/2018,English,"Crime, Mystery",R,Paul Feig,"Anna Kendrick, Blake Lively, Henry Golding, Joshua Satine, Jean Smart, Rupert Friend",https://www.filmcrave.com/movie_page_main.php?id=59910,"A mother and budding vlogger, Stephanie finds herself in the middle of an intriguing and dangerous mystery when she attempts to figure out what happened to her friend, Emily, who suddenly goes missing from their small town. --"
Madame Hyde ( Mrs. Hyde ),53844,3.0,1,04/27/2018,French,Drama,NR,Serge Bozon,"Isabelle Huppert, Romain Duris, José Garcia, Adda Senani, Guillaume Verdier, Patricia Barzyk",https://www.filmcrave.com/movie_page_main.php?id=59911,Unknown
53 Winter Days ( 53 días de invierno ),59350,2.0,1,10/26/2007,Spanish,Drama,NR,Judith Colell,"Mercedes Sampietro, Alex Brendemühl, Aina Clotet, Maria Pau Pigem, Montserrat Salvador, Silvia Munt",https://www.filmcrave.com/movie_page_main.php?id=59912,Unknown
58: The Film,51692,3.0,1,10/13/2011,English,Documentary,PG-13,"Tim Neeves, Tony Neeves",Unknown,https://www.filmcrave.com/movie_page_main.php?id=59913,Unknown
"Hell of '63, The ( De hel van '63 )",59486,2.0,1,12/17/2009,Dutch,"Drama, Sport",NR,Steven de Jong,"Willeke van Ammelrooy, Pierre Bokma, Cees Geel, Chava Voor in 't Holt, Chantal Janzen, Dennis Overeem",https://www.filmcrave.com/movie_page_main.php?id=59914,Unknown
The Judge,47165,3.0,1,00/00/0000,English,Documentary,NR,Erika Cohn,Kholoud Al-Faqih,https://www.filmcrave.com/movie_page_main.php?id=59915,Unknown
Mercury,53818,3.0,1,04/13/2018,Hindi,"Horror, Thriller",NR,Karthik Subbaraj,"Ramya Nambeeshan, Prabhudheva, Gajaraj, Sananth Reddy",https://www.filmcrave.com/movie_page_main.php?id=59916,Unknown
The Open House,45465,1.5,3,01/19/2018,English,"Horror, Thriller",NR,"Matt Angel, Suzanne Coote","Dylan Minnette, Piercey Dalton, Patricia Bethune, Sharif Atkins, Aaron Abrams, Edward Olson",https://www.filmcrave.com/movie_page_main.php?id=59917,Unknown
Serial (Bad) Weddings ( Qu'est-ce qu'on a fait au Bon Dieu? ),21360,3.3,2,04/16/2014,French,Comedy,NR,Philippe de Chauveron,"Christian Clavier, Chantal Lauby, Ary Abittan, Medi Sadoun, Frédéric Chau, Frédérique Bel",https://www.filmcrave.com/movie_page_main.php?id=59918,A strict Catholic French couple must learn how to open their hearts and minds when their
"Girl in the Fog, The ( ragazza nella nebbia, La )",38190,2.5,2,10/26/2017,Italian,"Crime, Thriller",NR,Donato Carrisi,"Toni Servillo, Alessio Boni, Lorenzo Richelmy, Galatea Ranzi, Michela Cescon, Lucrezia Guidone",https://www.filmcrave.com/movie_page_main.php?id=59919,A teenager from a tight Catholic community disappears and inspector Vogel is sent to
Detective Bureau 2-3: Go to Hell Bastards! ( Kutabare akutô-domo - Tantei jimusho 23 ),48434,3.0,1,01/27/1963,Japanese,"Action, Crime",NR,Seijun Suzuki,"Jô Shishido, Tamio Kawaji, Reiko Sassamori, Nobuo Kaneko, Kinzô Shin, Naomi Hoshi",https://www.filmcrave.com/movie_page_main.php?id=59920,Unknown
Spinning Man,28486,2.3,3,04/06/2018,English,"Drama, Mystery",R,Simon Kaijser,"Guy Pearce, Pierce Brosnan, Minnie Driver, Alexandra Shipp, Odeya Rush, Jamie Kennedy",https://www.filmcrave.com/movie_page_main.php?id=59921,Unknown
The Half-Life of Genius Physicist Raemer Schreiber,53898,3.0,1,07/17/2018,English,"Documentary, Biography",NR,"Jared Brandon-Flande, John Webb","Raemer Schreiber, Marge Schreiber, Sara Schreiber, Roger Meade, Carl Willis, Richard Rhodes",https://www.filmcrave.com/movie_page_main.php?id=59922,Unknown
The Hollow Child,45467,1.5,3,05/18/2018,English,"Horror, Thriller",NR,Jeremy Lutter,"Jessica McLeod, Hannah Cheramy, John Emmet Tracy, Jana Mitsoula, Genevieve Buechner, Connor Stanhope",https://www.filmcrave.com/movie_page_main.php?id=59923,Unknown
Family,60137,2.0,1,03/11/2018,English,Comedy,R,Laura Steinel,"Kate McKinnon, Taylor Schilling, Brian Tyree Henry, Jessie Ennis, Matt Walsh, Juan Gaspard",https://www.filmcrave.com/movie_page_main.php?id=59924,Unknown
Mountain,20501,3.3,2,05/11/2018,English,Documentary,PG,Jennifer Peedom,Willem Dafoe,https://www.filmcrave.com/movie_page_main.php?id=59925,Unknown
Never Goin' Back,26348,3.0,2,08/03/2018,English,Drama,R,Augustine Frizzell,"Maia Mitchell, Camila Morrone, Kyle Mooney, Joel Allen, Matthew Holcomb, Kendal Smith",https://www.filmcrave.com/movie_page_main.php?id=59926,"Jessie and Angela and best friends and also a pair of aimless, irresponsible high-school dropouts. Looking to escape their dead-end waitress jobs for a better life, they go on a wild adventure to Galveston even as their meager lives fall apart around them. --"
Alex Strangelove,12804,2.6,5,06/08/2018,English,Comedy,NR,Craig Johnson,"Daniel Doheny, Madeline Weinstein, Antonio Marziale, Joanna Adler, William Ragsdale, Annie Q.",https://www.filmcrave.com/movie_page_main.php?id=59927,Unknown
"Night of the Virgin ( noche del virgen, La )",52974,3.0,1,10/16/2016,Spanish,"Comedy, Horror",NR,Roberto San Sebastián,"Javier Bódalo, Miriam Martín, Víctor Amilibia, Ignatius Farray, Rocío Suárez, Javi Alaiza",https://www.filmcrave.com/movie_page_main.php?id=59928,Unknown
Backstabbing for Beginners,38202,2.5,2,04/27/2018,English,"Drama, Historical",R,Per Fly,"Theo James, Ben Kingsley, Jacqueline Bisset, Belçim Bilgin, Rossif Sutherland, Rachel Wilson",https://www.filmcrave.com/movie_page_main.php?id=59929,Unknown
The Devil and Father Amorth,60144,2.0,1,04/20/2018,English,"Documentary, Horror",NR,William Friedkin,"Gabriele Amorth, Robert Barron, William Friedkin",https://www.filmcrave.com/movie_page_main.php?id=59930,Unknown
Altered Perception,53856,3.0,1,05/04/2018,English,"Mystery, Sci-Fi",NR,Kate Rees Davies,"Jon Huertas, Jennifer Blanc-Biehn, Mark Burnham, Jade Tailor, Matthew Ziff, Emrhys Cooper",https://www.filmcrave.com/movie_page_main.php?id=59931,Unknown
Genesis,53829,3.0,1,04/20/2018,English,Sci-Fi,NR,"Freddie Hutton-Mills, Bart Ruspoli","Olivia Grant, Chiké Okonkwo, John Hannah, Warren Brown, Ed Stoppard, Ben Shafik",https://www.filmcrave.com/movie_page_main.php?id=59932,Unknown
Ghost Stories,7099,2.8,8,04/20/2018,English,"Drama, Horror",NR,"Jeremy Dyson, Andy Nyman","Andy Nyman, Martin Freeman, Paul Whitehouse, Alex Lawther, Paul Warren, Kobna Holdbrook-Smith",https://www.filmcrave.com/movie_page_main.php?id=59933,Unknown
The House of Tomorrow,33050,2.8,2,04/08/2017,English,"Comedy, Drama",NR,Peter Livolsi,"Asa Butterfield, Alex Wolff, Nick Offerman, Ellen Burstyn, Fred Armisen, Maude Apatow",https://www.filmcrave.com/movie_page_main.php?id=59934,Unknown
Always at The Carlyle,53861,3.0,1,05/11/2018,English,Documentary,PG-13,Matthew Miele,"Wes Anderson, George Clooney, Jeff Goldblum, Jon Hamm, Alan Cumming, Woody Allen",https://www.filmcrave.com/movie_page_main.php?id=59935,Unknown
Love & Bananas,53843,3.0,1,04/27/2018,English,"Documentary, Adventure",NR,Ashley Bell,"Ashley Bell, Lek Chailert, Noi Na",https://www.filmcrave.com/movie_page_main.php?id=59936,Unknown
Brothers of the Wind,53144,3.0,1,02/19/2017,English,"Adventure, Drama",NR,"Gerardo Olivares, Otmar Penker","Jean Reno, Manuel Camacho, Tobias Moretti, Eva Kuen",https://www.filmcrave.com/movie_page_main.php?id=59938,Unknown
The Game Changers,53722,3.0,1,01/19/2018,English,Documentary,NR,Louie Psihoyos,"James Wilks, Arnold Schwarzenegger, Patrik Baboumian, Kendrick Farris, Damien Mander, Nimai Delgado",https://www.filmcrave.com/movie_page_main.php?id=59939,Unknown
Bohemian Rhapsody,2172,2.9,53,11/02/2018,English,"Biography, Drama",PG-13,"Dexter Fletcher, Bryan Singer","Rami Malek, Mike Myers, Joseph Mazzello, Ben Hardy, Aidan Gillen, Lucy Boynton",https://www.filmcrave.com/movie_page_main.php?id=59940,"Queen, and lead singer Freddie Mercury, defied stereotypes and become one of the iconic rock bands of all time. Bohemian Rhapsody charts the rise of Queen, the lows suffered by Mercury as fame takes it toll - all leading to their legendary performance at the 1985 Live Aid concert - and a legacy that lives on today. --"
Hemel,51719,3.0,1,03/23/2012,Dutch,Drama,NR,Sacha Polak,"Hannah Hoekstra, Hans Dagelet, Rifka Lodeizen, Mark Rietman, Eva Duijvestein, Barbara Sarafian",https://www.filmcrave.com/movie_page_main.php?id=59941,Unknown
BlacKkKlansman,369,3.2,51,08/10/2018,English,"Biography, Comedy",R,Spike Lee,"Adam Driver, Topher Grace, John David Washington, Ryan Eggold, Laura Harrier, Robert John Burke",https://www.filmcrave.com/movie_page_main.php?id=59942,"Based on the true story of Ron Stallworth, and African-American cop in Colorado who infiltrated the local Ku Klux Klan and found himself head of said chapter. --"
Damsel,23077,2.5,3,06/22/2018,English,"Comedy, Drama",R,"David Zellner, Nathan Zellner","Robert Pattinson, Mia Wasikowska, David Zellner, Nathan Zellner, Robert Forster, Joseph Billingiere",https://www.filmcrave.com/movie_page_main.php?id=59943,Unknown
"Nico, 1988",53893,3.0,1,07/04/2018,English,"Biography, Drama",R,Susanna Nicchiarelli,"Trine Dyrholm, John Gordon Sinclair, Anamaria Marinca, Sandor Funtek, Thomas Trabacchi",https://www.filmcrave.com/movie_page_main.php?id=59944,Unknown
No Postage Necessary,53594,3.0,1,10/14/2017,English,Comedy,PG-13,Jeremy Culver,"George Blagden, Charleene Closshey, Robbie Kay, Michael Beach, Raymond J. Barry, Stelio Savante",https://www.filmcrave.com/movie_page_main.php?id=59945,Unknown
The Turning,29357,1.9,8,01/24/2020,English,"Drama, Horror",PG-13,Floria Sigismondi,"Mackenzie Davis, Finn Wolfhard, Finn Wolfhard, Mark Huberman, Barbara Marten, Niall Greig Fulton",https://www.filmcrave.com/movie_page_main.php?id=59946,A young governess takes a job looking after a man's niece and nephew following the death of their parents - only to experience increasingly  disturbing events. Based on Henry James' classic The Turn of the Screw. --
Finch,20459,2.4,4,11/05/2021,English,"Sci-Fi, Drama",Unknown,Miguel Sapochnik,"Tom Hanks, Caleb Landry Jones, Lora Martinez-Cunningham, Marie Wagenman, Christopher Farrar, Kennedi Butler",https://www.filmcrave.com/movie_page_main.php?id=59947,"Taking place in a post-apocalyptic world, a man builds a robot not to protect his own life, but that of his beloved pet dog. Along the way, the robot learns about  life, love, friendship and just maybe what it means to be human. --"
Destination Wedding,15302,2.5,5,08/24/2018,English,"Comedy, Romance",R,Victor Levin,"Keanu Reeves, Winona Ryder, Dj Dallenbach",https://www.filmcrave.com/movie_page_main.php?id=59948,A pair of misanthropic wedding guests find themselves drawn to each other through their mutual misery. --
Director's Cut,59911,2.0,1,01/22/2016,English,Horror,NR,Adam Rifkin,"Missi Pyle, Penn Jillette, Harry Hamlin, Hayes MacArthur, Lin Shaye, Adam Rifkin",https://www.filmcrave.com/movie_page_main.php?id=59949,Unknown
Escape Plan 2: Hades,34429,1.9,4,06/29/2018,English,"Action, Thriller",R,Steven C. Miller,"Dave Bautista, Sylvester Stallone, Jaime King, Wes Chatham, 50 Cent, Jesse Metcalfe",https://www.filmcrave.com/movie_page_main.php?id=59950,Ray Breslin (Sylvester Stallone) must save a member of his security team who has been captured and hidden in a prison know as Hades.  --
Set It Up,3439,3.1,6,06/15/2018,English,"Comedy, Romance",NR,Claire Scanlon,"Zoey Deutch, Lucy Liu, Glen Powell, Taye Diggs, Pete Davidson, Tituss Burgess",https://www.filmcrave.com/movie_page_main.php?id=59951,Unknown
Zen Dog,53290,3.0,1,04/21/2017,English,Drama,NR,Rick Darge,"Kyle Gallner, Adam Herschman, Celia Diane, Clea DuVall, Alan Watts, Devin Finch",https://www.filmcrave.com/movie_page_main.php?id=59952,Unknown
Shock and Awe,26347,3.0,2,07/13/2018,English,"Historical, Drama",R,Rob Reiner,"James Marsden, Jessica Biel, Woody Harrelson, Milla Jovovich, Tommy Lee Jones, Rob Reiner",https://www.filmcrave.com/movie_page_main.php?id=59953,Unknown
Tiger by the Tail,48724,3.0,1,01/01/1970,English,"Drama, Thriller",NR,R.G. Springsteen,"Christopher George, Tippi Hedren, Dean Jagger, Charo, Glenda Farrell, Lloyd Bochner",https://www.filmcrave.com/movie_page_main.php?id=59954,Unknown
1987: When the Day Comes,26336,3.0,2,01/12/2018,Korean,Drama,NR,Joon-Hwan Jang,"Yoon-Seok Kim, Jung-woo Ha, Hae-jin Yoo, Tae-ri Kim, Hee-soon Park, Hee-jun Lee",https://www.filmcrave.com/movie_page_main.php?id=59955,Unknown
John Wick: Chapter 3 - Parabellum,1524,3.0,48,05/17/2019,English,"Action, Crime",R,Chad Stahelski,"Keanu Reeves, Halle Berry, Anjelica Huston, Jason Mantzoukas, Asia Kate Dillon, Laurence Fishburne",https://www.filmcrave.com/movie_page_main.php?id=59956,"John Wick has been declared excommunicado after executing a member of the international assassin's guild - a member of the High Table. With no friends to turn to, and a $14 million bounty on his head, Wick faces the most daunting task of his life: to survive. --"
Another Soul,53868,3.0,1,05/25/2018,English,"Horror, Thriller",NR,Paul Chau,"Anthony Misiano, Tia Link, Rebecca Lovett, Bailey Newman, Sarah Smithton, Maura Grady",https://www.filmcrave.com/movie_page_main.php?id=59957,Unknown
Beach House,60105,2.0,1,10/20/2017,English,Thriller,NR,Jason Saltiel,"Willa Fitzgerald, Murray Bartlett, Orlagh Cassidy, Thomas M. Hammond, Malin Barr, Dmitry Prokofyev",https://www.filmcrave.com/movie_page_main.php?id=59958,Unknown
Down a Dark Hall,16498,2.4,7,08/17/2018,English,"Fantasy, Thriller",PG-13,Rodrigo Cortés,"AnnaSophia Robb, Uma Thurman, Isabelle Fuhrman, Taylor Russell, Rebecca Front, Rosie Day",https://www.filmcrave.com/movie_page_main.php?id=59959,"Kit, a troubled teen is sent to a unique boarding school where she is joined by four other, equally troubled, girls. The headmistress quickly takes their phones and with no Internet, their days are filled with a curriculum based on the arts and mathematics. But as each girls seems to begin to excel in a specific subject, but also seem to get more and more preoccupied and distant. Kit figures out all the girls have a strange connection to someone they have lost - a connection that is amplified at this school - and a dark secret is about to be discovered. --"
"Fireworks, Should We See It from the Side or The Bottom? ( Uchiage hanabi, shita kara miru ka? Yoko kara miru ka? )",53612,3.0,1,10/20/2017,Japanese,"Anime, Drama",NR,"Akiyuki Shimbô, Nobuyuki Takeuchi","Suzu Hirose, Masaki Suda, Mamoru Miyano, Shintarô Asanuma, Toshiyuki Toyonaga, Yûki Kaji",https://www.filmcrave.com/movie_page_main.php?id=59960,Unknown
Wildlife,4395,3.0,6,10/19/2018,English,Drama,PG-13,Paul Dano,"Jake Gyllenhaal, Carey Mulligan, Bill Camp, Ed Oxenbould, Zoe Margaret Colletti, Mollie Milligan",https://www.filmcrave.com/movie_page_main.php?id=59961,A young boy is a bystander to his parent's faltering marriage after his mother begins a relationship with another man. --
Anon,14350,2.3,13,05/04/2018,English,"Sci-Fi, Thriller",NR,Andrew Niccol,"Clive Owen, Amanda Seyfried, James Tam, Colm Feore, Eric Woolfe, David Storch",https://www.filmcrave.com/movie_page_main.php?id=59962,"In a future where you can know everything about anyone and anything via technology, a series of murders where the victim is hacked and experiences their own murder from the shooter's perspective leads a detective to a fixer who is off the grid - but is she the murderer or just another victim? --"
The House That Jack Built,5519,2.8,14,05/04/2018,English,"Drama, Thriller",R,Lars von Trier,"Matt Dillon, Bruno Ganz, Uma Thurman, Riley Keough, Jeremy Davies, Siobhan Fallon Hogan",https://www.filmcrave.com/movie_page_main.php?id=59963,Unknown
Suicide Squad: Hell to Pay,3172,3.0,9,03/27/2018,English,"Animation, Action",R,Sam Liu,"Christian Slater, Tara Strong, Vanessa Williams, Gideon Emery, Billy Brown, Liam McIntyre",https://www.filmcrave.com/movie_page_main.php?id=59964,Unknown
Adventures in Public School ( Public Schooled ),53839,3.0,1,04/27/2018,English,Comedy,NR,Kyle Rideout,"Judy Greer, Daniel Doheny, Siobhan Williams, Russell Peters, Grace Park, Andrew McNee",https://www.filmcrave.com/movie_page_main.php?id=59965,Unknown
Pin Cushion,53533,3.0,1,09/22/2017,English,Drama,NR,Deborah Haywood,"Lily Newmark, Joanna Scanlan, Loris Scarpa, Sacha Cordy-Nice, Bethany Antonia, Saskia Paige Martin",https://www.filmcrave.com/movie_page_main.php?id=59966,Unknown
On the Basis of Sex,6411,2.7,12,01/11/2019,English,"Biography, Drama",PG-13,Mimi Leder,"Felicity Jones, Armie Hammer, Justin Theroux, Cailee Spaeny, Kathy Bates, Sam Waterston",https://www.filmcrave.com/movie_page_main.php?id=59967,"Biopic on the life of Ruth Bader Ginsburg, from a young lawyer winning cases that will have lasting effects on equal rights for women, to her appointment as just the second female Supreme Court Justice. --"
We the Animals,13647,2.8,3,08/17/2018,English,Drama,R,Jeremiah Zagar,"Raúl Castillo, Josiah Gabriel, Evan Rosado, Isaiah Kristian, Sheila Vand, Terry Holland",https://www.filmcrave.com/movie_page_main.php?id=59968,"A trio of brothers, Joel, Manny and Jonah, tear through their childhood while pushing back against their parent's tough love. While Joel and Manny seem to be growing into mini versions of their father, even as their mother plots an escape, young Jonah becomes lost in a world of his own imagination. --"
Bernard and Huey,53573,3.0,1,10/08/2017,English,"Comedy, Drama",NR,Dan Mirvish,"Jim Rash, David Koechner, Mae Whitman, Sasha Alexander, Nancy Travis, Bellamy Young",https://www.filmcrave.com/movie_page_main.php?id=59969,Unknown
Big Legend,55412,1.5,2,07/03/2018,English,"Action, Thriller",NR,Justin Lee,"Kevin Makely, Todd A. Robinson, Amanda Wyss, Summer Spiro, Ashley Platz, Adrienne Barbeau",https://www.filmcrave.com/movie_page_main.php?id=59970,Unknown
Inheritance,53199,3.0,1,03/11/2017,English,Drama,NR,"Laura E. Davis, Jessica Kaye","Jessica Kaye, Mark Webber, Daniel Ahearn, Shamira Gill-Card, Myrna Manzanares, Louis C. Oberlander",https://www.filmcrave.com/movie_page_main.php?id=59971,Unknown
Let the Corpses Tan ( Laissez bronzer les cadavres ),53931,3.0,1,08/31/2018,French,Thriller,NR,"Hélène Cattet, Bruno Forzani","Elina Löwensohn, Stéphane Ferrara, Bernie Bonvoisin, Michelangelo Marchese, Marc Barbé, Marine Sainsily",https://www.filmcrave.com/movie_page_main.php?id=59972,Unknown
Apostasy,60142,2.0,1,04/06/2018,English,Drama,NR,Dan Kokotajlo,"Siobhan Finneran, Robert Emms, Sacha Parkinson, Steve Evets, James Quinn, Clare McGlinn",https://www.filmcrave.com/movie_page_main.php?id=59973,Unknown
Peppermint,29741,1.9,10,09/07/2018,English,"Action, Thriller",R,Pierre Morel,"Jennifer Garner, Richard Cabral, John Ortiz, John Gallagher Jr., Method Man, Juan Pablo Raba",https://www.filmcrave.com/movie_page_main.php?id=59974,"After witnessing her husband and child gunned down by gang members during a carnival, the now-widowed Riley North finds no justice when a corrupt judge lets the criminals go free. But she is not about to sit idle and spends the ensuing years transforming herself from urban mother to vigilante. Five years later, gang members start showing up dead and it's payback for anyone who gets in her way. --"
Modus Operandi,51511,3.0,1,06/01/2009,English,"Crime, Thriller",NR,Frankie Latina,"Randy Russell, Danny Trejo, Mark Borchardt, Michael Sottile, Barry Poltermann, Mark Metcalf",https://www.filmcrave.com/movie_page_main.php?id=59975,Unknown
The Hitchhikers,48852,3.0,1,07/13/1972,English,"Action, Drama",R,"Beverly Sebastian, Ferd Sebastian","Misty Rowe, Nick Klar, Linda Avery, Tammy Gibbs, Kathy Stutsman, Mary Thatcher",https://www.filmcrave.com/movie_page_main.php?id=59976,Unknown
Summer Job,41477,2.3,2,03/01/1989,English,Comedy,R,Paul Madden,"Sherrie Rose, James Summer, Amy Lynn Baxter, Cari Mayor, Renee Shugart, George Ortuzar",https://www.filmcrave.com/movie_page_main.php?id=59977,A group of college coeds work at a Florida resort during the summer where their main
Gray Matter,53865,3.0,1,05/15/2018,English,Sci-Fi,NR,Greg A. Sager,"Alys Crocker, Sean Patrick Dolan, Tara Elizabeth, Brent Bondy, Matthew Philip Downs, Sam Downs",https://www.filmcrave.com/movie_page_main.php?id=59978,Unknown
The Children Act,3507,3.0,10,09/14/2018,English,Drama,R,Richard Eyre,"Emma Thompson, Stanley Tucci, Fionn Whitehead, Ben Chaplin, Jason Watkins, Rosie Cavaliero",https://www.filmcrave.com/movie_page_main.php?id=59979,"High Court judge Fiona Maye is dealing with a home life that is falling apart even as she faces a court case with far-reaching implications. Adam, a teen with a life-threatening illness, refuses a blood transfusion on religious grounds. She takes a radical course of action when she decides to visit his hospital bed, an encounter that will have a profound effect on both of their lives. --"
Taco Shop,53853,3.0,1,05/01/2018,English,Comedy,PG-13,Joaquin Perea,"Tyler Posey, Luis Victor Jimenez, Johnny A. Sanchez, Yeniffer Behrens, Dan Bakkedahl, Rafael Agustin",https://www.filmcrave.com/movie_page_main.php?id=59980,Unknown
Summer in the Forest,60139,2.0,1,03/23/2018,English,Documentary,NR,Randall Wright,Jean Vanier,https://www.filmcrave.com/movie_page_main.php?id=59981,Unknown
The Son of Bigfoot,53852,3.0,1,05/01/2018,English,"Animation, Family",PG,"Jeremy Degruson, Ben Stassen","David Epstein, Pappy Faulkner, Yuri Lowenthal, Tara Platt, Christopher L. Parson, Sandy Fox",https://www.filmcrave.com/movie_page_main.php?id=59982,Unknown
That Summer,53867,3.0,1,05/18/2018,English,Documentary,NR,Göran Olsson,"Peter Beard, Lee Radziwill, Edith Bouvier Beale, Andy Warhol, Paul Morrissey, William Vanden Heuvel",https://www.filmcrave.com/movie_page_main.php?id=59983,Unknown
My Past,47288,3.0,1,05/14/1931,English,"Drama, Romance",NR,Roy Del Ruth,"Bebe Daniels, Lewis Stone, Ben Lyon, Joan Blondell, Natalie Moorhead, Albert Gran",https://www.filmcrave.com/movie_page_main.php?id=59984,Unknown
The Misleading Lady,47307,3.0,1,04/15/1932,English,Comedy,NR,Stuart Walker,"Claudette Colbert, Edmund Lowe, Stuart Erwin, Robert Strange, George Meeker, Selena Royle",https://www.filmcrave.com/movie_page_main.php?id=59985,Unknown
The Chaser,47782,3.0,1,07/29/1938,English,"Drama, Mystery",NR,Edwin L. Marin,"Dennis O'Keefe, Ann Morriss, Lewis Stone, Nat Pendleton, Henry O'Neill, Ruth Gillette",https://www.filmcrave.com/movie_page_main.php?id=59986,Unknown
Widows,7387,2.6,26,11/16/2018,English,"Crime, Drama",R,Steve McQueen,"Elizabeth Debicki, Viola Davis, Cynthia Erivo, Michelle Rodriguez, Liam Neeson, Colin Farrell",https://www.filmcrave.com/movie_page_main.php?id=59987,"In present day Chicago four women have nothing in common, save for one thing: a debt left behind following their respective husbands' criminal activities. Despite the danger it presents, they will come together, form a plan and forge their own future. --"
Suspiria,3042,2.9,23,11/02/2018,English,"Horror, Fantasy",R,Luca Guadagnino,"Chloë Grace Moretz, Dakota Johnson, Tilda Swinton, Mia Goth, Jessica Harper, Sylvie Testud",https://www.filmcrave.com/movie_page_main.php?id=59988,"At a world-renowned dance academy, an ambitious, young dancer discovers a"
The Girl in the Spider's Web: A New Dragon Tattoo Story,19627,2.2,13,11/09/2018,English,"Crime, Drama",R,Fede Alvarez,"Claire Foy, Lakeith Stanfield, Sverrir Gudnason, Stephen Merchant, Sylvia Hoeks, Cameron Britton",https://www.filmcrave.com/movie_page_main.php?id=59989,"With Millenium Magazine facing an uncertain future, journalist Mikael Blomkvist is handed a story involving Frans Balder, a computer scientist who chooses to help his Autistic son, August, despite being warned by several agencies about danger involving a hacking collective known as The Spider Society. Lisbeth Salander, a brilliant hacker with a troubled past also has connections to the society, something Blomkvist takes advantage of. Both will find themselves entangled in a web of deceit and danger involving hackers, corrupt government officials and spies. --"
Creed II,4960,2.7,27,11/21/2018,English,"Sport, Drama",PG-13,Steven Caple Jr.,"Michael B. Jordan, Sylvester Stallone, Dolph Lundgren, Tessa Thompson, Wood Harris, Florian Munteanu",https://www.filmcrave.com/movie_page_main.php?id=59990,"Following his victory and being crowned the new light heavyweight champion, Adonis Creed continues his training under the eye of the legend Rocky Balboa as he faces another familiar face from the past, Viktor Drago son of Ivan Drago. --"
Second Act,12402,2.5,10,12/21/2018,English,"Comedy, Romance",PG-13,Peter Segal,"Milo Ventimiglia, Jennifer Lopez, Vanessa Hudgens, Leah Remini, Charlyne Yi, Freddie Stroma",https://www.filmcrave.com/movie_page_main.php?id=59991,"A 40-year box-store worker in a dead end job, all Maya wants to do is reinvent herself. She gets the chance when a cushy corporate job opens up and, with the help of her tech-savvy friend, Joan, spices up her resume. But when she lands the job thanks to her fake credentials, she will have to do everything she can to keep her new life intact, but will have to decide how far she's willing to go for this newfound security. --"
The Old Man & the Gun,7805,2.6,15,10/19/2018,English,"Comedy, Crime",PG-13,David Lowery,"Elisabeth Moss, Robert Redford, John David Washington, Danny Glover, Casey Affleck, Sissy Spacek",https://www.filmcrave.com/movie_page_main.php?id=59992,"The true story of Forrest Tucker, who escaped from San Quentin at the tender age of 70 and was involved in a string of heists that left authorities stunned and the public enchanted. It also follows the agent who respects his commitment, but is dead set on capturing him and a woman who chooses to love him despite his record. --"
Operation Finale,13329,2.4,10,08/29/2018,English,"Biography, Drama",PG-13,Chris Weitz,"Oscar Isaac, Mélanie Laurent, Haley Lu Richardson, Ben Kingsley, Nick Kroll, Peter Strauss",https://www.filmcrave.com/movie_page_main.php?id=59993,"It has been 15 years since the end of WWII and while many have been brought to justice, Adolf Eichmann, the Nazi architect behind the Holocaust, remains free. A teams of secret agents are brought together, tasked with tracking down the elusive war criminal and bringing justice to so many. --"
Boarding School,60164,2.0,1,08/31/2018,English,Horror,R,Boaz Yakin,"Samantha Mathis, Will Patton, Robert John Burke, Tammy Blanchard, Lucy Walters, Sterling Jerins",https://www.filmcrave.com/movie_page_main.php?id=59994,Unknown
Little Women,33607,2.0,4,09/28/2018,English,"Drama, Family",PG-13,Clare Niederpruem,"Lea Thompson, Ian Bohen, Lucas Grabeel, Melanie Stone, Sarah Davenport, Allie Jennings",https://www.filmcrave.com/movie_page_main.php?id=59995,"A modern-day update of Louisa May Alcott's classic novel, which follows the story of four sisters, Meg, Jo, Beth, and Amy March as they grow from girls to women. Through tragedy and joy, romance and heartache, one thing that does not change is their sisterly bond. --"
Zeitgeist,59336,2.0,1,06/01/2007,English,"Documentary, Historical",NR,Peter Joseph,"George W. Bush, Dick Cheney, Condoleezza Rice, Les Robertson, Curt Weldon, David Ray Griffin",https://www.filmcrave.com/movie_page_main.php?id=59996,"Film-maker Peter Joseph takes on religion, the 9/11 terror attacks, and possible plans by"
How Long Will I Love U ( Chao shi kong tong ju ),53869,3.0,1,05/25/2018,Mandarin,Romance,NR,Su Lun,"Jiayin Lei, Liya Tong, Zheng Xu",https://www.filmcrave.com/movie_page_main.php?id=59997,Unknown
The Doctor from India,53872,3.0,1,06/01/2018,English,Documentary,NR,Jeremy Frindel,Dr. Vasant Lad,https://www.filmcrave.com/movie_page_main.php?id=59998,Unknown
All Summers End,53130,3.0,1,02/06/2017,English,Drama,NR,Kyle Wilamowski,"Pablo Schreiber, Tye Sheridan, Kaitlyn Dever, Annabeth Gish, Paula Malcomson, Austin Abrams",https://www.filmcrave.com/movie_page_main.php?id=59999,Unknown
Breath,38205,2.5,2,06/01/2018,English,"Drama, Sport",NR,Simon Baker,"Elizabeth Debicki, Simon Baker, Richard Roxburgh, Rachael Blake, Jacek Koman, Megan Smart",https://www.filmcrave.com/movie_page_main.php?id=60000,Unknown
Rodin,28489,2.3,3,06/01/2018,French,"Biography, Drama",NR,Jacques Doillon,"Vincent Lindon, Izïa Higelin, Séverine Caneele, Bernard Verley, Anders Danielsen Lie, Arthur Nauzyciel",https://www.filmcrave.com/movie_page_main.php?id=60001,Follows the relationship between French sculptor Rodin with fellow artist Camille Claudel. --
Once Upon a Time ... in Hollywood,599,3.1,66,07/26/2019,English,"Crime, Drama",R,Quentin Tarantino,"Brad Pitt, Leonardo DiCaprio, Margot Robbie, Margaret Qualley, Emile Hirsch, Timothy Olyphant",https://www.filmcrave.com/movie_page_main.php?id=60002,"A fading, serious TV star Rick Dalton along with his stunt double Cliff Booth, who look to break into the film industry during the Golden Age of Hollywood. But the summer of '69 also faces the counter-culture revolution along with the rise of the Manson Family. --"
Race 3,53885,3.0,1,06/15/2018,Hindi,"Action, Thriller",NR,Remo,"Anil Kapoor, Salman Khan, Jacqueline Fernandez, Bobby Deol, Daisy Shah, Saqib Saleem",https://www.filmcrave.com/movie_page_main.php?id=60003,Unknown
Hooked,53418,3.0,1,06/26/2017,English,Drama,R,Max Emerson,"Sean Ormond, Conor Donnally, Jared Sandler, Katie McClellan, Casper Andreas, Terrance Murphy",https://www.filmcrave.com/movie_page_main.php?id=60004,Unknown
Siberia,23470,2.2,6,07/13/2018,English,"Crime, Romance",R,Matthew Ross,"Keanu Reeves, Molly Ringwald, Ana Ularu, Aleks Paunovic, Pasha D. Lychnikoff, Veronica Ferres",https://www.filmcrave.com/movie_page_main.php?id=60005,Unknown
Robin Williams: Come Inside My Mind,60157,2.0,1,07/13/2018,English,Documentary,NR,Marina Zenovich,"Robin Williams, Billy Crystal, Eric Idle, Valerie Velardi, Pam Dawber",https://www.filmcrave.com/movie_page_main.php?id=60006,Unknown
Flight Crew ( Ekipazh ),53889,3.0,1,06/25/2018,Russian,"Action, Drama",NR,Nikolay Lebedev,"Vladimir Mashkov, Agne Grudyte, Sergey Shakurov, Sergey Kempo, Danila Kozlovsky, Yang Ge",https://www.filmcrave.com/movie_page_main.php?id=60007,Unknown
The Little Stranger,11971,2.6,6,08/31/2018,English,"Drama, Horror",R,Lenny Abrahamson,"Domhnall Gleeson, Ruth Wilson, Charlotte Rampling, Will Poulter, Anna Madeley, Kate Phillips",https://www.filmcrave.com/movie_page_main.php?id=60008,"Dr. Faraday has risen from the son of a housemaid to a respected country doctor. In the summer of 1947 he finds himself called to Hundreds Hall, home to the Ayers family and a place his mother once worked. The stately manor, home to the family for two centuries, is now well into decline and the three inhabitants - mother, son and daughter, cling to their way of life. But Dr. Faraday is about to encounter something medicine cannot fix - and discovers a strange connection to his past. --"
Spider-Man: Into the Spider-Verse,57,3.6,110,12/14/2018,English,"Animation, Adventure",PG,"Bob Persichetti, Peter Ramsey, Rodney Rothman","Jake Johnson, Hailee Steinfeld, Shameik Moore, Brian Tyree Henry, Mahershala Ali, Liev Schreiber",https://www.filmcrave.com/movie_page_main.php?id=60009,"There are other Spider-Men than these. When Spider-Man finds himself crossing into parallel dimensions, he must team up with the alternate versions of himself in order to combat a threat that has the potential to destroy all realities. --"
The Debt Collector,53875,3.0,1,06/05/2018,English,Action,NR,Jesse V. Johnson,"Scott Adkins, Louis Mandylor, Vladimir Kulich, Tony Todd, Rachel Brann, Sean Crampton",https://www.filmcrave.com/movie_page_main.php?id=60010,Unknown
The Devil's Doorway,33077,2.8,2,07/13/2018,English,Horror,NR,Aislinn Clarke,"Lalor Roddy, Ciaran Flynn, Helena Bereen, Lauren Coe",https://www.filmcrave.com/movie_page_main.php?id=60011,Unknown
Beautifully Broken,38209,2.5,2,08/24/2018,English,Drama,PG-13,Eric Welch,"Benjamin A. Onyango, Scott William Winters, Emily Hahn, Caitlin Nicol-Thomas, Ditebogo Ledwaba, Sibulele Gcilitshana",https://www.filmcrave.com/movie_page_main.php?id=60012,"A refugee who has escaped, a prisoner with a promise to keep and a daughter hiding a painful secret - three fathers find their paths intertwining in this tale inspired by true events. --"
Billionaire Boys Club,33079,2.8,2,08/17/2018,English,"Biography, Drama",R,James Cox,"Taron Egerton, Emma Roberts, Kevin Spacey, Suki Waterhouse, Ansel Elgort, Cary Elwes",https://www.filmcrave.com/movie_page_main.php?id=60013,Unknown
The Bookshop,20035,2.3,5,08/24/2018,English,Drama,PG,Isabel Coixet,"Emily Mortimer, Bill Nighy, Patricia Clarkson, Hunter Tremayne, Honor Kneafsey, James Lance",https://www.filmcrave.com/movie_page_main.php?id=60014,"In 1959, Florence Green, local widow and free spirit, opens the first bookshop in the town of Hardborough, England. Fighting apathetic townspeople, she slowly, but surely, brings about a mini-revolution in a town where nothing has changed for nearly a century. She opens minds with the literature of the day, including the scandalous Lolita and daring Fahrenheit 451, but even as people join with her, she finds just as much opposition, laying the groundwork for a political showdown. --"
A Boy. A Girl. A Dream.,53729,3.0,1,01/22/2018,English,Romance,R,Qasim Basir,"Omari Hardwick, Meagan Good, Jay Ellis, Dijon Talton, Affion Crockett, Wesley Jonathan",https://www.filmcrave.com/movie_page_main.php?id=60015,Unknown
Elizabeth Harvest,23925,2.3,4,03/10/2018,English,Thriller,R,Sebastian Gutierrez,"Dylan Baker, Matthew Beard, Carla Gugino, Ciarán Hinds, Abbey Lee",https://www.filmcrave.com/movie_page_main.php?id=60016,"Elizabeth and Henry are a newlywed couple, and at Henry's lavish estate, she is treated to grand dinners and a dazzling tour of her new home. While the staff seem accommodating, she can't shake the feeling something is not right. Henry tells her the entire estate is hers to - all but a single locked room - but when Henry goes away on business, Elizabeth can't help herself... --"
I Think We're Alone Now,44957,2.0,2,01/21/2018,English,"Drama, Sci-Fi",R,Reed Morano,"Peter Dinklage, Elle Fanning, Charlotte Gainsbourg, Paul Giamatti",https://www.filmcrave.com/movie_page_main.php?id=60017,Unknown
Skate Kitchen,53728,3.0,1,01/21/2018,English,Drama,R,Crystal Moselle,"Nina Moran, Rachelle Vinberg, Jules Lorenzo, Tashiana Washington, Taylor Gray, Ardelia Lovelace",https://www.filmcrave.com/movie_page_main.php?id=60018,Unknown
Wonder Park,20260,2.2,7,03/15/2019,English,"Animation, Adventure",PG,Dylan Brown,"Sofia Mali, Jennifer Garner, Kenan Thompson, Mila Kunis, John Oliver, Ken Hudson Campbell",https://www.filmcrave.com/movie_page_main.php?id=60019,"June is a cheerful and imaginative young girl and out in the woods she discovers Wonderland - an amazing amusement park that has seen better days. But when she learns the park comes directly from her own imagination, she works with the animals in order to put the wonder back in Wonderland. --"
Broken Star,53899,3.0,1,07/20/2018,English,Thriller,NR,Dave Schwep,"Analeigh Tipton, Tyler Labine, Lauren Bowles, Monique Coleman, Natasha Loring, Alex Lombard",https://www.filmcrave.com/movie_page_main.php?id=60020,Unknown
Dumbo,19360,2.2,14,03/29/2019,English,"Animation, Family",PG,Tim Burton,"Eva Green, Colin Farrell, Michael Keaton, Danny DeVito, Alan Arkin, Joseph Gatt",https://www.filmcrave.com/movie_page_main.php?id=60021,"Holt, a one-time circus star, returns from the war a changed and haunted man. The circus is struggling and owner Max Medici gives Holt a job taking car of Dumbo, a young elephant with oversized ears who has become the laughing stock of the entire troupe. But thanks to Holt's children, he discovers Dumbo has a unique gift and enlists the help of silver-tongued Vandevere  and aerial artist Colette to make him a star - and save the circus in the process. --"
Half the Picture,53879,3.0,1,06/08/2018,English,Documentary,NR,Amy Adrion,"Ava DuVernay, Jill Soloway, Lena Dunham, Miranda July, Catherine Hardwicke, Gina Prince-Bythewood",https://www.filmcrave.com/movie_page_main.php?id=60022,Unknown
Brain on Fire,14312,2.8,3,06/22/2018,English,"Biography, Drama",PG-13,Gerard Barrett,"Chloë Grace Moretz, Thomas Mann, Richard Armitage, Carrie-Anne Moss, Jenny Slate, Tyler Perry",https://www.filmcrave.com/movie_page_main.php?id=60023,Unknown
Rock Rubber 45s,53891,3.0,1,06/28/2018,English,Documentary,NR,Bobbito García,Bobbito García,https://www.filmcrave.com/movie_page_main.php?id=60024,Unknown
Hunting Emma ( Jagveld ),33074,2.8,2,05/22/2018,Other,"Action, Thriller",NR,Byron Davis,"Leandie du Randt, Neels van Jaarsveld, Tim Theron, Bouwer Bosch, Edwin van der Walt, Danie Putter",https://www.filmcrave.com/movie_page_main.php?id=60025,Unknown
Batman Ninja,20033,2.3,5,04/24/2018,Japanese,"Animation, Action",PG-13,Junpei Mizusaki,"Kôichi Yamadera, Wataru Takagi, Ai Kakuma, Rie Kugimiya, Atsuko Tanaka, Daisuke Ono",https://www.filmcrave.com/movie_page_main.php?id=60026,Unknown
Paterno,28487,2.3,3,04/07/2018,English,"Biography, Sport",NR,Barry Levinson,"Al Pacino, Kathy Baker, Riley Keough, Greg Grunberg, Larry Mitchell, Annie Parisse",https://www.filmcrave.com/movie_page_main.php?id=60027,"HBO film examines the Jerry Sandusky scandal, and the events leading up to the firing of"
211,43273,1.5,4,06/08/2018,English,"Action, Drama",R,York Alec Shackleton,"Nicolas Cage, Sophie Skelton, Michael Rainey Jr., Dwayne Cameron, Weston Cage, Cory Hardrict",https://www.filmcrave.com/movie_page_main.php?id=60028,Unknown
Sniper: Special Ops,35987,2.0,3,05/03/2016,English,"Action, War",R,Fred Olen Ray,"Steven Seagal, Rob Van Dam, Tim Abell, Charlene Amoia, Daniel Booko, Gerald Webb",https://www.filmcrave.com/movie_page_main.php?id=60029,Unknown
Deep Blue Sea 2,45039,1.4,5,04/17/2018,English,"Action, Horror",R,Darin Scott,"Danielle Savre, Rob Mayes, Michael Beach, Nathan Lynn, Adrian Collins, Kim Syster",https://www.filmcrave.com/movie_page_main.php?id=60030,Unknown
"My Teacher, My Obsession ( Dad Crush )",53882,3.0,1,06/12/2018,English,Drama,NR,Damián Romay,"Lucy Loken, Laura Bilgeri, Rusty Joiner, Alexandria DeBerry, Dakota Bruton, Vin Morreale Jr.",https://www.filmcrave.com/movie_page_main.php?id=60031,Unknown
The Broken Ones,53895,3.0,1,07/10/2018,English,Drama,NR,Elyse Niblett-Russell,"Meg Donnelly, Charlie Bewley, Cece King, James Russo, Margaret Colin, Luke Guldan",https://www.filmcrave.com/movie_page_main.php?id=60032,Unknown
Like Father,21121,2.4,4,08/03/2018,English,Comedy,NR,Lauren Miller Rogen,"Kristen Bell, Seth Rogen, Kelsey Grammer, Brittany Ross, Zach Appelman, Lenny Jacobson",https://www.filmcrave.com/movie_page_main.php?id=60033,Unknown
Night Comes On,14307,2.8,3,01/19/2018,English,Drama,NR,Jordana Spiro,"Dominique Fishback, Tatum Marilyn Hall, Journee Brown, Erin Darke, Camilla Harden, Lucia Ryan",https://www.filmcrave.com/movie_page_main.php?id=60034,Unknown
Nobody's Fool,23764,2.2,5,11/02/2018,English,"Comedy, Drama",R,Tyler Perry,"Tika Sumpter, Tiffany Haddish, Missi Pyle, Crystal Lee Brown, Whoopi Goldberg, Amber Riley",https://www.filmcrave.com/movie_page_main.php?id=60035,A woman fresh out of prison reunites with her sister only to learn her new online boyfriend may be catfishing her. --
The Row,53904,3.0,1,07/27/2018,English,Thriller,R,Matty Beckerman,"Lala Kent, Colin Egglesfield, Malea Rose, Lexi Atkins, Sarah McDaniel, Mia Rose Frampton",https://www.filmcrave.com/movie_page_main.php?id=60036,Unknown
Where the Trail Ends,59571,2.0,1,01/01/2013,English,"Documentary, Adventure",NR,Jeremy Grant,"Darren Berrecloth, James Doerfling, Andreu Lacondeguy, Kurt Sorge, Cam Zink",https://www.filmcrave.com/movie_page_main.php?id=60037,Unknown
Creep 2,12802,2.6,5,10/24/2017,English,"Drama, Horror",NR,Patrick Brice,"Mark Duplass, Desiree Akhavan, Karan Soni, Caveh Zahedi, Kyle Field, Patrick Brice",https://www.filmcrave.com/movie_page_main.php?id=60038,A female video artist aims to create a sensational series based around weird people on
Believer,53878,3.0,1,06/08/2018,Korean,"Action, Crime",NR,Hae-yeong Lee,"Jin-Woong Cho, Sung-ryung Kim, Hae-Joon Park, Jun-yeol Ryu, Ju-hyuk Kim, Ga-ram Jung",https://www.filmcrave.com/movie_page_main.php?id=60039,Unknown
Middleground,53880,3.0,1,06/08/2018,English,"Drama, Romance",NR,Alisa Khazanova,"Marisa Ryan, Noah Huntley, Chris Beetem, Daniel Raymont, Candice Gordon, Michael Kupisk",https://www.filmcrave.com/movie_page_main.php?id=60040,Unknown
A Happening of Monumental Proportions,53330,3.0,1,05/05/2017,English,Comedy,R,Judy Greer,"Allison Janney, Jennifer Garner, Storm Reid, Bradley Whitford, Marla Sokoloff, Common",https://www.filmcrave.com/movie_page_main.php?id=60041,Unknown
Lake Placid: Legacy,36001,2.0,3,05/28/2018,English,Horror,R,Darrell Roodt,"Katherine Barrell, Tim Rozon, Sai Bennett, Luke Newton, Craig Stein, Greg Kriek",https://www.filmcrave.com/movie_page_main.php?id=60042,Unknown
Support the Girls,4067,3.1,5,08/28/2018,English,Comedy,R,Andrew Bujalski,"Regina Hall, Haley Lu Richardson, Dylan Gelula, AJ Michalka, Shayna McHayle, James Le Gros",https://www.filmcrave.com/movie_page_main.php?id=60043,Unknown
"Alien Code ( Men, The )",53302,3.0,1,04/23/2017,English,"Mystery, Romance",NR,Michael G. Cooney,"Kyle Gallner, Mary McCormack, Azura Skye, Richard Schiff, Aaron Behr, Graham Hamilton",https://www.filmcrave.com/movie_page_main.php?id=60044,Unknown
Tau,26730,2.1,5,06/29/2018,English,"Sci-Fi, Thriller",R,Federico D'Alessandro,"Maika Monroe, Ed Skrein, Gary Oldman, Sharon D. Clarke, Fiston Barek, Ivana Zivkovic",https://www.filmcrave.com/movie_page_main.php?id=60045,"A woman is abducted and finds herself at the whim of a twisted technological genius who wants to use her to test out his advanced AI. As a looming deadline approaches, she finds herself slowly influencing the AI with hopes to escape before her usefulness has run its course. --"
Welcome to Marwen,24734,2.0,10,12/21/2018,English,"Biography, Drama",PG-13,Robert Zemeckis,"Steve Carell, Diane Kruger, Leslie Mann, Gwendoline Christie, Eiza González, Merritt Wever",https://www.filmcrave.com/movie_page_main.php?id=60046,"After suffering a brutal attack that leaves him with brain damage and PTSD, Mark Hogancamp finds a therapeutic outlet in the form of creating detailed WWII miniatures that transforms his life, and those around him. --"
An Actor Prepares,53930,3.0,1,08/31/2018,English,Comedy,NR,Steve Clark,"Will Patton, Jeremy Irons, Matthew Modine, Megalyn Echikunwoke, Jack Huston, Ben Schwartz",https://www.filmcrave.com/movie_page_main.php?id=60047,Unknown
"Quest of Alain Ducasse, The ( quête d'Alain Ducasse, La )",60156,2.0,1,06/08/2018,French,Documentary,NR,Gilles de Maistre,Alain Ducasse,https://www.filmcrave.com/movie_page_main.php?id=60048,Unknown
Island Zero,42080,2.3,2,05/15/2018,English,Horror,NR,Josh Gerritsen,"Laila Robins, Adam Wade McLaughlin, Teri Reeves, Matthew Wilkas, Anabel Graetz, Elaine Landry",https://www.filmcrave.com/movie_page_main.php?id=60049,Unknown
American Chaos,15596,2.5,5,09/14/2018,English,Documentary,R,James D. Stern,"James Stern, John Ladd, Julio Martinez",https://www.filmcrave.com/movie_page_main.php?id=60050,Unknown
Office Uprising,28488,2.3,3,06/01/2018,English,"Horror, Comedy",NR,Lin Oeding,"Brenton Thwaites, Jane Levy, Karan Soni, Zachary Levi, Gregg Henry, Ian Harding",https://www.filmcrave.com/movie_page_main.php?id=60051,Unknown
The Domestics,43147,1.7,3,06/28/2018,English,"Horror, Thriller",R,Mike P. Nelson,"Tyler Hoechlin, Kate Bosworth, Sonoya Mizuno, Lance Reddick, David Dastmalchian, Dana Gourrier",https://www.filmcrave.com/movie_page_main.php?id=60052,Unknown
To All the Boys I've Loved Before,20034,2.3,5,08/17/2018,English,"Drama, Mystery",NR,Susan Johnson,"Lana Condor, Noah Centineo, Emilija Baranac, John Corbett, Janel Parrish, Andrew Bachelor",https://www.filmcrave.com/movie_page_main.php?id=60053,"Lara Jean has been secretly writing love letters to all the crushes throughout her life. When the letters are accidentally mailed, Lara Jean now has to face their reactions and search her feeling to see if one of these boys might really be her first true love. --"
"Captain, The ( Hauptmann, Der )",20478,3.3,2,07/27/2018,German,"Drama, Historical",NR,Robert Schwentke,"Max Hubacher, Milan Peschel, Frederick Lau, Bernd Hölscher, Waldemar Kobus, Alexander Fehling",https://www.filmcrave.com/movie_page_main.php?id=60054,Unknown
"Night Eats the World, The ( nuit a dévoré le monde, La )",5650,2.9,6,07/13/2018,Norwegian,Horror,NR,Dominique Rocher,"Anders Danielsen Lie, Golshifteh Farahani, Denis Lavant, Sigrid Bouaziz, David Kammenos, Jean-Yves Cylly",https://www.filmcrave.com/movie_page_main.php?id=60055,Unknown
Blaze,26349,3.0,2,08/17/2018,English,"Biography, Drama",NR,Ethan Hawke,"Ben Dickey, Josh Hamilton, Kris Kristofferson, Alia Shawkat, Sam Rockwell, Steve Zahn",https://www.filmcrave.com/movie_page_main.php?id=60057,Unknown
How It Ends,29811,1.9,6,07/13/2018,English,"Action, Romance",NR,David M. Rosenthal,"Theo James, Forest Whitaker, Kat Graham, Kerry Bishé, Mark O'Brien, Eric Keenleyside",https://www.filmcrave.com/movie_page_main.php?id=60058,Unknown
"Godard Mon Amour ( Redoutable, Le )",53787,3.0,1,03/12/2018,French,"Biography, Comedy",R,Michel Hazanavicius,"Louis Garrel, Stacy Martin, Bérénice Bejo, Micha Lescot, Grégory Gadebois, Félix Kysyl",https://www.filmcrave.com/movie_page_main.php?id=60059,Unknown
The Hate U Give,2713,3.0,14,10/19/2018,English,"Crime, Drama",PG-13,George Tillman Jr.,"Russell Hornsby, Amandla Stenberg, Regina Hall, Anthony Mackie, Common, Issa Rae",https://www.filmcrave.com/movie_page_main.php?id=60060,"A young woman witnesses the fatal shooting of her childhood friend at the hands of a police officer. She suddenly finds herself at the center of a community-wide controversy, with pressure mounting from all sides and realizes her own voice is the only truth that matters. --"
Rosy,60158,2.0,1,07/17/2018,English,"Comedy, Romance",Unknown,Jess Bond,"Nat Wolff, Tony Shalhoub, Johnny Knoxville, Stacy Martin, Sky Ferreira, Alex Karpovsky",https://www.filmcrave.com/movie_page_main.php?id=60061,Unknown
12 Rounds 2: Reloaded,37829,2.5,2,06/04/2013,English,"Action, Thriller",R,Roel Reiné,"Randy Orton, Tom Stevens, Brian Markinson, Venus Terzo, Cindy Busby, Sean Rogerson",https://www.filmcrave.com/movie_page_main.php?id=60062,Unknown
The Package,28414,2.3,3,02/15/2013,English,"Action, Crime",R,Jesse V. Johnson,"Steve Austin, Dolph Lundgren, Eric Keenleyside, Mike Dopud, John Novak, Kristen Kerr",https://www.filmcrave.com/movie_page_main.php?id=60063,Unknown
Beyond,28385,2.3,3,05/22/2012,English,Thriller,PG-13,Josef Rusnak,"Jon Voight, Teri Polo, Ben Crowley, Dermot Mulroney, Chloe Lesslie, Julian Morris",https://www.filmcrave.com/movie_page_main.php?id=60064,Unknown
Moscow Zero,44659,2.0,2,11/04/2008,English,"Drama, Horror",R,María Lidón,"Vincent Gallo, Oksana Akinshina, Val Kilmer, Rade Serbedzija, Joaquim de Almeida, Joss Ackland",https://www.filmcrave.com/movie_page_main.php?id=60065,Unknown
Red Water,47163,3.0,1,08/17/2003,English,Action,R,Charles Robert Carner,"Lou Diamond Phillips, Kristy Swanson, Coolio, Jaimz Woolvett, Rob Boltin, Langley Kirkwood",https://www.filmcrave.com/movie_page_main.php?id=60066,Unknown
China Salesman,45468,1.5,3,06/15/2018,Mandarin,"Action, Crime",NR,Tan Bing,"Dong-xue Li, Mike Tyson, Janicke Askevold, Steven Seagal, Eriq Ebouaney, Li Ai",https://www.filmcrave.com/movie_page_main.php?id=60067,Unknown
Loving Pablo,21701,2.5,3,10/05/2018,English,"Biography, Crime",R,Fernando León de Aranoa,"Javier Bardem, Penélope Cruz, Peter Sarsgaard, Julieth Restrepo, Óscar Jaenada, Ricardo Niño",https://www.filmcrave.com/movie_page_main.php?id=60068,Explores the relationship between journalist Virginia Vallejo and drug kingpin Pablo Escobar. --
Mohawk,7696,3.2,3,03/02/2018,English,"Action, Drama",NR,Ted Geoghegan,"Kaniehtiio Horn, Ezra Buzzington, Eamon Farren, Justin Rain, Jon Huber, Robert Longstreet",https://www.filmcrave.com/movie_page_main.php?id=60069,Unknown
Tank 432 ( Belly of the Bulldog ),33034,2.8,2,11/25/2016,English,"Action, Horror",NR,Nick Gillespie,"Rupert Evans, Steve Garry, Deirdre Mullins, Michael Smiley, Gordon Kennedy, Tom Meeten",https://www.filmcrave.com/movie_page_main.php?id=60070,Unknown
I Am Vengeance,60163,2.0,1,08/24/2018,English,"Crime, Thriller",R,Kyle Nuttall,"Ancuta Breaban, Harj Johal, Tom Plenderleith, Shan Ullah",https://www.filmcrave.com/movie_page_main.php?id=60071,Unknown
Our House,14927,2.6,4,07/27/2018,English,"Drama, Horror",PG-13,Anthony Scott Burns,"Nicola Peltz, Thomas Mann, Xavier de Guzman, Percy Hynes White, Allison Hossack, John Ralston",https://www.filmcrave.com/movie_page_main.php?id=60072,Unknown
Science Fair,26338,3.0,2,01/20/2018,English,Documentary,PG,"Cristina Costantini, Darren Foster",Unknown,https://www.filmcrave.com/movie_page_main.php?id=60073,Unknown
Calling All Earthlings,53873,3.0,1,06/02/2018,English,"Documentary, Historical",NR,Jonathan Berman,"Daniel Boone, Eric Burdon, Valerie Gill, Desiree Hurtak, J.J. Hurtak, Ted Markland",https://www.filmcrave.com/movie_page_main.php?id=60074,Unknown
Dead Night,53890,3.0,1,06/27/2018,English,Horror,NR,Brad Baruh,"Elise Luthman, Joshua Hoffman, AJ Bowen, Brea Grant, Ryan Schwartzman, Barbara Crampton",https://www.filmcrave.com/movie_page_main.php?id=60075,Unknown
Mandy,2662,2.9,25,09/14/2018,English,"Action, Thriller",NR,Panos Cosmatos,"Nicolas Cage, Andrea Riseborough, Linus Roache, Olwen Fouéré, Richard Brake, Ned Dennehy",https://www.filmcrave.com/movie_page_main.php?id=60076,"A couple enjoy a perfect life in a secluded forest... and it all comes crashing down when a cult and their demonic biker henchman shatter their dream and turn it into a nightmare. With no other option, a man spirals out of control in a mission to seek bloody vengeance. --"
The Legacy of a Whitetail Deer Hunter,42081,2.3,2,07/06/2018,English,Comedy,NR,Jody Hill,"Josh Brolin, Montana Jordan, Danny McBride, Carrie Coon, Scoot McNairy",https://www.filmcrave.com/movie_page_main.php?id=60077,Unknown
Straight into a Storm,53886,3.0,1,06/15/2018,English,"Documentary, Biography",NR,William Miller,"John J. McCauley, Ian O'Neil, Chris Ryan, Dennis Ryan",https://www.filmcrave.com/movie_page_main.php?id=60079,Unknown
Spiral,53652,3.0,1,11/16/2017,English,Documentary,NR,Laura Fairrie,"Dieudonné, Richard Spencer",https://www.filmcrave.com/movie_page_main.php?id=60080,Unknown
Distorted,14926,2.6,4,06/22/2018,English,"Mystery, Thriller",R,Rob W. King,"Christina Ricci, John Cusack, Brendan Fletcher, Vicellous Shannon, Nicole Anthony, Oliver Rice",https://www.filmcrave.com/movie_page_main.php?id=60081,Unknown
Maria Sharapova: The Point,44947,2.0,2,06/20/2017,English,"Documentary, Biography",NR,"Lisa Lax, Nancy Stern Winters",Maria Sharapova,https://www.filmcrave.com/movie_page_main.php?id=60082,Unknown
Boris Becker: The Player ( Boris Becker: Der Spieler ),55409,1.5,2,11/20/2017,German,Documentary,NR,"Hans-Bruno Kammertöns, Michael Wech",Boris Becker,https://www.filmcrave.com/movie_page_main.php?id=60083,Unknown
Terrifier,11891,2.5,9,10/15/2016,English,"Horror, Thriller",NR,Damien Leone,"Jenna Kanell, Catherine Corcoran, David Howard Thornton, Katie Maguire, Samantha Scaffidi, Michael Leavy",https://www.filmcrave.com/movie_page_main.php?id=60084,Unknown
Blood Fest,53779,3.0,1,03/10/2018,English,"Comedy, Horror",NR,Owen Egerton,"Zachary Levi, Tate Donovan, Seychelle Gabriel, Robbie Kay, Jacob Batalon, Paul Ogola",https://www.filmcrave.com/movie_page_main.php?id=60085,Unknown
Madeline's Madeline,14928,2.6,4,08/10/2018,English,"Mystery, Thriller",NR,Josephine Decker,"Helena Howard, Miranda July, Molly Parker, Sunita Mani, Okwui Okpokwasili, Lisa Tharps",https://www.filmcrave.com/movie_page_main.php?id=60086,"A theater director known for her experimental, immersive technique gets more than she bargained for when a young actress cast in the lead takes the lead very seriously and it becomes more and more difficult to separate reality from the play. --"
Father of the Year,53900,3.0,1,07/20/2018,English,Comedy,NR,Tyler Spindel,"David Spade, Nat Faxon, Joey Bragg, Matt Shively, Bridgit Mendler, Kevin Nealon",https://www.filmcrave.com/movie_page_main.php?id=60087,Unknown
"Juliet, Naked",13657,2.8,3,08/17/2018,English,"Comedy, Drama",R,Jesse Peretz,"Rose Byrne, Ethan Hawke, Chris O'Dowd, Megan Dodds, Jimmy O. Yang, Lily Newmark",https://www.filmcrave.com/movie_page_main.php?id=60088,Annie is the long-suffering girlfriend of Duncan. Duncan has long had an obsession with now-faded singer-songwriter Tucker Crowe - and this leads Annie to start a transatlantic relationship with her boyfriend's idol. --
Neat: The Story of Bourbon,53760,3.0,1,02/20/2018,English,Documentary,NR,David M. Altrogge,"Steve Zahn, Freddie Johnson, Marianne Barnes, Jimmy Russell, Denny Potter, Brent Elliot",https://www.filmcrave.com/movie_page_main.php?id=60089,Unknown
The Wild Heart,48174,3.0,1,05/28/1952,English,"Drama, Romance",NR,"Michael Powell, Emeric Pressburger, Rouben Mamoulian, William Cameron Menzies","Jennifer Jones, David Farrar, Cyril Cusack, Sybil Thorndike, Edward Chapman, Esmond Knight",https://www.filmcrave.com/movie_page_main.php?id=60090,Unknown
Holiday,53727,3.0,1,01/21/2018,Danish,"Crime, Drama",NR,Isabella Eklöf,"Victoria Carmen Sonne, Lai Yde, Thijs Römer, Morten Hemmingsen, Adam Ild Rohweder, Yuval Segal",https://www.filmcrave.com/movie_page_main.php?id=60091,Unknown
Breaking & Exiting,53920,3.0,1,08/17/2018,English,Comedy,NR,Peter Facinelli,"Milo Gibson, Jordan Hinson, Adam Huber, Joaquim de Almeida, Justine Wachsberger, James Kyson",https://www.filmcrave.com/movie_page_main.php?id=60092,Unknown
Sonic the Hedgehog,5845,2.7,24,02/14/2020,English,"Animation, Adventure",PG,Jeff Fowler,"James Marsden, Jim Carrey, Tika Sumpter, Ben Schwartz, Neal McDonough, Adam Pally",https://www.filmcrave.com/movie_page_main.php?id=60093,"A rural Green Hills cop comes across an alien hedgehog named Sonic whose super speed and lightning abilities make him the target of government officials, led by the nefarious Doctor Robotnik and the duo do all they can to evade capture. --"
Death of a Nation,38515,1.6,7,08/03/2018,English,Documentary,PG-13,Dinesh D'Souza,Dinesh D'Souza,https://www.filmcrave.com/movie_page_main.php?id=60094,Conservative filmmaker Dinesh D'Souza draws parallels between the presidency of Donald Trump to that of Abraham Lincoln. --
The Favorite,53938,3.0,1,09/07/2018,English,Drama,PG-13,Curtis Graham,"Mollee Gray, John Schneider, Tyron Woodley, Matthew Fahey, Castille Landon, Justin Kucsulain",https://www.filmcrave.com/movie_page_main.php?id=60095,Unknown
Found Footage 3D,26265,3.0,2,08/20/2016,English,Horror,R,Steven DeGennaro,"Carter Roy, Alena von Stroheim, Chris O'Brien, Tom Saporito, Scott Allen Perry, Jessica Perrin",https://www.filmcrave.com/movie_page_main.php?id=60096,Unknown
Greyhound,4997,2.8,15,07/10/2020,English,"Drama, War",PG-13,Aaron Schneider,"Tom Hanks, Elisabeth Shue, Manuel Garcia-Rulfo, Tom Brittney, Stephen Graham, Lee Norris",https://www.filmcrave.com/movie_page_main.php?id=60097,"Follows career naval officer Ernest Krause, who is given command of the destroyer Greyhound, leading a convoy of ships across the North Atlantic shortly after the U.S. enters WWII. With a group of German U-boats on their tail, Krause will have to deal with the realities of war, and his own self-doubts on the long, dangerous journey. --"
Fast & Furious Presents: Hobbs & Shaw,9813,2.4,30,08/02/2019,English,Action,PG-13,David Leitch,"Dwayne Johnson, Jason Statham, Vanessa Kirby, Idris Elba, Eiza González, Eddie Marsan",https://www.filmcrave.com/movie_page_main.php?id=60098,By-the-books lawman Luke Hobbs and notorious criminal Deckard Shaw are forced into an unlikely alliance when a cyber-genetically enhanced Brixton threatens humanity. --
Black Butler: Book of the Atlantic ( Kuroshitsuji: Book of the Atlantic ),53395,3.0,1,06/12/2017,Japanese,"Anime, Action",NR,Noriyuki Abe,"J. Michael Tatum, Spike Spencer, Monica Rial, Cherami Leigh, Jeremy Schwartz, Joel McDonald",https://www.filmcrave.com/movie_page_main.php?id=60099,Unknown
The Cakemaker,53600,3.0,1,10/16/2017,Hebrew,Drama,NR,Ofir Raul Graizer,"Sarah Adler, Zohar Shtrauss, Tim Kalkhof, Roy Miller, Sandra Sade, Stephanie Stremler",https://www.filmcrave.com/movie_page_main.php?id=60100,Unknown
Dark River,14314,2.8,3,06/29/2018,English,"Drama, Mystery",NR,Clio Barnard,"Ruth Wilson, Mark Stanley, Sean Bean, Esme Creed-Miles, Shane Attwooll, Steve Garti",https://www.filmcrave.com/movie_page_main.php?id=60101,Unknown
Black Water,33606,2.0,4,05/25/2018,English,"Action, Drama",R,Pasha Patriki,"Dolph Lundgren, Jean-Claude Van Damme, Courtney B Turk, Jasmine Waltz, Kris Van Damme, Patrick Kilpatrick",https://www.filmcrave.com/movie_page_main.php?id=60102,Unknown
Fast Break,41392,2.3,2,03/02/1979,English,"Comedy, Sport",PG,Jack Smight,"Gabe Kaplan, Harold Sylvester, Michael Warren, Reb Brown, Bernard King, Mavis Washington",https://www.filmcrave.com/movie_page_main.php?id=60103,A basketball enthusiast from New York is hired to coach a small college in Nevada. He
Horror Business,41714,2.3,2,01/01/2005,English,Documentary,NR,Christopher P. Garetano,"Mark Borchardt, Dave Gebroe, John Bloom, Alicia Torres, Tate Steinsiek, Anthony Timpone",https://www.filmcrave.com/movie_page_main.php?id=60104,Unknown
Jet Trash,59989,2.0,1,12/06/2016,English,"Drama, Thriller",NR,Charles Henri Belleville,"Sofia Boutella, Robert Sheehan, Jasper Pääkkönen, Craig Parkinson, Osy Ikhile, Adelayo Adedayo",https://www.filmcrave.com/movie_page_main.php?id=60105,Unknown
Ya Veremos,53933,3.0,1,08/31/2018,Spanish,Drama,PG-13,Pitipol Ybarra,"Mauricio Ochmann, Erik Hayser, Ariel Levy, Fernanda Castillo, Marianna Burelli, Arturo Barba",https://www.filmcrave.com/movie_page_main.php?id=60106,A young boy dealing with his parents' divorce finds a way to get them back together when he makes a wishlist they must all share together before a risky surgery for his failing eyesight. --
Pecking Order,21433,3.3,2,10/01/2017,English,Documentary,NR,Slavko Martinov,"Doug Bain, Sarah Bunton, Bob Dawber, Brian Glassey, Brett Hawker, Marina Steinke",https://www.filmcrave.com/movie_page_main.php?id=60107,Unknown
Non è mai Passato,26334,3.0,2,01/01/2018,Italian,"Adventure, Fantasy",NR,Christian Orlandi,"Christian Orlandi, Alessandro Nannini, Giacomo Laudato, Luca Lasiu, Luigi Giannattasio, Riccardo Maetzke",https://www.filmcrave.com/movie_page_main.php?id=60108,Unknown
What We Started,53803,3.0,1,03/23/2018,English,Documentary,NR,"Bert Marcus, Cyrus Saidi","David Guetta, Paul Oakenfold, Usher Raymond, Ed Sheeran, Chip Eberhart, Pete Tong",https://www.filmcrave.com/movie_page_main.php?id=60109,Unknown
Zoo Wars,60152,2.0,1,04/27/2018,English,Animation,NR,Evan Tramel,Unknown,https://www.filmcrave.com/movie_page_main.php?id=60110,Unknown
The White Orchid,41096,2.3,2,11/01/1954,English,"Adventure, Romance",NR,Reginald Le Borg,"William Lundigan, Peggie Castle, Armando Silvestre, Rosenda Monteros, Jorge Treviño, Alejandro de Montenegro",https://www.filmcrave.com/movie_page_main.php?id=60111,Unknown
1/1,53897,3.0,1,07/17/2018,English,Drama,NR,Jeremy Phillips,"Lindsey Shaw, Judd Nelson, Dendrie Taylor, Danna Maret, Leland Alexander Wheeler, James P. Engel",https://www.filmcrave.com/movie_page_main.php?id=60112,Unknown
The Favourite,550,3.2,39,12/14/2018,English,"Biography, Historical",R,Yorgos Lanthimos,"Emma Stone, Rachel Weisz, Nicholas Hoult, Joe Alwyn, Olivia Colman, Mark Gatiss",https://www.filmcrave.com/movie_page_main.php?id=60113,"In early 18th century England, a frail Queen Anne is on the throne while war rages with the French. Her devoted friend, Sarah Churchill, governs the country in her stead while trying to keep the queen's health and temper under control The arrival of a new servant, Abigail, soon changes the dynamics as she at first endears herself to Sarah, and later, the queen herself. --"
"Forest of the Lost Souls, The ( Floresta das Almas Perdidas, A )",53591,3.0,1,10/14/2017,Portuguese,"Drama, Horror",NR,José Pedro Lopes,"Daniela Love, Jorge Mota, Mafalda Banquart, Lígia Roque, Lília Lopes, Tiago Jácome",https://www.filmcrave.com/movie_page_main.php?id=60114,Unknown
Running for Grace,53910,3.0,1,08/01/2018,English,"Family, Romance",NR,David L. Cunningham,"Jim Caviezel, Matt Dillon, Ryan Potter, Juliet Mills, Olivia Ritchie, Nick Boraine",https://www.filmcrave.com/movie_page_main.php?id=60115,Unknown
White Fang ( Croc-Blanc ),53894,3.0,1,07/06/2018,French,"Animation, Adventure",NR,Alexandre Espigares,"Nick Offerman, Rashida Jones, Paul Giamatti, Flula Borg, Stephen Kramer Glickman, Dominique Pinon",https://www.filmcrave.com/movie_page_main.php?id=60116,Unknown
Bao,5361,3.0,5,06/15/2018,English,Animation,G,Domee Shi,"Daniel Kailin, Sindy Lau",https://www.filmcrave.com/movie_page_main.php?id=60117,A handmade Chinese dumpling comes alive. This short was shown before Incredibles 2. --
The Spoils of Babylon,26056,3.0,2,01/09/2014,English,Comedy,NR,"Matt Piedmont, Andrew Steele","Tobey Maguire, Kristen Wiig, Will Ferrell, Tim Robbins, Jessica Alba, Haley Joel Osment",https://www.filmcrave.com/movie_page_main.php?id=60118,Unknown
Jungle Cruise,10062,2.5,18,07/30/2021,English,Adventure,PG-13,Jaume Collet-Serra,"Dwayne Johnson, Emily Blunt, Jesse Plemons, Edgar Ramírez, Paul Giamatti, Jack Whitehall",https://www.filmcrave.com/movie_page_main.php?id=60119,A riverboat captain braves the dangers of the Amazon in order for a scientist and her brother discover the Tree of Life. But while nature provides enough danger on its own - something more sinister and supernatural lurks in the jungle. --
Maleficent: Mistress of Evil,8680,2.6,14,10/18/2019,English,"Action, Fantasy",PG,Joachim Rønning,"Angelina Jolie, Elle Fanning, Michelle Pfeiffer, Ed Skrein, Chiwetel Ejiofor, Sam Riley",https://www.filmcrave.com/movie_page_main.php?id=60120,"Taking place several years after the events of Maleficent, Princess (soon-to-be-queen) Aurora continues an ever-evolving relationship with the horned fairy as both seek new alliances, and meet new adversaries, as they work to protect the moors and the magical creatures who call it home. --"
The Miseducation of Cameron Post,4377,3.0,6,08/03/2018,English,"Drama, Romance",NR,Desiree Akhavan,"Chloë Grace Moretz, Jennifer Ehle, Quinn Shephard, Sasha Lane, Marin Ireland, Forrest Goodluck",https://www.filmcrave.com/movie_page_main.php?id=60121,"Taking place in 1993, when a teen girl is caught kissing her girlfriend by her conservative guardians, they send her to a gay conversion therapy center where she bonds with fellow attendees even as she tries to remain true to herself under the oppressive treatment. --"
A Crooked Somebody,53972,3.0,1,10/05/2018,English,"Drama, Thriller",R,Trevor White,"Ed Harris, Amanda Crew, Clifton Collins Jr., Amy Madigan, Joanne Froggatt, Gillian Vigman",https://www.filmcrave.com/movie_page_main.php?id=60122,Unknown
Don't Leave Home,26342,3.0,2,03/10/2018,English,Thriller,NR,Michael Tully,"Mark Lawrence, Anna Margaret Hollyman, Helena Bereen, David McSavage, Karrie Cox, Lalor Roddy",https://www.filmcrave.com/movie_page_main.php?id=60123,Unknown
Scarred Hearts ( Inimi cicatrizate ),53905,3.0,1,07/27/2018,German,"Biography, Drama",NR,Radu Jude,"Serban Pavlu, Ivana Mladenovic, Gabriel Spahiu, Lucian Teodor Rus, Alexandru Dabija, Bogdan Cotlet",https://www.filmcrave.com/movie_page_main.php?id=60124,"Based on Romanian author Max Blecher's novel, Emanuel, a young man"
Colette,5050,2.9,8,09/21/2018,English,"Biography, Drama",R,Wash Westmoreland,"Keira Knightley, Dominic West, Eleanor Tomlinson, Fiona Shaw, Ray Panthaki, Aiysha Hart",https://www.filmcrave.com/movie_page_main.php?id=60125,"Sidonie-Gabrielle Colette marries Parisian writer ""Willy"" moving from her rural French home to the heart of intellectual and cultural spledor: Paris. When Willy convinces her to ghostright for him, she comes up with Colette, a semi-autobiographical tale, which becomes a best-seller and sensation. She pens additional novels about Claudine, but makes her mark moreso when she fights for artistic rights over her creation, sparking a change that has lasting effects on gender conformity. --"
Mary Queen of Scots,15311,2.3,13,12/07/2018,English,"Biography, Drama",R,Josie Rourke,"Saoirse Ronan, Margot Robbie, Gemma Chan, Guy Pearce, David Tennant, Joe Alwyn",https://www.filmcrave.com/movie_page_main.php?id=60126,"Mary is queen of France by 16, widowed by 18 and instead of taking the path to remarry, she instead returns to Scotland, intending to take back her rightful throne. But standing in her way is the imposing Queen Elizabeth I - who rules both England and Scotland. Two unrivaled women in a world where men usually rule, as Mary tries to assert her claim to the throne betrayal, rebellion and conspiracies unwind - and will forever alter both lives and kingdoms. --"
The Package,53918,3.0,1,08/10/2018,English,Comedy,NR,Jake Szymanski,"Geraldine Viswanathan, Sugar Lyn Beard, Alexander Calvert, Sadie Calvano	, Daniel Doheny, Veena Sood",https://www.filmcrave.com/movie_page_main.php?id=60127,Unknown
City of Lies,26488,2.1,5,03/19/2021,English,"Biography, Crime",R,Brad Furman,"Johnny Depp, Forest Whitaker, Shea Whigham, Xander Berkeley, Neil Brown Jr., Shamier Anderson",https://www.filmcrave.com/movie_page_main.php?id=60128,"In 1997, the murder of the Notorious B.I.G. and Tupac Shakur sparks an investigation with former LAPD officer and hero, Detective Russell Poole on the case. Despite the high profile nature of the case, it remains unsolved. Nearly two decades later, reporter Jack Jackson tracks down Poole in hopes of finally finding out the truth. --"
Along Came the Devil,53913,3.0,1,08/10/2018,English,"Drama, Horror",NR,Jason DeVan,"Sydney Sweeney, Madison Lintz, Jessica Barth, Bruce Davison, Matt Dallas, Kyla Deaver",https://www.filmcrave.com/movie_page_main.php?id=60129,Unknown
Prehysteria!,49669,3.0,1,06/30/1993,English,"Adventure, Comedy",PG,"Albert Band, Charles Band","Brett Cullen, Colleen Morris, Samantha Mills, Austin O'Brien, Tony Longo, Stephen Lee",https://www.filmcrave.com/movie_page_main.php?id=60130,Unknown
BuyBust,26346,3.0,2,06/29/2018,Other,"Action, Thriller",NR,Erik Matti,"Anne Curtis, Victor Neri, Joross Gamboa, Nonie Buencamino, Brandon Vera, Nafa Hilario-Cruz",https://www.filmcrave.com/movie_page_main.php?id=60131,Unknown
A Child's Voice,53876,3.0,1,06/06/2018,English,"Drama, Horror",NR,Edgar Michael Bravo,"Joey Burke, Jonathan Matthew Wilson, Angela Mavropoulos, Joseph Lopez, Jalen Vasquez, Kristian Pierce",https://www.filmcrave.com/movie_page_main.php?id=60132,Unknown
Ideal Home,18929,2.7,3,06/29/2018,English,"Comedy, Drama",NR,Andrew Fleming,"Paul Rudd, Kate Walsh, Alison Pill, Steve Coogan, Jake McDorman, Jenny Gabrielle",https://www.filmcrave.com/movie_page_main.php?id=60133,Unknown
Custody ( Jusqu'à la garde ),21437,3.3,2,10/18/2017,French,Drama,NR,Xavier Legrand,"Léa Drucker, Denis Ménochet, Thomas Gioria, Mathilde Auneveux, Mathieu Saikaly, Florence Janas",https://www.filmcrave.com/movie_page_main.php?id=60134,Unknown
Hover,46721,1.8,2,06/29/2018,English,"Action, Sci-Fi",NR,Matt Osterman,"Cleopatra Coleman, Shane Coffey, Craig muMs Grant, Fabianne Therese, Rhoda Griffis, Leo Fitzpatrick",https://www.filmcrave.com/movie_page_main.php?id=60135,Unknown
"Love, Cecil",53888,3.0,1,06/19/2018,English,Documentary,NR,Lisa Immordino Vreeland,"Cecil Beaton, Hamish Bowles, Rupert Everett, Isaac Mizrahi, Leslie Caron, David Hockney",https://www.filmcrave.com/movie_page_main.php?id=60136,Unknown
We Are Family ( Moya bezumnaya semya ),51761,3.0,1,09/28/2012,Russian,Comedy,PG,Renat Davletyarov,"Mariya Shukshina, Andrey Panin, Anna Ardova, Leonid Yarmolnik, Larisa Udovichenko, Ivan Stebunov",https://www.filmcrave.com/movie_page_main.php?id=60137,Unknown
Shine,53960,3.0,1,09/21/2018,English,Drama,R,Anthony Nardolillo,"Musetta Vander, David Zayas, Alysia Reiner, Gilbert Saldivar, Artem Chigvintsev, Kimberli Flores",https://www.filmcrave.com/movie_page_main.php?id=60138,Unknown
Warning Shot,44961,2.0,2,09/30/2018,English,"Drama, Thriller",R,Dustin Fairbanks,"David Spade, Bruce Dern, Frank Whaley, James Earl Jones, Guillermo Díaz, Tammy Blanchard",https://www.filmcrave.com/movie_page_main.php?id=60139,Unknown
What Keeps You Alive,23081,2.5,3,08/24/2018,English,Thriller,R,Colin Minihan,"Hannah Emily Anderson, Brittany Allen, Martha MacIsaac, Joey Klein, Charlotte Lindsay Marron",https://www.filmcrave.com/movie_page_main.php?id=60140,Unknown
Boy Erased,6494,2.7,14,11/02/2018,English,"Biography, Drama",R,Joel Edgerton,"Lucas Hedges, Nicole Kidman, Joel Edgerton, Russell Crowe, Xavier Dolan, Troye Sivan",https://www.filmcrave.com/movie_page_main.php?id=60141,"Jared, the teenage son of a baptist preacher, is forced to go to a church-supported gay conversion program. Based on the 2016 memoir by Garrard Conley. --"
Zombieland: Double Tap,5054,2.7,24,10/18/2019,English,"Comedy, Horror",R,Ruben Fleischer,"Jesse Eisenberg, Emma Stone, Woody Harrelson, Abigail Breslin, Zoey Deutch, Rosario Dawson",https://www.filmcrave.com/movie_page_main.php?id=60142,"Evolving relationships and evolving zombies - Tallahassee, Columbus, Wichita and Little Rock have formed their own off-kilter family as they make their way from the White House to the heartland of America after Little Rock runs off with the hippie Berkeley. Along the way they will meet up with some interesting new friends as well as face off against some new, dangerous enemies. --"
Little Women,1010,3.1,23,12/25/2019,English,Drama,PG,Greta Gerwig,"Saoirse Ronan, Emma Watson, Timothée Chalamet, Meryl Streep, Florence Pugh, Laura Dern",https://www.filmcrave.com/movie_page_main.php?id=60143,Based on the acclaimed novel the story follows a group of four sisters as they experience the trials and tribulations of growing up in the aftermath of the Civil War. --
A Prayer Before Dawn,1710,3.2,8,08/10/2018,English,"Action, Biography",R,Jean-Stéphane Sauvaire,"Joe Cole, Vithaya Pansringarm, Panya Yimmumphai, Nicolas Shake, Pornchanok Mabklang, Billy Moore",https://www.filmcrave.com/movie_page_main.php?id=60144,Unknown
How to Get Girls,60063,2.0,1,05/17/2017,English,Comedy,NR,"Omri Dorani, Zach Fox","David Koechner, Kate Flannery, Chris Elliott, Chris Kattan, Brian Anthony Wilson, Zachary T. Robbins",https://www.filmcrave.com/movie_page_main.php?id=60145,Unknown
A Reckoning,53909,3.0,1,08/01/2018,English,Western,NR,Justin Lee,"June Dietrich, Kevin Makely, Todd A. Robinson, Lance Henriksen, Meg Foster, Andrew Garrettson",https://www.filmcrave.com/movie_page_main.php?id=60146,Unknown
Hell Fest,16349,2.3,10,09/28/2018,English,Horror,R,Gregory Plotkin,"Amy Forsyth, Reign Edwards, Bex Taylor-Klaus, Christian James, Roby Attal, Matt Mercurio",https://www.filmcrave.com/movie_page_main.php?id=60147,A horror them park becomes a playground for a masked serial killer who begins picking off a group of friends one-by-one even as the other patrons believe it is all just part of the show. --
Fahrenheit 11/9,5587,2.8,10,09/21/2018,English,Documentary,R,Michael Moore,"Michael Moore, Donald J. Trump, David Hogg, Alexandria Ocasio-Cortez",https://www.filmcrave.com/movie_page_main.php?id=60148,Michael Moore explores the two most important questions of the Trump Era - How the hell did we get here? And how the hell do we get out? --
"Memoir of War ( douleur, La )",47036,3.0,1,08/17/2018,French,"Drama, Historical",NR,Emmanuel Finkiel,"Mélanie Thierry, Benoît Magimel, Benjamin Biolay, Grégoire Leprince-Ringuet, Emmanuel Bourdieu, Anne-Lise Heimburger",https://www.filmcrave.com/movie_page_main.php?id=60149,Unknown
Mid90s,5812,2.8,12,10/19/2018,English,Comedy,R,Jonah Hill,"Katherine Waterston, Lucas Hedges, Sunny Suljic, Alexa Demie, Kasey Elise, Jax Malcolm",https://www.filmcrave.com/movie_page_main.php?id=60150,"Stevie, a 13-year-old growing up in L.A. during the mid-90s, spends his summer trying to find his place - and seems to find it when he joins up with a group of skateboards where he soon learns valuable lessons about class, race, and privilege. --"
Peterloo,9436,2.6,8,04/05/2019,English,"Drama, Historical",PG-13,Mike Leigh,"Rory Kinnear, Maxine Peake, Pearce Quigley, David Moorst, Rachel Finnegan, Tom Meredith",https://www.filmcrave.com/movie_page_main.php?id=60151,"The true story of a peaceful pro-democracy protest held in Manchester, England in 1819, where British forces attacked the gathered crowd in an incident soon to be known as the Peterloo Massacre. --"
All About Nina,8309,2.8,6,09/28/2018,English,"Comedy, Drama",R,Eva Vives,"Mary Elizabeth Winstead, Common, Chace Crawford, Camryn Manheim, Jay Mohr, Mindy Sterling",https://www.filmcrave.com/movie_page_main.php?id=60152,"Nina Geld is a stand-up comedian on the brink of breaking out into stardom. But while her career is taking off, her personal life is falling apart around her. In order to get away from a bad relationship, and prepare for a life-changing audition, she heads to L.A. where she meets Rafe, a man who will challenge her preconceptions, including those about her own past. --"
Bad Reputation,14316,2.8,3,09/28/2018,English,Documentary,R,Kevin Kerslake,"Joan Jett, Debbie Harry, Billie Joe Armstrong, Michael J. Fox, Iggy Pop, Pete Townshend",https://www.filmcrave.com/movie_page_main.php?id=60153,Feature length documentary about the life and times of female rock icon Joan Jett. --
Gosnell: The Trial of America's Biggest Serial Killer,54006,3.0,1,10/31/2018,English,Historical,PG-13,Nick Searcy,"Dean Cain, Michael Beach, Nick Searcy, Sarah Jane Morris, Cyrina Fiallo, Earl Billings",https://www.filmcrave.com/movie_page_main.php?id=60154,Unknown
The Sisters Brothers,6481,2.7,14,09/21/2018,English,Western,R,Jacques Audiard,"Joaquin Phoenix, Jake Gyllenhaal, John C. Reilly, Rutger Hauer, Carol Kane, Riz Ahmed",https://www.filmcrave.com/movie_page_main.php?id=60155,"During the 1850s a gold prospector named Hermann Kermit Warm makes the long trek from Oregon to San Francisco, even as he is being pursued by the infamous duo of assassins, Charlie and Eli Sisters. While this usually means a death sentence, Eli is having a crisis involving his future, and Warm may have a better offer for him and his future. --"
The Woman in the Window,33896,1.9,5,05/14/2021,English,"Crime, Mystery",R,Joe Wright,"Amy Adams, Gary Oldman, Julianne Moore, Brian Tyree Henry, Wyatt Russell, Anthony Mackie",https://www.filmcrave.com/movie_page_main.php?id=60156,An agoraphobic woman in New York begins watching her new neighbors only to witness a violent crime. --
The Addams Family,38418,1.6,11,10/11/2019,English,"Animation, Comedy",PG,"Greg Tiernan, Conrad Vernon","Oscar Isaac, Charlize Theron, Chloë Grace Moretz, Finn Wolfhard, Nick Kroll, Allison Janney",https://www.filmcrave.com/movie_page_main.php?id=60157,"The spookiest, kookiest family are on the move to the scariest place of all... New Jersey. The Addams Family is preparing for a major family celebration but must content with contemporary greed and arrogance when the sly reality star Margaux Needler sees opportunity. --"
Blue Iguana,53927,3.0,1,08/24/2018,English,Comedy,NR,Hadi Hajaig,"Sam Rockwell, Amanda Donohoe, Ben Schwartz, Frances Barber, Simon Callow, Al Weaver",https://www.filmcrave.com/movie_page_main.php?id=60158,Unknown
The Basement,53967,3.0,1,09/30/2018,English,Horror,NR,"Brian M. Conley, Nathan Ives","Mischa Barton, Tracie Thoms, Bailey Anne Borders, Jackson Davis, Kareem J. Grimes, Sarah Nicklin",https://www.filmcrave.com/movie_page_main.php?id=60159,Unknown
"Wild Boys, The ( garçons sauvages, Les )",53928,3.0,1,08/24/2018,French,"Adventure, Fantasy",NR,Bertrand Mandico,"Pauline Lorillard, Vimala Pons, Diane Rouxel, Anaël Snoek, Mathilde Warnier, Elina Löwensohn",https://www.filmcrave.com/movie_page_main.php?id=60160,"Early 20th century - five adolescent boys, with an unhealthy obsession with the occult, commit a heinous act. After, they are approached by a Dutch captain who takes them aboard his morose, haunted boat. Even as they make their way towards a supernatural island, the boys chaff under the captain's command and plan a mutiny. --"
Love Gilda,6971,3.0,4,09/21/2018,English,Documentary,NR,Lisa Dapolito,"Gilda Radner, Lorne Michaels, Chevy Chase, Amy Poehler, Melissa McCarthy, Laraine Newman",https://www.filmcrave.com/movie_page_main.php?id=60161,"With newly recovered audiotapes, Gilda Radner reflects on her life and career. Using a combination of interviews, home movies and diary entries read by modern-day comediennes, the documentary celebrates the life story of Radner. --"
Five Fingers for Marseilles,53699,3.0,1,01/07/2018,Other,"Drama, Western",NR,Michael Matthews,"Zethu Dlomo, Garth Breytenbach, Kenneth Fok, Anthony Oseyemi, Dean Fourie, Warren Masemola",https://www.filmcrave.com/movie_page_main.php?id=60162,Unknown
Pool Party Massacre,53277,3.0,1,04/20/2017,English,"Comedy, Horror",NR,Drew Marvick,"Alexis Adams, Destiny Faith Nelson, Drew Marvick, Trevor Layne, Jenifer Marvick, Mark Justice",https://www.filmcrave.com/movie_page_main.php?id=60163,Unknown
The Last Race,12806,2.6,5,11/16/2018,English,"Documentary, Sport",NR,Michael Dweck,"Jack Handley Jr., Marty Himes, George Muse, Tom Pickerell, Ed Mistretta, Tim Mulqueen",https://www.filmcrave.com/movie_page_main.php?id=60164,"A snapshot that captures a small-town stock car race track, and the colorful cast of characters that call it home, trying to hold onto racing tradition in the increasing face of globalization and commercialization. --"
"Heiresses, The (  herederas, La )",5690,2.9,6,01/16/2019,Spanish,Drama,NR,Marcelo Martinessi,"Ana Brun, Margarita Irun, Ana Ivanova, Nilda Gonzalez, María Martins, Alicia Guerra",https://www.filmcrave.com/movie_page_main.php?id=60165,"Two women who have lived in the lap of luxury for their entire lives finds reality crashing down around them when their financial situation takes a drastic downward turn. When one winds up in jail for fraud charges, the other takes a job, driving the for the first time in years, as she taxis around a group of elderly, wealthy women. But a chance encounter with a young woman finally opens her eyes to new possibilities. --"
Midnight FM ( Simya-ui FM ),51658,3.0,1,10/14/2010,Korean,"Crime, Thriller",NR,Sang Man Kim,"Soo Ae, Ji-tae Yu, Joon-Ha Lee, Dong-seok Ma, Song-hyeon Choi, Da-eun Sin",https://www.filmcrave.com/movie_page_main.php?id=60166,Unknown
Anti-Social,52261,3.0,1,05/01/2015,English,Crime,NR,Reg Traviss,"Gregg Sulkin, Meghan Markle, Josh Myers, Christian Berkel, Michael Maris, Andrew Shim",https://www.filmcrave.com/movie_page_main.php?id=60167,Unknown
Vixen! ,39575,1.8,3,10/22/1968,English,Drama,NC-17,Russ Meyer,"Erica Gavin, Garth Pillsbury, Harrison Page, Jon Evans, Vincene Wallace, Robert Aiken",https://www.filmcrave.com/movie_page_main.php?id=60168,Unknown
Gold,25504,3.0,2,10/16/1974,English,"Adventure, Thriller",PG,Peter R. Hunt,"Roger Moore, Susannah York, Ray Milland, Bradford Dillman, John Gielgud, Tony Beckley",https://www.filmcrave.com/movie_page_main.php?id=60169,Unknown
Puppet Master: The Littlest Reich,53831,3.0,1,04/20/2018,English,Horror,NR,"Sonny Laguna, Tommy Wiklund","Michael Paré, Thomas Lennon, Charlyne Yi, Udo Kier, Barbara Crampton, Nelson Franklin",https://www.filmcrave.com/movie_page_main.php?id=60170,Unknown
Indigenous,31462,2.2,3,04/20/2014,English,Horror,R,Alastair Orr,"Zachary Soetenga, Lindsey McKeon, Sofia Pernas, Pierson Fode, Jamie Anderson, Mark Steger",https://www.filmcrave.com/movie_page_main.php?id=60171,Unknown
Us,1021,3.0,46,03/22/2019,English,"Horror, Thriller",R,Jordan Peele,"Lupita Nyong'o, Winston Duke, Shahadi Wright Joseph, Evan Alex, Elisabeth Moss, Tim Heidecker",https://www.filmcrave.com/movie_page_main.php?id=60172,A family on vacation is terrorized by the appearance of a second family -
Dark Money,21446,3.3,2,07/13/2018,English,Documentary,NR,Kimberly Reed,Unknown,https://www.filmcrave.com/movie_page_main.php?id=60173,Unknown
Poor Boy,52700,3.0,1,04/17/2016,English,"Drama, Western",NR,Robert Scott Wildes,"Michael Shannon, Amanda Crew, Justin Chatwin, Dale Dickey, Andy Bean, Lou Taylor Pucci",https://www.filmcrave.com/movie_page_main.php?id=60174,Unknown
What Will People Say ( Hva vil folk si ),21447,3.3,2,07/13/2018,Norwegian,Drama,NR,Iram Haq,"Maria Mozhdah, Adil Hussain, Ekavali Khanna, Rohit Saraf, Ali Arfan, Sheeba Chaddha",https://www.filmcrave.com/movie_page_main.php?id=60175,Unknown
Hell Mountain,53272,3.0,1,04/18/2017,English,Horror,NR,Jesse Pomeroy,"Megan Collaso, Taylor Dooley, Markus Innocenti, Catherine Lidstone, Colin Woodbury, Adam Daniel Mezei",https://www.filmcrave.com/movie_page_main.php?id=60176,Unknown
Little Italy,53955,3.0,1,09/21/2018,English,"Comedy, Romance",R,Donald Petrie,"Hayden Christensen, Emma Roberts, Alyssa Milano, Danny Aiello, Andrea Martin, Jane Seymour",https://www.filmcrave.com/movie_page_main.php?id=60177,Unknown
Tiger,54011,3.0,1,11/02/2018,English,Drama,PG-13,Alister Grierson,"Mickey Rourke, Janel Parrish, Prem Singh, Michael Pugliese, Jacob Grodnik, Marshall Manesh",https://www.filmcrave.com/movie_page_main.php?id=60178,Unknown
Eyes of the Dead,55413,1.5,2,08/24/2018,English,"Action, Horror",NR,Ben Samuels,"Rosebud Baker, Matt Riker, Ben Samuels, Montana Marks, Amy Rutledge, Jonas Parker",https://www.filmcrave.com/movie_page_main.php?id=60179,Unknown
Mara,31499,2.2,3,09/07/2018,English,"Crime, Horror",R,Clive Tonge,"Olga Kurylenko, Javier Botet, Mitch Eakins, Lance E. Nichols, Rosie Fellner, Mackenzie Imsand",https://www.filmcrave.com/movie_page_main.php?id=60180,Unknown
Doctor Sleep,912,3.1,36,11/08/2019,English,Horror,R,Mike Flanagan,"Ewan McGregor, Rebecca Ferguson, Zahn McClarnon, Kyliegh Curran, Jacob Tremblay, Bruce Greenwood",https://www.filmcrave.com/movie_page_main.php?id=60181,"It has been decades since the events of The Shining and Danny Torrence, now a middle-aged man, is trying to cope both with his father's legacy of alcoholism and his own gift, which he uses at a small town in Massachusetts, helping the elderly pass on as Doctor Sleep. But when he discovers a young girl with the most powerful Shine he has experienced, he must face both his past and the present when she comes under the gaze of The True Knot, a group that feeds on the Shine to sustain themselves. --"
MDMA ( Angie X ),53192,3.0,1,03/10/2017,English,"Crime, Drama",NR,Angie Wang,"Annie Q., Francesca Eastwood, Aalyrah Caldwell, Pierson Fode, Ron Yuan, Henry Zaga",https://www.filmcrave.com/movie_page_main.php?id=60182,Unknown
Party Mom,60140,2.0,1,03/30/2018,English,Drama,NR,Michael Feifer,"Krista Allen, Megan Ward, Elise Luthman, Amber Frank, Brian Krause, Savannah Judy",https://www.filmcrave.com/movie_page_main.php?id=60183,Unknown
If Beale Street Could Talk,2695,2.9,22,12/14/2018,English,"Drama, Romance",R,Barry Jenkins,"KiKi Layne, Stephan James, Regina King, Colman Domingo, Teyonah Parris, Michael Beach",https://www.filmcrave.com/movie_page_main.php?id=60184,"Set in Harlem, a young woman sets out to prove the innocence of her fiancé even as she finds herself also preparing to give birth to their first child. --"
Nappily Ever After,53956,3.0,1,09/21/2018,English,"Comedy, Drama",NR,Haifaa Al-Mansour,"Sanaa Lathan, Ricky Whittle, Ernie Hudson, Camille Guaty, Lynn Whitfield, Lyriq Bent",https://www.filmcrave.com/movie_page_main.php?id=60185,Unknown
The Kid Who Would Be King,6529,2.7,15,01/25/2019,English,"Adventure, Fantasy",PG,Joe Cornish,"Louis Ashbourne Serkis, Rebecca Ferguson, Patrick Stewart, Tom Taylor, Rhianna Dorris, Angus Imrie",https://www.filmcrave.com/movie_page_main.php?id=60186,"The modern world meets medieval magic when everyday nobody Alex finds his life forever changed when he stumbles upon the mythical sword of legend, Excalibur. Now he finds himself bringing together both friends and enemies in order to form his band of knights, under the direction of the legendary Merlin in order to stop the wicked Morgana. --"
Chaos Walking,33712,1.8,8,03/05/2021,English,Sci-Fi,PG-13,Doug Liman,"Daisy Ridley, Tom Holland, Mads Mikkelsen, Nick Jonas, Kurt Sutter, David Oyelowo",https://www.filmcrave.com/movie_page_main.php?id=60187,"In the far future, a distant planet was supposed to be mankind's hope but turned into a nightmare when ""The Noise"" drove most people insane. This virus creates immersive images out of the thoughts of every living thing. Todd Hewitt lives in such a world and makes a startling discovery - Viola Eade, a woman on a world where there are supposed to be no women. And she may hold to key to understanding The Noise. --"
Five Feet Apart,9190,2.6,10,03/15/2019,English,"Drama, Romance",PG-13,Justin Baldoni,"Cole Sprouse, Haley Lu Richardson, Claire Forlani, Parminder Nagra, Moises Arias, Emily Baldoni",https://www.filmcrave.com/movie_page_main.php?id=60188,Two teens battling cystic fibrosis meet in the hospital and fall in love. --
Jacob's Ladder,33612,2.0,4,08/23/2019,English,"Drama, Horror",R,David M. Rosenthal,"Joseph Sikora, Jesse Williams, Michael Ealy, Nicole Beharie, Karla Souza, Guy Burnet",https://www.filmcrave.com/movie_page_main.php?id=60189,"A Vietnam veteran returns home where he hopes to get back to normalcy but instead finds his life plagued by terrifying hallucinations and flashbacks. As those around him transform into twisted monsters, he tries to find a grip on his own sanity. --"
The Prodigy,13008,2.4,9,02/08/2019,English,"Horror, Thriller",R,Nicholas McCarthy,"Taylor Schilling, Peter Mooney, Colm Feore, Brittany Allen, Jackson Robert Scott, Olunike Adeliyi",https://www.filmcrave.com/movie_page_main.php?id=60190,"A mother becomes convinced that her young has been taken over by a supernatural entity, and will do everything she can to save him. --"
Instant Family,3953,2.9,14,11/16/2018,English,Comedy,PG-13,Sean Anders,"Rose Byrne, Mark Wahlberg, Isabela Moner, Iliza Shlesinger, Octavia Spencer, Eve Harlow",https://www.filmcrave.com/movie_page_main.php?id=60191,A couple get more than they bargained for when they successfully adopt three children. --
Isn't It Romantic,11898,2.4,17,02/14/2019,English,Comedy,PG-13,Todd Strauss-Schulson,"Rebel Wilson, Priyanka Chopra, Liam Hemsworth, Betty Gilpin, Adam Devine, Shyrley Rodriguez",https://www.filmcrave.com/movie_page_main.php?id=60192,A woman that has all but given up on finding love inexplicably finds herself trapped inside a romantic comedy. --
The Rhythm Section,23160,2.1,9,01/31/2020,English,"Action, Mystery",R,Reed Morano,"Blake Lively, Jude Law, Sterling K. Brown, Max Casella, Richard Brake, Raza Jaffrey",https://www.filmcrave.com/movie_page_main.php?id=60193,"After her family is killed in a plane crash, a woman will stop at nothing to punish the people responsible. --"
Ad Astra,6814,2.6,29,09/19/2019,English,"Sci-Fi, Sport",PG-13,James Gray,"Brad Pitt, Tommy Lee Jones, Liv Tyler, Donald Sutherland, Ruth Negga, John Ortiz",https://www.filmcrave.com/movie_page_main.php?id=60194,"Astronaut Roy McBride is on a mission to rescue his father, who has gone missing on the edge of our solar system. But he will find much more - secrets that will challenge everything we know about human nature, as well as our place in the cosmos. --"
A Dog's Way Home,4696,2.8,13,01/11/2019,English,Drama,PG,Charles Martin Smith,"Ashley Judd, Alexandra Shipp, Edward James Olmos, Barry Watson, Wes Studi, Chris Bauer",https://www.filmcrave.com/movie_page_main.php?id=60195,"Bella is a lovable mutt with a big problem - her family has moved and unknowingly left her behind. Thus begins Bella's unforgettable journey, and adventure, to cross 400 miles in search of her owners. --"
What Men Want,14347,2.3,13,02/08/2019,English,"Comedy, Fantasy",R,Adam Shankman,"Wendi McLendon-Covey, Taraji P. Henson, Max Greenfield, Aldis Hodge, Tamala Jones, Tracy Morgan",https://www.filmcrave.com/movie_page_main.php?id=60196,"In the competitive world of sports agents, a woman feels she is constantly being boxed out by the male-dominated industry. However, she finds a distinct advantage when she finds herself able to hear the thoughts of her male counterparts, giving her a leg up on the competition. --"
Miss Bala,13357,2.4,8,02/01/2019,English,"Action, Drama",PG-13,Catherine Hardwicke,"Gina Rodriguez, Anthony Mackie, Matt Lauria, Aislinn Derbez, Ismael Cruz Cordova, Ricardo Abarca",https://www.filmcrave.com/movie_page_main.php?id=60197,A beauty contestant finds herself unwillingly forced to work for a drug cartel after becoming witness to a murder. --
Eli,29668,2.0,5,10/18/2019,English,Horror,R,Ciarán Foy,"Kelly Reilly, Max Martini, Sadie Sink, Charlie Shotwell, Lili Taylor, Parker Lovein",https://www.filmcrave.com/movie_page_main.php?id=60198,A young boy going through treatment for an auto-immune disease discovers his temporary home isn't nearly as safe as he thinks. --
Lizzie,13448,2.5,6,09/14/2018,English,"Biography, Crime",R,Craig William Macneill,"Kristen Stewart, Chloë Sevigny, Kim Dickens, Fiona Shaw, Denis O'Hare, Jeff Perry",https://www.filmcrave.com/movie_page_main.php?id=60199,"Based on the 1892 true story of Lizzie Borden, whose murder of her family has led her name to be infamously remembered long after the crime, but the motives behind the attack have also long been overlooked. --"
Larger Than Life: The Kevyn Aucoin Story,53650,3.0,1,11/16/2017,English,Documentary,NR,Tiffany Bartok,"Christy Turlington, Kevyn Aucoin, Naomi Campbell, Isabella Rossellini, Isaac Mizrahi, Cher",https://www.filmcrave.com/movie_page_main.php?id=60200,Unknown
The After Party,53925,3.0,1,08/24/2018,English,Comedy,NR,Ian Edelman,"Shelley Hennig, Andy Buckley, Amin Joseph, Blair Underwood, Wiz Khalifa, Harrison Holzer",https://www.filmcrave.com/movie_page_main.php?id=60201,Unknown
Hyde Park,53821,3.0,1,04/15/2018,English,"Biography, Thriller",NR,Nicholas Barton,"C. Thomas Howell, Viva Bianca, Richard Riehle, Luke Arnold, M.C. Gainey, Christopher Hagen",https://www.filmcrave.com/movie_page_main.php?id=60202,Unknown
The Samuel Project,53765,3.0,1,02/24/2018,English,Drama,PG-13,Marc Fusco,"Liza Lapira, Michael B. Silver, Hal Linden, Ken Davitian, Mateo Arias, Ryan Ochoa",https://www.filmcrave.com/movie_page_main.php?id=60203,Unknown
The Song of Sway Lake,53961,3.0,1,09/21/2018,English,"Drama, Musical",R,Ari Gold,"Rory Culkin, Robert Sheehan, Isabelle McNally, Mary Beth Peil, Elizabeth Peña, Jack Falahee",https://www.filmcrave.com/movie_page_main.php?id=60204,Unknown
Vacuums,58913,2.0,1,05/15/2003,English,Comedy,NR,"Luke Cresswell, Steve McNicholas","Emma Handy, Lee Evans, Jonathan Hyde, Rose McGowan, Chevy Chase, James Rebhorn",https://www.filmcrave.com/movie_page_main.php?id=60205,Unknown
Jedda ( Jedda the Uncivilized ),55669,1.3,2,02/27/1957,English,"Adventure, Drama",NR,Charles Chauvel,"Rosalie Kunoth-Monks, Robert Tudawali, Betty Suttor, Paul Reynall, George Simpson-Lyttle, Tas Fitzer",https://www.filmcrave.com/movie_page_main.php?id=60206,A young Aboriginal woman is torn between her indigenous heritage and the white culture
Ladronas de Almas,38108,2.5,2,10/04/2015,Spanish,Horror,NR,Juan Antonio de la Riva,"Sofía Sisniega, Natasha Dupeyrón, Ana Sofía Durán, Ricardo Dalmacci, Javier Escobar, Jorge Luis Moreno",https://www.filmcrave.com/movie_page_main.php?id=60207,Unknown
Riphagen,2104,3.7,3,09/22/2016,Dutch,"Drama, War",NR,Pieter Kuijpers,"Britte Lagcher, Jeroen van Koningsbrugge, Kay Greidanus, Huub Smit, Sigrid ten Napel, Lisa Zweerman",https://www.filmcrave.com/movie_page_main.php?id=60208,"Based on the story of Andries Riphagen, a Dutch war criminal who collaborated with the"
12 Rounds 3: Lockdown,38104,2.5,2,09/11/2015,English,"Action, Crime",R,Stephen Reynolds,"Jonathan Good, Roger Cross, Daniel Cudmore, Lochlyn Munro, Ty Olsson, Sarah Smyth",https://www.filmcrave.com/movie_page_main.php?id=60209,Unknown
Vengeance: A Love Story,44950,2.0,2,09/15/2017,English,"Action, Crime",NR,Johnny Martin,"Nicolas Cage, Anna Hutchison, Talitha Eliana Bateman, Deborah Kara Unger, Don Johnson, Joshua Mikel",https://www.filmcrave.com/movie_page_main.php?id=60210,Unknown
Davi's Way,60159,2.0,1,07/27/2018,English,"Documentary, Comedy",NR,Tom Donahue,"Robert Davi, Richard Donner, Chazz Palminteri, Ariana Davi, Christine Davi, Joe Mantegna",https://www.filmcrave.com/movie_page_main.php?id=60211,Unknown
Along with the Gods: The Last 49 Days ( Singwa hamkke: Ingwa yeon ),53908,3.0,1,08/01/2018,Korean,"Action, Fantasy",NR,Yong-hwa Kim,"Jung-woo Ha, Kyung-soo Do, Ji-Hoon Ju, Hyang-gi Kim, Joon-Hyuk Lee, Dong-seok Ma",https://www.filmcrave.com/movie_page_main.php?id=60212,Unknown
47 Meters Down: Uncaged,23151,2.1,10,08/16/2019,English,Horror,PG-13,Johannes Roberts,"John Corbett, Sophie Nélisse, Nia Long, Brec Bassinger, Brianne Tju, Sistine Rose Stallone",https://www.filmcrave.com/movie_page_main.php?id=60213,Five friends decide to explore the ruins of an underwater city only to find out they are far from alone in their submerged explorations. --
The Kindergarten Teacher,14318,2.8,3,10/12/2018,English,Drama,R,Sara Colangelo,"Maggie Gyllenhaal, Rosa Salazar, Gael García Bernal, Parker Sevak, Michael Chernus, Sam Jules",https://www.filmcrave.com/movie_page_main.php?id=60214,Unknown
Any Bullet Will Do,53935,3.0,1,09/04/2018,English,Western,NR,Justin Lee,"Kevin Makely, Bruce Davison, Jenny Curtis, Meg Foster, Todd A. Robinson, Mark Ryan",https://www.filmcrave.com/movie_page_main.php?id=60215,Unknown
"Apparition, The ( apparition, L' )",24508,2.3,4,09/07/2018,French,Drama,NR,Xavier Giannoli,"Vincent Lindon, Bruno Georis, Elina Löwensohn, Anatole Taubman, Galatéa Bellugi, Gérard Dessalles",https://www.filmcrave.com/movie_page_main.php?id=60216,"Jacques ""Vincent Lindon"", a French journalist with a reputation for his impartial investigatory skills is sent to a small village to ascertain the legitimacy, or lack thereof, of a supposed saintly apparition. Young noviate, Anna, claims to have seen the spirit of the Virgin Mary herself, and has gained a following among the faithful villagers. As Jacques is assailed by clergy and skeptics alike, he works to uncover the truth, it will have a profound impact on his life. --"
Intelligent Lives,53954,3.0,1,09/21/2018,English,Documentary,NR,Dan Habib,"Chris Cooper, Naieer Shaheed, Micah Fialka Feldman, Naomie Monplaisir",https://www.filmcrave.com/movie_page_main.php?id=60217,Unknown
Danger One,53945,3.0,1,09/14/2018,English,"Comedy, Crime",NR,Tom Oesch,"Tom Everett Scott, James Jurdi, Angélica Celaya, Denis O'Hare, Michael O'Neill, Damon Dayoub",https://www.filmcrave.com/movie_page_main.php?id=60218,Unknown
You Never Know Women,47253,3.0,1,09/20/1926,English,Drama,NR,William A. Wellman,"Florence Vidor, Lowell Sherman, Clive Brook, El Brendel, Roy Stewart, Joe Bonomo",https://www.filmcrave.com/movie_page_main.php?id=60219,Unknown
An Interview with God,53922,3.0,1,08/20/2018,English,"Drama, Mystery",NR,Perry Lang,"Brenton Thwaites, Yael Grobglas, David Strathairn, Charlbi Dean Kriek, Hill Harper, Bobby Di Cicco",https://www.filmcrave.com/movie_page_main.php?id=60220,Unknown
Arizona,33065,2.8,2,01/20/2018,English,"Comedy, Thriller",NR,Jonathan Watson,"Danny McBride, Elizabeth Gillies, Rosemarie DeWitt, Luke Wilson, Kaitlin Olson, David Alan Grier",https://www.filmcrave.com/movie_page_main.php?id=60221,Unknown
City of Joy,53937,3.0,1,09/07/2018,English,"Documentary, Crime",NR,Madeleine Gavin,"Christine Schuler-Deschryver, Denis Mukwege Mukengere, Eve Ensler, Jane Mukunilwa",https://www.filmcrave.com/movie_page_main.php?id=60222,Unknown
"Guilty, The ( Den skyldige )",2939,3.0,10,10/19/2018,Danish,Thriller,R,Gustav Möller,"Jakob Cedergren, Jessica Dinnage, Omar Shargawi, Johan Olsen, Jacob Lohmann, Katinka Evers-Jahnsen",https://www.filmcrave.com/movie_page_main.php?id=60223,"A former police officer who now works as an emergency call operator receives a desperate call from a woman who has been kidnapped. When the call is abruptly cut off, he races to find the woman, with the phone as his only tool and soon comes to realize this crime is a part of something much bigger than he could imagine. --"
"Last Suit, The ( último traje, El )",53822,3.0,1,04/16/2018,Spanish,Drama,NR,Pablo Solarz,"Miguel Ángel Solá, Ángela Molina, Martín Piroyansky, Natalia Verbeke, Julia Beerhold, Olga Boladz",https://www.filmcrave.com/movie_page_main.php?id=60224,Unknown
Maximum Impact,53964,3.0,1,09/28/2018,English,"Action, Comedy",NR,Andrzej Bartkowiak,"Alexander Nevsky, Danny Trejo, Tom Arnold, Kelly Hu, Mark Dacascos, Alphonso McAuley",https://www.filmcrave.com/movie_page_main.php?id=60225,Unknown
Active Measures,7699,3.2,3,08/31/2018,English,Documentary,PG-13,Jack Bryan,"John McCain, Hillary Cinton, Michael McFaul, John Podesta",https://www.filmcrave.com/movie_page_main.php?id=60226,A documentary that connects Russian President Vladamir Putin with the 2016 US election and the Trump Campaign. --
Black '47,33085,2.8,2,09/28/2018,English,"Action, Drama",R,Lance Daly,"Hugo Weaving, James Frecheville, Stephen Rea, Freddie Fox, Barry Keoghan, Moe Dunford",https://www.filmcrave.com/movie_page_main.php?id=60227,Unknown
The Front Runner,29871,1.9,6,11/21/2018,English,"Biography, Drama",R,Jason Reitman,"Vera Farmiga, Molly Ephraim, Hugh Jackman, Kaitlyn Dever, J.K. Simmons, Courtney Ford",https://www.filmcrave.com/movie_page_main.php?id=60228,"Based on the true story of Gary Hart's 1988 presidential campaign, which fell apart after a scandalous love affair came to light. --"
Legend of Hallowaiian,60167,2.0,1,09/28/2018,English,"Animation, Comedy",PG,Sean Patrick O'Reilly,"Mark Hamill, Tia Carrere, Vanessa Williams, Noah Schnapp, Mark Dacascos, Teilor Grubbs",https://www.filmcrave.com/movie_page_main.php?id=60229,Unknown
The Public,53735,3.0,1,01/31/2018,English,Drama,PG-13,Emilio Estevez,"Taylor Schilling, Alec Baldwin, Jena Malone, Christian Slater, Emilio Estevez, Jeffrey Wright",https://www.filmcrave.com/movie_page_main.php?id=60230,Unknown
Visage,53517,3.0,1,09/14/2017,English,Drama,R,"Tata Michaelangelo, Mike Wickman","Caleb Mann, Logan La Cross, Peter Dach, Julia Lanski, Ana Sakic, Mike Wickman",https://www.filmcrave.com/movie_page_main.php?id=60231,Unknown
Crush the Skull,32968,2.8,2,06/11/2015,English,"Comedy, Horror",NR,Viet Nguyen,"Walter Michael Bost, Tim Chiou, Chris Dinh, Lincoln Hoppe, Katie Savoy, Chris Riedell",https://www.filmcrave.com/movie_page_main.php?id=60232,
Robot Carnival  ( Robotto kânibaru ),25562,3.0,2,07/21/1987,Japanese,"Anime, Comedy",NR,"Atsuko Fukushima, Hiroyuki Kitakubo, Hiroyuki Kitazume, Kôji Morimoto, Takashi Nakamura, Yasuomi Umetsu, Manabu Ôhashi, Hidetoshi Ômori, Katsuhiro Ôtomo","Kôji Moritsugu, Chisa Yokoyama, Kaneto Shiozawa, Kumiko Takizawa, Katsue Miwa, Kei Tomiyama",https://www.filmcrave.com/movie_page_main.php?id=60233,Unknown
Clash of the Dead ( World War Dead: Rise of the Fallen ),42030,2.3,2,07/05/2016,English,Horror,NR,"Freddie Hutton-Mills, Bart Ruspoli","Philip Barantini, Robert Bladen, Kacey Clarke, Kyle Frank, Marco Gambino, Wendy Glenn",https://www.filmcrave.com/movie_page_main.php?id=60234,Unknown
Sunset Society,53907,3.0,1,07/27/2018,English,Horror,NR,"Phoebe Dollar, Rolfe Kanefsky","Ron Jeremy, Aaron Groben, Lemmy, Phoebe Dollar, Catherine Annette, Sarah Nicklin",https://www.filmcrave.com/movie_page_main.php?id=60235,Unknown
Occupation,44959,2.0,2,07/20/2018,English,"Action, Sci-Fi",R,Luke Sparke,"Dan Ewing, Temuera Morrison, Stephanie Jacobsen, Rhiannon Fish, Zachary Garred, Izzy Stevens",https://www.filmcrave.com/movie_page_main.php?id=60236,Unknown
Summer of 84,9705,2.6,7,08/10/2018,English,"Horror, Mystery",NR,"François Simard, Anouk Whissell, Yoann-Karl Whissell","Graham Verchere, Judah Lewis, Caleb Emery, Cory Gruter-Andrew, Tiera Skovbye, Rich Sommer",https://www.filmcrave.com/movie_page_main.php?id=60237,Unknown
Path of Blood,53896,3.0,1,07/13/2018,English,Documentary,R,Jonathan Hacker,"Tom Hollander, Paul Marshall Johnson Jr., Samuel West",https://www.filmcrave.com/movie_page_main.php?id=60238,Unknown
Beyond the Edge ( Za granyu realnosti ),46719,1.8,2,03/01/2018,English,"Action, Fantasy",NR,"Aleksandr Boguslavskiy, Francesco Cinquemani","Lyubov Aksyonova, Antonio Banderas, Milos Bikovic, Vilen Babichev, Anastasiya Anikhovskaya, Sergey Astakhov",https://www.filmcrave.com/movie_page_main.php?id=60239,Unknown
Hope Springs Eternal,53915,3.0,1,08/10/2018,English,"Comedy, Drama",PG,Jack C. Newell,"Mia Rose Frampton, Stony Blyden, Juliette Angelo, Beth Lacke, Pej Vahdat, Lauren Giraldo",https://www.filmcrave.com/movie_page_main.php?id=60240,Unknown
Bad Meat,50684,3.0,1,06/01/2004,English,Comedy,R,Scott Dikkers,"Billie Worley, Lance Barber, Chevy Chase, Judah Friedlander, Frank Caeti, Melissa Fosse-Dunne",https://www.filmcrave.com/movie_page_main.php?id=60241,Unknown
Method to the Madness of Jerry Lewis,51699,3.0,1,12/17/2011,English,Documentary,NR,Gregg Barson,"Jerry Lewis, Billy Crystal, Carol Burnett, Carl Reiner, John Landis, Woody Harrelson",https://www.filmcrave.com/movie_page_main.php?id=60242,Unknown
The Angel,53943,3.0,1,09/14/2018,English,"Drama, Thriller",NR,Ariel Vromen,"Toby Kebbell, Marwan Kenzari, Hannah Ware, Tsahi Halevi, Waleed Zuaiter, Ori Pfeffer",https://www.filmcrave.com/movie_page_main.php?id=60243,Unknown
The Dawnseeker,60161,2.0,1,08/16/2018,English,"Action, Sci-Fi",NR,Justin Price,"Franziska Schissler, Khu, Alexander Kane, Jason Skeen, Alex Giuffreda, Michael 'Big Smooth' Frazier",https://www.filmcrave.com/movie_page_main.php?id=60244,Unknown
Sleep No More,33087,2.8,2,10/02/2018,English,Horror,NR,Phillip Guzman,"Keli Price, Brea Grant, Stephen Ellis, Christine Dwyer, Yasmine Aker, Lukas Gage",https://www.filmcrave.com/movie_page_main.php?id=60245,Unknown
Living in the Future's Past,53973,3.0,1,10/05/2018,English,Documentary,NR,Susan Kucera,"Jeff Bridges, Leonard Mlodinow, Wesley Clark, Piers Sellers, Bruce Hood, Ruth Gates",https://www.filmcrave.com/movie_page_main.php?id=60246,Unknown
Have It All -The Movie,53912,3.0,1,08/07/2018,English,Documentary,NR,Martin Montgomery,"Jason Mraz, Greg Grunberg, Katie Grober, Mona Tavakoli, Chaska Potter, Sarah Ann Masse",https://www.filmcrave.com/movie_page_main.php?id=60247,Unknown
Kusama: Infinity,53940,3.0,1,09/07/2018,English,Documentary,NR,Heather Lenz,Yayoi Kusama,https://www.filmcrave.com/movie_page_main.php?id=60248,Unknown
After Everything,26352,3.0,2,10/12/2018,English,"Comedy, Drama",NR,"Hannah Marks, Joey Power","Maika Monroe, Marisa Tomei, Gina Gershon, Jeremy Allen White, Olivia Luccardi, Dean Winters",https://www.filmcrave.com/movie_page_main.php?id=60249,Unknown
Hal,53939,3.0,1,09/07/2018,English,"Documentary, Biography",NR,Amy Scott,"Hal Ashby, Jeff Bridges, Jane Fonda, David O. Russell, Dustin Hoffman, Louis Gossett Jr.",https://www.filmcrave.com/movie_page_main.php?id=60250,Unknown
Killer Kate!,54003,3.0,1,10/28/2018,English,Horror,NR,Elliot Feld,"Alexandra Feld, Danielle Burgess, Amaris Davidson, Abby Eiland, Tiffany Shepis, Grant Lyon",https://www.filmcrave.com/movie_page_main.php?id=60251,Unknown
The Oath,23085,2.5,3,10/12/2018,English,"Action, Comedy",R,Ike Barinholtz,"Billy Magnussen, Ike Barinholtz, Tiffany Haddish, John Cho, Meredith Hagner, Nora Dunn",https://www.filmcrave.com/movie_page_main.php?id=60252,"Politics not only divide our country, but our very families. One man finds this out the hard way during Thanksgiving - one that might be hard to get through... or survive. --"
Roma,250,3.3,35,10/05/2018,Spanish,Drama,R,Alfonso Cuarón,"Yalitza Aparicio, Marina de Tavira, Diego Cortina Autrey, Carlos Peralta, Marco Graf, Nancy García García",https://www.filmcrave.com/movie_page_main.php?id=60253,"Follows a year in the life of Cleo, a housekeeper for a middle-class family in Mexico City during a turbulent time. From everyday struggles to more complex drama, life, with all its tribulations is experienced with Cleo and the family she helps. --"
"Story from Chikamatsu, A ( Chikamatsu monogatari )",48235,3.0,1,11/23/1954,Japanese,"Drama, Historical",NR,Kenji Mizoguchi,"Kazuo Hasegawa, Kyôko Kagawa, Eitarô Shindô, Eitarô Ozawa, Yôko Minamida, Haruo Tanaka",https://www.filmcrave.com/movie_page_main.php?id=60254,Unknown
Susanne Bartsch: On Top,53942,3.0,1,09/07/2018,English,"Documentary, Biography",NR,"Anthony Caronna, Alexander Smith",Susanne Bartsch,https://www.filmcrave.com/movie_page_main.php?id=60255,Unknown
The Toybox,46720,1.8,2,05/05/2018,English,"Horror, Thriller",NR,Tom Nagel,"Denise Richards, Mischa Barton, Jeff Denton, Brian Nagel, Greg Violand, Matt Mercer",https://www.filmcrave.com/movie_page_main.php?id=60256,Unknown
Torment,44851,2.0,2,06/10/2014,English,"Horror, Thriller",R,Jordan Barker,"Katharine Isabelle, Robin Dunne, Peter DaCunha, Stephen McHattie, Noah Danby, Inessa Frantowski",https://www.filmcrave.com/movie_page_main.php?id=60257,Unknown
Samurai Wolf ( Kiba Ôkaminosuke ),44179,2.0,2,11/19/1966,Japanese,"Action, Drama",NR,Hideo Gosha,"Isao Natsuyagi, Ryôhei Uchida, Junko Miyazono, Tatsuo Endô, Junkichi Orimoto, Yoshirô Aoki",https://www.filmcrave.com/movie_page_main.php?id=60258,Unknown
Horrors of Malformed Men ( Kyôfu kikei ningen: Edogawa Rampo zenshû ),41294,2.3,2,10/31/1969,Japanese,Horror,NR,Teruo Ishii,"Teruo Yoshida, Yukie Kagawa, Teruko Yumi, Mitsuko Aoi, Michiko Kobata, Yumiko Katayama",https://www.filmcrave.com/movie_page_main.php?id=60259,Unknown
Glorious Betsy,40367,2.3,2,04/26/1928,English,"Drama, Historical",NR,Alan Crosland,"Dolores Costello, Conrad Nagel, John Miljan, Marc McDermott, Pasquale Amato, Michael Vavitch",https://www.filmcrave.com/movie_page_main.php?id=60260,Unknown
A Ship Comes In,45739,1.8,2,01/04/1928,English,Drama,NR,William K. Howard,"Rudolph Schildkraut, Louise Dresser, Milton Holmes, Linda Landi, Fritz Feld, Lucien Littlefield",https://www.filmcrave.com/movie_page_main.php?id=60261,Unknown
Jean's Blues: No Future ( Jînzu burûsu: Asu naki buraiha ),57009,2.0,1,01/01/1974,Japanese,"Crime, Thriller",NR,Sadao Nakajima,"Tsunehiko Watase, Meiko Kaji, Ryôhei Uchida, Hideo Murota, Takuzô Kawatani, Eriko Kano",https://www.filmcrave.com/movie_page_main.php?id=60262,Unknown
Bohachi Bushido: Code of the Forgotten Eight ( Bohachi bushidô: Sa burai ),57021,2.0,1,02/02/1974,Japanese,Action,NR,Takashi Harada,"Keiko Aikawa, Bin Amatsu, Takashi Ebata, Gorô Ibuki, Reiko Ike, Kenji Kusumoto",https://www.filmcrave.com/movie_page_main.php?id=60263,Unknown
The Manipulator,48815,3.0,1,12/15/1971,English,Thriller,R,Yabo Yablonsky,"Mickey Rooney, Luana Anders, Keenan Wynn",https://www.filmcrave.com/movie_page_main.php?id=60264,Unknown
Quality Balls: The David Steinberg Story,59648,2.0,1,05/02/2013,English,Documentary,NR,Barry Avrich,"David Steinberg, Jeff Garlin, Dave Foley, Larry Charles, Larry David, Robin Ruzan",https://www.filmcrave.com/movie_page_main.php?id=60265,Unknown
Minding the Gap,23080,2.5,3,08/17/2018,English,Documentary,NR,Bing Liu,"Keire Johnson, Bing Liu, Zack Mulligan",https://www.filmcrave.com/movie_page_main.php?id=60266,Unknown
American Native,59754,2.0,1,11/13/2014,English,"Documentary, Drama",G,Steven Oritt,"Mark Sceurman, Chuck Vanderet, Marc Maron, Sue Ghosh, Charles Carrera, Floyd Hicks",https://www.filmcrave.com/movie_page_main.php?id=60267,Unknown
Last Curtain Call,52042,3.0,1,04/09/2014,English,"Biography, Drama",NR,Jennifer Tadlock,"Erin Boyes, Christopher Maleki, David Proval, Billy Wirth, Gilby Clarke, Sean McNabb",https://www.filmcrave.com/movie_page_main.php?id=60268,Unknown
A Whale of a Tale,59976,2.0,1,10/07/2016,English,Documentary,NR,Megumi Sasaki,"Jay Alabaster, Atsushi Nakahira, Rick Oliver, Atsuko Sakuma, Kazutaka Sangen",https://www.filmcrave.com/movie_page_main.php?id=60269,Unknown
The Dawn Wall,16238,3.5,2,09/14/2018,English,Documentary,NR,"Josh Lowell, Peter Mortimer","Tommy Caldwell, Kevin Jorgeson",https://www.filmcrave.com/movie_page_main.php?id=60270,"Overcoming obstacles both physical and personal, legendary free climber Tommy Caldwell, along with Kevin Jorgeson, sets their sites on the seemingly impossible: scaling the 3000 foot vertical cliff face known as The Dawn Wall of El Capitan in Yosemite National Park.  --"
An Evening with Beverly Luff Linn,53983,3.0,1,10/19/2018,English,"Comedy, Crime",R,Jim Hosking,"Aubrey Plaza, Jemaine Clement, Matt Berry, Emile Hirsch, Craig Robinson, Maria Bamford",https://www.filmcrave.com/movie_page_main.php?id=60271,Unknown
Hold the Dark,7968,2.6,11,09/28/2018,English,Thriller,NR,Jeremy Saulnier,"Alexander Skarsgård, Riley Keough, James Badge Dale, Jeffrey Wright, Macon Blair, Savonna Spracklin",https://www.filmcrave.com/movie_page_main.php?id=60272,Unknown
Housewife,53636,3.0,1,11/03/2017,English,Horror,NR,Can Evrenol,"Clémentine Poidatz, David Sakurai, Alicia Kapudag, Defne Halman, Ali Aksöz, Resit Berker Enhos",https://www.filmcrave.com/movie_page_main.php?id=60273,Unknown
"Four Hands ( Vierhändige, Die )",53592,3.0,1,10/14/2017,German,"Drama, Thriller",NR,Oliver Kienle,"Frida-Lovisa Hamann, Friederike Becht, Christoph Letkowski, Agnieszka Guzikowska, Detlef Bothe, Verena Konietschke",https://www.filmcrave.com/movie_page_main.php?id=60274,Unknown
The Land of Steady Habits,14315,2.8,3,09/14/2018,English,"Comedy, Drama",NR,Nicole Holofcener,"Natalie Gold, Ben Mendelsohn, Connie Britton, Charlie Tahan, Thomas Mann, Edie Falco",https://www.filmcrave.com/movie_page_main.php?id=60275,Unknown
Summer '03,53965,3.0,1,09/28/2018,English,Comedy,NR,Becca Gleason,"Joey King, Andrea Savage, June Squibb, Erin Darke, Paul Scheer, Jack Kilmer",https://www.filmcrave.com/movie_page_main.php?id=60276,Unknown
The Con is On,40003,1.8,3,05/04/2018,English,Comedy,R,James Oakley,"Tim Roth, Uma Thurman, Alice Eve, Maggie Q, Parker Posey, Sofía Vergara",https://www.filmcrave.com/movie_page_main.php?id=60277,"A husband and wife team of thieves (Tim Roth, Uma Thurman) plan a daring heist while"
Rocketman,3814,2.8,30,05/31/2019,English,"Biography, Drama",R,Dexter Fletcher,"Taron Egerton, Jamie Bell, Bryce Dallas Howard, Richard Madden, Eddie Register, Alison Ball",https://www.filmcrave.com/movie_page_main.php?id=60278,"Follows the remarkable story of Sir Elton John, from his years as a prodigy at the Royal Academy of Music to his more tumultuous, inventive and enduring music career and partnership with Bernie Taupin. --"
Ben is Back,6751,2.8,6,12/07/2018,English,Drama,R,Peter Hedges,"Julia Roberts, Lucas Hedges, Kathryn Newton, Courtney B. Vance, Tim Guinee, Jakari Fraser",https://www.filmcrave.com/movie_page_main.php?id=60279,"Ben Burns is charming but troubles young man and after being estranged from his family, suddenly reappears one Christmas Even. His mother, Holly, is wary but welcomes back her beloved son only to learn Ben is very much still in harm's way. The next 24 hours will affect everyone in the family, as Holly struggles to keep it together. --"
My Dinner with Hervé,53991,3.0,1,10/20/2018,English,"Biography, Drama",NR,Sacha Gervasi,"Andy Garcia, Peter Dinklage, Jamie Dornan, Mireille Enos, Oona Chaplin, Helena Mattsson",https://www.filmcrave.com/movie_page_main.php?id=60280,Unknown
A Private War,5362,3.0,5,11/16/2018,English,"Drama, War",R,Matthew Heineman,"Rosamund Pike, Jamie Dornan, Stanley Tucci, Tom Hollander, Alexandra Moen, Corey Johnson",https://www.filmcrave.com/movie_page_main.php?id=60281,Unknown
Await Further Instructions,38215,2.5,2,10/06/2018,English,"Horror, Sci-Fi",NR,Johnny Kevorkian,"David Bradley, Abigail Cruttenden, Holly Weston, Sam Gittins, Grant Masters, Neerja Naik",https://www.filmcrave.com/movie_page_main.php?id=60282,Unknown
1985,53774,3.0,1,03/09/2018,English,Drama,NR,Yen Tan,"Jamie Chung, Virginia Madsen, Michael Chiklis, Cory Michael Smith, Ryan Piers Williams, Bryan Massey",https://www.filmcrave.com/movie_page_main.php?id=60283,Unknown
Indivisible,24509,2.3,4,10/26/2018,English,"Drama, War",PG-13,David G. Evans,"Justin Bruening, Sarah Drew, Jason George, Tia Mowry-Hardrict, Skye P. Marshall, Tanner Stine",https://www.filmcrave.com/movie_page_main.php?id=60284,"Based on the true story of Army Chaplain Darren Turner and his wife, Heather. War may leave scars, but the deepest wounds are much more personal. As the couple struggles to come to terms with the war, they also must repair the damage to their relationship. --"
The Long Dumb Road,23086,2.5,3,11/16/2018,English,Comedy,R,Hannah Fidell,"Taissa Farmiga, Ron Livingston, Jason Mantzoukas, Grace Gummer, Tony Revolori, Casey Wilson",https://www.filmcrave.com/movie_page_main.php?id=60285,Unknown
Silencio,54001,3.0,1,10/26/2018,English,"Drama, Mystery",R,Lorena Villarreal,"John Noble, Rupert Graves, Melina Matthews, Eivaut Rischen, Shayne Coleman, Tina Romero",https://www.filmcrave.com/movie_page_main.php?id=60286,Unknown
First Light,42077,2.3,2,03/10/2018,English,Thriller,NR,Jason Stone,"Théodore Pellerin, Kristin Booth, Kate Burton, Josh Cruddas, Sean Devine, Ingrid Dion",https://www.filmcrave.com/movie_page_main.php?id=60287,Unknown
Lasso,54021,3.0,1,11/13/2018,English,"Horror, Thriller",NR,Evan Cecil,"Sean Patrick Flanery, Lindsey Morgan, Andrew Jacobs, Karen Grassle, Thomas Cokenias, Heather Mignon",https://www.filmcrave.com/movie_page_main.php?id=60288,Unknown
The Other Side of the Wind,1246,3.2,9,11/02/2018,English,Drama,R,Orson Welles,"John Huston, Robert Random, Peter Bogdanovich, Susan Strasberg, Oja Kodar, Joseph McBride",https://www.filmcrave.com/movie_page_main.php?id=60289,Unknown
Air Strike,45518,1.4,4,10/26/2018,Mandarin,"Action, Drama",NR,Xiao Feng,"Ye Liu, Bruce Willis, Seung-heon Song, Adrien Brody, William Wai-Ting Chan, Shengyi Huang",https://www.filmcrave.com/movie_page_main.php?id=60290,Unknown
Burning ( Beoning ),2121,3.0,17,11/09/2018,Korean,"Drama, Mystery",NR,Chang-dong Lee,"Ah-In Yoo, Steven Yeun, Jong-seo Jeon, Soo-Kyung Kim, Seung-ho Choi, Sung-Keun Moon",https://www.filmcrave.com/movie_page_main.php?id=60291,Unknown
The Great Battle,9162,2.9,4,09/21/2018,Korean,"Historical, War",NR,Kwang-shik Kim,"Joo-Hyuk Nam, In-sung Jo, Seol-Hyun Kim, Dong-il Sung, Sung-woong Park, Oh-seong Yu",https://www.filmcrave.com/movie_page_main.php?id=60292,Unknown
A Greater Society,53820,3.0,1,04/14/2018,English,Documentary,NR,"Craig A. Colton, Stacy Goldate","Joe Biden, Minerva Nazario, Nan Rich, Debbie Wasserman Schultz, Ted Deutch, Mitch Ceasar",https://www.filmcrave.com/movie_page_main.php?id=60293,Unknown
A Moment in the Reeds,53798,3.0,1,03/17/2018,English,"Drama, Romance",NR,Mikko Makela,"Janne Puustinen, Boodi Kabbani, Mika Melender, Virpi Rautsiala",https://www.filmcrave.com/movie_page_main.php?id=60294,Unknown
Sharon 1.2.3.,53959,3.0,1,09/21/2018,English,Comedy,NR,Mark Brown,"Matt Bush, Erinn Hayes, Nadine Velazquez, Skyler Samuels, Gina Rodriguez, Vik Sahay",https://www.filmcrave.com/movie_page_main.php?id=60295,Unknown
Galveston,53987,3.0,1,10/19/2018,English,"Action, Crime",NR,Mélanie Laurent,"Elle Fanning, Ben Foster, Lili Reinhart, Beau Bridges, María Valverde, Robert Aramayo",https://www.filmcrave.com/movie_page_main.php?id=60296,Unknown
Question 7,56666,2.0,1,09/28/1961,English,"Biography, Drama",NR,Stuart Rosenberg,"Michael Gwynn, Christian De Bresson, Almut Eggert, Margaret Jahnen, Erik Schumann, Leo Bieber",https://www.filmcrave.com/movie_page_main.php?id=60297,Unknown
Really Weird Tales,49429,3.0,1,02/02/1987,English,"Comedy, Sci-Fi",NR,"John Blanchard, Paul Lynch, Don McBrearty","Joe Flaherty, Martin Short, Donald Harron, Olivia d'Abo, John Candy, Catherine O'Hara",https://www.filmcrave.com/movie_page_main.php?id=60298,Unknown
Rubin and Ed,49627,3.0,1,05/15/1992,English,"Comedy, Drama",PG-13,Trent Harris,"Crispin Glover, Howard Hesseman, Karen Black, Michael Greene, Anna Louise Daniels, Jonathan Chapin",https://www.filmcrave.com/movie_page_main.php?id=60299,Unknown
"Wild Pear Tree, The ( Ahlat Agaci )",38216,2.5,2,10/08/2018,Turkish,Drama,NR,Nuri Bilge Ceylan,"Dogu Demirkol, Murat Cemcir, Bennu Yildirimlar, Hazar Ergüçlü, Serkan Keskin, Öner Erkan",https://www.filmcrave.com/movie_page_main.php?id=60300,"For some, the countryside is a place of exile where all hopes ultimately merge with"
Benched,53919,3.0,1,08/17/2018,English,"Drama, Sport",NR,"Robert Deaton, George Flanigen","Garret Dillahunt, John C. McGinley, Kelly Lamor Wilson, Jlynn Johnson, Brogan Hall, Graham Schneider",https://www.filmcrave.com/movie_page_main.php?id=60301,Unknown
An L.A. Minute,53926,3.0,1,08/24/2018,English,Comedy,R,Daniel Adams,"Gabriel Byrne, Kiersey Clemons, Bob Balaban, Lyne Renee, Jane McNeill, Ed Marinaro",https://www.filmcrave.com/movie_page_main.php?id=60302,Unknown
Munchie,49626,3.0,1,05/15/1992,English,"Comedy, Family",PG,Jim Wynorski,"Loni Anderson, Andrew Stevens, Jamie McEnnan, Arte Johnson, Dom DeLuise, Jennifer Love Hewitt",https://www.filmcrave.com/movie_page_main.php?id=60303,Unknown
Munchie Strikes Back,49724,3.0,1,06/29/1994,English,"Comedy, Family",PG,Jim Wynorski,"Lesley-Anne Down, Andrew Stevens, Trenton Knight, Howard Hesseman, Angus Scrimm, John Byner",https://www.filmcrave.com/movie_page_main.php?id=60304,Unknown
Leonor ( Mistress  of the Devil ),49114,3.0,1,09/01/1977,French,"Fantasy, Horror",PG,Juan Luis Buñuel,"Michel Piccoli, Liv Ullmann, Ornella Muti, Antonio Ferrandis, José María Prada, Ángel del Pozo",https://www.filmcrave.com/movie_page_main.php?id=60305,Unknown
Fårö Document ( Fårö dokument ),48720,3.0,1,01/01/1970,Swedish,Documentary,NR,Ingmar Bergman,"Ingmar Bergman, Per Broman, Richard Ostman, Linn Ullmann, Liv Ullmann",https://www.filmcrave.com/movie_page_main.php?id=60306,Unknown
Fårö Document 1979 ( Fårö-dokument 1979 ),49208,3.0,1,12/24/1979,Swedish,Documentary,NR,Ingmar Bergman,"Ingmar Bergman, Irene Broman, Ingrid Ekman, Jan Nordberg, Joe Nordberg, Rosa Olofsson",https://www.filmcrave.com/movie_page_main.php?id=60307,Unknown
Split,49507,3.0,1,03/24/1989,English,"Drama, Sci-Fi",NR,Chris Shaw,"Timothy Dwight, Joan Bechtel, John J. Flynn, Chris Shaw, John Martel, Jim Yates",https://www.filmcrave.com/movie_page_main.php?id=60308,Unknown
"Fanchon, the Cricket",47193,3.0,1,05/10/1915,English,Drama,NR,James Kirkwood,"Mary Pickford, Jack Standing, Lottie Pickford, Gertrude Norman, Russell Bassett, Dick Lee",https://www.filmcrave.com/movie_page_main.php?id=60309,Unknown
American Dresser,53951,3.0,1,09/21/2018,English,"Adventure, Drama",NR,Carmine Cangialosi,"Gina Gershon, Penelope Ann Miller, Keith David, Tom Berenger, Jeff Fahey, Bruce Dern",https://www.filmcrave.com/movie_page_main.php?id=60310,Unknown
Goldie Gets Along,47335,3.0,1,01/27/1933,English,"Comedy, Drama",NR,Malcolm St. Clair,"Lili Damita, Charles Morton, Sam Hardy, Nat Pendleton, Lita Chevret, Arthur Hoyt",https://www.filmcrave.com/movie_page_main.php?id=60311,Unknown
22 July,6877,2.8,6,10/10/2018,English,"Biography, Drama",R,Paul Greengrass,"Thorbjørn Harr, Anders Danielsen Lie, Jon Øigarden, Lars Arentz-Hansen, Anneke von der Lippe, Jonas Strand Gravli",https://www.filmcrave.com/movie_page_main.php?id=60312,Unknown
Where Hands Touch,55414,1.5,2,09/14/2018,English,"Drama, Romance",PG-13,Amma Asante,"Abbie Cornish, Amandla Stenberg, George MacKay, Christopher Eccleston, Tom Goodman-Hill, Alec Newman",https://www.filmcrave.com/movie_page_main.php?id=60313,Unknown
Trico Tri Happy Halloween,53966,3.0,1,09/28/2018,English,Family,PG-13,Christian Vogeler,"Armando Gutierrez, Martha Picanes, Kendall Vertes, Adriana Cataño, Carson Rowland, Nick Merico",https://www.filmcrave.com/movie_page_main.php?id=60314,Unknown
At Eternity's Gate,3541,3.0,10,11/16/2018,English,"Biography, Drama",PG-13,Julian Schnabel,"Willem Dafoe, Rupert Friend, Oscar Isaac, Mads Mikkelsen, Mathieu Amalric, Emmanuelle Seigner",https://www.filmcrave.com/movie_page_main.php?id=60315,"Troubled, ridiculed, brilliant - Vincent Van Gogh was labeled many things throughout his chaotic, artistic career, and while At Eternity's Gate isn't a traditional biopic, it give us a look inside the mind of one of the most celebrated artists of our times. --"
The Boat,29201,2.1,4,09/30/2018,English,Thriller,NR,Winston Azzopardi,Joe Azzopardi,https://www.filmcrave.com/movie_page_main.php?id=60316,Unknown
Heavy Trip ( Hevi reissu ),53780,3.0,1,03/10/2018,Finnish,Comedy,NR,"Juuso Laatio, Jukka Vidgren","Johannes Holopainen, Max Ovaska, Minka Kuustonen, Samuli Jaskio, Chike Ohanwe, Ville Tiihonen",https://www.filmcrave.com/movie_page_main.php?id=60317,Unknown
Quincy,53958,3.0,1,09/21/2018,English,Documentary,NR,"Alan Hicks, Rashida Jones","Quincy Jones, Rashida Jones, Lionel Richie, John Legend, Jay Z, Dr. Dre",https://www.filmcrave.com/movie_page_main.php?id=60318,Unknown
Dead Envy,53934,3.0,1,09/03/2018,English,"Drama, Thriller",NR,Harley Di Nardo,"Harley Di Nardo, Adam Reeser, Samantha Smart, Carla Wynn, Joey Medina, Chrissy Bonilla",https://www.filmcrave.com/movie_page_main.php?id=60319,Unknown
Inventing Tomorrow,53725,3.0,1,01/20/2018,English,Documentary,NR,Laura Nix,Unknown,https://www.filmcrave.com/movie_page_main.php?id=60320,Unknown
Bisbee '17,53936,3.0,1,09/05/2018,English,"Documentary, Western",PG,Robert Greene,"Benjamin Joel Caron, Mel Ray, Steve Ray, James West, Aaron Gain, Chris Dietz",https://www.filmcrave.com/movie_page_main.php?id=60321,Unknown
Reprisal,40128,1.6,5,08/31/2018,English,"Action, Crime",R,Brian A. Miller,"Bruce Willis, Frank Grillo, Johnathon Schaech, Olivia Culpo, Natali Yura, Uncle Murda",https://www.filmcrave.com/movie_page_main.php?id=60322,"A bank manager haunted by a violent heist that took the life of a coworker teams up with his ex-cop neighbor to bring down the assailant, initiating an explosive counterattack that brings all three men to the breaking point."
"John McEnroe: In the Realm of Perfection ( empire de la perfection, L' )",53923,3.0,1,08/22/2018,French,Documentary,NR,Julien Faraut,"John McEnroe, Ivan Lendl, Mathieu Amalric",https://www.filmcrave.com/movie_page_main.php?id=60323,Unknown
Age of Summer,47164,3.0,1,00/00/0000,English,"Comedy, Drama",NR,Bill Kiely,"Peter Stormare, Brian Van Holt, Percy Hynes White, Jake Ryan, Diarmaid Murtagh, Madeleine Wade",https://www.filmcrave.com/movie_page_main.php?id=60324,Unknown
S.M.A.R.T. Chase,53932,3.0,1,08/31/2018,English,"Action, Crime",NR,Charles Martin,"Orlando Bloom, Lei Wu, Simon Yam, Hannah Quinlivan, Lynn Hung, Jing Liang",https://www.filmcrave.com/movie_page_main.php?id=60325,Unknown
Next Gen,53941,3.0,1,09/07/2018,English,"Animation, Action",NR,"Kevin R. Adams, Joe Ksander","Jason Sudeikis, Michael Peña, David Cross, Charlyne Yi, Constance Wu, Kiana Ledé",https://www.filmcrave.com/movie_page_main.php?id=60326,Unknown
Songwriter,53837,3.0,1,04/23/2018,English,Documentary,NR,Murray Cummings,"Ed Sheeran, Benny Blanco, Ryan Tedder, Foy Vance, Julia Michaels, Matthew Sheeran",https://www.filmcrave.com/movie_page_main.php?id=60327,Unknown
Winning Formula,52312,3.0,1,06/15/2015,English,"Comedy, Crime",NR,Tyler Farr,"Claudia Pickering, Prudence Vindin, Peter J. Walters, Don Woods, Robert L. Greene, Roslyn Gentle",https://www.filmcrave.com/movie_page_main.php?id=60328,Unknown
The Beach Bum,14353,2.3,13,03/29/2019,English,Comedy,R,Harmony Korine,"Matthew McConaughey, Snoop Dogg, Isla Fisher, Stefania LaVie Owen, Martin Lawrence, Zac Efron",https://www.filmcrave.com/movie_page_main.php?id=60329,Follows the life and times of the rebellious rogue stoner Moondog and the crazy characters that he meets while cruising through life. --
Riley's First Date?,52468,3.0,1,11/03/2015,English,"Animation, Comedy",G,Josh Cooley,"Kaitlyn Dias, Kyle MacLachlan, Diane Lane, Bill Hader, Flea, Amy Poehler",https://www.filmcrave.com/movie_page_main.php?id=60330,Unknown
Her Smell,10936,3.0,3,09/29/2018,English,Drama,R,Alex Ross Perry,"Elisabeth Moss, Cara Delevingne, Dan Stevens, Agyness Deyn, Gayle Rankin, Ashley Benson",https://www.filmcrave.com/movie_page_main.php?id=60331,Unknown
"March of the Penguins 2: The Next Step ( empereur, L' )",53802,3.0,1,03/23/2018,French,"Documentary, Family",NR,Luc Jacquet,"Lambert Wilson, Morgan Freeman, Sofie Gråbøl, Rolf Lassgård, Thomas Acda, Dionysis Savvopoulos",https://www.filmcrave.com/movie_page_main.php?id=60332,Unknown
Viper Club,31596,2.8,2,10/26/2018,English,Drama,R,Maryam Keshavarz,"Matt Bomer, Damian Young, Susan Sarandon, Lola Kirke, Edie Falco, Julian Morris",https://www.filmcrave.com/movie_page_main.php?id=60333,"When a war correspondent is taken hostage on assignment, his mother, not willing to wait on the government, puts her own plan into action in order to rescue him. --"
Private Life,4389,3.0,6,10/05/2018,English,Drama,R,Tamara Jenkins,"Kathryn Hahn, Paul Giamatti, Siobhan Fallon Hogan, Molly Shannon, Emily Robinson, Kayli Carter",https://www.filmcrave.com/movie_page_main.php?id=60334,"A couple dealing with infertility find their relationship tested as they delve deeper and deeper into the wild, weird world of treatment, assisted reproduction and domestic adoption. At first the idea of a third-party reproduction is out of the question - until they meet Sadie, recent college drop out, who has an immediate impact on their lives. --"
MFKZ ( Mutafukaz ),53620,3.0,1,10/21/2017,French,"Animation, Action",R,"Shôjirô Nishimi, Guillaume Renard","Tay Lee, Mark Ryan Haltom, Victor Nguyen, Charles Letessie, Darnell Gene Johnson Jr., Alp Altiner",https://www.filmcrave.com/movie_page_main.php?id=60335,Unknown
Cynthia,54005,3.0,1,10/31/2018,English,"Horror, Comedy",NR,"Devon Downs, Kenny Gage","Scout Taylor-Compton, Sid Haig, Bill Moseley, Robert LaSardo, Kyle Jones, Rebecca Marshall",https://www.filmcrave.com/movie_page_main.php?id=60336,Unknown
"Snow Queen 3, The ( Snezhnaya koroleva 3. Ogon i led )",60165,2.0,1,08/31/2018,Russian,"Animation, Adventure",NR,Aleksey Tsitsilin,"Laurie Hymes, Jason Griffith, Dee Bradley Baker, Vanessa Johansson, Ivan Okhlobystin, Devin Bailey Griffin",https://www.filmcrave.com/movie_page_main.php?id=60337,Unknown
Hwayi:  A Monster  Boy ( Hwa-i: Goi-mool-eul sam-kin a-i ),26037,3.0,2,10/09/2013,Korean,"Action, Thriller",NR,Joon-Hwan Jang,"Yoon-Seok Kim, Jin-Woong Cho, Hyun-Sung Jang, Seong-gyoon Kim, Hae-Joon Park, Ji-Hyun Nam",https://www.filmcrave.com/movie_page_main.php?id=60338,Unknown
Sierra Burgess is a Loser,23083,2.5,3,09/07/2018,English,"Comedy, Drama",PG-13,Ian Samuels,"Shannon Purser, Kristine Froseth, RJ Cyler, Noah Centineo, Loretta Devine, Giorgia Whigham",https://www.filmcrave.com/movie_page_main.php?id=60339,Unknown
Painless,26281,3.0,2,03/02/2017,English,"Drama, Thriller",NR,Jordan Horowitz,"Joey Klein, Evalena Marie, Kip Gilman, Pascal Yen-Pfister, Tommie Sox, Nick Latrenta",https://www.filmcrave.com/movie_page_main.php?id=60340,Unknown
Nelly,53375,3.0,1,06/02/2017,French,Documentary,NR,Anne Émond,"Mylène Mackay, Marie-Claude Guérin, Mickaël Gouin, Emmanuel Schwartz, Francis Leplay, Sylvie Drapeau",https://www.filmcrave.com/movie_page_main.php?id=60341,Unknown
"Invisible Guest, The ( Contratiempo )",4431,3.0,6,09/23/2016,Spanish,"Crime, Mystery",NR,Oriol Paulo,"Mario Casas, Ana Wagener, Jose Coronado, Bárbara Lennie, Francesc Orella, Iñigo Gastesi",https://www.filmcrave.com/movie_page_main.php?id=60342,A man accused of murdering his mistress needs to come up with an impregnable defence
The Ballad of Buster Scruggs,1820,3.0,27,11/16/2018,English,"Comedy, Western",R,"Ethan Coen, Joel Coen","Tim Blake Nelson, James Franco, Liam Neeson, David Krumholtz, Brendan Gleeson, Zoe Kazan",https://www.filmcrave.com/movie_page_main.php?id=60343,Unknown
Twinsanity ( Downward Twin ),53814,3.0,1,04/12/2018,English,"Horror, Thriller",NR,Buz Wallick,"Karissa Strain, Katie Strain, Yves Bright, Angie Everhart, Thaddeus Shafer, Mary O'Neil",https://www.filmcrave.com/movie_page_main.php?id=60344,Unknown
Scotty and the Secret History of Hollywood,53906,3.0,1,07/27/2018,English,Documentary,NR,Matt Tyrnauer,"Scotty Bowers, Peter Bart, Stephen Fry, Robert Hofler, William Mann",https://www.filmcrave.com/movie_page_main.php?id=60345,Unknown
Blood Harvest,46355,1.8,2,01/01/1987,English,Horror,NR,Bill Rebane,"Tiny Tim, Itonia Salchek, Dean West, Lori Minnetti, Peter Krause",https://www.filmcrave.com/movie_page_main.php?id=60346,Unknown
Apostle,7376,2.7,13,10/12/2018,English,"Horror, Thriller",NR,Gareth Evans,"Kristine Froseth, Dan Stevens, Michael Sheen, Lucy Boynton, Bill Milner, Mark Lewis Jones",https://www.filmcrave.com/movie_page_main.php?id=60347,Unknown
Kinky,38218,2.5,2,10/12/2018,English,Romance,R,Jean-Claude La Marre,"Vivica A. Fox, Robert Ri'chard, Obba Babatundé, Darrin Dewitt Henson, Jazsmin Lewis, Dawn Richard",https://www.filmcrave.com/movie_page_main.php?id=60348,Unknown
Mirai ( Mirai no Mira ),5363,3.0,5,11/30/2018,Japanese,"Anime, Adventure",PG,Mamoru Hosoda,"Haru Kuroki, Moka Kamishiraishi, Gen Hoshino, Kôji Yakusho, Kumiko Asô, Yoshiko Miyazaki",https://www.filmcrave.com/movie_page_main.php?id=60349,"A four-year-old boy is finding it difficult  to come to terms with the impending arrival of a new little sister. But things take a magical twist when he discovers a mysterious garden in the backyard -  one that allows him to travel to time and visit his relatives - his mother as a young girl, his great-grandfather as a young man - with his future little sister acting as his guide. This fantastical adventures give him a new perspective, allowing him to become the big brother he was meant to be. --"
A Dangerous Idea,59990,2.0,1,12/09/2016,English,Documentary,NR,Stephanie Welch,"Van Jones, Ignacio Chapela, Andrew Kimbrell, Robert Reich, Oliver James",https://www.filmcrave.com/movie_page_main.php?id=60350,Unknown
Shirkers,10609,3.0,3,01/21/2018,English,Documentary,NR,Sandi Tan,"Jasmine Kin Kia Ng, Sandi Tan",https://www.filmcrave.com/movie_page_main.php?id=60351,Unknown
The Super,53989,3.0,1,10/19/2018,English,Thriller,R,Stephan Rick,"Patrick John Flueger, Val Kilmer, Louisa Krause, Mattea Conforti, Taylor Richardson, Paul Ben-Victor",https://www.filmcrave.com/movie_page_main.php?id=60352,Unknown
Teefa in Trouble,53901,3.0,1,07/20/2018,Other,"Action, Crime",NR,Ahsan Rahim,"Ali Zafar, Maya Ali, Mehmood Aslam, Nayyar Ejaz, Asma Abbas, Salman Bokhari",https://www.filmcrave.com/movie_page_main.php?id=60353,Unknown
Knuckleball,53789,3.0,1,03/13/2018,English,Thriller,NR,Michael Peterson,"Michael Ironside, Munro Chambers, Luca Villacis, Kathleen Munroe, Chenier Hundal, Krista Bridges",https://www.filmcrave.com/movie_page_main.php?id=60354,Unknown
The New Romantic,53784,3.0,1,03/11/2018,English,"Comedy, Drama",NR,Carly Stone,"Jessica Barden, Hayley Law, Camila Mendes, Timm Sharp, Brett Dier, Darren Eisnor",https://www.filmcrave.com/movie_page_main.php?id=60355,Unknown
Stuck,28491,2.3,3,10/26/2018,English,"Drama, Musical",PG-13,Michael Berry,"Giancarlo Esposito, Amy Madigan, Ashanti, Arden Cho, Omar Chaparro, Gerard Canonico",https://www.filmcrave.com/movie_page_main.php?id=60356,Unknown
Transformer,26325,3.0,2,10/28/2017,English,Documentary,NR,Michael Del Monte,Janae Marie Kroczaleski,https://www.filmcrave.com/movie_page_main.php?id=60357,Unknown
Tyrel,23087,2.5,3,12/05/2018,English,"Comedy, Drama",NR,Sebastián Silva,"Jason Mitchell, Michael Cera, Michael Zegen, Caleb Landry Jones, Philip Ettinger, Reg E. Cathey",https://www.filmcrave.com/movie_page_main.php?id=60358,Unknown
They Nest,37469,2.5,2,07/25/2000,English,"Sci-Fi, Horror",PG-13,Ellory Elkayem,"Thomas Calabro, Dean Stockwell, John Savage, Kristen Dalton, Tom McBeath, Mark Schooley",https://www.filmcrave.com/movie_page_main.php?id=60359,Unknown
Another Time,53944,3.0,1,09/14/2018,English,"Comedy, Romance",NR,Thomas Hennessy,"Justin Hartley, Arielle Kebbel, James Kyson, Chrishell Hartley, Alan Pietruszewski, Mark Valley",https://www.filmcrave.com/movie_page_main.php?id=60360,Unknown
Final Score,8650,2.8,5,09/14/2018,English,Action,R,Scott Mann,"Dave Bautista, Martyn Ford, Pierce Brosnan, Ray Stevenson, Stella Paris, Lara Peake",https://www.filmcrave.com/movie_page_main.php?id=60361,Unknown
Scream of Stone ( Cerro Torre: Schrei aus Stein ),57853,2.0,1,10/03/1991,German,Drama,NR,Werner Herzog,"Vittorio Mezzogiorno, Stefan Glowacz, Mathilda May, Al Waxman, Gunilla Karlzen, Chavela Vargas",https://www.filmcrave.com/movie_page_main.php?id=60362,Unknown
Echoes From a Somber Empire ( Echos aus einem düsteren Reich ),49629,3.0,1,07/15/1992,French,Documentary,NR,Werner Herzog,"Michael Goldsmith, Werner Herzog, Augustine Assemat, Jean-Bédel Bokassa, Francis Szpiner, Marie-Reine Hassen",https://www.filmcrave.com/movie_page_main.php?id=60363,Unknown
They'll Love Me When I'm Dead,54010,3.0,1,11/02/2018,English,Documentary,NR,Morgan Neville,"Peter Bogdanovich, Orson Welles, Beatrice Welles, Oja Kodar, Frank Marshall, Joseph McBride",https://www.filmcrave.com/movie_page_main.php?id=60364,Unknown
Border ( Gräns ),3433,3.1,6,10/26/2018,Swedish,"Fantasy, Romance",R,Ali Abbasi,"Eva Melander, Eero Milonoff, Viktor Åkerblom, Sten Ljunggren, Rakel Wärmländer, Ann Petrén",https://www.filmcrave.com/movie_page_main.php?id=60365,"A border agent has a unique talents - the ability to smell human emotions, a gift that has led her to catch many smugglers. But this gift is put to the test when a mysterious stranger confounds this sense, and draws her down a dark path. --"
Elliot the Littlest Reindeer,54027,3.0,1,11/30/2018,English,"Animation, Family",PG,Jennifer Westcott,"Morena Baccarin, Josh Hutcherson, John Cleese, Martin Short, Jean Yoon, Samantha Bee",https://www.filmcrave.com/movie_page_main.php?id=60366,Unknown
Everybody Knows ( Todos lo saben ),18931,2.7,3,09/26/2018,Spanish,"Drama, Mystery",R,Asghar Farhadi,"Penélope Cruz, Javier Bardem, Jaime Lorente, Ricardo Darín, Bárbara Lennie, Inma Cuesta",https://www.filmcrave.com/movie_page_main.php?id=60367,Unknown
Free Solo,4971,2.8,15,09/28/2018,English,Documentary,PG-13,"Jimmy Chin, Elizabeth Chai Vasarhelyi","Tommy Caldwell, Jimmy Chin, Alex Honnold, Sanni McCandless",https://www.filmcrave.com/movie_page_main.php?id=60368,"Alex Honnold takes on a seemingly impossible task - to free climb the sheer vertical face of Yosemite's 3,000 ft El Capitan Wall. Planning, determination, daring - what goes into conquering such a task without the aid of ropes or safety equipment and achieving one of the greatest feats in rock climbing history.  --"
Happy as Lazzaro ( Lazzaro felice ),6787,3.0,4,11/30/2018,Italian,Drama,PG-13,Alice Rohrwacher,"Adriano Tardiolo, Agnese Graziani, Luca Chikovani, Alba Rohrwacher, Sergi López, Nicoletta Braschi",https://www.filmcrave.com/movie_page_main.php?id=60369,Unknown
Jane and Emma,53979,3.0,1,10/12/2018,English,Drama,PG,Chantelle Squires,"Danielle Deadwyler, Emily Goss, Brad Schmidt, K. Danor Gerald, Clotile Bonner, Ann Bosler",https://www.filmcrave.com/movie_page_main.php?id=60370,"Following the death of Joseph Smith, his widow. Emma, finds herself standing on the edge about to go over. Her friend, Jane Manning, wants to help but first she must find a way to reconnect with her faith, and also overcome the norms for society, as she is black, and a relationship with a white woman is all but forbidden. --"
London Fields,54872,1.1,4,10/26/2018,English,"Comedy, Mystery",R,Mathew Cullen,"Amber Heard, Cara Delevingne, Theo James, Jim Sturgess, Jaimie Alexander, Billy Bob Thornton",https://www.filmcrave.com/movie_page_main.php?id=60371,"Nicola Six is a beautiful, dangerous woman - one with a unique gift of clairvoyance. But this talent has shown her something that has cast a dark shadow over her entire life: her own impending death. Thus she begins a love affair with three very different men - one of whom will turn out to be her murderer. --"
Love Jacked,53746,3.0,1,02/08/2018,English,"Comedy, Romance",PG-13,Alfons Adetuyi,"Keith David, Amber Stevens West, Lyriq Bent, Mike Epps, Shamier Anderson, Marla Gibbs",https://www.filmcrave.com/movie_page_main.php?id=60372,Unknown
Outlaw King,17777,2.4,5,11/09/2018,English,"Action, Biography",R,David Mackenzie,"Chris Pine, Aaron Taylor-Johnson, Florence Pugh, Stephen Dillane, Callan Mulvey, Tony Curran",https://www.filmcrave.com/movie_page_main.php?id=60373,Unknown
"Sunday's Illness ( enfermedad del domingo, La )",53887,3.0,1,06/15/2018,Spanish,Drama,PG-13,Ramón Salazar,"Bárbara Lennie, Susi Sánchez, Greta Fernández, Bruna González, David Kammenos, Richard Bohringer",https://www.filmcrave.com/movie_page_main.php?id=60374,Unknown
"Monrovia, Indiana",21451,3.3,2,10/26/2018,English,Documentary,NR,Frederick Wiseman,Unknown,https://www.filmcrave.com/movie_page_main.php?id=60375,"A snapshot of modern-day rural America, as Frederick Wiseman explores the people and values present in Monrovia, Indiana and how this dwindling farming community - and others like them - exerts influence in today's political landscape. --"
River Runs Red,43311,2.0,2,11/09/2018,English,Thriller,NR,Wes Miller,"Taye Diggs, John Cusack, George Lopez, Luke Hemsworth, Gianni Capaldi, Briana Evigan",https://www.filmcrave.com/movie_page_main.php?id=60376,"A successful judge watches as the two officers responsible for his son's murder are set free by a corrupts system. With not other choice, he seeks the help of a hardened detective and a fellow mourning father to enact their own brand of justice. --"
Better Start Running,53847,3.0,1,04/28/2018,English,"Action, Comedy",NR,Brett Simon,"Analeigh Tipton, Jeremy Irons, Maria Bello, Jane Seymour, Alex Sharp, Edi Gathegi",https://www.filmcrave.com/movie_page_main.php?id=60377,Unknown
Bullitt County,33067,2.8,2,02/01/2018,English,"Action, Drama",NR,David McCracken,"Mike C. Nelson, Jenni Melear, David McCracken, Napoleon Ryan, Dorothy Lyman, Richard Riehle",https://www.filmcrave.com/movie_page_main.php?id=60378,Unknown
Time Trap,26295,3.0,2,05/19/2017,English,"Action, Sci-Fi",NR,"Mark Dennis, Ben Foster","Andrew Wilson, Cassidy Gifford, Brianne Howey, Reiley McClendon, Olivia Draguicevich, Max Wright",https://www.filmcrave.com/movie_page_main.php?id=60379,Unknown
Death on the Nile,11183,2.4,25,02/11/2022,English,"Crime, Mystery",PG-13,Kenneth Branagh,"Gal Gadot, Kenneth Branagh, Letitia Wright, Armie Hammer, Tom Bateman, Annette Bening",https://www.filmcrave.com/movie_page_main.php?id=60380,"The world's foremost detective, Hercule Poirot, has decided to take a much-needed vacation to the Nile. But things don't always work out as planned and when a young heiress turns up dead, Poirot much once again put his skills to the test and find the murderer. --"
Stimulantia,56766,2.0,1,03/28/1967,Swedish,Drama,NR,"Hans Abramson, Hans Alfredson, Arne Arnbom, Ingmar Bergman, Tage Danielsson, Jörn Donner, Lars Görling, Gustaf Molander, Vilgot Sjöman","Ingrid Bergman, Birgit Nilsson, Hans Alfredson, Hans Abramson, Gunnel Broström, Inga Landgré",https://www.filmcrave.com/movie_page_main.php?id=60381,Unknown
The Last of the Mobile Hot Shots,48727,3.0,1,01/14/1970,English,Drama,NC-17,Sidney Lumet,"James Coburn, Lynn Redgrave, Robert Hooks, Perry Hayes, Reggie King",https://www.filmcrave.com/movie_page_main.php?id=60382,Unknown
Bells from the Deep ( Glocken aus der Tiefe - Glaube und Aberglaube in Rußland ),57993,2.0,1,09/07/1993,Russian,Documentary,NR,Werner Herzog,Unknown,https://www.filmcrave.com/movie_page_main.php?id=60383,Unknown
Faust: Love of the Damned,58672,2.0,1,02/02/2001,English,"Fantasy, Horror",R,Brian Yuzna,"Mark Frost, Isabel Brook, Jennifer Rope, Jeffrey Combs, Mònica Van Campen, Fermí Reixach",https://www.filmcrave.com/movie_page_main.php?id=60384,Unknown
White Rabbit,60126,2.0,1,01/19/2018,English,"Comedy, Drama",NR,Daryl Wein,"Vivian Bang, Nico Evers-Swindell, Nana Ghana, Tracy Hazas, Michelle Sui, Elizabeth Sung",https://www.filmcrave.com/movie_page_main.php?id=60385,Unknown
"Wizard's Tale, A ( Here Comes the Grump )",53947,3.0,1,09/14/2018,English,"Animation, Adventure",NR,Andrés Couturier,"Toby Kebbell, Lily Collins, Keith Wickham, David Holt, Jay Britton, Emma Tate",https://www.filmcrave.com/movie_page_main.php?id=60386,Unknown
Winter Ridge,53949,3.0,1,09/18/2018,English,Thriller,NR,Dom Lenoir,"Matt Hookings, Olwen Catherine Kelly, Hannah Waddingham, Michael McKell, Justin McDonald, Alan Ford",https://www.filmcrave.com/movie_page_main.php?id=60387,Unknown
The Island,53917,3.0,1,08/10/2018,Mandarin,"Comedy, Drama",NR,Bo Huang,"Bo Huang, Qi Shu, Baoqiang Wang, Yixing Zhang, Xun Wang, Qinqin Li",https://www.filmcrave.com/movie_page_main.php?id=60388,Unknown
Beyond The Sky,53952,3.0,1,09/21/2018,English,"Sci-Fi, Thriller",NR,Fulvio Sestito,"Ryan Carnes, Jordan Hinson, Claude Duhamel, Martin Sensmeier, Don Stark, Peter Stormare",https://www.filmcrave.com/movie_page_main.php?id=60389,Unknown
Gauguin: Voyage to Tahiti ( Gauguin - Voyage de Tahiti ),38206,2.5,2,07/11/2018,French,"Biography, Drama",NR,Edouard Deluc,"Vincent Cassel, Tuheï Adams, Malik Zidi, Pua-Taï Hikutini, Pernille Bergendorff, Marc Barbé",https://www.filmcrave.com/movie_page_main.php?id=60390,"French artist Paul Gauguin feels smothered in 1891 Paris, and it hinders his artistic ability. Unable to convince his family to go with him, he voyages alone to Tahiti, wear he sets up on the far reaches of civilization. Setting up a native-style hut, he finds inspiration once again - and though he deals with many troubles, also finds a connection and happiness in Tehura, a young, beautiful native. --"
Asher,31501,2.2,3,12/07/2018,English,Drama,R,Michael Caton-Jones,"Famke Janssen, Ron Perlman, Guy Burnet, Richard Dreyfuss, Peter Facinelli, Jacqueline Bisset",https://www.filmcrave.com/movie_page_main.php?id=60391,Unknown
Cold War ( Zimna wojna ),2038,3.0,14,12/21/2018,Polish,"Drama, Romance",R,Pawel Pawlikowski,"Joanna Kulig, Tomasz Kot, Borys Szyc, Agata Kulesza, Cédric Kahn, Jeanne Balibar",https://www.filmcrave.com/movie_page_main.php?id=60392,"An impossible love story set in an improbable time - as two lovers find passion despite their different backgrounds and temperaments, set against the backdrop of the Cold War that spans Poland, Berlin, Yugoslavia and Paris.  --"
Maine,53835,3.0,1,04/23/2018,English,Drama,R,Matthew Brown,"Laia Costa, Matthew Brown, Pete Burris, Pat Dortch, Thomas Mann, Yossie Mulyadi",https://www.filmcrave.com/movie_page_main.php?id=60393,Unknown
Shoplifters ( Manbiki kazoku ),386,3.3,16,11/23/2018,Japanese,"Crime, Drama",R,Hirokazu Koreeda,"Kirin Kiki, Lily Franky, Sôsuke Ikematsu, Sakura Andô, Mayu Matsuoka, Jyo Kairi",https://www.filmcrave.com/movie_page_main.php?id=60394,A family of small-time crooks use shoplifting to help ends meet but their
Don't Go,53999,3.0,1,10/26/2018,English,Mystery,NR,David Gleeson,"Stephen Dorff, Melissa George, Simon Delaney, Aoibhinn McGinnity, Grace Farrell, Gavin O'Connor",https://www.filmcrave.com/movie_page_main.php?id=60395,Unknown
The Mule,5386,2.7,22,12/14/2018,English,"Crime, Drama",R,Clint Eastwood,"Clint Eastwood, Bradley Cooper, Michael Peña, Taissa Farmiga, Laurence Fishburne, Alison Eastwood",https://www.filmcrave.com/movie_page_main.php?id=60396,"The story of Earl Stone, a 90-year-old WWII vet and horticulturist who finds himself running afoul of the law when he is caught with $3 million worth of cocaine he is smuggling for a Mexican Cartel.  --"
The Silence,28561,2.0,10,04/10/2019,English,Horror,PG-13,John R. Leonetti,"Kiernan Shipka, Miranda Otto, Stanley Tucci, John Corbett, Kyle Breitkopf, Kate Corbett",https://www.filmcrave.com/movie_page_main.php?id=60397,An expedition deep into the Appalachian Mountains lets loose a swarm of deadly creatures that hunt by sound. The film follows a family in New Jersey as they attempt to find safety - while staying as quiet as possible. --
Vice,2541,2.9,29,12/25/2018,English,"Biography, Drama",R,Adam McKay,"Christian Bale, Amy Adams, Sam Rockwell, Alison Pill, Steve Carell, Jesse Plemons",https://www.filmcrave.com/movie_page_main.php?id=60398,"Explores the influence of Dick Cheney, a Washington insider who became vice president to George W. Bush, and used that position to change the political landscape - with ripples that are still felt today. --"
"terreur des Batignolles, La",47282,3.0,1,01/01/1931,French,Thriller,NR,Henri-Georges Clouzot,Boucot Fils,https://www.filmcrave.com/movie_page_main.php?id=60399,Unknown
Here and Now ( Blue Night ),38220,2.5,2,11/09/2018,English,"Drama, Romance",NR,Fabien Constant,"Renée Zellweger, Sarah Jessica Parker, Simon Baker, Taylor Kinney, Common, Jacqueline Bisset",https://www.filmcrave.com/movie_page_main.php?id=60400,"After receiving a fatal diagnosis, a singer in New York finds her life and career put in a whole new perspective. --"
"Final Prayer ( Borderlands, The )",52165,3.0,1,02/24/2015,English,Horror,R,Elliot Goldner,"Gordon Kennedy, Robin Hill, Aidan McArdle, Patrick Godfrey, Kevin Johnson, Marcus Cunningham",https://www.filmcrave.com/movie_page_main.php?id=60401,When unsettling events occur in an isolated church investigators from the Vatican look
Who Killed Captain Alex?,43136,1.7,3,03/01/2015,Other,"Action, Crime",NR,Nabwana I.G.G.,"Kakule William, Kakule Wilson, Sserunya Ernest, G. Puffs, Kavubu Muhammed, Kasumba Isma",https://www.filmcrave.com/movie_page_main.php?id=60402,Unknown
Clara's Ghost,53720,3.0,1,01/19/2018,English,"Comedy, Drama",NR,Bridey Elliott,"Paula Niedert Elliott, Chris Elliott, Abby Elliott, Bridey Elliott, Haley Joel Osment, Isidora Goreshter",https://www.filmcrave.com/movie_page_main.php?id=60403,Unknown
Mayhem Park,60155,2.0,1,06/01/2018,English,"Crime, Thriller",NR,Joey Harlow,"Michael Alexander, Kevin R. Allen, Ron Angelocci, Catie Elizabeth Ashley, John Vella, Natalie Peri",https://www.filmcrave.com/movie_page_main.php?id=60404,Unknown
Between Worlds,38213,2.5,2,09/22/2018,English,"Action, Thriller",R,Maria Pulera,"Nicolas Cage, Penelope Mitchell, Franka Potente, Garrett Clayton, Lydia Hearst, Brit Shaw",https://www.filmcrave.com/movie_page_main.php?id=60405,Unknown
Jinn,53783,3.0,1,03/11/2018,English,Drama,NR,Nijla Mumin,"Simone Missick, Zoe Renee, Hisham Tawfiq, Kelvin Harrison Jr., Dorian Missick, Kelly Jenrette",https://www.filmcrave.com/movie_page_main.php?id=60406,Unknown
Trust Machine: The Story of Blockchain,54002,3.0,1,10/26/2018,English,Documentary,NR,Alex Winter,"Rosario Dawson, Imogen Heap, Tim Draper, Spiros Michalakis, Lauri Love, Gramatik",https://www.filmcrave.com/movie_page_main.php?id=60407,Unknown
The Night Comes for Us,4023,3.1,5,10/19/2018,Other,"Action, Thriller",NR,Timo Tjahjanto,"Iko Uwais, Julie Estelle, Joe Taslim, Sunny Pang, Zack Lee, Shareefa Daanish",https://www.filmcrave.com/movie_page_main.php?id=60408,Unknown
Pet Sematary,15200,2.3,20,04/05/2019,English,Horror,R,"Kevin Kölsch, Dennis Widmyer","Jason Clarke, John Lithgow, Amy Seimetz, Hugo Lavoie, Jeté Laurence, Obssa Ahmed",https://www.filmcrave.com/movie_page_main.php?id=60409,"After moving his family to a rural house, Louis Creed learns the eerie history behind the local 'Pet Sematary' located near his home from neighbor Jud Crandall. When their pet cat suffers a tragic fate, he knows it will break the heart of his daughter Ellie and young son Gage, and thus relies on the power to bring the lovable family pet back. But he soon learns the hard lesson that about those who come back - and that sometimes, dead is better. --"
Aladdin,5775,2.7,29,05/24/2019,English,"Adventure, Family",PG,Guy Ritchie,"Mena Massoud, Will Smith, Naomi Scott, Marwan Kenzari, Navid Negahban, Nasim Pedrad",https://www.filmcrave.com/movie_page_main.php?id=60410,"A street urchin finds himself with unlimited possibilities when he comes across a magic lamp that houses a genie that will grant him three wishes. He is determined to become a prince to win the hand of Princess Jasmine, but the king's evil vizier Jafar has nefarious plans as he schemes to make the genie his own.  --"
High Life,4726,2.9,10,10/02/2018,English,"Drama, Horror",R,Claire Denis,"Robert Pattinson, Juliette Binoche, André Benjamin, Mia Goth, Lars Eidinger, Agata Buzek",https://www.filmcrave.com/movie_page_main.php?id=60411,Unknown
Jonathan,6972,3.0,4,11/16/2018,English,"Drama, Sci-Fi",NR,Bill Oliver,"Ansel Elgort, Patricia Clarkson, Suki Waterhouse, Matt Bomer, Douglas Hodge, Ramses Torres",https://www.filmcrave.com/movie_page_main.php?id=60412,Unknown
Homesdale,56881,2.0,1,01/01/1971,English,"Comedy, Drama",NR,Peter Weir,"Geoff Malone, Grahame Bond, Kate Fitzpatrick, Barry Donnelly, Doreen Warburton, James Lear",https://www.filmcrave.com/movie_page_main.php?id=60413,Unknown
Starve,41977,2.3,2,10/01/2014,English,"Horror, Thriller",NR,Griff Furst,"Mariah Bonner, Bobby Campo, Catherine Cappiello, Dave Davis, Casey Dillard, Bobby C. King",https://www.filmcrave.com/movie_page_main.php?id=60414,Unknown
"Scandalous Adventures of Buraikan, The ( Buraikan )",56864,2.0,1,11/01/1970,Japanese,"Comedy, Drama",NR,Masahiro Shinoda,"Tatsuya Nakadai, Shima Iwashita, Shôichi Ozawa, Fumio Watanabe, Masakane Yonekura, Kei Yamamoto",https://www.filmcrave.com/movie_page_main.php?id=60415,Unknown
Silence ( Chinmoku ),56908,2.0,1,11/03/1971,Japanese,"Drama, Historical",NR,Masahiro Shinoda,"David Lampson, Don Kenny, Tetsurô Tanba, Mako, Shima Iwashita, Eiji Okada",https://www.filmcrave.com/movie_page_main.php?id=60416,Unknown
Trench 11,18920,2.7,3,10/15/2017,English,"Horror, War",NR,Leo Scherman,"Rossif Sutherland, Robert Stadlober, Charlie Carrick, Shaun Benson, Ted Atherton, Luke Humphrey",https://www.filmcrave.com/movie_page_main.php?id=60417,Unknown
In a Relationship,53830,3.0,1,04/20/2018,English,"Comedy, Drama",NR,Sam Boyd,"Emma Roberts, Michael Angarano, Dree Hemingway, Patrick Gibson, Jay Ellis, Greta Lee",https://www.filmcrave.com/movie_page_main.php?id=60418,Unknown
The Possession of Hannah Grace,20192,2.2,8,11/30/2018,English,Horror,R,Diederik Van Rooijen,"Stana Katic, Shay Mitchell, Grey Damon, Louis Herthum, Jacob Ming-Trent, Lexie Roth",https://www.filmcrave.com/movie_page_main.php?id=60419,"A cop who has recently completed a stint in rehab finds herself taking the only job available - the graveyard shift at the local hospital morgue. The dead don't make for good company, especially when a series of violent, bizarre events seems to point to an evil entity inhabiting one of the corpses. --"
The Aftermath,23364,2.2,6,04/26/2019,English,"Romance, War",R,James Kent,"Alexander Skarsgård, Keira Knightley, Jason Clarke, Kate Phillips, Jannik Schümann, Fionn O'Shea",https://www.filmcrave.com/movie_page_main.php?id=60420,"In post-WWII Hamburg, a British colonel, assigned to help rebuild the city, is joined by his wife during the bitter winter. Once she arrives, she learns her husband is not her only companion as the home's former owner, a German widower, along with his daughter, will be sharing their home. The charged atmosphere starts with grief but soon enough brings passion and betrayal. --"
Best F(r)iends: Volume 2,53871,3.0,1,06/01/2018,English,"Comedy, Drama",R,Justin MacGregor,"Tommy Wiseau, Greg Sestero, Kristen StephensonPino, Rick Edwards, R.J. Cantu, Patrick Greene",https://www.filmcrave.com/movie_page_main.php?id=60421,Unknown
In Search of Greatness,21452,3.3,2,11/02/2018,English,Documentary,PG-13,Gabe Polsky,"Wayne Gretzky, Jerry Rice, Pelé, Ken Robinson, David Epstein",https://www.filmcrave.com/movie_page_main.php?id=60422,"What makes one the greatest? Some of the biggest names in sports - Wayne Gretzky, Jerry Rice and Pelé reflect on the individual journeys and how they earned their respective titles. --"
Piercing,54037,3.0,1,12/07/2018,English,"Horror, Thriller",R,Nicolas Pesce,"Christopher Abbott, Mia Wasikowska, Laia Costa, Maria Dizzia, Marin Ireland, Olivia Bond",https://www.filmcrave.com/movie_page_main.php?id=60423,Unknown
Puppy Star Christmas,60172,2.0,1,11/20/2018,English,Family,PG,Robert Vince,"Diedrich Bader, George Newbern, Richard Riehle, David DeLuise, Danny Woodburn, Oakley Bull",https://www.filmcrave.com/movie_page_main.php?id=60424,Unknown
Rust Creek,29665,2.0,5,01/31/2019,English,"Drama, Thriller",R,Jen McGowan,"Hermione Corfield, Denise Dal Vera, Jeremy Glazer, Laura Guzman, Micah Hauptman, Daniel R. Hill",https://www.filmcrave.com/movie_page_main.php?id=60425,Unknown
Brewmaster,60160,2.0,1,08/02/2018,English,Documentary,NR,Douglas Tirola,Unknown,https://www.filmcrave.com/movie_page_main.php?id=60426,Unknown
The Clovehitch Killer,9164,2.9,4,11/16/2018,English,"Drama, Horror",NR,Duncan Skiles,"Charlie Plummer, Dylan McDermott, Samantha Mathis, Madisen Beaty, Brenna Sherman, Lance Chantiles-Wertz",https://www.filmcrave.com/movie_page_main.php?id=60427,Unknown
Destroyer,10567,2.5,12,12/25/2018,English,"Action, Crime",R,Karyn Kusama,"Nicole Kidman, Toby Kebbell, Tatiana Maslany, Sebastian Stan, Scoot McNairy, Bradley Whitford",https://www.filmcrave.com/movie_page_main.php?id=60428,"As a young officer, Erin Bell found herself embedded deep undercover with California gang known for bank robberies. But when she becomes too attached to the leader, it leads to a moral crisis and tragic results. Years later, when the gang re-emerges, Bell finds herself on another journey - tracking down old members and trying to wrestle the demons of her past that destroyed everything she knew. --"
Swimming with Men,54044,3.0,1,12/25/2018,English,"Comedy, Drama",NR,Oliver Parker,"Rob Brydon, Rupert Graves, Thomas Turgoose, Adeel Akhtar, Jim Carter, Daniel Mays",https://www.filmcrave.com/movie_page_main.php?id=60429,Unknown
All the Creatures Were Stirring,53810,3.0,1,04/06/2018,English,Horror,NR,"David Ian McKendry, Rebekah McKendry","Constance Wu, Jonathan Kite, Jocelin Donahue, Ashley Clements, Mark Kelly, Graham Skipper",https://www.filmcrave.com/movie_page_main.php?id=60430,Unknown
The Curse of La Llorona,29788,1.8,15,04/19/2019,English,"Horror, Mystery",R,Michael Chaves,"Linda Cardellini, Patricia Velasquez, Raymond Cruz, Sean Patrick Thomas, Madeleine McGraw, John Marshall Jones",https://www.filmcrave.com/movie_page_main.php?id=60431,"A social worker assigned to a case ignores the warning of a troubled mother suspected of child endangerment. It soon becomes apparent how serious that warning was, as her family begins to experience supernatural phenomena attached to a malevolent spirit known as La Llorona. In order to escape the wrath of the entity, she will turn to a disillusioned priest who practices in his own style between the fringes of religion and mysticism. --"
Unlovable,54012,3.0,1,11/02/2018,English,"Comedy, Documentary",NR,Suzi Yoonessi,"Charlene deGuzman, John Hawkes, Melissa Leo, Paul James, Ellen Geer, Jake McDorman",https://www.filmcrave.com/movie_page_main.php?id=60432,Unknown
Escape Room,13085,2.3,23,01/04/2019,English,"Action, Horror",PG-13,Adam Robitel,"Taylor Russell, Logan Miller, Jay Ellis, Tyler Labine, Deborah Ann Woll, Nik Dodani",https://www.filmcrave.com/movie_page_main.php?id=60433,Six strangers find themselves in dire circumstances and must use their wits in order to survive. --
The Heretics,23072,2.5,3,11/09/2017,Unknown,"Fantasy, Horror",NR,Chad Archibald,"Nina Kiri, Ry Barrett, Jorja Cadence, Will King, Nina Richmond, Austin Duffy",https://www.filmcrave.com/movie_page_main.php?id=60434,Unknown
Monster Party,33086,2.8,2,10/01/2018,English,"Horror, Mystery",NR,Chris von Hoffmann,"Julian McMahon, Robin Tunney, Sam Strike, Virginia Gardner, Brandon Micheal Hall, Erin Moriarty",https://www.filmcrave.com/movie_page_main.php?id=60435,Unknown
Happy Death Day 2U,12229,2.4,18,02/14/2019,English,Horror,PG-13,Christopher Landon,"Jessica Rothe, Israel Broussard, Ruby Modine, Suraj Sharma, Rachel Matthews, Charles Aitken",https://www.filmcrave.com/movie_page_main.php?id=60436,"Tree Gelbman thought she finally broke the curse after figuring out her roommate, Lori, was responsible for her myriad deaths... but two years after surviving, she returns to the original time-loop and this time it's not just her life that's on the line. She will have to figure out why she is back, what is responsible for the loop and try to save all those she has come to know and love... and it will involve dying for he cause again and again. --"
Charlie's Angels,15710,2.3,11,11/15/2019,English,"Action, Comedy",PG-13,Elizabeth Banks,"Kristen Stewart, Naomi Scott, Noah Centineo, Sam Claflin, Elizabeth Banks, Patrick Stewart",https://www.filmcrave.com/movie_page_main.php?id=60437,"A new generation of Angels, working under command of the mysterious Charlie, work to recover a dangerous new weapon from falling into the wrong hands. --"
Benchwarmers 2,33609,2.0,4,02/05/2019,English,"Comedy, Sport",PG-13,Jonathan A. Rosenbaum,"Chris Klein, Jon Lovitz, Lochlyn Munro, Lisa Durupt, Lee Majdoub, Crystal Lowe",https://www.filmcrave.com/movie_page_main.php?id=60438,Unknown
Vox Lux,9586,2.6,7,12/07/2018,English,"Drama, Musical",R,Brady Corbet,"Natalie Portman, Jude Law, Christopher Abbott, Willem Dafoe, Jennifer Ehle, Raffey Cassidy",https://www.filmcrave.com/movie_page_main.php?id=60439,The rise and fall and rise again of a pop star in the face of national and personal tragedy. --
The Reckoning: Hollywood's Worst Kept Secret,53848,3.0,1,04/28/2018,English,Documentary,NR,Barry Avrich,"Emma Thompson, Joan Collins, Terri Conn, Alan M. Dershowitz, Wendy Walsh, David Carr",https://www.filmcrave.com/movie_page_main.php?id=60440,Unknown
Tea with the Dames,5118,3.1,4,09/21/2018,English,Documentary,NR,Roger Michell,"Eileen Atkins, Judi Dench, Joan Plowright, Maggie Smith, Michael Williams",https://www.filmcrave.com/movie_page_main.php?id=60441,"Four powerhouse actresses, and certified Dames as honored by the Queen: join Judi Dench, Maggie Smith, Joan Plowright and Eileen Atkins as they sit down for tea and discuss their lives and careers. --"
The Healer,60166,2.0,1,09/21/2018,English,"Comedy, Drama",NR,Paco Arango,"Oliver Jackson-Cohen, Jonathan Pryce, Camilla Luddington, Kaitlyn Bernard, Jorge Garcia, Adrian G. Griffiths",https://www.filmcrave.com/movie_page_main.php?id=60442,Unknown
Golden Job ( Huang jin xiong di ),53963,3.0,1,09/28/2018,Mandarin,"Action, Adventure",NR,Kar Lok Chin,"Ekin Cheng, Jordan Chan, Michael Tse, Kar Lok Chin, Jerry Lamb, Charmaine Sheh",https://www.filmcrave.com/movie_page_main.php?id=60443,Unknown
At First Light,53778,3.0,1,03/10/2018,English,"Drama, Sci-Fi",NR,Jason Stone,"Théodore Pellerin, Percy Hynes White, Kristin Booth, Kate Burton, Josh Cruddas, Stefanie Scott",https://www.filmcrave.com/movie_page_main.php?id=60444,Unknown
Cruise,53962,3.0,1,09/28/2018,English,"Drama, Romance",NR,Robert Siegel,"Emily Ratajkowski, Kathrine Narducci, Spencer Boldman, Noah Robbins, Sebastian Maniscalco, Gino Cafarelli",https://www.filmcrave.com/movie_page_main.php?id=60445,Unknown
Over the Limit,53974,3.0,1,10/05/2018,Russian,"Documentary, Sport",NR,Marta Prus,"Yana Kudryavtseva, Margarita Mamun, Irina Viner, Amina Zaripova",https://www.filmcrave.com/movie_page_main.php?id=60446,Unknown
Trouble,53383,3.0,1,06/08/2017,English,"Comedy, Drama",R,Theresa Rebeck,"Anjelica Huston, Bill Pullman, David Morse, Julia Stiles, Brian d'Arcy James, Jim Parrack",https://www.filmcrave.com/movie_page_main.php?id=60447,Unknown
Viking Destiny,33089,2.8,2,10/05/2018,English,"Action, Fantasy",R,David L.G. Hughes,"Martyn Ford, Terence Stamp, Paul Freeman, Will Mellor, Victoria Broom, Ian Beattie",https://www.filmcrave.com/movie_page_main.php?id=60448,Unknown
Studio 54,26351,3.0,2,10/05/2018,English,Documentary,NR,Matt Tyrnauer,"Steve Rubell, Ian Schrager",https://www.filmcrave.com/movie_page_main.php?id=60449,Unknown
Ride,44960,2.0,2,09/23/2018,English,Thriller,NR,Jeremy Ungar,"Bella Thorne, Jessie T. Usher, Will Brill, Hailee Keanna Lautenbach, Sara Lindsey, Byron L. Hopkins",https://www.filmcrave.com/movie_page_main.php?id=60450,Unknown
Bayou Caviar,53970,3.0,1,10/05/2018,English,Drama,NR,Cuba Gooding Jr.,"Cuba Gooding Jr., Famke Janssen, Richard Dreyfuss, Lia Marie Johnson, Gregg Bello, Katharine McPhee",https://www.filmcrave.com/movie_page_main.php?id=60451,Unknown
Chasing the Blues,53971,3.0,1,10/05/2018,English,Comedy,NR,Scott Smith,"Grant Rosenmeyer, Ronald L. Conner, Chelsea Tavares, Clem Cheung, Anna Maria Horsford, Steve Guttenberg",https://www.filmcrave.com/movie_page_main.php?id=60452,Unknown
Look Away,33090,2.8,2,10/12/2018,English,Thriller,NR,Assaf Bernstein,"India Eisley, Penelope Mitchell, Jason Isaacs, Mira Sorvino, Harrison Gilbertson, Kristen Harris",https://www.filmcrave.com/movie_page_main.php?id=60453,Unknown
I Still See You,28490,2.3,3,10/12/2018,English,Thriller,PG-13,Scott Speer,"Bella Thorne, Dermot Mulroney, Richard Harmon, Sara Thompson, Louis Herthum, Amy Price-Francis",https://www.filmcrave.com/movie_page_main.php?id=60454,Unknown
