title,overall_rank,average_rating,theatrical_release_date,language,genre,mpaa_rating,director,actors,url,plot
"Few Days in September, A ( Quelques jours en septembre )",14128,2.8,09/06/2006,English,"Drama, Thriller",NR,Santiago Amigorena,"Juliette Binoche, John Turturro, Sara Forestier, Tom Riley, Nick Nolte, Mathieu Demy",https://www.filmcrave.com/movie_page_main.php?id=16455,Unknown
Fiddlers Three ( While Nero Fiddled ),30375,2.2,04/29/1946,English,"Adventure, Comedy",NR,Harry Watt,"Tommy Trinder, Frances Day, Sonnie Hale, Francis L. Sullivan, Mary Clare, Diana Decker",https://www.filmcrave.com/movie_page_main.php?id=16456,Unknown
Fiela's Child ( Fiela se Kind ),49337,3.0,02/12/1988,Other,Drama,NR,Katinka Heyns,"Sharleen Surtie-Richards, Marchelle Verwey, Andr\xc3\xa9 Rossouw, Dawid Minnaar, Jan Ellis, Annie Malan",https://www.filmcrave.com/movie_page_main.php?id=16457,Unknown
Fiend Without a Face,12291,2.5,07/03/1958,English,"Horror, Romance",NR,Arthur Crabtree,"Marshall Thompson, Terry Kilburn, Michael Balfour, Gil Winfield, Shane Cordell, Stanley Maxted",https://www.filmcrave.com/movie_page_main.php?id=16458,Unknown
"Fifth Monkey, The ( O Quinto Macaco )",57594,2.0,10/05/1990,Portuguese,Drama,PG-13,\xc3\x89ric Rochat,"Ben Kingsley, Carlos Kroeber, Ruy Polanah, Paulo Vinicius, Mika Lins, Silvia De Carvalho",https://www.filmcrave.com/movie_page_main.php?id=16459,Unknown
The Fighting 69th,6287,2.8,01/26/1940,English,"Action, Adventure",NR,William Keighley,"James Cagney, Pat O'Brien, George Brent, Jeffrey Lynn, Alan Hale, Frank McHugh",https://www.filmcrave.com/movie_page_main.php?id=16461,A man who's all talk and no bite joins the military. --
Fighting Elegy ( Kenka erejii ),23561,2.2,11/09/1966,Japanese,"Action, Comedy",NR,Seijun Suzuki,"Hideki Takahashi, Yusuke Kawazu, Junko Asano, Takeshi Kat\xc3\xb4, Isao Tamagawa, Kayo Matsuo",https://www.filmcrave.com/movie_page_main.php?id=16462,Unknown
Fighting Mad,37094,2.5,10/08/1976,English,"Action, Drama",R,Jonathan Demme,"Peter Fonda, Lynn Lowry, John Doucette, Philip Carey, Harry Northup, Scott Glenn",https://www.filmcrave.com/movie_page_main.php?id=16463,Unknown
The Fighting Seabees,12995,2.4,03/10/1944,English,"Action, Drama",NR,Edward Ludwig,"John Wayne, Susan Hayward, Dennis O'Keefe, William Frawley, Leonid Kinskey, J.M. Kerrigan",https://www.filmcrave.com/movie_page_main.php?id=16464,Unknown
Figures in a Landscape,48666,3.0,07/18/1971,English,Thriller,R,Joseph Losey,"Robert Shaw, Malcolm McDowell, Henry Woolf, Christopher Malcolm, Andy Bradford, Roger Lloyd-Pack",https://www.filmcrave.com/movie_page_main.php?id=16465,Unknown
The File of the Golden Goose,17031,2.5,10/02/1969,English,"Crime, Thriller",PG-13,Sam Wanamaker,"Yul Brynner, Charles Gray, Edward Woodward, John Barrie, Adrienne Corri, Graham Crowden",https://www.filmcrave.com/movie_page_main.php?id=16466,Unknown
The File on Thelma Jordon,9299,2.6,01/18/1950,English,"Crime, Drama",NR,Robert Siodmak,"Barbara Stanwyck, Wendell Corey, Paul Kelly, Joan Tetzel, Stanley Ridges, Richard Rober",https://www.filmcrave.com/movie_page_main.php?id=16467,Unknown
Fillmore,42726,1.7,06/14/1972,English,Documentary,R,Richard T. Heffron,"Bill Graham, Jerry Garcia, Carlos Santana, Boz Scaggs, Grace Slick, Steve Miller",https://www.filmcrave.com/movie_page_main.php?id=16468,Unknown
Film,48395,3.0,01/08/1966,English,Drama,NR,Alan Schneider,"Buster Keaton, Nell Harrison, James Karen, Susan Reed",https://www.filmcrave.com/movie_page_main.php?id=16469,Unknown
Film About a Woman Who...,56853,2.0,12/11/1974,English,Drama,NR,Yvonne Rainer,Unknown,https://www.filmcrave.com/movie_page_main.php?id=16470,Unknown
Film as a Subversive Art: Amos Vogel and Cinema 16 ,31071,2.2,04/11/2004,English,Documentary,NR,Paul Cronin,"Amos Vogel, Marcia Vogel, Scott McDonald, Jack Goelman",https://www.filmcrave.com/movie_page_main.php?id=16471,Unknown
Film Before Film,57348,2.0,01/01/1986,Unknown,Unknown,Unknown,Unknown,Unknown,https://www.filmcrave.com/movie_page_main.php?id=16472,Unknown
Film Is ( Film ist. ),34456,2.0,01/01/1998,German,Documentary,NR,Gustav Deutsch,Unknown,https://www.filmcrave.com/movie_page_main.php?id=16474,Unknown
Final Combination,57738,2.0,01/01/1993,Unknown,Unknown,Unknown,Unknown,Unknown,https://www.filmcrave.com/movie_page_main.php?id=16476,Unknown
Final Cut,37360,2.5,09/24/1999,English,"Drama, Thriller",R,"Dominic Anciano, Ray Burdis","Ray Winstone, Jude Law, Sadie Frost, John Beckett, William Scully, Perry Benson",https://www.filmcrave.com/movie_page_main.php?id=16478,Unknown
"Final Night of the Royal Hong Kong Police, The ( Huangjia xianggang jingcha de zuihou yi ye )",58741,2.0,09/30/2003,Cantonese,Drama,NR,Shing Hon Lau,"John Chan, Cheri Ho, May Law, Lung Kay Lee, Jacky Yeung",https://www.filmcrave.com/movie_page_main.php?id=16479,Unknown
The Final Programme,56843,2.0,08/01/1974,English,Sci-Fi,R,Robert Fuest,"Jon Finch, Jenny Runacre, Sterling Hayden, Harry Andrews, Hugh Griffith, Julie Ege",https://www.filmcrave.com/movie_page_main.php?id=16480,Unknown
Final Terror,15654,2.4,05/01/1983,English,Horror,R,Andrew Davis,"John Friedrich, Adrian Zmed, Ernest Harden Jr., Rachel Ward, Daryl Hannah, Joe Pantoliano",https://www.filmcrave.com/movie_page_main.php?id=16481,Forest rangers find themselves in over their heads when their latest camping trip intrudes on a backwoods mother - one who will kill to protect her land. --
"Finances of the Grand Duke, The ( Finanzen des Gro\xc3\x9fherzogs, Die )",13450,2.5,01/07/1924,German,Comedy,NR,F.W. Murnau,"Alfred Abel, Mady Christians, Adolphe Engers, Julius Falkenstein, Ilka Gr\xc3\xbcning, Guido Herzfeld",https://www.filmcrave.com/movie_page_main.php?id=16482,Unknown
Finding Eleazar,28029,2.3,09/16/2005,English,Documentary,NR,Paula Heil Fisher,"Sidney Lumet, Alexander Edtbauer, Robert Tuggle, Morgan James, Eric Fraade, Joseph Volpe",https://www.filmcrave.com/movie_page_main.php?id=16483,Unknown
Finding Graceland,18530,2.7,09/12/1998,English,Drama,PG-13,David Winkler,"Harvey Keitel, Johnathon Schaech, Bridget Fonda, Gretchen Mol, John Aylward, Susan Traylor",https://www.filmcrave.com/movie_page_main.php?id=16484,Unknown
A Fine Day,58327,2.0,01/01/2000,Unknown,Unknown,Unknown,Unknown,Unknown,https://www.filmcrave.com/movie_page_main.php?id=16485,Unknown
A Fine Madness,23295,2.2,06/29/1966,English,"Comedy, Drama",NR,Irvin Kershner,"Sean Connery, Joanne Woodward, Jean Seberg, Clive Revill, Patrick O'Neal, Colleen Dewhurst",https://www.filmcrave.com/movie_page_main.php?id=16486,Unknown
Fingers,11483,2.8,03/02/1978,English,"Crime, Drama",R,James Toback,"Harvey Keitel, Tisa Farrow, Jim Brown, Michael V. Gazzo, Marian Seldes, Danny Aiello",https://www.filmcrave.com/movie_page_main.php?id=16488,Unknown
Finished,58035,2.0,01/01/1997,Unknown,Unknown,Unknown,Unknown,Unknown,https://www.filmcrave.com/movie_page_main.php?id=16489,Unknown
The Finished People,46381,1.8,10/23/2003,English,Drama,NR,Khoa Do,"Rodney Anderson, Viet Dang, Jason McGoldrick, Mylinh Dinh, Joe Le, Sarah Vongmany",https://www.filmcrave.com/movie_page_main.php?id=16490,Unknown
Finisterre,46793,1.3,05/23/2003,English,Documentary,NR,"Kieran Evans, Paul Kelly","Vashti Bunyan, Vic Godard, Julian Opie, Liam Watson",https://www.filmcrave.com/movie_page_main.php?id=16491,Unknown
Passages from James Joyce's Finnegans Wake,18341,2.7,03/01/1966,English,Drama,NR,Mary Ellen Bute,"Martin J. Kelley, Jane Reilly, Peter Haskell, Page Johnson, John V. Kelleher, Ray Flanagan",https://www.filmcrave.com/movie_page_main.php?id=16492,Unknown
"Wind, The ( Finye )",57257,2.0,09/24/1983,Other,Drama,NR,Souleymane Ciss\xc3\xa9,"Fousseyni Sissoko, Goundo Guiss\xc3\xa9, Balla Moussa Keita, Ismaila Sarr, Omou Diarra, Ismaila Ciss\xc3\xa9",https://www.filmcrave.com/movie_page_main.php?id=16493,Unknown
Fiorile,17121,2.5,10/13/1993,Italian,Drama,NR,"Paolo Taviani, Vittorio Taviani","Claudio Bigagli, Galatea Ranzi, Michael Vartan, Lino Capolicchio, Constanze Engelbrecht, Athina Cenci",https://www.filmcrave.com/movie_page_main.php?id=16494,Unknown
Fire!,37102,2.5,05/08/1977,English,"Drama, Action",NR,Earl Bellamy,"Ernest Borgnine, Vera Miles, Patty Duke, Alex Cord, Donna Mills, Neville Brand",https://www.filmcrave.com/movie_page_main.php?id=16495,Unknown
Fire Festival ( Himatsuri ),7637,3.2,10/06/1985,Japanese,Drama,NR,Mitsuo Yanagimachi,"Kin'ya Kita\xc3\xb4ji, Kiwako Taichi, Norihei Miki, Junko Miyashita, Ryota Nakamoto, Rikiya Yasuoka",https://www.filmcrave.com/movie_page_main.php?id=16496,Unknown
Fire Over England,16882,2.5,03/05/1937,English,"Historical, Romance",NR,William K. Howard,"Flora Robson, Laurence Olivier, Vivien Leigh, Raymond Massey, Leslie Banks, James Mason",https://www.filmcrave.com/movie_page_main.php?id=16497,Unknown
"Fire Within, The ( Onibi )",49760,3.0,04/19/1997,Japanese,Drama,NR,Rokuro Mochizuki,"Yoshio Harada, Reiko Kataoka, Sh\xc3\xb4 Aikawa, Ko Kitamura, Ryushi Mizukami, Hiroyuki Tsunekawa",https://www.filmcrave.com/movie_page_main.php?id=16498,Unknown
Firecracker,25708,3.0,10/11/2005,English,"Crime, Drama",NR,Steve Balderson,"Karen Black, Mike Patton, Susan Traylor, Kathleen Wilhoite, Jak Kendall, Paul Sizemore",https://www.filmcrave.com/movie_page_main.php?id=16500,Unknown
Firepower,37118,2.5,04/01/1979,English,"Action, Drama",R,Michael Winner,"Sophia Loren, James Coburn, O.J. Simpson, Eli Wallach, Anthony Franciosa, Vincent Gardenia",https://www.filmcrave.com/movie_page_main.php?id=16502,Unknown
Fires Were Started,15926,2.4,01/01/1943,English,"Documentary, Drama",NR,Humphrey Jennings,"Philip Dickson, George Gravett, Fred Griffiths, Johnny Houghton, Loris Rey",https://www.filmcrave.com/movie_page_main.php?id=16503,Unknown
Fireworks Wednesday ( Chaharshanbe-soori ),17202,2.5,08/09/2006,Other,Drama,NR,Asghar Farhadi,"Hedye Tehrani, Taraneh Alidoosti, Hamid Farokhnezhad, Pantea Bahram, Sahar Dolatshahi, Mehran Mahram",https://www.filmcrave.com/movie_page_main.php?id=16504,Unknown
First a Girl,42423,1.7,12/31/1935,English,"Comedy, Musical",NR,Victor Saville,"Jessie Matthews, Sonnie Hale, Anna Lee, Griffith Jones, Alfred Drayton, Constance Godridge",https://www.filmcrave.com/movie_page_main.php?id=16505,Unknown
The First Deadly Sin,16508,2.3,10/03/1980,English,Thriller,R,Brian G. Hutton,"Frank Sinatra, Faye Dunaway, David Dukes, George Coe, Martin Gabel, Anthony Zerbe",https://www.filmcrave.com/movie_page_main.php?id=16506,"A pickax-wielding serial killer haunts New York City's streets, and it falls to detective Edward Delaney to stop him.\t"
First Effort,57045,2.0,01/01/1979,Unknown,Unknown,Unknown,Unknown,Unknown,https://www.filmcrave.com/movie_page_main.php?id=16507,Unknown
First Graders ( Avaliha ),22473,2.5,01/01/1984,Persian,Documentary,NR,Abbas Kiarostami,Unknown,https://www.filmcrave.com/movie_page_main.php?id=16508,Unknown
The First Great Train Robbery,28909,2.1,01/01/1978,Unknown,Unknown,Unknown,Unknown,Unknown,https://www.filmcrave.com/movie_page_main.php?id=16509,Unknown
The First Legion,40814,2.3,01/01/1951,English,Drama,NR,Douglas Sirk,"Charles Boyer, William Demarest, Lyle Bettger, Barbara Rush, Leo G. Carroll, Walter Hampden",https://www.filmcrave.com/movie_page_main.php?id=16510,Unknown
The First Letter,41541,2.3,01/01/2003,Unknown,Unknown,Unknown,Unknown,Unknown,https://www.filmcrave.com/movie_page_main.php?id=16511,Unknown
First Light of Dawn ( Prime luci dell'alba ),58391,2.0,06/09/2000,Italian,Drama,NR,Lucio Gaudino,"Gianmarco Tognazzi, Francesco Giuffrida, Laura Morante, Roberto Nobile, Antonino Bruschetta",https://www.filmcrave.com/movie_page_main.php?id=16512,Unknown
First Love: The Litter on the Breeze ( Choh chin luen hau dik yi yan sai gaai ),2432,3.4,02/21/1998,Cantonese,Drama,NR,Eric Kot,"Karen Mok, Vincent Kok, Maggie Leung, Takeshi Kaneshiro, Wai-Wai Lee, Eric Kot",https://www.filmcrave.com/movie_page_main.php?id=16513,Unknown
First Love,48991,3.0,11/04/1977,English,"Drama, Romance",R,Joan Darling,"William Katt, Susan Dey, John Heard, Beverly D'Angelo, Robert Loggia, Swoosie Kurtz",https://www.filmcrave.com/movie_page_main.php?id=16514,Unknown
First Men in the Moon,9820,2.5,11/20/1964,English,"Adventure, Sci-Fi",NR,Nathan Juran,"Edward Judd, Martha Hyer, Lionel Jeffries, Miles Malleson, Norman Bird, Gladys Henson",https://www.filmcrave.com/movie_page_main.php?id=16515,Unknown
First Name: Carmen ( Pr\xc3\xa9nom Carmen ),35404,2.0,08/03/1984,French,"Drama, Crime",NR,Jean-Luc Godard,"Maruschka Detmers, Jacques Bonnaff\xc3\xa9, Myriem Roussel, Christophe Odent, Pierre-Alain Chapuis, Hippolyte Girardot",https://www.filmcrave.com/movie_page_main.php?id=16516,Unknown
"First Night of My Life, The ( primera noche de mi vida, La )",58155,2.0,06/19/1998,Spanish,Comedy,NR,Miguel Albaladejo,"Leonor Watling, Juanjo Mart\xc3\xadnez, Carlos Fuentes, Roberto Hern\xc3\xa1ndez, Emilio Guti\xc3\xa9rrez Caba, Mariola Fuentes",https://www.filmcrave.com/movie_page_main.php?id=16517,Unknown
"First Night, The ( primera noche, La )",50390,3.0,04/06/2003,Spanish,Drama,NR,Luis Alberto Restrepo,"Carolina Lizarazo, John \xc3\x81lex Toro, Hern\xc3\xa1n M\xc3\xa9ndez, Enrique Carriazo, Juli\xc3\xa1n Rom\xc3\xa1n, Andrea Casta\xc3\xb1o",https://www.filmcrave.com/movie_page_main.php?id=16518,Unknown
"Spitfire ( First of the Few, The )",15927,2.4,06/12/1943,English,"Biography, Drama",NR,Leslie Howard,"Leslie Howard, David Niven, Rosamund John, Roland Culver, Anne Firth, David Horne",https://www.filmcrave.com/movie_page_main.php?id=16519,Unknown
First Time with Feeling,56766,2.0,01/01/1973,Unknown,Unknown,Unknown,Unknown,Unknown,https://www.filmcrave.com/movie_page_main.php?id=16521,Unknown
First Yank into Tokyo,43710,2.0,09/05/1945,English,"War, Drama",NR,Gordon Douglas,"Tom Neal, Barbara Hale, Marc Cramer, Richard Loo, Keye Luke, Leonard Strong",https://www.filmcrave.com/movie_page_main.php?id=16522,Unknown
Fish and Elephant ( Jin nian xia tian ),32437,2.8,09/01/2001,Mandarin,"Drama, Romance",NR,Yu Li,"Yi Pan, Tou Shi, Jilian Zhang, Qiangian Zhang, Pengcheng So, Wei",https://www.filmcrave.com/movie_page_main.php?id=16523,Unknown
"Fist of Fury aka Chinese Connection, The ( Jing wu men )",2139,2.9,11/11/1973,Mandarin,"Action, Drama",R,Wei Lo,"Bruce Lee, Nora Miao, James Tien, Maria Yi, Robert Baker, Fu Ching Chen",https://www.filmcrave.com/movie_page_main.php?id=16524,"Bruce Lee stars as a man sworn to do no harm. As he help his cousins in an ice factory, he discovers something that draws him to violence and his only choice is it act out against evil.\t"
Fist of Fury Part II ( Jing wu men xu ji ),57107,2.0,04/01/1980,Cantonese,"Action, Drama",R,"Iksan Lahardi, Tso Nam Lee","Bruce Li, Lieh Lo, Ti Fung, Kun Li, Yasuyoshi Shikamura, James Nam",https://www.filmcrave.com/movie_page_main.php?id=16525,Unknown
Fist of the North Star ( Hokuto no ken ),6314,2.7,01/01/1986,Japanese,"Animation, Action",R,Toyoo Ashida,"Akira Kamiya, Yuriko Yamamoto, Kenji Utsumi, Chikao \xc3\x94tsuka, Toshio Furukawa, Kaneto Shiozawa",https://www.filmcrave.com/movie_page_main.php?id=16526,Unknown
A Fistful of Fingers,57887,2.0,01/01/1995,Unknown,Unknown,Unknown,Unknown,Unknown,https://www.filmcrave.com/movie_page_main.php?id=16527,"A hero named No Name, along with his Indian side-kick Running Sore, search for the villain The Squint who killed No Name's beloved horse Easy.\t"
Fistful of Flies,58070,2.0,06/19/1997,English,"Drama, Thriller",NR,Monica Pellizzari,"Eamon Davern, Mario Gamma, Giordano Gangl, Danielle Grima, John Lucantonio, Rachel Maza",https://www.filmcrave.com/movie_page_main.php?id=16528,Unknown
"Fist in His Pockets aka Fists in the Pocket ( pugni in tasca, I )",945,3.3,05/27/1968,Italian,Drama,NR,Marco Bellocchio,"Lou Castel, Paola Pitagora, Marino Mas\xc3\xa9, Liliana Gerace, Stefania Troglio, Jeannie McNeil",https://www.filmcrave.com/movie_page_main.php?id=16529,"A young man suffering from epileptic seizures and paranoia decides to help out Augusto, the only ""normal"" brother in his family, by systematically killing all the other members of his family. --"
Fit to Be Untied,56859,2.0,01/01/1975,Unknown,Unknown,Unknown,Unknown,Unknown,https://www.filmcrave.com/movie_page_main.php?id=16530,Unknown
Five Dedicated to Ozu,31060,2.2,12/01/2003,Japanese,Documentary,NR,Abbas Kiarostami,Unknown,https://www.filmcrave.com/movie_page_main.php?id=16531,Unknown
Five and the Skin,57174,2.0,01/01/1982,Unknown,Unknown,Unknown,Unknown,Unknown,https://www.filmcrave.com/movie_page_main.php?id=16532,Unknown
Five Came Back,15063,2.4,06/23/1939,English,"Drama, Adventure",NR,John Farrow,"Chester Morris, Lucille Ball, Wendy Barrie, John Carradine, Allen Jenkins, Joseph Calleia",https://www.filmcrave.com/movie_page_main.php?id=16533,"After a plane crashes in the jungle, the pilot and some of the survivors make some repairs, but it will only take off with a lightened load, thus only five can leave. --"
Five Children and It,22670,2.5,10/14/2004,English,"Adventure, Family",NR,John Stephenson,"Tara Fitzgerald, Freddie Highmore, Alex Jennings, Jonathan Bailey, Zo\xc3\xab Wanamaker, Kenneth Branagh",https://www.filmcrave.com/movie_page_main.php?id=16534,Unknown
Five Evenings,57084,2.0,01/01/1980,Unknown,Unknown,Unknown,Unknown,Unknown,https://www.filmcrave.com/movie_page_main.php?id=16535,Unknown
Five Graves to Cairo,10168,2.5,05/04/1943,English,"Thriller, War",NR,Billy Wilder,"Franchot Tone, Anne Baxter, Akim Tamiroff, Erich von Stroheim, Peter van Eyck, Fortunio Bonanova",https://www.filmcrave.com/movie_page_main.php?id=16536,A lone British man hides among the French inhabitants in a North African
Five Seconds to Spare,58328,2.0,01/01/2000,Unknown,Unknown,Unknown,Unknown,Unknown,https://www.filmcrave.com/movie_page_main.php?id=16537,Unknown
Five Star Final,19380,2.3,09/26/1931,English,"Crime, Drama",NR,Mervyn LeRoy,"Edward G. Robinson, Marian Marsh, H.B. Warner, Anthony Bushell, George E. Stone, Frances Starr",https://www.filmcrave.com/movie_page_main.php?id=16538,Unknown
Five Women Around Utamaro aka Utamaro and His Five Women ( Utamaro o meguru gonin no onna ),5313,3.0,12/17/1946,Japanese,Drama,NR,Kenji Mizoguchi,"Minosuke Band\xc3\xb4, Kinuyo Tanaka, K\xc3\xb4tar\xc3\xb4 Band\xc3\xb4, Hiroko Kawasaki, Toshiko Iizuka, Ky\xc3\xb4ko Kusajima",https://www.filmcrave.com/movie_page_main.php?id=16539,Unknown
Fixed Bayonets!,12617,2.6,11/20/1951,English,"Drama, War",NR,Samuel Fuller,"Richard Basehart, Gene Evans, Michael O'Shea, Richard Hylton, Craig Hill, Skip Homeier",https://www.filmcrave.com/movie_page_main.php?id=16540,Unknown
The Fixer,11608,2.8,12/08/1968,English,Drama,PG-13,John Frankenheimer,"Alan Bates, Dirk Bogarde, Georgia Brown, Hugh Griffith, Elizabeth Hartman, Ian Holm",https://www.filmcrave.com/movie_page_main.php?id=16541,Unknown
The Flag Lieutenant,55815,2.0,01/01/1926,Unknown,Unknown,Unknown,Unknown,Unknown,https://www.filmcrave.com/movie_page_main.php?id=16542,Unknown
Slade in Flame,48852,3.0,01/01/1975,English,"Musical, Drama",NR,Richard Loncraine,"Don Powell, Jim Lea, Noddy Holder, Dave Hill, Tom Conti, Alan Lake",https://www.filmcrave.com/movie_page_main.php?id=16543,Unknown
Flame,49845,3.0,03/05/1998,English,"Drama, War",NR,Ingrid Sinclair,"Dick 'Chinx' Chigaira, Robina Chombe, Sithembiso Gumbo, John Jacobson, Jackie Jojo, Marian Kunonga",https://www.filmcrave.com/movie_page_main.php?id=16544,Unknown
The Flame and the Arrow,8037,2.7,07/09/1950,English,"Action, Adventure",NR,Jacques Tourneur,"Burt Lancaster, Virginia Mayo, Robert Douglas, Aline MacMahon, Frank Allenby, Nick Cravat",https://www.filmcrave.com/movie_page_main.php?id=16545,Unknown
A Flame in My Heart,44205,2.0,01/01/1987,Unknown,Unknown,Unknown,Unknown,Unknown,https://www.filmcrave.com/movie_page_main.php?id=16546,Unknown
Flame in the Streets,48296,3.0,09/12/1962,English,Drama,NR,Roy Ward Baker,"John Mills, Sylvia Syms, Brenda De Banzie, Earl Cameron, Johnny Sekka, Ann Lynn",https://www.filmcrave.com/movie_page_main.php?id=16547,Unknown
The Flame of New Orleans,14538,2.6,04/25/1941,English,"Adventure, Comedy",NR,Ren\xc3\xa9 Clair,"Marlene Dietrich, Bruce Cabot, Roland Young, Mischa Auer, Andy Devine, Anne Revere",https://www.filmcrave.com/movie_page_main.php?id=16548,Unknown
Flame Top,57085,2.0,01/01/1980,Unknown,Unknown,Unknown,Unknown,Unknown,https://www.filmcrave.com/movie_page_main.php?id=16549,Unknown
Flaming Creatures,55505,1.3,01/01/1962,Unknown,Unknown,Unknown,Unknown,Unknown,https://www.filmcrave.com/movie_page_main.php?id=16550,Unknown
Flaming Ears,42030,2.3,06/01/2992,German,"Fantasy, Sci-Fi",NR,"Ursula Puerrer, A. Hans Scheirl, Dietmar Schipek","Susana Helmayr, Ursula Puerrer, A. Hans Scheirl, Margarete Neumann, Gabriele Szekatsch, Anthony Escott",https://www.filmcrave.com/movie_page_main.php?id=16551,Unknown
Flaming Star,12458,2.4,12/20/1960,English,"Drama, Western",NR,Don Siegel,"Elvis Presley, Steve Forrest, Barbara Eden, Dolores del Rio, John McIntire, Rodolfo Acosta",https://www.filmcrave.com/movie_page_main.php?id=16552,Unknown
Flanders ( Flandres ),39707,1.8,05/18/2007,French,"Drama, War",NR,Bruno Dumont,"Ad\xc3\xa9la\xc3\xafde Leroux, Samuel Boidin, Henri Cretel, Jean-Marie Bruveart, David Poulain, Patrice Venant",https://www.filmcrave.com/movie_page_main.php?id=16553,"When her boyfriend in the military gets deployed, an aimless young woman has an affair with his best friend. --"
Flap,56650,2.0,01/01/1970,Unknown,Unknown,Unknown,Unknown,Unknown,https://www.filmcrave.com/movie_page_main.php?id=16554,Unknown
Flat Tyre,55110,1.5,01/01/1999,Unknown,Unknown,Unknown,Unknown,Unknown,https://www.filmcrave.com/movie_page_main.php?id=16555,Unknown
"Flavor of Green Tea Over Rice, The ( Ochazuke no aji )",3069,3.1,10/01/1952,Japanese,Drama,NR,Yasujiro Ozu,"Shin Saburi, Michiyo Kogure, Koji Tsuruta, Chikage Awashima, Keiko Tsushima, Eijir\xc3\xb4 Yanagi",https://www.filmcrave.com/movie_page_main.php?id=16556,An upper-class woman finds herself becoming rather bored of her life to her rather dull middle-class husband (by arranged marriage) even while encouraging her niece to go along with her own arranged meetings. --
Flesh,8364,2.8,09/26/1968,English,Drama,R,Paul Morrissey,"Joe Dallesandro, Geraldine Smith, Patti D'Arbanville, Candy Darling, Jackie Curtis, Barry Brown",https://www.filmcrave.com/movie_page_main.php?id=16557,"24 hours in the life of Joe, a hustler and junkie. We follow him as he picks up men, visits transvestite friends, and plays with his infant son.\t"
Flesh and Fantasy,34923,2.0,10/29/1943,English,"Drama, Fantasy",NR,Julien Duvivier,"Edward G. Robinson, Charles Boyer, Barbara Stanwyck, Robert Cummings, Thomas Mitchell, Betty Field",https://www.filmcrave.com/movie_page_main.php?id=16558,Unknown
Flesh and the Devil,10523,2.5,12/25/1927,English,"Drama, Romance",NR,Clarence Brown,"John Gilbert, Greta Garbo, Lars Hanson, Barbara Kent, William Orlamond, George Fawcett",https://www.filmcrave.com/movie_page_main.php?id=16559,Unknown
"Flesh and the Fiends, The ( Mania )",13922,2.8,01/24/1961,English,Horror,NR,John Gilling,"Peter Cushing, June Laverick, Donald Pleasence, George Rose, Renee Houston, Dermot Walsh",https://www.filmcrave.com/movie_page_main.php?id=16560,Unknown
Flesh for Frankenstein,12453,2.4,01/01/1973,French,"Drama, Horror",NC-17,Paul Morrissey,"Joe Dallesandro, Monique van Vooren, Udo Kier, Arno Juerging, Dalila Di Lazzaro, Srdjan Zelenovic",https://www.filmcrave.com/movie_page_main.php?id=16561,This Frankenstein adaptation tells the story of a mad scientist who builds a sex-crazed Adam and Eve with the intention of creating a new race of people.\t
Flesh Gordon,48827,3.0,07/30/1974,English,"Comedy, Sci-Fi",NC-17,"Michael Benveniste, Howard Ziehm","Jason Williams, Suzanne Fields, Joseph Hudgins, William Dennis Hunt, Candy Samples, Mycle Brandy",https://www.filmcrave.com/movie_page_main.php?id=16562,Unknown
Flickering Roads,57820,2.0,01/01/1994,Unknown,Unknown,Unknown,Unknown,Unknown,https://www.filmcrave.com/movie_page_main.php?id=16563,Unknown
Flight from Ashiya,20719,2.4,03/25/1964,English,"Adventure, Romance",NR,Michael Anderson,"Yul Brynner, Richard Widmark, George Chakiris, Suzy Parker, Shirley Knight, Joe Di Reda",https://www.filmcrave.com/movie_page_main.php?id=16564,Unknown
Flight of the Bee ( Parvaz-e zanbur ),58306,2.0,12/24/1999,Other,Drama,NR,"Boung-hun Min, Jamshed Usmonov","Muhammadjon Shodi, Mastura Ortik, Taghoymurod Rozik, Beknazar Kabirov, Mardonkul Kulbobo, Fakhriddin Fathiddin",https://www.filmcrave.com/movie_page_main.php?id=16565,Unknown
Flight of the Doves,23568,2.2,04/02/1971,English,"Drama, Family",G,Ralph Nelson,"Ron Moody, Jack Wild, Dorothy McGuire, Stanley Holloway, Helen Raye, William Rushton",https://www.filmcrave.com/movie_page_main.php?id=16566,Unknown
"Flight of the Innocent ( corsa dell'innocente, La )",49552,3.0,10/22/1993,Italian,Drama,R,Carlo Carlei,"Manuel Colao, Federico Pacifici, Sal Borgese, Lucio Zagaria, Giusi Cataldo, Anita Zagaria",https://www.filmcrave.com/movie_page_main.php?id=16567,Unknown
The Flight of the Phoenix,2125,2.9,12/15/1965,English,"Adventure, Drama",NR,Robert Aldrich,"James Stewart, Richard Attenborough, Peter Finch, Ernest Borgnine, Hardy Kr\xc3\xbcger, Ian Bannen",https://www.filmcrave.com/movie_page_main.php?id=16568,"When a cargo plane crashes in the desert, one of the survivors says he is an airplane designer and can make a new aircraft from the wreckage - even as food and water are quickly in short supply. --"
"Flight of the Red Balloon, The ( voyage du ballon rouge, Le )",10525,2.5,04/04/2007,French,Drama,PG,Hsiao-hsien Hou,"Juliette Binoche, Simon Iteanu, Hippolyte Girardot, Fang Song, Louise Margolin, Anna Sigalevitch",https://www.filmcrave.com/movie_page_main.php?id=16569,Unknown
Flight to Berlin,37151,2.5,02/01/1984,English,Drama,NR,Christopher Petit,"Tusse Silberg, Paul Freeman, Lisa Kreuzer, Jean-Fran\xc3\xa7ois St\xc3\xa9venin, Ewan Stewart, Eddie Constantine",https://www.filmcrave.com/movie_page_main.php?id=16570,Unknown
The Flim-Flam Man,12870,2.5,08/22/1967,English,Comedy,NR,Irvin Kershner,"George C. Scott, Sue Lyon, Harry Morgan, Jack Albertson, Slim Pickens, Alice Ghostley",https://www.filmcrave.com/movie_page_main.php?id=16571,"This is about a rural con man, and his army deserter protege, traveling the backroads. --"
Flip a Coin,58776,2.0,01/01/2004,Unknown,Unknown,Unknown,Unknown,Unknown,https://www.filmcrave.com/movie_page_main.php?id=16572,Unknown
Flipper,34489,2.0,08/14/1963,English,"Adventure, Family",G,James B. Clark,"Chuck Connors, Luke Halpin, Connie Scott, Jane Rose, Joe Higgins, Robertson White",https://www.filmcrave.com/movie_page_main.php?id=16573,Unknown
Floating Life,57966,2.0,01/01/1996,Unknown,Unknown,Unknown,Unknown,Unknown,https://www.filmcrave.com/movie_page_main.php?id=16575,Unknown
Floating Weeds ( Ukigusa ),7914,2.6,11/18/1959,Japanese,Drama,NR,Yasujiro Ozu,"Ganjiro Nakamura, Machiko Ky\xc3\xb4, Ayako Wakao, Hiroshi Kawaguchi, Haruko Sugimura, Hitomi Nozoe",https://www.filmcrave.com/movie_page_main.php?id=16576,Unknown
Flood,32588,2.8,08/01/2007,English,"Action, Drama",NR,Tony Mitchell,"Robert Carlyle, Joanne Whalley, Jessalyn Gilsig, Tom Courtenay, Ralph Brown, David Suchet",https://www.filmcrave.com/movie_page_main.php?id=16577,Unknown
The Florentine Dagger,40381,2.3,03/30/1935,English,"Crime, Drama",NR,Robert Florey,"Donald Woods, Margaret Lindsay, C. Aubrey Smith, Henry O'Neill, Robert Barrat, Frank Reicher",https://www.filmcrave.com/movie_page_main.php?id=16578,Unknown
Flower and Snake ( Hana to hebi ),25695,3.0,04/08/2005,Japanese,"Drama, Thriller",NR,Takashi Ishii,"Aya Sugimoto, Renji Ishibashi, Kenichi Endo, Misaki Mori, Y\xc3\xb4zabur\xc3\xb4 It\xc3\xb4, Yoshiyuki Yamaguchi",https://www.filmcrave.com/movie_page_main.php?id=16579,Unknown
Flower Island ( Ggot seom ),50229,3.0,11/24/2001,Korean,Drama,NR,Il-gon Song,"Ju-hie Seo, Yu-jin Lim, Hye-na Kim, Byung-ho Son",https://www.filmcrave.com/movie_page_main.php?id=16580,Unknown
The Flower Thief,56465,2.0,01/01/1960,Unknown,Unknown,Unknown,Unknown,Unknown,https://www.filmcrave.com/movie_page_main.php?id=16581,Unknown
Flowers of Shanghai ( Hai shang hua ),11019,2.6,10/05/1998,Cantonese,Drama,NR,Hsiao-hsien Hou,"Shuan Fang, Tony Leung Chiu Wai, Michiko Hada, Annie Shizuka Inoh, Michelle Reis, Jack Kao",https://www.filmcrave.com/movie_page_main.php?id=16582,Unknown
Fly a Flag for Poplar,18391,2.7,01/01/1974,English,Documentary,NR,"Ron Orders, Tony Wickert",Unknown,https://www.filmcrave.com/movie_page_main.php?id=16583,A documentary that follows the day-to-day lives of the citizens of Poplar in London's East End. It also looks to the past and the importance the labour movement had on the current state of the people who call the district their home. --
Fly Low,58119,2.0,01/01/1998,Unknown,Unknown,Unknown,Unknown,Unknown,https://www.filmcrave.com/movie_page_main.php?id=16584,Unknown
The Fly,4789,2.7,07/16/1958,English,"Drama, Horror",NR,Kurt Neumann,"David Hedison, Patricia Owens, Vincent Price, Herbert Marshall, Kathleen Freeman, Betty Lou Gerson",https://www.filmcrave.com/movie_page_main.php?id=16585,"The plot involves a scientist who is working on a a method of instantly transporting people across space.  When he chooses to conduct his first human test on himself, there is literally a fly in the ointment.  The transporter mixes up the scientist and a fly that is stowing away in the chamber, creating a monster mash-up:  a human with the head and arm of a fly and a fly with the head and arm of a human!  Can either survive without the other?  Can the scientist find the fly in time to correct the error? --"
The Flyer,58907,2.0,01/01/2005,Unknown,Unknown,Unknown,Unknown,Unknown,https://www.filmcrave.com/movie_page_main.php?id=16586,Unknown
"Flying Camel, The ( Ha-Gamal Hame'ofef )",49562,3.0,01/01/1994,Hebrew,Comedy,NR,Rami Na'aman,"Gilat Ankori, Laurence Bouvard, Salim Dau, Gideon Singer, Mosko Alkalai, Gabi Amrani",https://www.filmcrave.com/movie_page_main.php?id=16587,Unknown
Flying Down to Rio,13033,2.4,12/29/1933,English,"Comedy, Musical",NR,Thornton Freeland,"Dolores del Rio, Ginger Rogers, Fred Astaire, Gene Raymond, Raul Roulien, Blanche Friderici",https://www.filmcrave.com/movie_page_main.php?id=16588,Unknown
The Flying Fool,17962,2.7,10/16/1931,English,"Comedy, Drama",NR,Walter Summers,"Henry Kendall, Benita Hume, Wallace Geoffrey, Martin Walker, Ursula Jeans, Barbara Gott",https://www.filmcrave.com/movie_page_main.php?id=16589,Unknown
Flying Leathernecks,9825,2.5,08/28/1951,English,"Drama, War",NR,Nicholas Ray,"John Wayne, Robert Ryan, Don Taylor, Janis Carter, Jay C. Flippen, William Harrigan",https://www.filmcrave.com/movie_page_main.php?id=16590,Unknown
The Flying Scotsman,32569,2.8,12/29/2006,English,"Drama, Sport",PG-13,Douglas Mackinnon,"Jonny Lee Miller, Billy Boyd, Laura Fraser, Brian Cox, Steven Berkoff, Philip Wright",https://www.filmcrave.com/movie_page_main.php?id=16591,Unknown
Flying Tigers,7139,2.7,10/08/1942,English,"Action, Drama",NR,David Miller,"John Wayne, John Carroll, Anna Lee, Paul Kelly, Gordon Jones, Mae Clarke",https://www.filmcrave.com/movie_page_main.php?id=16592,Unknown
Flying with One Wing,58559,2.0,01/01/2002,Unknown,Unknown,Unknown,Unknown,Unknown,https://www.filmcrave.com/movie_page_main.php?id=16593,Unknown
Flying: Confessions of a Free Woman,51001,3.0,01/25/2007,English,Documentary,NR,Jennifer Fox,Jennifer Fox,https://www.filmcrave.com/movie_page_main.php?id=16594,Unknown
FM,32207,2.8,04/01/1978,English,"Comedy, Drama",PG,John A. Alonzo,"Michael Brandon, Eileen Brennan, Alex Karras, Cleavon Little, Martin Mull, Cassie Yates",https://www.filmcrave.com/movie_page_main.php?id=16595,Unknown
Focus,41430,2.3,10/12/1996,Japanese,"Crime, Drama",NR,Satoshi Isaka,"Tadanobu Asano, Keiko Unno, Akira Hirai, Tetsuo Sano, Ikko Suzuki, Atsuo Nakata",https://www.filmcrave.com/movie_page_main.php?id=16596,Unknown
Fog Over Frisco,14955,2.4,06/02/1934,English,"Thriller, Mystery",NR,William Dieterle,"Bette Davis, Donald Woods, Margaret Lindsay, Lyle Talbot, Hugh Herbert, Arthur Byron",https://www.filmcrave.com/movie_page_main.php?id=16597,Unknown
Fogbound,55120,1.5,01/01/2001,Unknown,Unknown,Unknown,Unknown,Unknown,https://www.filmcrave.com/movie_page_main.php?id=16598,Unknown
Folies Bergere ( Folies Berg\xc3\xa8re de Paris ),17355,2.3,02/22/1935,English,"Comedy, Musical",NR,Roy Del Ruth,"Maurice Chevalier, Merle Oberon, Ann Sothern, Eric Blore, Ferdinand Munier, Walter Byron",https://www.filmcrave.com/movie_page_main.php?id=16599,Unknown
Mad Enough to Kill ( Folle \xc3\xa0 tuer ),39500,1.8,01/01/1975,French,"Drama, Thriller",NR,Yves Boisset,"Marl\xc3\xa8ne Jobert, Tomas Milian, Thomas Waintrop, Michel Peyrelon, Victor Lanoux, Jean Bouchaud",https://www.filmcrave.com/movie_page_main.php?id=16601,Unknown
Folle embellie,55144,1.5,07/07/2004,French,Drama,NR,Dominique Cabrera,"Miou-Miou, Jean-Pierre L\xc3\xa9aud, Morgan Marinne, Marilyne Canto, Julie-Marie Parmentier, Pascale Montpetit",https://www.filmcrave.com/movie_page_main.php?id=16602,Unknown
Follow a Star,46752,1.3,04/25/1961,English,Comedy,NR,Robert Asher,"Norman Wisdom, June Laverick, Jerry Desmonde, Hattie Jacques, Richard Wattis, John Le Mesurier",https://www.filmcrave.com/movie_page_main.php?id=16603,Unknown
Follow That Dream,10057,2.6,04/11/1962,English,"Comedy, Drama",NR,Gordon Douglas,"Elvis Presley, Arthur O'Connell, Anne Helm, Joanna Cook Moore, Jack Kruschen, Simon Oakland",https://www.filmcrave.com/movie_page_main.php?id=16604,Unknown
Follow the Feather,46383,1.8,01/01/2004,Unknown,Unknown,Unknown,Unknown,Unknown,https://www.filmcrave.com/movie_page_main.php?id=16605,Unknown
Follow the Fleet,5525,2.8,02/20/1936,English,"Comedy, Musical",NR,Mark Sandrich,"Fred Astaire, Ginger Rogers, Randolph Scott, Harriet Hilliard, Betty Grable, Astrid Allwyn",https://www.filmcrave.com/movie_page_main.php?id=16606,Unknown
Folly to Be Wise,39352,1.8,12/06/1953,English,Comedy,NR,Frank Launder,"Alastair Sim, Elizabeth Allan, Roland Culver, Colin Gordon, Martita Hunt, Janet Brown",https://www.filmcrave.com/movie_page_main.php?id=16607,Unknown
The Font Line,41628,2.3,01/01/2006,Unknown,Unknown,Unknown,Unknown,Unknown,https://www.filmcrave.com/movie_page_main.php?id=16609,Unknown
Food of Love,44317,2.0,07/29/1998,English,"Comedy, Romance",NR,Stephen Poliakoff,"Richard E. Grant, Nathalie Baye, Joe McGann, Sylvia Syms, Holly Davidson, Juliet Aubrey",https://www.filmcrave.com/movie_page_main.php?id=16610,Unknown
The Food of the Gods,29279,1.9,01/01/1976,English,"Sci-Fi, Horror",PG,Bert I. Gordon,"Marjoe Gortner, Pamela Franklin, Ralph Meeker, Jon Cypher, Ida Lupino, John McLiam",https://www.filmcrave.com/movie_page_main.php?id=16611,Unknown
The Fool,46270,1.8,12/07/1990,English,Drama,NR,Christine Edzard,"Derek Jacobi, Cyril Cusack, Ruth Mitchell, Maria Aitken, Irina Brook, Paul Brooke",https://www.filmcrave.com/movie_page_main.php?id=16612,Unknown
Foolish Wives,15711,2.3,01/11/1922,English,Drama,NR,Erich von Stroheim,"Rudolph Christians, Miss DuPont, Maude George, Mae Busch, Erich von Stroheim, Dale Fuller",https://www.filmcrave.com/movie_page_main.php?id=16613,"A fake Russian count uses his wits and wiles to con rich women out their money. While in Monte Carlo with is cousins, he sets his sights on Mrs. Hughes, wife of the U.S. ambassador. --"
Football Days,27957,2.3,01/01/2003,Unknown,Unknown,Unknown,Unknown,Unknown,https://www.filmcrave.com/movie_page_main.php?id=16614,Unknown
The Football Factory,11022,2.6,05/14/2004,English,"Crime, Drama",R,Nick Love,"Danny Dyer, Frank Harper, Tamer Hassan, Dudley Sutton, Roland Manookian, Neil Maskell",https://www.filmcrave.com/movie_page_main.php?id=16615,Unknown
Footlight Parade,6227,2.7,10/21/1933,English,"Comedy, Musical",NR,Lloyd Bacon,"James Cagney, Joan Blondell, Ruby Keeler, Dick Powell, Frank McHugh, Hugh Herbert",https://www.filmcrave.com/movie_page_main.php?id=16616,Unknown
The Footman,44245,2.0,01/01/1991,Unknown,Unknown,Unknown,Unknown,Unknown,https://www.filmcrave.com/movie_page_main.php?id=16617,Unknown
Footsteps in the Fog,30604,2.2,09/15/1955,English,"Drama, Thriller",NR,Arthur Lubin,"Stewart Granger, Jean Simmons, Bill Travers, Belinda Lee, Ronald Squire, Finlay Currie",https://www.filmcrave.com/movie_page_main.php?id=16618,Unknown
For All Mankind,2971,2.9,11/01/1989,English,"Documentary, Historical",NR,Al Reinert,"Jim Lovell, Russell Schweickart, Eugene Cernan, Michael Collins, Charles Conrad, Richard Gordon",https://www.filmcrave.com/movie_page_main.php?id=16619,"A nice documentary about the U.S. Apollo program told by the astronauts themselves. Only video footage from the era is used, and the astronauts do voice-over work detailing what happened and how they felt during the missions.\t"
For Ever Mozart,23359,2.2,07/04/1997,French,"Drama, War",NR,Jean-Luc Godard,"Madeleine Assas, Ghalia Lacroix, B\xc3\xa9rang\xc3\xa8re Allaux, Fr\xc3\xa9d\xc3\xa9ric Pierrot, Vicky Messica, Harry Cleven",https://www.filmcrave.com/movie_page_main.php?id=16620,Unknown
For Freedom,40517,2.3,01/01/1940,Unknown,Unknown,Unknown,Unknown,Unknown,https://www.filmcrave.com/movie_page_main.php?id=16621,Unknown
For Fun ( Zhao Le ),41407,2.3,03/20/1994,Mandarin,"Comedy, Drama",NR,Ying Ning,"Shihua Feng, Shanxu Han, Wenjie Huang, Zongluo Huang, He Ming",https://www.filmcrave.com/movie_page_main.php?id=16622,Unknown
For Love or Money,41321,2.3,11/20/1984,English,Comedy,NR,Terry Hughes,"Suzanne Pleshette, Gil Gerard, Jamie Farr, Ray Walston, Lawrence Pressman, Mary Kay Place",https://www.filmcrave.com/movie_page_main.php?id=16623,Unknown
For Pete's Sake,20005,2.3,06/26/1974,English,Comedy,PG,Peter Yates,"Barbra Streisand, Michael Sarrazin, Estelle Parsons, Molly Picon, William Redfield, Louis Zorich",https://www.filmcrave.com/movie_page_main.php?id=16624,Unknown
For the Living and the Dead ( El\xc3\xa4ville ja kuolleille ),41668,2.3,04/19/2007,Other,Drama,NR,Kari Paljakka,"Hannu-Pekka Bj\xc3\xb6rkman, Katja Kukkola, Johannes Paljakka, Risto Salmi, Mari Rantasila, Tommi Korpela",https://www.filmcrave.com/movie_page_main.php?id=16625,Unknown
For Them That Trespass,42594,1.7,01/01/1948,Unknown,Unknown,Unknown,Unknown,Unknown,https://www.filmcrave.com/movie_page_main.php?id=16626,Unknown
For Valour,54827,1.5,01/01/1937,Unknown,Unknown,Unknown,Unknown,Unknown,https://www.filmcrave.com/movie_page_main.php?id=16627,Unknown
Forbidden,4693,2.9,01/15/1932,English,"Drama, Romance",NR,Frank Capra,"Barbara Stanwyck, Adolphe Menjou, Ralph Bellamy, Dorothy Peterson, Thomas Jefferson, Myrna Fresholt",https://www.filmcrave.com/movie_page_main.php?id=16628,A dissatisfied librarian (Barbara Stanwyck) impulsively books a cruise to
Forbidden,46222,1.8,03/24/1985,English,"Drama, Romance",PG-13,Anthony Page,"Jacqueline Bisset, J\xc3\xbcrgen Prochnow, Irene Worth, Peter Vaughan, Amanda Cannings, Avis Bunnage",https://www.filmcrave.com/movie_page_main.php?id=16629,Unknown
Forbidden Relations ( Visszaes\xc3\xb6k ),40028,2.3,09/25/1983,Other,Drama,R,Zsolt K\xc3\xa9zdi-Kov\xc3\xa1cs,"Lili Monori, Mikl\xc3\xb3s Sz\xc3\xa9kely B., Mari T\xc3\xb6r\xc3\xb6csik, Gy\xc3\xb6rgy B\xc3\xa1nffy, J\xc3\xb3zsef Horv\xc3\xa1th, Tibor Moln\xc3\xa1r",https://www.filmcrave.com/movie_page_main.php?id=16630,"Based on the true story of a half-brother and half-sister whose love affair, which results in pregnancy, sparks a public outcry. --"
Forbidden World,29657,1.9,05/01/1982,English,"Horror, Sci-Fi",R,Allan Holzman,"Jesse Vint, Dawn Dunlap, June Chadwick, Linden Chiles, Fox Harris, Scott Paulin",https://www.filmcrave.com/movie_page_main.php?id=16631,Unknown
A Force More Powerful,22576,2.5,01/01/1999,English,Documentary,NR,Steve York,"Ben Kingsley, Desmond Tutu, Nelson Mandela, Devavrat Pathak, James Lawson, Tango Lamani",https://www.filmcrave.com/movie_page_main.php?id=16633,Unknown
Force of Evil,9324,2.5,12/25/1948,English,"Crime, Drama",PG,Abraham Polonsky,"John Garfield, Thomas Gomez, Marie Windsor, Howland Chamberlain, Roy Roberts, Paul Fix",https://www.filmcrave.com/movie_page_main.php?id=16634,Unknown
Ford Transit,42138,1.6,02/26/2004,Arabic,Documentary,NR,Hany Abu-Assad,Rajai,https://www.filmcrave.com/movie_page_main.php?id=16635,Unknown
Fords on Water,55537,1.3,01/01/1983,English,Comedy,NR,Barry Bliss,"Elvis Payne, Mark Wingett, Kathryn Apanowicz, Jason Rose, David Ryall, Pete Postlethwaite",https://www.filmcrave.com/movie_page_main.php?id=16636,Unknown
A Foreign Affair,13043,2.4,08/20/1948,English,"Comedy, Romance",NR,Billy Wilder,"Jean Arthur, Marlene Dietrich, John Lund, Millard Mitchell, Peter von Zerneck, Stanley Prager",https://www.filmcrave.com/movie_page_main.php?id=16637,Unknown
Foreign Body,42771,1.7,01/01/1986,Unknown,Unknown,Unknown,Unknown,Unknown,https://www.filmcrave.com/movie_page_main.php?id=16638,Unknown
Foreign Correspondent,1974,2.9,08/16/1940,English,"Adventure, Mystery",NR,Alfred Hitchcock,"Joel McCrea, Laraine Day, Herbert Marshall, George Sanders, Albert Bassermann, Robert Benchley",https://www.filmcrave.com/movie_page_main.php?id=16639,"A New York reporter, tired of the city grind, is assigned as the European correspondent in order to get the inside story on a new treaty. But things turn out much more exciting than expected as he finds himself in the middle of spy ring. --"
Foreign Land ( Terra Estrangeira ),41441,2.3,06/01/1997,Other,"Action, Romance",NR,"Walter Salles, Daniela Thomas","Fernando Alves Pinto, Fernanda Torres, Lu\xc3\xads Melo, Zeka Laplaine, Alexandre Borges, Jo\xc3\xa3o Grosso",https://www.filmcrave.com/movie_page_main.php?id=16640,Unknown
Foreign Moon,55103,1.5,07/18/1996,Cantonese,Drama,NR,Zeming Zhang,"Vicky Chen, Harrison Liu, Daming Chen, David Tse, Vanessa Earl, Tanya Broome",https://www.filmcrave.com/movie_page_main.php?id=16641,Unknown
Foreigners ( Jag heter Stelios ),44088,2.0,09/04/1972,Swedish,Drama,NR,Johan Bergenstr\xc3\xa5hle,"Maria Antipa, Andreas Bellis, Anastasios Margetis, Konstantinos Papageorgiou, Despina Tomazani, Savas Tzanetakis",https://www.filmcrave.com/movie_page_main.php?id=16642,Unknown
"Foreman Went to France, The ( Somewhere in France )",42519,1.7,07/11/1943,English,"Adventure, Drama",NR,Charles Frend,"Tommy Trinder, Constance Cummings, Clifford Evans, Robert Morley, Gordon Jackson, Ernest Milton",https://www.filmcrave.com/movie_page_main.php?id=16643,Unknown
Forest ( Rengeteg ),46387,1.8,02/14/2004,Other,Drama,NR,Benedek Fliegauf,"B\xc3\xa1lint Kenyeres, Ilka S\xc3\xb3s, M\xc3\xa1rton Tam\xc3\xa1s, Edit Lipcsei, Katalin M\xc3\xa9sz\xc3\xa1ros, Lajos Szak\xc3\xa1cs",https://www.filmcrave.com/movie_page_main.php?id=16644,Unknown
"Forest for the Trees, The ( Wald vor lauter B\xc3\xa4umen, Der )",10768,3.0,01/01/2003,German,Drama,NR,Maren Ade,"Eva Loebau, Daniela Holtz, Jan Neumann, Ilona Schulz, Robert Schupp, Heinz R\xc3\xb6ser-D\xc3\xbcmmig",https://www.filmcrave.com/movie_page_main.php?id=16645,Unknown
Forest of Bliss,39546,1.8,01/01/1986,English,Documentary,NR,Robert Gardner,Unknown,https://www.filmcrave.com/movie_page_main.php?id=16646,Unknown
Forever,28071,2.3,09/12/2007,English,Documentary,NR,Heddy Honigmann,"Yoshino Kimura, Bertrand Beyern, Camille Solari",https://www.filmcrave.com/movie_page_main.php?id=16647,Unknown
Forever England ( Born for Glory ),39009,1.8,10/19/1935,English,Action,NR,Walter Forde,"Betty Balfour, John Mills, Barry MacKay, Jimmy Hanley, Howard Marion-Crawford, Percy Walsh",https://www.filmcrave.com/movie_page_main.php?id=16648,Unknown
Forever Forever,41452,2.3,01/01/1998,Unknown,Unknown,Unknown,Unknown,Unknown,https://www.filmcrave.com/movie_page_main.php?id=16649,Unknown
Forever Mary ( Mery per sempre ),32295,2.8,04/19/1991,Italian,"Drama, Crime",NR,Marco Risi,"Michele Placido, Claudio Amendola, Francesco Benigno, Alessandra Di Sanzo, Tony Sperandeo, Alfredo Li Bassi",https://www.filmcrave.com/movie_page_main.php?id=16650,Unknown
"Forever, Darling",14598,2.6,02/09/1956,English,"Fantasy, Comedy",NR,Alexander Hall,"Lucille Ball, Desi Arnaz, James Mason, Louis Calhern, John Emery, John Hoyt",https://www.filmcrave.com/movie_page_main.php?id=16651,Unknown
"Cheat, The ( Forfaiture )",56149,2.0,11/24/1937,French,Drama,NR,Marcel L'Herbier,"Victor Francen, Sessue Hayakawa, Louis Jouvet, Lise Delamare, Lucas Gridoux, \xc3\x88ve Francis",https://www.filmcrave.com/movie_page_main.php?id=16652,Unknown
Forget Me Not,39029,1.8,12/21/1936,English,"Drama, Romance",NR,Zoltan Korda,"Beniamino Gigli, Joan Gardner, Ivan Brandt, Jeanne Stuart, Richard Gofe, Hugh Wakefield",https://www.filmcrave.com/movie_page_main.php?id=16653,Unknown
Forgiveness,14765,2.6,01/01/2004,Unknown,Unknown,Unknown,Unknown,Unknown,https://www.filmcrave.com/movie_page_main.php?id=16654,Unknown
Formulas for Seduction: The Cinema of Atom Egoyan,30970,2.2,01/01/1999,English,Documentary,NR,"Eileen Anipare, Jason Wood",Atom Egoyan,https://www.filmcrave.com/movie_page_main.php?id=16655,Unknown
Fort Apache,2721,2.8,03/09/1948,English,Western,NR,John Ford,"John Wayne, Henry Fonda, Shirley Temple, Pedro Armend\xc3\xa1riz, Ward Bond, George O'Brien",https://www.filmcrave.com/movie_page_main.php?id=16656,"Owen Thursday is a man who believes he is destined for great things. Posted at the lonesome, desolate Fort Apache, his arrogance and obsession leads him to forming a plan to destroy the Apache chief Cochise across the Mexican border, against the better judgement of his subordinates. --"
Fortini/Cani,22441,2.5,11/30/1977,Italian,Documentary,NR,"Dani\xc3\xa8le Huillet, Jean-Marie Straub","Adriano Apr\xc3\xa0, Franco Fortini, Luciana Nissim",https://www.filmcrave.com/movie_page_main.php?id=16657,Unknown
Fortress II: Re-entry,39993,1.6,01/01/1999,English,"Action, Sci-Fi",R,Geoff Murphy,"Christopher Lambert\t, Aidan Rea, David Roberson, Willie Garson, Liz May Brice, Beth Toussaint",https://www.filmcrave.com/movie_page_main.php?id=16658,"Chris Lambert is taken captive in a new more sophisticated prison that orbits Earth's atmosphere. The prison is run by the egomaniacal Patrick Malahide. He and Lambert soon bump ends, resulting in much wackiness with an occasional side of kookiness. It's believed that there is no escape, but Lambert has other plans... \t"
Fortunate ( Fortunat ),46081,1.8,11/16/1960,French,Comedy,NR,Alex Joff\xc3\xa9,"Bourvil, Mich\xc3\xa8le Morgan, Teddy Bilis, Rosy Varte, Patrick Millow, Fr\xc3\xa9d\xc3\xa9ric Mitterrand",https://www.filmcrave.com/movie_page_main.php?id=16659,Unknown
Fortune and Men's Eyes,41198,2.3,06/15/1971,English,Drama,R,"Harvey Hart, Jules Schwerin","Wendell Burton, Michael Greer, Zooey Hall, Danny Freedman, Larry Perkins, James Barron",https://www.filmcrave.com/movie_page_main.php?id=16660,Unknown
The Fortune,13066,2.4,05/20/1975,English,"Comedy, Crime",PG,Mike Nichols,"Stockard Channing, Jack Nicholson, Warren Beatty, Ian Wolfe, Brian Avery, Dub Taylor",https://www.filmcrave.com/movie_page_main.php?id=16661,Unknown
Forty Guns,6647,2.9,09/01/1957,English,"Drama, Western",NR,Samuel Fuller,"Barbara Stanwyck, Barry Sullivan, Dean Jagger, John Ericson, Robert Dix, Gene Barry",https://www.filmcrave.com/movie_page_main.php?id=16662,Unknown
"Foul King, The ( Banchikwang )",27930,2.3,03/24/2001,Korean,"Comedy, Sport",NR,Jee-woon Kim,"Jin-Young Jang, Su-ro Kim, Kang-ho Song, Goo Shin, Woong-in Jeong, Young-chang Song",https://www.filmcrave.com/movie_page_main.php?id=16663,Unknown
"Fountain, The ( Fontan )",55081,1.5,12/20/1989,Russian,Comedy,NR,Yuri Mamin,"Asankul Kuttubayev, Sergei Dontsov, Shanna Kerimtayeva, Viktor Mikhaylov, Aleksei Zalivalov, Nina Usatova",https://www.filmcrave.com/movie_page_main.php?id=16665,Unknown
The Fountainhead,9530,2.5,07/02/1949,English,Drama,NR,King Vidor,"Gary Cooper, Patricia Neal, Raymond Massey, Kent Smith, Robert Douglas, Henry Hull",https://www.filmcrave.com/movie_page_main.php?id=16666,An idealistic architect battles corrupt business interests and his love
Four Days in July,27783,2.3,01/29/1985,English,Comedy,NR,Mike Leigh,"Brid Brennan, Stephen Rea, Des McAleer, Paula Hamilton, Charles Lawson, B.J. Hogg",https://www.filmcrave.com/movie_page_main.php?id=16667,Unknown
Four Days of Snow and Blood,44232,2.0,01/01/1989,Unknown,Unknown,Unknown,Unknown,Unknown,https://www.filmcrave.com/movie_page_main.php?id=16668,Unknown
The Four Feathers,4149,2.8,08/03/1939,English,"Adventure, War",NR,Zoltan Korda,"John Clements, Ralph Richardson, C. Aubrey Smith, June Duprez, Allan Jeayes, Jack Allen",https://www.filmcrave.com/movie_page_main.php?id=16669,the first talking version of the story of a guy who must prove to his friends that he is no the coward they suppose him to be. To prove this he must go to extra-ordinary measures. --
The Four Feathers,44129,2.0,01/01/1978,English,"Adventure, Drama",NR,Don Sharp,"Beau Bridges, Robert Powell, Simon Ward, Jane Seymour, Harry Andrews, Richard Johnson",https://www.filmcrave.com/movie_page_main.php?id=16670,Unknown
Four Flies on Grey Velvet ( 4 mosche di velluto grigio ),19320,2.2,08/25/1972,Italian,"Crime, Mystery",NR,Dario Argento,"Michael Brandon, Mimsy Farmer, Jean-Pierre Marielle, Bud Spencer, Aldo Bufi Landi, Calisto Calisti",https://www.filmcrave.com/movie_page_main.php?id=16671,Unknown
Four Friends,28923,2.1,12/11/1981,English,Drama,R,Arthur Penn,"Craig Wasson, Jodi Thelen, Michael Huddleston, Jim Metzler, Scott Hardt, Elizabeth Lawrence",https://www.filmcrave.com/movie_page_main.php?id=16672,Unknown
"Secret Four, The ( Four Just Men, The )",54851,1.5,04/21/1940,English,"Thriller, Drama",NR,Walter Forde,"Hugh Sinclair, Griffith Jones, Francis L. Sullivan, Frank Lawton, Anna Lee, Alan Napier",https://www.filmcrave.com/movie_page_main.php?id=16673,Unknown
Four Men and a Prayer,17357,2.3,04/29/1938,English,"Adventure, Mystery",NR,John Ford,"Loretta Young, Richard Greene, George Sanders, David Niven, C. Aubrey Smith, J. Edward Bromberg",https://www.filmcrave.com/movie_page_main.php?id=16674,Unknown
The Four Musketeers: Milady's Revenge,5989,2.7,02/26/1975,English,"Action, Comedy",PG,Richard Lester,"Oliver Reed, Raquel Welch, Richard Chamberlain, Michael York, Christopher Lee, Frank Finlay",https://www.filmcrave.com/movie_page_main.php?id=16675,Unknown
The Four Seasons of the Law,46317,1.8,01/01/1999,Unknown,Unknown,Unknown,Unknown,Unknown,https://www.filmcrave.com/movie_page_main.php?id=16676,Unknown
Four Sons,23510,2.2,06/14/1940,English,"Drama, War",NR,Archie Mayo,"Don Ameche, Eugenie Leontovich, Mary Beth Hughes, Alan Curtis, George Ernest, Robert Lowery",https://www.filmcrave.com/movie_page_main.php?id=16677,Unknown
Fourteen Hours,8096,2.7,03/06/1951,English,"Thriller, Drama",NR,Henry Hathaway,"Paul Douglas, Richard Basehart, Barbara Bel Geddes, Debra Paget, Agnes Moorehead, Grace Kelly",https://www.filmcrave.com/movie_page_main.php?id=16678,Unknown
Fourth Floor,35554,2.0,01/01/2003,Unknown,Unknown,Unknown,Unknown,Unknown,https://www.filmcrave.com/movie_page_main.php?id=16679,Unknown
"Fourth Man, The ( Vierde man, De )",4983,2.9,11/15/1983,Other,"Drama, Thriller",NR,Paul Verhoeven,"Jeroen Krabb\xc3\xa9, Ren\xc3\xa9e Soutendijk, Thom Hoffman, Dolf de Vries, Geert de Jong, Hans Veerman",https://www.filmcrave.com/movie_page_main.php?id=16680,Unknown
Foxy Brown,10984,2.4,04/05/1974,English,"Action, Crime",R,Jack Hill,"Pam Grier, Antonio Fargas, Peter Brown, Sid Haig, Terry Carter, Bob Minor",https://www.filmcrave.com/movie_page_main.php?id=16681,Unknown
Fragments of Isabella,57484,2.0,01/01/1989,English,Drama,NR,Ronan O'Leary,Gabrielle Reidy,https://www.filmcrave.com/movie_page_main.php?id=16682,Unknown
Fragments of Life,58205,2.0,01/01/1999,Unknown,Unknown,Unknown,Unknown,Unknown,https://www.filmcrave.com/movie_page_main.php?id=16683,Unknown
Framed,22420,2.5,08/01/1975,English,"Action, Crime",R,Phil Karlson,"Joe Don Baker, Conny Van Dyke, Gabriel Dell, John Marley, Brock Peters, John Larch",https://www.filmcrave.com/movie_page_main.php?id=16685,Unknown
Francesca and Nunziata ( Francesca e Nunziata ),58577,2.0,01/22/2002,Italian,Drama,NR,Lina Wertm\xc3\xbcller,"Sophia Loren, Giancarlo Giannini, Claudia Gerini, Raoul Bova, Carmen Femiano, Domenico Orsini",https://www.filmcrave.com/movie_page_main.php?id=16686,Unknown
"Flowers of St. Francis, The ( Francesco, giullare di Dio )",2127,3.0,10/06/1952,Italian,Drama,NR,Roberto Rossellini,"Gianfranco Bellini, Aldo Fabrizi, Pino Locchi, Peparuolo, Fra' Severino Pisacane, Roberto Sorrentino",https://www.filmcrave.com/movie_page_main.php?id=16687,Follows the exploits of a group of monks following St. Francis - presented in a series of unconnected vignettes shot in the neo-realist style (using actual monks rather than professional actors). --
Franchesca Page,58036,2.0,01/01/1997,English,Comedy,NR,Kelley Sane,"Maureen Griffin, Rossy de Palma, Joe Pirolli, Jeffery Roberson, Rhonda Ross Kendrick",https://www.filmcrave.com/movie_page_main.php?id=16688,Unknown
The Franchise Affair,56350,2.0,01/01/1950,Unknown,Unknown,Unknown,Unknown,Unknown,https://www.filmcrave.com/movie_page_main.php?id=16689,Unknown
Francis the Talking Mule,17343,2.3,02/01/1950,English,"Comedy, War",NR,Arthur Lubin,"Donald O'Connor, Patricia Medina, Zasu Pitts, Ray Collins, Tony Curtis, Frank Faylen",https://www.filmcrave.com/movie_page_main.php?id=16690,Unknown
Francisca,50389,3.0,04/05/2003,Spanish,"Drama, Thriller",NR,Eva L\xc3\xb3pez S\xc3\xa1nchez,"Ulrich Noethen, Fabiola Campomanes, Carlos Lucas, Rafael Mart\xc3\xadn, Regina Kuri, H\xc3\xa9ctor Ortega",https://www.filmcrave.com/movie_page_main.php?id=16691,Unknown
"Fran\xc3\xa7ois Truffaut, une autobiographie",42869,1.7,10/01/2004,French,Documentary,NR,Anne Andreu,"Milos Forman, Jeanne Moreau, Claude Berri, Woody Allen, Catherine Deneuve, Fanny Ardant",https://www.filmcrave.com/movie_page_main.php?id=16692,Unknown
Fran\xc3\xa7ois Truffaut: Portraits vol\xc3\xa9s,30923,2.2,07/15/1994,French,Documentary,NR,"Michel Pascal, Serge Toubiana","Eva Truffaut, Laura Truffaut, Eric Rohmer, Marcel Oph\xc3\xbcls, Catherine Deneuve, Claude Chabrol",https://www.filmcrave.com/movie_page_main.php?id=16693,Unknown
Frank Capra's American Dream,22557,2.5,01/01/1997,English,"Documentary, Biography",PG,Kenneth Bowser,"Ron Howard, Frank Capra Jr., Martin Scorsese, Oliver Stone, Garry Marshall, Robert Altman",https://www.filmcrave.com/movie_page_main.php?id=16694,Unknown
Frankenhooker,29375,1.9,06/01/1990,English,"Comedy, Horror",R,Frank Henenlotter,"James Lorinz, Joanne Ritchie, Patty Mullen, J.J. Clark, Carissa Channing, Shirl Bernheim",https://www.filmcrave.com/movie_page_main.php?id=16695,Unknown
Frankenstein and the Monster from Hell,17366,2.3,10/30/1973,English,Horror,R,Terence Fisher,"Peter Cushing, Shane Briant, David Prowse, Madeline Smith, John Stratton, Michael Ward",https://www.filmcrave.com/movie_page_main.php?id=16696,Unknown
Frankenstein Created Woman,23808,2.1,03/15/1967,English,"Horror, Drama",R,Terence Fisher,"Peter Cushing, Susan Denberg, Thorley Walters, Robert Morris, Duncan Lamont, Peter Blythe",https://www.filmcrave.com/movie_page_main.php?id=16697,Unknown
Frankenstein Meets the Wolf Man,6498,2.6,03/05/1943,English,"Sci-Fi, Horror",NR,Roy William Neill,"Bela Lugosi, Lon Chaney Jr., Patric Knowles, Maria Ouspenskaya, Ilona Massey, Dennis Hoey",https://www.filmcrave.com/movie_page_main.php?id=16698,"Larry Talbot aka The Wolfman, is in the care of Dr. Manning - but knows"
Frankenstein Must Be Destroyed,11342,2.5,02/11/1970,English,"Horror, Drama",PG-13,Terence Fisher,"Peter Cushing, Veronica Carlson, Freddie Jones, Simon Ward, Thorley Walters, Maxine Audley",https://www.filmcrave.com/movie_page_main.php?id=16699,Unknown
Frankenstein: The True Story,7260,2.7,11/30/1973,English,"Horror, Sci-Fi",NR,Jack Smight,"James Mason, Leonard Whiting, David McCallum, Jane Seymour, Michael Sarrazin, Agnes Moorehead",https://www.filmcrave.com/movie_page_main.php?id=16700,Unknown
Frankie,44465,2.0,03/01/2006,Russian,Drama,NR,Fabienne Berthaud,"Diane Kruger, Jeannick Gravelines, Brigitte Catillon, Christian Wiggert, Jay Alexander, Sylvia Hoeks",https://www.filmcrave.com/movie_page_main.php?id=16701,Unknown
"Frantz Fanon: Black Skin, White Mask",20845,2.4,10/09/1996,French,"Documentary, Biography",NR,Isaac Julien,"Colin Salmon, John Wilson, Halima Daoud, Rachida Rahal, Amir M. Korangy, Ana Ramalho",https://www.filmcrave.com/movie_page_main.php?id=16702,Unknown
Frauds,29496,2.0,09/17/1993,English,"Comedy, Crime",R,Stephan Elliott,"Phil Collins, Hugo Weaving, Josephine Byrnes, Peter Mochrie, Helen O'Connor, Rebel Penfold-Russell",https://www.filmcrave.com/movie_page_main.php?id=16703,Unknown
Freak Orlando,57165,2.0,11/06/1981,German,"Comedy, Fantasy",NR,Ulrike Ottinger,"Magdalena Montezuma, Delphine Seyrig, Albert Heins, Claudio Pantoja, Hiro Uchiyama, Eddie Constantine",https://www.filmcrave.com/movie_page_main.php?id=16705,Unknown
Freak Weather,58206,2.0,01/01/1999,Unknown,Unknown,Unknown,Unknown,Unknown,https://www.filmcrave.com/movie_page_main.php?id=16706,Unknown
Freaked,28572,1.9,09/01/1993,English,"Comedy, Sci-Fi",PG-13,"Tom Stern, Alex Winter","Alex Winter, Brooke Shields, William Sadler, Randy Quaid, Mr. T, Bobcat Goldthwait",https://www.filmcrave.com/movie_page_main.php?id=16707,"A chemical company hires a popular actor to help promote their image. But the vain Ricky Coogan, along with his friends, find themselves on the wrong end of a toxic substance and find themselves part of a freak show. --"
Freaks,671,3.0,01/01/1932,English,"Drama, Horror",NR,Tod Browning,"Wallace Ford, Leila Hyams, Olga Baclanova, Roscoe Ates, Henry Victor, Harry Earles",https://www.filmcrave.com/movie_page_main.php?id=16708,"A beautiful ""big"" woman marries a handsome ""little"" man.  But, when money gets in the way things start to go wrong. --"
Free Floating,59022,2.0,01/01/2006,Unknown,Unknown,Unknown,Unknown,Unknown,https://www.filmcrave.com/movie_page_main.php?id=16709,Unknown
"Freedom ( libertad, La )",50208,3.0,10/01/2001,Spanish,Drama,NR,Lisandro Alonso,"Misael Saavedra, Humberto Estrada, Rafael Estrada, Omar Didino, Javier Didino",https://www.filmcrave.com/movie_page_main.php?id=16710,Unknown
Freedom is Paradise ( S.E.R. - Svoboda eto rai ),49422,3.0,08/10/1990,Russian,Drama,NR,Sergey Bodrov,"Svetlana Gaytan, Vladimir Kosyrev, Kseniya Nazarova, Aleksandr Bureyev, Vytautas Tomkus",https://www.filmcrave.com/movie_page_main.php?id=16711,Unknown
Freedom Road,38645,1.8,10/29/1979,English,Drama,NR,J\xc3\xa1n Kad\xc3\xa1r,"Muhammad Ali, Kris Kristofferson, Ron O'Neal, Edward Herrmann, Ossie Davis, Grace Zabriskie",https://www.filmcrave.com/movie_page_main.php?id=16712,Unknown
Freesia: Bullets Over Tears ( Fur\xc3\xaejia ),37562,2.5,06/26/2007,Japanese,Action,NR,Kazuyoshi Kumakiri,"Tetsuji Tamayama, Tsugumi, Hidetoshi Nishijima, Tasuku Emoto, Kei Suma, Masaki Miura",https://www.filmcrave.com/movie_page_main.php?id=16714,Unknown
Freeway II: Confessions of a Trickbaby,49975,3.0,10/19/1999,English,"Comedy, Crime",R,Matthew Bright,"Natasha Lyonne, Vincent Gallo, David Alan Grier, April Telek, Michael T. Weiss, Mar\xc3\xada Celedonio",https://www.filmcrave.com/movie_page_main.php?id=16715,Unknown
French Cancan,3893,3.0,04/16/1956,French,"Comedy, Musical",NR,Jean Renoir,"Jean Gabin, Fran\xc3\xa7oise Arnoul, Mar\xc3\xada F\xc3\xa9lix, Anna Amendola, Jean-Roger Caussimon, Dora Doll",https://www.filmcrave.com/movie_page_main.php?id=16716,Unknown
The French Line,22238,2.5,02/08/1954,English,"Comedy, Musical",NR,Lloyd Bacon,"Jane Russell, Gilbert Roland, Arthur Hunnicutt, Mary McCarty, Joyce Mackenzie, Rita Corday",https://www.filmcrave.com/movie_page_main.php?id=16717,Unknown
A French Mistress,45148,1.5,12/18/1960,English,Comedy,NR,Roy Boulting,"Cecil Parker, James Robertson Justice, Ian Bannen, Agn\xc3\xa8s Laurent, Raymond Huntley, Irene Handl",https://www.filmcrave.com/movie_page_main.php?id=16718,Unknown
French Without Tears,36436,2.5,04/28/1940,English,Comedy,NR,Anthony Asquith,"Ray Milland, Ellen Drew, Janine Darcey, David Tree, Roland Culver, Guy Middleton",https://www.filmcrave.com/movie_page_main.php?id=16720,Unknown
Frenchman's Creek,26423,2.1,09/20/1944,English,"Adventure, Romance",NR,Mitchell Leisen,"Joan Fontaine, Arturo de C\xc3\xb3rdova, Basil Rathbone, Nigel Bruce, Cecil Kellaway, Ralph Forbes",https://www.filmcrave.com/movie_page_main.php?id=16721,"A swashbuckling romantic film about an English lady, and a French pirate captain, who of course meet strong opposition. --"
Fresh Air ( Friss leveg\xc3\xb6 ),42898,1.7,03/16/2007,Hungarian,Drama,NR,"\xc3\x81gnes Kocsis, Andrea Roberti","Izabella Hegyi, J\xc3\xbalia Nyak\xc3\xb3, Anita Tur\xc3\xb3czi, Zolt\xc3\xa1n Kiss, B\xc3\xa9la Stubnya, P\xc3\xa9ter Bereczky",https://www.filmcrave.com/movie_page_main.php?id=16722,Unknown
Fresh Fruit,58777,2.0,01/01/2004,Unknown,Unknown,Unknown,Unknown,Unknown,https://www.filmcrave.com/movie_page_main.php?id=16723,Unknown
The Freshest Kids - A History of the B-Boy,20874,2.4,10/01/2002,English,Documentary,NR,Israel,"Afrika Bambaataa, Mos Def, Fab 5 Freddy, Frosty Freeze, Crazy Legs, Kool Herc",https://www.filmcrave.com/movie_page_main.php?id=16724,Unknown
Freud,4728,2.9,12/12/1962,English,"Biography, Drama",NR,John Huston,"Montgomery Clift, Susannah York, Larry Parks, Susan Kohner, Eileen Herlie, Fernand Ledoux",https://www.filmcrave.com/movie_page_main.php?id=16725,Unknown
Fricasse,58732,2.0,07/05/2003,Other,Unknown,NR,Martin Krejc\xc3\xad,"Martin Huba, Stano Danciak, Alexandr Minaev",https://www.filmcrave.com/movie_page_main.php?id=16726,Unknown
Friday or Another Day ( Vendredi ou un autre jour ),44459,2.0,10/15/2005,French,Adventure,NR,Yvan Le Moine,"Philippe Nahon, Alain Mora\xc3\xafda, Ornella Muti, Hanna Schygulla, Philippe Grand'Henry, Jean Hermann",https://www.filmcrave.com/movie_page_main.php?id=16727,Unknown
Frieda,38580,1.8,08/14/1947,English,"Drama, War",NR,Basil Dearden,"David Farrar, Glynis Johns, Mai Zetterling, Flora Robson, Albert Lieven, Barbara Everest",https://www.filmcrave.com/movie_page_main.php?id=16728,Unknown
Friend ( Chingoo ),58544,2.0,11/04/2001,Korean,"Crime, Drama",NR,Kyung-Taek Kwak,"Oh-seong Yu, Dong-gun Jang, Tae-hwa Seo, Un-taek Jeong, Bo-kyeong Kim, Ju-bong Gi",https://www.filmcrave.com/movie_page_main.php?id=16729,Unknown
"Friend, The ( Fremder Freund )",58945,2.0,04/08/2005,German,Drama,NR,Elmar Fischer,"Nav\xc3\xadd Akhavan, Fatih Alas, Ercan Durmaz, Elmar Fischer, Mavie H\xc3\xb6rbiger, Mina Tander",https://www.filmcrave.com/movie_page_main.php?id=16730,Unknown
Friendly Fire,58120,2.0,01/01/1998,Unknown,Unknown,Unknown,Unknown,Unknown,https://www.filmcrave.com/movie_page_main.php?id=16731,Unknown
Friendly Persuasion,2362,3.0,11/25/1956,English,"Drama, Western",NR,William Wyler,"Gary Cooper, Dorothy McGuire, Anthony Perkins, Robert Middleton, Peter Mark Richman, Richard Eyer",https://www.filmcrave.com/movie_page_main.php?id=16732,In 1862 a Quaker family must reconcile their religion's opposition to violence and war with the advance of the Civil War that will force them to act. --
Friends,48653,3.0,03/24/1971,English,"Drama, Romance",R,Lewis Gilbert,"Sean Bury, Anic\xc3\xa9e Alvina, Ronald Lewis, Toby Robins, Joan Hickson, Pascale Roberts",https://www.filmcrave.com/movie_page_main.php?id=16733,Unknown
Friends,57836,2.0,01/14/1994,English,Drama,NR,Elaine Proctor,"Kerry Fox, Dambisa Kente, Michele Burgers, Marius Weyers, Tertius Meintjes, Dolly Rathebe",https://www.filmcrave.com/movie_page_main.php?id=16734,Unknown
Sheer Madness aka Friends and Husbands ( Heller Wahn ),6898,3.0,09/20/1985,German,Drama,NR,Margarethe von Trotta,"Hanna Schygulla, Angela Winkler, Peter Striebeck, Christine Fersen, Franz Buchrieser, Wladimir Yordanoff",https://www.filmcrave.com/movie_page_main.php?id=16735,Unknown
The Friends of Eddie Coyle,839,3.2,06/27/1973,English,"Crime, Thriller",R,Peter Yates,"Robert Mitchum, Peter Boyle, Richard Jordan, Alex Rocco, Steven Keats, Joe Santos",https://www.filmcrave.com/movie_page_main.php?id=16736,Eddie Coyle is a small-time hood looking at a long sentence for repeat
Friendship's Death,57393,2.0,01/01/1987,Unknown,Unknown,Unknown,Unknown,Unknown,https://www.filmcrave.com/movie_page_main.php?id=16738,Unknown
The Frightened City,18319,2.7,07/20/1962,English,"Crime, Drama",NR,John Lemont,"Herbert Lom, John Gregson, Sean Connery, Alfred Marks, Yvonne Romain, Olive McFarland",https://www.filmcrave.com/movie_page_main.php?id=16739,Unknown
Frightmare,18396,2.7,07/01/1975,English,"Horror, Thriller",R,Pete Walker,"Rupert Davies, Sheila Keith, Deborah Fairfax, Paul Greenwood, Kim Butcher, Fiona Curzon",https://www.filmcrave.com/movie_page_main.php?id=16740,"A husband and wife are released from an asylum after 15 years - and take little time in going back to their old ways of murder and cannibalism - and it turns out, the condition may run in the family. --"
The Fringe Dwellers,25472,3.0,01/01/1986,Unknown,Unknown,Unknown,Unknown,Unknown,https://www.filmcrave.com/movie_page_main.php?id=16741,Unknown
Fritz the Cat,16333,2.2,01/25/1972,English,"Animation, Comedy",NC-17,Ralph Bakshi,"Skip Hinnant, Rosetta LeNoire, John McCurry, Phil Seuling",https://www.filmcrave.com/movie_page_main.php?id=16742,Unknown
"Frog Dreaming ( Quest, The )",46233,1.8,05/01/1986,English,"Drama, Adventure",PG,Brian Trenchard-Smith,"Henry Thomas, Tony Barry, Rachel Friend, Tamsin West, Dempsey Knight, John Ewart",https://www.filmcrave.com/movie_page_main.php?id=16743,Unknown
"Frog Prince, The ( Ching wa wong ji )",49211,3.0,04/18/1984,Cantonese,"Comedy, Romance",NR,Jing Wong,"Kenny Bee, Cherie Chung, Pak-cheung Chan, Rosamund Kwan, Maggie Cheung, Charlie Cho",https://www.filmcrave.com/movie_page_main.php?id=16744,Unknown
Frogs,23708,2.0,03/10/1972,English,"Horror, Drama",PG,George McCowan,"Ray Milland, Sam Elliott, Joan Van Ark, Adam Roarke, Judy Pace, Lynn Borden",https://www.filmcrave.com/movie_page_main.php?id=16745,Unknown
From Beyond,16591,2.2,10/24/1986,English,"Horror, Sci-Fi",R,Stuart Gordon,"Jeffrey Combs, Barbara Crampton, Ken Foree, Ted Sorel, Carolyn Purdy-Gordon, Bruce McGuire",https://www.filmcrave.com/movie_page_main.php?id=16746,"Dr. Edward Pretorius, along with assistant physician Crawford Tillinghast,"
From Beyond the Grave,15878,2.3,01/01/1975,English,"Fantasy, Horror",PG,Kevin Connor,"Peter Cushing, Ian Carmichael, Donald Pleasence, Ian Bannen, Diana Dors, Margaret Leighton",https://www.filmcrave.com/movie_page_main.php?id=16747,Unknown
From Hell It Came,38464,1.7,08/25/1957,English,"Horror, Sci-Fi",NR,Dan Milner,"Tod Andrews, Tina Carver, Linda Watkins, John McNamara, Gregg Palmer, Robert Swan",https://www.filmcrave.com/movie_page_main.php?id=16748,Unknown
From Hell to Texas,41066,2.3,06/01/1958,English,Western,NR,Henry Hathaway,"Don Murray, Diane Varsi, Chill Wills, Dennis Hopper, R.G. Armstrong, Jay C. Flippen",https://www.filmcrave.com/movie_page_main.php?id=16749,Unknown
From Hell to Victory ( Contro 4 bandiere ),30830,2.2,03/15/1979,Italian,War,PG,Umberto Lenzi,"George Peppard, George Hamilton, Horst Buchholz, Anny Duperey, Jean-Pierre Cassel, Capucine",https://www.filmcrave.com/movie_page_main.php?id=16750,Unknown
From Noon Till Three,33717,1.9,08/01/1977,English,"Comedy, Romance",PG,Frank D. Gilroy,"Charles Bronson, Jill Ireland, Douglas Fowley, Stan Haze, Damon Douglas, Hector Morales",https://www.filmcrave.com/movie_page_main.php?id=16751,Unknown
From the Pole to the Equator ( Dal Polo all'Equatore ),57450,2.0,04/06/1988,Italian,Unknown,NR,"Yervant Gianikian, Angela Ricci Lucchi",Unknown,https://www.filmcrave.com/movie_page_main.php?id=16752,Unknown
From Russia to Hollywood: The 100-Year Odyssey of Chekhov and Shdanoff,27949,2.3,08/26/2002,English,Documentary,NR,Frederick Keeve,"Gregory Peck, Mala Powers, Lloyd Bridges, Anthony Quinn, Robert Stack, Patricia Neal",https://www.filmcrave.com/movie_page_main.php?id=16753,Unknown
From Russia with Rock ( Sirppi ja kitara ),27827,2.3,12/19/1990,Russian,Documentary,NR,Marjaana Mykk\xc3\xa4nen,"Harry Bent, Nautilus Pompilius, Uriah Heep, Vyacheslav Butusov, Mister Twister, Novaja Kollektsia",https://www.filmcrave.com/movie_page_main.php?id=16754,Unknown
From Saturday to Sunday ( Ze soboty na nedeli ),55849,2.0,05/01/1931,Czech,Drama,NR,Gustav Machat\xc3\xbd,"Ladislav H. Struna, Magda Maderova, Jirina Sejbalov\xc3\xa1, Karel Jic\xc3\xadnsk\xc3\xbd, R.A. Dvorsk\xc3\xbd, F.X. Mlejnek",https://www.filmcrave.com/movie_page_main.php?id=16755,Unknown
From the Clouds to the Resistance ( Dalla nube alla resistenza ),17078,2.5,03/05/1981,Italian,Drama,NR,"Dani\xc3\xa8le Huillet, Jean-Marie Straub","Olimpia Carlisi, Guido Lombardi, Gino Felici, Lori Pelosini, Walter Pardini, Ennio Lauricella",https://www.filmcrave.com/movie_page_main.php?id=16756,Unknown
From the Journals of Jean Seberg,33379,2.0,03/01/1996,English,"Documentary, Biography",NR,Mark Rappaport,"Mary Beth Hurt, Jean Seberg",https://www.filmcrave.com/movie_page_main.php?id=16757,Unknown
From the Life of the Marionettes ( Aus dem Leben der Marionetten ),6137,2.8,06/30/1981,German,Drama,R,Ingmar Bergman,"Robert Atzorn, Christine Buchegger, Martin Benrath, Rita Russek, Lola M\xc3\xbcthel, Walter Schmidinger",https://www.filmcrave.com/movie_page_main.php?id=16758,"One of Ingmar Bergman's later works, ""From the Life of the Marionettes"" explores a couple's troubled marriage, and the motives behind the husband's murder of a call girl. --"
From the Queen to the Chief Executive,58451,2.0,01/01/2001,Unknown,Unknown,Unknown,Unknown,Unknown,https://www.filmcrave.com/movie_page_main.php?id=16759,Unknown
From the Terrace,11351,2.5,07/15/1960,English,Drama,NR,Mark Robson,"Paul Newman, Joanne Woodward, Myrna Loy, Barbara Eden, Ina Balin, Elizabeth Allen",https://www.filmcrave.com/movie_page_main.php?id=16760,Unknown
From This Day Forward,55454,1.3,03/02/1946,English,"Drama, Romance",NR,John Berry,"Joan Fontaine, Mark Stevens, Rosemary DeCamp, Harry Morgan, Wally Brown, Arline Judge",https://www.filmcrave.com/movie_page_main.php?id=16761,Unknown
The Front Line,22696,2.5,01/01/2006,English,"Drama, Thriller",NR,David Gleeson,"Eriq Ebouaney, James Frain, Gerard McSorley, Hakeem Kae-Kazim, Fatou N'Diaye, Brian Eli Ssebunya",https://www.filmcrave.com/movie_page_main.php?id=16762,Unknown
Front Page ( San boon gan baat a ),45222,1.5,08/24/1990,Cantonese,Comedy,NR,Philip Chan,"Michael Hui, Samuel Hui, Ricky Hui, Catherine Hung Yan, Winnie Lau, Koon-Lan Law",https://www.filmcrave.com/movie_page_main.php?id=16763,Unknown
Front Page Woman,13764,2.8,07/20/1935,English,"Drama, Romance",NR,Michael Curtiz,"Bette Davis, George Brent, Roscoe Karns, Wini Shaw, Walter Walker, J. Carrol Naish",https://www.filmcrave.com/movie_page_main.php?id=16764,Unknown
The Front Page,6226,2.7,03/19/1931,English,Comedy,NR,Lewis Milestone,"Adolphe Menjou, Pat O'Brien, Mary Brian, Edward Everett Horton, George E. Stone, Mae Clarke",https://www.filmcrave.com/movie_page_main.php?id=16765,Unknown
Frostbitten ( Frostbiten ),37509,2.5,01/01/2006,Swedish,"Horror, Comedy",NR,Anders Banke,"Petra Nielsen, Grete Havnesk\xc3\xb6ld, Carl-\xc3\x85ke Eriksson, Emma \xc3\x85berg, Jonas Karlstr\xc3\xb6m, Mikael G\xc3\xb6ransson",https://www.filmcrave.com/movie_page_main.php?id=16767,Unknown
Frozen ( Jidu hanleng ),10431,2.7,01/01/1997,Mandarin,Drama,NR,Xiaoshuai Wang,"Hongshen Jia, Xiaoqing Ma, Yu Bai, Geng Li, Yefu Bai, Ye Wei",https://www.filmcrave.com/movie_page_main.php?id=16768,Unknown
Frozen,58952,2.0,04/21/2005,English,Thriller,NR,Juliet McKoen,"Shirley Henderson, Roshan Seth, Ger Ryan, Richard Armitage, Jamie Sives, Lyndsey Marshal",https://www.filmcrave.com/movie_page_main.php?id=16769,Unknown
Frozen Land ( Paha maa ),9093,2.9,03/01/2006,Finnish,Drama,NR,Aku Louhimies,"Jasper P\xc3\xa4\xc3\xa4kk\xc3\xb6nen, Mikko Leppilampi, Pamela Tola, Petteri Summanen, Matleena Kuusniemi, Mikko Kouki",https://www.filmcrave.com/movie_page_main.php?id=16770,Unknown
The Fruit Machine,57432,2.0,01/01/1988,Unknown,Unknown,Unknown,Unknown,Unknown,https://www.filmcrave.com/movie_page_main.php?id=16771,Unknown
Fruit of Paradise ( Ovoce stromu rajsk\xc3\xbdch j\xc3\xadme ),37019,2.5,11/06/1970,Czech,Drama,NR,Vera Chytilov\xc3\xa1,"Karel Novak, Jitka Nov\xc3\xa1kova, Jan Schmid",https://www.filmcrave.com/movie_page_main.php?id=16772,Unknown
"Fruits of Passion, The ( fruits de la passion, Les )",49164,3.0,11/01/1982,Cantonese,Drama,NR,Sh\xc3\xbbji Terayama,"Isabelle Illiers, Klaus Kinski, Arielle Dombasle, P\xc3\xaet\xc3\xa2, Keiko Niitaka, Sayoko Yamaguchi",https://www.filmcrave.com/movie_page_main.php?id=16773,Unknown
Fu bo,50444,3.0,09/18/2003,Cantonese,Thriller,NR,"Kung-Lok Lee, Ching-Po Wong","Jacob Mense, Kai Chi Liu, Eric Tsang, Tung Cho 'Joe' Cheung, Sze-Chit Lee, Paulyn Sun",https://www.filmcrave.com/movie_page_main.php?id=16774,Unknown
Fubar,5860,2.9,01/01/2002,English,Comedy,R,Michael Dowse,"Paul Spence, David Lawrence, Gordon Skilling, Andrew Sparacino, Tracey Lawrence, S.C. Lim",https://www.filmcrave.com/movie_page_main.php?id=16775,Unknown
Fuckland,55580,1.3,09/21/2000,Spanish,Drama,NR,Jos\xc3\xa9 Luis Marqu\xc3\xa8s,"Fabi\xc3\xa1n Stratas, Camilla Heaney",https://www.filmcrave.com/movie_page_main.php?id=16776,Unknown
"Fuente Alamo, the Caress of Time ( Fuente \xc3\x81lamo, la caricia del tiempo )",35559,2.0,05/09/2003,Spanish,Documentary,NR,Pablo Garc\xc3\xada,Unknown,https://www.filmcrave.com/movie_page_main.php?id=16777,Unknown
Fufu the Worldweary ( Ensei Fufu ),58121,2.0,01/01/1998,Japanese,Drama,NR,Yuri Obitani,"Morio Agata, Daisuke Akai, Fuyume, Sora Kawamura, Miryeo Kim, Takashi Komine",https://www.filmcrave.com/movie_page_main.php?id=16778,Unknown
The Fugitive Kind,8252,2.6,12/01/1959,English,Drama,NR,Sidney Lumet,"Marlon Brando, Joanne Woodward, Anna Magnani, Maureen Stapleton, Victor Jory, R.G. Armstrong",https://www.filmcrave.com/movie_page_main.php?id=16779,A drifter guitarist ends up in a Mississippi town after his car breaks down. He finds a job at the local grocery store where he begins to unwittingly ignite a spark with the sick owner's Italian wife.\t
The Fugitive,5877,2.9,11/03/1947,English,Drama,NR,John Ford,"Henry Fonda, Dolores del Rio, Pedro Armend\xc3\xa1riz, J. Carrol Naish, Leo Carrillo, Ward Bond",https://www.filmcrave.com/movie_page_main.php?id=16780,Unknown
Full Body Massage,29505,2.0,11/05/1995,English,Drama,R,Nicolas Roeg,"Mimi Rogers, Bryan Brown, Christopher Burgard, Elizabeth Barondes, Gareth Williams, Patrick Neil Quinn",https://www.filmcrave.com/movie_page_main.php?id=16781,A career woman (Mimi Rogers) looks forward to her erotic massage appointments with a handsome young man.  But one day an older masseur shows up instead and engages her in a life-changing conversation.  Directed by Nicolas Roeg. --
"Haunting of Julia, The ( Full Circle )",14686,2.6,09/11/1981,English,"Drama, Horror",R,Richard Loncraine,"Mia Farrow, Keir Dullea, Tom Conti, Jill Bennett, Robin Gammell, Cathleen Nesbitt",https://www.filmcrave.com/movie_page_main.php?id=16782,Unknown
Full Confession,30204,2.2,01/01/1939,Unknown,Unknown,Unknown,Unknown,Unknown,https://www.filmcrave.com/movie_page_main.php?id=16783,Unknown
Full Contact ( Xia dao Gao Fei ),35949,1.8,07/23/1993,Unknown,"Action, Crime",NR,Ringo Lam,"Yun-Fat Chow, Simon Yam, Ann Bridgewater, Anthony Wong Chau-Sang, Bonnie Fu, Chris Lee",https://www.filmcrave.com/movie_page_main.php?id=16784,Unknown
Full Moon ( Vollmond ),41455,2.3,03/13/1998,German,"Drama, Mystery",NR,Fredi M. Murer,"Hanspeter M\xc3\xbcller, Lilo Baur, Benedict Freitag, Mariebelle Kuhn, Sara Capretti, Yolande Moreau",https://www.filmcrave.com/movie_page_main.php?id=16785,Unknown
Full Moon in New York ( Ren zai Niu Yue ),37230,2.5,03/01/1990,Mandarin,Drama,NR,Stanley Kwan,"Sylvia Chang, Maggie Cheung, I-Chen Ko, Josephine Koo, John Reidy, Gaowa Siqin",https://www.filmcrave.com/movie_page_main.php?id=16786,Unknown
Full of Life,45125,1.5,01/01/1956,Unknown,Unknown,Unknown,Unknown,Unknown,https://www.filmcrave.com/movie_page_main.php?id=16788,Unknown
Fulltime Killer ( Chuen jik sat sau ),11283,2.6,03/21/2003,Mandarin,"Crime, Drama",R,"Johnny To, Ka-Fai Wai","Andy Lau, Takashi Sorimachi, Simon Yam, Kelly Lin, Cherrie Ying, Suet Lam",https://www.filmcrave.com/movie_page_main.php?id=16789,Unknown
Fun,22535,2.5,01/01/1994,Unknown,Unknown,Unknown,Unknown,Unknown,https://www.filmcrave.com/movie_page_main.php?id=16790,"Two troublesome teenage girls become friends and decide to kill an elderly woman, just for fun.\t"
Fun Bar Karaoke,46302,1.8,01/01/1997,Unknown,Unknown,Unknown,Unknown,Unknown,https://www.filmcrave.com/movie_page_main.php?id=16791,Unknown
Fun Down There,41359,2.3,01/01/1989,Unknown,Unknown,Unknown,Unknown,Unknown,https://www.filmcrave.com/movie_page_main.php?id=16792,Unknown
Fun With Dick and Jane,19370,2.2,02/09/1977,English,Comedy,PG,Ted Kotcheff,"George Segal, Jane Fonda, Ed McMahon, Richard Gautier, Allan Miller, Fred Willard",https://www.filmcrave.com/movie_page_main.php?id=16793,Unknown
Funeral in Berlin,8837,2.6,12/22/1966,English,"Thriller, Drama",NR,Guy Hamilton,"Michael Caine, Paul Hubschmid, Oskar Homolka, Eva Renzi, Guy Doleman, Hugh Burden",https://www.filmcrave.com/movie_page_main.php?id=16794,"Ten years after WWII, the Berlin Wall not yet constructed, the secret services of different countries battle for small winnings: money, information and to settle old scores. Quietly, an English spy (M. Caine), arrives in the middle of them all. --"
Funeral Parade of Roses ( Bara no s\xc3\xb4retsu ),20370,2.4,10/29/1970,Japanese,Drama,NR,Toshio Matsumoto,"P\xc3\xaet\xc3\xa2, Osamu Ogasawara, Toyosaburo Uchiyama, Don Madrid, Emiko Azuma, Yoshio Tsuchiya",https://www.filmcrave.com/movie_page_main.php?id=16795,Unknown
A Funny Dirty Little War,24213,2.3,01/01/1983,Unknown,Unknown,Unknown,Unknown,Unknown,https://www.filmcrave.com/movie_page_main.php?id=16796,Unknown
Funny Face,3192,2.8,02/13/1957,English,"Romance, Comedy",NR,Stanley Donen,"Audrey Hepburn, Fred Astaire, Kay Thompson, Ruta Lee, Michel Auclair, Robert Flemyng",https://www.filmcrave.com/movie_page_main.php?id=16797,Musical about high-fashion photography in Paris starring Audrey Hepburn as a newly-discovered fashion model.\t
Funny Man,23597,2.2,10/07/1994,English,"Comedy, Horror",R,Simon Sprackling,"Tim James, Christopher Lee, Benny Young, Matthew Devitt, Pauline Black, Ingrid Lacey",https://www.filmcrave.com/movie_page_main.php?id=16798,Unknown
Funny Money,35388,2.0,01/01/1982,English,Drama,NR,James Kenelm Clarke,"Gregg Henry, Elizabeth Daily, Gareth Hunt, Derren Nesbitt, Annie Ross, Joe Praml",https://www.filmcrave.com/movie_page_main.php?id=16799,Unknown
A Funny Thing Happened on the Way to the Forum,13386,2.3,10/16/1966,English,"Comedy, Musical",NR,Richard Lester,"Zero Mostel, Phil Silvers, Buster Keaton, Michael Crawford, Jack Gilford, Annette Andre",https://www.filmcrave.com/movie_page_main.php?id=16800,A musical set in ancient Rome. Something for everyone\t
The Furies,3567,3.0,08/16/1950,English,"Drama, Romance",NR,Anthony Mann,"Barbara Stanwyck, Wendell Corey, Walter Huston, Judith Anderson, Gilbert Roland, Thomas Gomez",https://www.filmcrave.com/movie_page_main.php?id=16802,"The Furies ranch is run by the iron-fisted T.C. Jeffords, who considers himself a Napoleon-like figure. His firebrand daughter, Vance, is set to inherit the ranch one day but is complicated by Rip Darrow, a saloon owner she fancies who is seeking revenge for land T.C. stole years before and a gold-digging woman who captures T.C.'s eye. --"
Further and Particular,57433,2.0,01/01/1988,Unknown,Unknown,Unknown,Unknown,Unknown,https://www.filmcrave.com/movie_page_main.php?id=16803,Unknown
"Further Gesture, A ( Break, The )",58139,2.0,02/20/1998,English,"Drama, Romance",R,Robert Dornhelm,"Stephen Rea, Alfred Molina, Rosana Pastor, Brendan Gleeson, Jorge Sanz, Pruitt Taylor Vince",https://www.filmcrave.com/movie_page_main.php?id=16804,Unknown
Fury,2665,2.9,05/29/1936,English,"Crime, Drama",NR,Fritz Lang,"Sylvia Sidney, Spencer Tracy, Walter Abel, Bruce Cabot, Edward Ellis, Walter Brennan",https://www.filmcrave.com/movie_page_main.php?id=16805,"When a prisoner barely survives a lynch mob attack and is presumed dead, he vindictively decides to frame the mob for his murder.\t"
The Fury,11385,2.4,03/10/1978,English,"Drama, Horror",R,Brian De Palma,"Kirk Douglas, John Cassavetes, Carrie Snodgress, Charles Durning, Amy Irving, Fiona Lewis",https://www.filmcrave.com/movie_page_main.php?id=16806,"Two teens with psychokinetic powers are sought by an organization that wants to use their powers.. .the male is captured, his father fights against all adversity to get him back. --"
The Future is Not What It Used to Be,58560,2.0,01/01/2002,Unknown,Unknown,Unknown,Unknown,Unknown,https://www.filmcrave.com/movie_page_main.php?id=16807,Unknown
"Future is Woman, The ( futuro \xc3\xa8 donna, Il )",49198,3.0,01/01/1984,Italian,Drama,NR,Marco Ferreri,"Ornella Muti, Hanna Schygulla, Niels Arestrup, Maurizio Donadoni, Ute Cremer, Michele Bovenzi",https://www.filmcrave.com/movie_page_main.php?id=16808,Unknown
"Future of Emily, The ( Fl\xc3\xbcgel und Fesseln )",49293,3.0,12/17/1986,German,Drama,NR,Helma Sanders-Brahms,"Brigitte Fossey, Hildegard Knef, Ivan Desny, Hermann Treusch, Camille Raymond, Mathieu Carri\xc3\xa8re",https://www.filmcrave.com/movie_page_main.php?id=16809,Unknown
Futureworld,12786,2.4,08/13/1976,English,"Thriller, Sci-Fi",PG,Richard T. Heffron,"Peter Fonda, Blythe Danner, Arthur Hill, Yul Brynner, Stuart Margolin, John P. Ryan",https://www.filmcrave.com/movie_page_main.php?id=16810,"After the disaster that befell Westworld, the company has put all their time, money and effort into a new venture: Futureworld. Yet when a reporter winds ups dead after discovering a secret behind this new attraction, two friends and fellow reporters decide to uncover the secret behind his death and Futureworld. --"
'G' Men,9294,2.6,05/04/1935,English,"Crime, Drama",NR,William Keighley,"James Cagney, Margaret Lindsay, Ann Dvorak, Robert Armstrong, Barton MacLane, Lloyd Nolan",https://www.filmcrave.com/movie_page_main.php?id=16812,"The story of a man who becomes one of the first FBI agents, though he has ties to the mob. --"
G.O.R.A.,50623,3.0,11/12/2004,Turkish,"Adventure, Comedy",NR,\xc3\x96mer Faruk Sorak,"Cem Yilmaz, Rasim Oztekin, \xc3\x96zkan Ugur, Idil Firat, Ozan Guven, \xc3\x96zge \xc3\x96zberk",https://www.filmcrave.com/movie_page_main.php?id=16813,Unknown
G:MT Greenwich Mean Time,37362,2.5,10/01/1999,English,"Drama, Crime",NR,John Strickland,"Steve John Shepherd, Ben Waters, Alec Newman, Chiwetel Ejiofor, Anjela Lauren Smith, Melanie Gutteridge",https://www.filmcrave.com/movie_page_main.php?id=16814,Unknown
G'ol\xc3\xa9!,35389,2.0,01/01/1982,English,"Documentary, Sport",NR,Tom Clegg,Sean Connery,https://www.filmcrave.com/movie_page_main.php?id=16815,Unknown
Gable and Lombard,37089,2.5,02/11/1976,English,"Biography, Drama",R,Sidney J. Furie,"James Brolin, Jill Clayburgh, Allen Garfield, Red Buttons, Carol McGinnis, Joanne Linville",https://www.filmcrave.com/movie_page_main.php?id=16816,Unknown
Gabriel & Me,17158,2.5,11/02/2001,English,Drama,NR,Udayan Prasad,"Iain Glen, David Bradley, Billy Connolly, Sean Landless, Rosie Rowell, Ian Cullen",https://www.filmcrave.com/movie_page_main.php?id=16817,Unknown
Gabriel Over the White House,24795,2.0,03/31/1933,English,"Drama, Fantasy",NR,Gregory La Cava,"Walter Huston, Karen Morley, Franchot Tone, Arthur Byron, Dickie Moore, C. Henry Gordon",https://www.filmcrave.com/movie_page_main.php?id=16818,Unknown
"Gacaca, Living Together Again in Rwanda?",55297,1.2,01/01/2002,Other,Unknown,NR,Anne Aghion,Unknown,https://www.filmcrave.com/movie_page_main.php?id=16819,Unknown
Gaea Girls,5073,3.1,10/01/2000,English,Documentary,NR,"Kim Longinotto, Jano Williams","Chigusa Nagayo, Meiko Satomura, Yuka Sugiyama, Saika Takeuchi",https://www.filmcrave.com/movie_page_main.php?id=16820,Unknown
Gafla,50954,3.0,10/06/2006,Hindi,Drama,NR,Sameer Hanchate,"Vikram Gokhale, Vinod Sharawat, Aditya Lakhia, Shakti Singh, Brijendra Kala, Purva Parag",https://www.filmcrave.com/movie_page_main.php?id=16821,Unknown
Gal Young 'Un,49066,3.0,09/24/1979,English,Drama,NR,Victor Nunez,"Dana Preu, David Peck, J. Smith-Cameron, Gene Densmore, Jennie Stringfellow, Tim McCormack",https://www.filmcrave.com/movie_page_main.php?id=16822,Unknown
Galahad of Everest,27833,2.3,12/07/1991,English,Documentary,NR,John-Paul Davidson,Brian Blessed,https://www.filmcrave.com/movie_page_main.php?id=16823,Unknown
Galaxy of Terror,38365,1.6,10/01/1981,English,"Horror, Sci-Fi",R,Bruce D. Clark,"Edward Albert, Erin Moran, Ray Walston, Robert Englund, Sid Haig, Zalman King",https://www.filmcrave.com/movie_page_main.php?id=16824,Unknown
Galileo,56614,2.0,09/07/1968,Italian,Drama,NR,Liliana Cavani,"Cyril Cusack, Georgi Kaloyanchev, Nikolay Doychev, Miroslav Mindov, Georgi Cherkelov, Mikhail Mikhajlov",https://www.filmcrave.com/movie_page_main.php?id=16825,Unknown
Galileo,18394,2.7,01/27/1975,English,"Biography, Drama",PG,Joseph Losey,"Topol, Edward Fox, Colin Blakely, Michael Lonsdale, John Gielgud, Michael Gough",https://www.filmcrave.com/movie_page_main.php?id=16826,Unknown
Galileo: On the Shoulders of Giants,49823,3.0,01/01/1998,English,"Biography, Drama",NR,David Devine,"Michael Moriarty, Kenny Vadas, Louis Del Grande, Tony Nardi, Guido Cerasuolo, Damir Andrei",https://www.filmcrave.com/movie_page_main.php?id=16827,Unknown
Gallivant,39592,1.8,09/19/1996,English,Documentary,NR,Andrew Kotting,"Andrew Kotting, Eden Kotting, Gladys Morris",https://www.filmcrave.com/movie_page_main.php?id=16828,Unknown
Gambit,9778,2.5,01/07/1967,English,"Comedy, Crime",NR,Ronald Neame,"Shirley MacLaine, Michael Caine, Herbert Lom, Roger C. Carmel, Arnold Moss, John Abbott",https://www.filmcrave.com/movie_page_main.php?id=16829,Unknown
The Gambler,7238,2.7,10/01/1974,English,"Crime, Drama",R,Karel Reisz,"James Caan, Paul Sorvino, Lauren Hutton, Morris Carnovsky, Burt Young, Jacqueline Brookes",https://www.filmcrave.com/movie_page_main.php?id=16830,Unknown
"Gambling, Gods and LSD",22651,2.5,10/10/2003,English,Documentary,NR,Peter Mettler,"John Paul Young, Albert Hoffman",https://www.filmcrave.com/movie_page_main.php?id=16831,Unknown
Game for Vultures,37126,2.5,09/01/1980,English,Drama,R,James Fargo,"Richard Harris, Richard Roundtree, Joan Collins, Ray Milland, Denholm Elliott, Sven-Bertil Taube",https://www.filmcrave.com/movie_page_main.php?id=16832,Unknown
The Game of Their Lives,31026,2.2,10/21/2002,English,"Documentary, Sport",NR,Daniel Gordon,"Daniel Gordon, Paul Nicholson",https://www.filmcrave.com/movie_page_main.php?id=16833,Unknown
The Gamekeeper,44130,2.0,01/01/1978,Unknown,Unknown,Unknown,Unknown,Unknown,https://www.filmcrave.com/movie_page_main.php?id=16834,Unknown
Gamera: The Guardian of the Universe ( Gamera daikaij\xc3\xbb kuchu kessen ),6576,2.9,04/16/1997,Japanese,"Fantasy, Sci-Fi",NR,Shusuke Kaneko,"Tsuyoshi Ihara, Akira Onodera, Shinobu Nakayama, Ayako Fujitani, Yukijir\xc3\xb4 Hotaru",https://www.filmcrave.com/movie_page_main.php?id=16835,Unknown
"Gandhi, My Father",51073,3.0,07/27/2007,Hindi,"Biography, Drama",NR,Feroz Abbas Khan,"Akshaye Khanna, Darshan Jariwala, Shefali Shetty, Bhoomika Chawla, Daniel Janks, Ilanit Shapiro",https://www.filmcrave.com/movie_page_main.php?id=16836,Unknown
The Gang's All Here,12281,2.5,12/24/1943,English,"Romance, Musical",NR,Busby Berkeley,"Alice Faye, Carmen Miranda, Phil Baker, Benny Goodman, Edward Everett Horton, Eugene Pallette",https://www.filmcrave.com/movie_page_main.php?id=16837,Unknown
Ganja & Hess,12654,2.6,04/20/1973,English,Horror,R,Bill Gunn,"Marlene Clark, Duane Jones, Bill Gunn, Sam Waymon, Leonard Jackson, John Hoffmeister",https://www.filmcrave.com/movie_page_main.php?id=16838,"An archaeologist is stabbed by his assistant, who then proceeds to commit suicide - but the weapon used was from the excavation site and carries a deadly disease - vampirism, and his thirst for blood soon becomes unbearable. --"
Garage,14416,2.6,06/04/2008,English,Drama,NR,Leonard Abrahamson,"Pat Shortt, Anne-Marie Duff, Conor Ryan, Tommy Fitzgerald, Una Kavanagh, Denis Conway",https://www.filmcrave.com/movie_page_main.php?id=16839,"A small town misfit who works in a crumbling gas station searches for love, acceptance and the best place to display his motor oil.\t"
Garage Olimpo,21181,3.3,09/02/1999,Spanish,Drama,R,Marco Bechis,"Antonella Costa, Carlos Echevarr\xc3\xada, Enrique Pi\xc3\xb1eyro, Pablo Razuk, Chiara Caselli, Dominique Sanda",https://www.filmcrave.com/movie_page_main.php?id=16840,Unknown
Garam Masala,50792,3.0,11/03/2005,Hindi,Comedy,NR,Priyadarshan,"Akshay Kumar, John Abraham, Paresh Rawal, Rimi Sen, Neetu Chandra, Nargis Bagheri",https://www.filmcrave.com/movie_page_main.php?id=16841,Unknown
Garde \xc3\xa0 vue,49143,3.0,04/16/1982,French,"Crime, Drama",NR,Claude Miller,"Lino Ventura, Michel Serrault, Romy Schneider, Guy Marchand, Didier Agostini, Patrick Depeyrrat",https://www.filmcrave.com/movie_page_main.php?id=16842,Unknown
The Garden of Allah,13462,2.5,10/15/1936,English,"Drama, Romance",NR,Richard Boleslawski,"Marlene Dietrich, Charles Boyer, Basil Rathbone, C. Aubrey Smith, John Carradine, Alan Marshal",https://www.filmcrave.com/movie_page_main.php?id=16843,Unknown
The Garden of Earthly Delights,44476,2.0,06/22/2006,English,Drama,NR,Lech Majewski,"Claudine Spiteri, Chris Nightingale, Barry Chipperfield, Gian Campi, Maria Novella Martinoli, Mariarosa Marchiori",https://www.filmcrave.com/movie_page_main.php?id=16844,Unknown
The Garden,49403,3.0,01/01/1990,English,Drama,NR,Derek Jarman,"Tilda Swinton, Johnny Mills, Philip MacDonald, Pete Lee-Wilson, Spencer Leigh, Michael Gough",https://www.filmcrave.com/movie_page_main.php?id=16845,Unknown
"Garden, The ( Z\xc3\xa1hrada )",49650,3.0,06/09/1995,Other,Comedy,NR,Martin Sul\xc3\xadk,"Mari\xc3\xa1n Labuda, Roman Lukn\xc3\xa1r, Zuzana Sulajov\xc3\xa1, Jana Svandov\xc3\xa1, Katar\xc3\xadna Vrzalov\xc3\xa1, Dusan Tranc\xc3\xadk",https://www.filmcrave.com/movie_page_main.php?id=16846,Unknown
Gardens in Autumn ( Jardins en automne ),59089,2.0,10/02/2006,French,Comedy,NR,Otar Iosseliani,"S\xc3\xa9verin Blanchet, Jacynthe Jacquet, Otar Iosseliani, Lily Lavina, Denis Lambert, Michel Piccoli",https://www.filmcrave.com/movie_page_main.php?id=16847,Unknown
Garlic is as Good as Ten Mothers,11634,2.8,11/11/1981,English,Documentary,NR,Les Blank,"Werner Herzog, Harrod Blank, Kathleen Bendel, Lloyd John Harris, Robert Charles, Benni McCarthy",https://www.filmcrave.com/movie_page_main.php?id=16848,Unknown
The Garment Jungle,41027,2.3,04/25/1957,English,Drama,NR,Vincent Sherman,"Lee J. Cobb, Kerwin Mathews, Gia Scala, Richard Boone, Robert Loggia, Valerie French",https://www.filmcrave.com/movie_page_main.php?id=16849,Unknown
"Gas, Food Lodging",7285,2.7,07/10/1992,English,"Drama, Romance",R,Allison Anders,"Brooke Adams, Ione Skye, Fairuza Balk, James Brolin, Robert Knepper, David Lansbury",https://www.filmcrave.com/movie_page_main.php?id=16850,Unknown
Gasbags,56274,2.0,02/01/1941,English,"Adventure, Comedy",NR,"Walter Forde, Marcel Varnel","Bud Flanagan, Chesney Allen, Jimmy Nervo, Teddy Knox, Charlie Naughton, Jimmy Gold",https://www.filmcrave.com/movie_page_main.php?id=16851,Unknown
"Angel Street ( Murder in Thornton Square, The )",14379,2.4,08/31/1940,English,"Mystery, Thriller",NR,Thorold Dickinson,"Anton Walbrook, Diana Wynyard, Frank Pettingell, Cathleen Cordell, Robert Newton, Minnie Rayner",https://www.filmcrave.com/movie_page_main.php?id=16852,Unknown
Gaslight,890,3.0,05/04/1944,English,"Drama, Mystery",NR,George Cukor,"Charles Boyer, Ingrid Bergman, Joseph Cotten, Dame May Whitty, Angela Lansbury, Barbara Everest",https://www.filmcrave.com/movie_page_main.php?id=16853,"Years after her aunt, a famous singer, was murdered, Paula (Ingrid Bergman) moves back to her aunt's London home with her new husband Gregory (Charles Boyer).  But slowly Paula begins to lose her grip on reality.  Is Paula's madness congenital, or is Gregory torturing her?\t"
"Gas-s-s-s, or It Became Necessary to Destroy the World in Order to Save It",31436,1.8,03/26/1970,English,"Comedy, Drama",R,Roger Corman,"Bob Corff, Elaine Giftos, Talia Shire, Ben Vereen, Cindy Williams, Alex Wilson",https://www.filmcrave.com/movie_page_main.php?id=16854,A gas is let loose upon the world that kills anyone over 25 years old.\t
Gate of Flesh ( Nikutai no mon ),4735,2.9,12/11/1964,Japanese,Drama,NR,Seijun Suzuki,"Yumiko Nogawa, Jo Shishido, Kayo Matsuo, Satoko Kasai, Tamiko Ishii, Misako Tominaga",https://www.filmcrave.com/movie_page_main.php?id=16855,A group of prostitutes in post-WWII Japan struggle to survive on their own by following a strict code: no sex for free.  Those who transgress are subjected to torture and humiliation.\t
Gates of Heaven,1529,3.0,10/01/1978,English,Documentary,NR,Errol Morris,"Lucille Billingsley, Zella Graham, Cal Harberts, Dan Harberts, Mike Koewler, Floyd McClure",https://www.filmcrave.com/movie_page_main.php?id=16856,A documentary about pet cemeteries (successful and not) and the people who both run the business and those who have their pets buried within. --
A Gathering of Eagles,15952,2.4,06/21/1963,English,"Drama, Romance",NR,Delbert Mann,"Rock Hudson, Robert Lansing, Rod Taylor, Henry Silva, Mary Peach, Richard Anderson",https://www.filmcrave.com/movie_page_main.php?id=16857,Unknown
A Gathering of Old Men,49314,3.0,05/10/1987,English,Drama,PG,Volker Schl\xc3\xb6ndorff,"Louis Gossett Jr., Richard Widmark, Holly Hunter, Joe Seneca, Will Patton, Woody Strode",https://www.filmcrave.com/movie_page_main.php?id=16858,Unknown
"Gatica, el mono",57785,2.0,05/13/1993,Spanish,"Biography, Drama",NR,Leonardo Favio,"Edgardo Nieva, Horacio Taicher, Juan Costa, Mar\xc3\xada Eva Gatica, Kika Child, Virginia Innocenti",https://www.filmcrave.com/movie_page_main.php?id=16859,Unknown
Gator Bait,48817,3.0,06/01/1974,English,"Action, Drama",NR,"Beverly Sebastian, Ferd Sebastian","Claudia Jennings, Sam Gilman, Douglas Dirkson, Clyde Ventura, Bill Thurman, Don Baldwin",https://www.filmcrave.com/movie_page_main.php?id=16860,Unknown
"Phantom Strikes, The ( Gaunt Stranger, The )",25095,3.0,11/15/1939,English,"Drama, Mystery",NR,Walter Forde,"Sonnie Hale, Wilfrid Lawson, Louise Henry, Alexander Knox, Peter Croft, George Merritt",https://www.filmcrave.com/movie_page_main.php?id=16861,Unknown
Gawain and the Green Knight,17047,2.5,01/01/1973,English,"Adventure, Fantasy",NR,Stephen Weeks,"Murray Head, Ciaran Madden, Nigel Green, Anthony Sharp, Robert Hardy, David Leland",https://www.filmcrave.com/movie_page_main.php?id=16862,Unknown
Gawin,57635,2.0,04/17/1991,French,Drama,NR,Arnaud S\xc3\xa9lignac,"Jean-Hugues Anglade, Wojciech Pszoniak, Catherine Samie, Bruno, Yves Afonso, Thierry Ravel",https://www.filmcrave.com/movie_page_main.php?id=16863,Unknown
The Gay Divorcee,6728,2.6,10/12/1934,English,"Comedy, Musical",NR,Mark Sandrich,"Fred Astaire, Ginger Rogers, Alice Brady, Edward Everett Horton, Betty Grable, Erik Rhodes",https://www.filmcrave.com/movie_page_main.php?id=16864,Unknown
Gaza Strip,17163,2.5,08/01/2002,Arabic,Documentary,NR,James Longley,Unknown,https://www.filmcrave.com/movie_page_main.php?id=16865,Unknown
The Gazebo,19744,2.3,01/01/1960,English,"Comedy, Crime",NR,George Marshall,"Glenn Ford, Debbie Reynolds, Carl Reiner, John McGiver, Martin Landau, Mabel Albertson",https://www.filmcrave.com/movie_page_main.php?id=16866,Unknown
The Geisha Boy,9607,2.5,11/02/1958,English,Comedy,NR,Frank Tashlin,"Jerry Lewis, Marie McDonald, Sessue Hayakawa, Nobu McCarthy, Suzanne Pleshette, Barton MacLane",https://www.filmcrave.com/movie_page_main.php?id=16868,Unknown
Gemini ( G\xc3\xa9minis ),50721,3.0,06/09/2005,Spanish,Drama,NR,Albertina Carri,"Cristina Banegas, Daniel Fanego, Maria Abadi, Lucas Escariz, Damian Ramonda, Silvia Bayl\xc3\xa9",https://www.filmcrave.com/movie_page_main.php?id=16869,Unknown
General Idi Amin Dada ( G\xc3\xa9n\xc3\xa9ral Idi Amin Dada: Autoportrait ),27730,2.3,08/30/1977,English,"Documentary, Biography",NR,Barbet Schroeder,Idi Amin,https://www.filmcrave.com/movie_page_main.php?id=16870,Unknown
The General Line,30003,2.2,01/01/1929,Unknown,Unknown,Unknown,Unknown,Unknown,https://www.filmcrave.com/movie_page_main.php?id=16871,Unknown
"Generation, A ( Pokolenie )",9162,2.6,01/26/1955,Polish,"Drama, War",NR,Andrzej Wajda,"Tadeusz Lomnicki, Urszula Modrzynska, Tadeusz Janczar, Roman Polanski, Janusz Paluszkiewicz, Ryszard Kotys",https://www.filmcrave.com/movie_page_main.php?id=16872,Unknown
Genesis,37175,2.5,01/01/1986,Hindi,Drama,NR,Mrinal Sen,"Shabana Azmi, Naseeruddin Shah, Om Puri, M.K. Raina",https://www.filmcrave.com/movie_page_main.php?id=16873,Unknown
Genevieve,28813,2.1,02/15/1954,English,Comedy,NR,Henry Cornelius,"Dinah Sheridan, John Gregson, Kay Kendall, Kenneth More, Geoffrey Keen, Reginald Beckwith",https://www.filmcrave.com/movie_page_main.php?id=16874,Unknown
Genghis Cohn,29498,2.0,11/09/1993,English,"Comedy, Drama",NR,Elijah Moshinsky,"Antony Sher, Robert Lindsay, Daniel Craig, Diana Rigg, Matthew Marsh, Cara Konig",https://www.filmcrave.com/movie_page_main.php?id=16875,Unknown
People of Rome ( Gente di Roma ),35567,2.0,10/31/2003,Italian,Comedy,NR,Ettore Scola,"Stefania Sandrelli, Lola Pagnani, Alessandra Costanzo, Mario De Santis, Arnoldo Fo\xc3\xa0, Valerio Mastandrea",https://www.filmcrave.com/movie_page_main.php?id=16876,Unknown
Gentille,37506,2.5,12/14/2005,French,Comedy,NR,Sophie Filli\xc3\xa8res,"Emmanuelle Devos, Lambert Wilson, Bruno Todeschini, Michael Lonsdale, Bulle Ogier, Julie-Anne Roth",https://www.filmcrave.com/movie_page_main.php?id=16877,Unknown
The Gentle Gunman,31978,2.8,10/10/1953,English,Drama,NR,Basil Dearden,"John Mills, Dirk Bogarde, Robert Beatty, Elizabeth Sellars, Barbara Mullen, Eddie Byrne",https://www.filmcrave.com/movie_page_main.php?id=16878,Unknown
The Gentle Sex,34904,2.0,01/01/1943,Unknown,Unknown,Unknown,Unknown,Unknown,https://www.filmcrave.com/movie_page_main.php?id=16879,Unknown
Gentleman Jim,9297,2.6,11/25/1942,English,"Biography, Sport",NR,Raoul Walsh,"Errol Flynn, Alexis Smith, Jack Carson, Alan Hale, John Loder, William Frawley",https://www.filmcrave.com/movie_page_main.php?id=16880,Unknown
Genuine: The Tragedy of a Vampire,33534,1.9,09/02/1920,German,Horror,NR,Robert Wiene,"Fern Andra, Hans Heinrich von Twardowski, Ernst Gronau, Harald Paulsen, Albert Bennefeld, John Gottowt",https://www.filmcrave.com/movie_page_main.php?id=16881,Unknown
Gen-X Cops ( Dak ging san yan lui ),9310,2.6,06/18/1999,Cantonese,"Action, Thriller",R,Benny Chan,"Nicholas Tse, Stephen Fung, Sam Lee, Grace Yip, Eric Tsang, Daniel Wu",https://www.filmcrave.com/movie_page_main.php?id=16882,Unknown
Gen-X Cops 2: Metal Mayhem aka Gen-Y Cops ( Tejing xinrenlei 2 ),14749,2.6,02/23/2002,Cantonese,Action,R,Benny Chan,"Mark Hicks, Paul Rudd, Maggie Q, Johnnie Guy, Dirk Rommeswinkel, Ricardo Mamood-Vega",https://www.filmcrave.com/movie_page_main.php?id=16883,Unknown
Geordie ( Wee Geordie ),48157,3.0,10/07/1956,English,"Comedy, Drama",NR,Frank Launder,"Bill Travers, Alastair Sim, Norah Gorsen, Molly Urquhart, Francis De Wolff, Jack Radcliffe",https://www.filmcrave.com/movie_page_main.php?id=16884,Unknown
George and Mildred,57086,2.0,01/01/1980,English,Comedy,NR,Peter Frazer-Jones,"Yootha Joyce, Brian Murphy, Stratford Johns, Norman Eshley, Sheila Fearn, Nicholas Bond-Owen",https://www.filmcrave.com/movie_page_main.php?id=16885,Unknown
George Stevens: A Filmmaker's Journey,1309,3.3,05/03/1985,English,"Documentary, Biography",Unknown,George Stevens Jr.,"George Stevens Jr., George Stevens, Katharine Hepburn, Douglas Fairbanks Jr., Max von Sydow, Frank Capra",https://www.filmcrave.com/movie_page_main.php?id=16887,Unknown
Georgette Meunier,57510,2.0,02/12/1989,German,Drama,NR,"Cyrille Rey-Coquais, Tania St\xc3\xb6cklin","Etsuko Sakamaki, Manfred Hulverscheidt, Kio Cornel Hedl, Detlev Knops, Joe Rey-Coquais, Mathias Mayer",https://www.filmcrave.com/movie_page_main.php?id=16889,Unknown
Georgie Girl,27964,2.3,03/26/2003,English,Documentary,NR,"Annie Goldson, Peter Wells",Georgina Beyer,https://www.filmcrave.com/movie_page_main.php?id=16890,Unknown
"Blackest Heart aka German Chainsaw Massacre, The ( deutsche Kettens\xc3\xa4gen Massaker, Das )",37240,2.5,11/29/1990,German,"Horror, Comedy",NR,Christoph Schlingensief,"Karina Fallenstein, Sergej Gleitmann, Eva-Maria Kurz, Udo Kier, Alfred Edel, Brigitte Kausch",https://www.filmcrave.com/movie_page_main.php?id=16891,Unknown
"German Sisters, The ( bleierne Zeit, Die )",49145,3.0,04/23/1982,German,"Drama, Historical",NR,Margarethe von Trotta,"Jutta Lampe, Barbara Sukowa, R\xc3\xbcdiger Vogler, Doris Schade, V\xc3\xa9r\xc3\xa9nice Rudolph, Luc Bondy",https://www.filmcrave.com/movie_page_main.php?id=16892,Unknown
Germany in Autumn ( Deutschland im Herbst ),11629,2.8,04/05/1979,German,"Documentary, Drama",NR,Various,"Wolf Biermann, Hannelore Hoger, Horst Mahler, Angela Winkler, Vadim Glowna, Katja Rup\xc3\xa9",https://www.filmcrave.com/movie_page_main.php?id=16893,"Co-directed by several leading German filmmakers, this documentary/fiction hybrid examines the terrorist acts of the Red Army Faction in the 1970s, and the repercussions of that violence in German society. --"
"Germany, Pale Mother ( Deutschland bleiche Mutter )",22474,2.5,03/18/1984,German,Drama,NR,Helma Sanders-Brahms,"Eva Mattes, Ernst Jacobi, Elisabeth Stepanek, Angelika Thomas, Rainer Friedrichsen, Gisela Stein",https://www.filmcrave.com/movie_page_main.php?id=16894,Unknown
"Germany, Year Zero ( Germania anno zero )",6476,2.7,09/28/1949,German,Drama,NR,Roberto Rossellini,"Edmund Moeschke, Ernst Pittschau, Ingetraud Hinze, Franz-Otto Kr\xc3\xbcger, Erich G\xc3\xbchne",https://www.filmcrave.com/movie_page_main.php?id=16895,Unknown
Germinal,13523,2.5,12/17/1993,French,"Drama, Romance",R,Claude Berri,"Miou-Miou, Renaud, Jean Carmet, G\xc3\xa9rard Depardieu, Judith Henry, Jean-Roger Milo",https://www.filmcrave.com/movie_page_main.php?id=16896,Unknown
Gert and Daisy's Weekend,30267,2.2,02/16/1942,English,Comedy,NR,Maclean Rogers,"Elsie Waters, Doris Waters, Iris Vandeleur, John Slater, Elizabeth Hunt, Wally Patch",https://www.filmcrave.com/movie_page_main.php?id=16897,Unknown
Gertrud,9923,2.7,06/02/1966,Danish,Drama,NR,Carl Theodor Dreyer,"Nina Pens Rode, Bendt Rothe, Ebbe Rode, Baard Owe, Axel Str\xc3\xb8bye, Anna Malberg",https://www.filmcrave.com/movie_page_main.php?id=16898,Unknown
Gervaise,46042,1.8,11/11/1957,French,Drama,NR,Ren\xc3\xa9 Cl\xc3\xa9ment,"Maria Schell, Fran\xc3\xa7ois P\xc3\xa9rier, Jany Holt, Mathilde Casadesus\t, Florelle, Micheline Luccioni",https://www.filmcrave.com/movie_page_main.php?id=16899,Unknown
Get Back,11654,2.8,10/25/1991,English,Documentary,NR,Richard Lester,"Paul McCartney, Linda McCartney, Hamish Stuart, Paul Wickens, Robbie McIntosh, Chris Whitten",https://www.filmcrave.com/movie_page_main.php?id=16900,Unknown
Get Carter,3317,2.8,03/18/1971,English,"Action, Crime",R,Mike Hodges,"Michael Caine, Ian Hendry, Britt Ekland, John Osborne, Tony Beckley, George Sewell",https://www.filmcrave.com/movie_page_main.php?id=16901,Jack Carter is a London gangster and when his brother dies under mysterious circumstances he decides to investigate and get the real truth. --
Getno,58812,2.0,03/04/2004,Hungarian,Comedy,NR,Andr\xc3\xa1s Salamon,"K\xc3\xa1roly Gesztesi, Levente Kir\xc3\xa1ly, Kata P\xc3\xa9ter, T\xc3\xbcnde Szalontay, \xc3\x81gnes B\xc3\xa1nfalvy, David Douglas",https://www.filmcrave.com/movie_page_main.php?id=16902,Unknown
Getting Any? ( Minn\xc3\xa2-yatteruka! ),27863,2.3,02/11/1995,Japanese,Comedy,NR,Takeshi Kitano,"Dankan, Takeshi Kitano, Moeko Ezawa, Hideo Higashikokubaru, Tetsuya Yuuki, Akiji Kobayashi",https://www.filmcrave.com/movie_page_main.php?id=16903,Unknown
Getting Home ( Luo ye gui gen ),59150,2.0,10/01/2007,Mandarin,Comedy,NR,Yang Zhang,"Benshan Zhao, Qiwen Hong, Dandan Song, Degang Guo, Jun Hu, Haiying Sun",https://www.filmcrave.com/movie_page_main.php?id=16904,Unknown
Getting It Right,57485,2.0,01/01/1989,Unknown,Unknown,Unknown,Unknown,Unknown,https://www.filmcrave.com/movie_page_main.php?id=16905,Unknown
The Getting of Wisdom,56959,2.0,01/01/1977,Unknown,Unknown,Unknown,Unknown,Unknown,https://www.filmcrave.com/movie_page_main.php?id=16906,Unknown
Getting Straight,13505,2.5,05/13/1970,English,"Comedy, Drama",R,Richard Rush,"Elliott Gould, Candice Bergen, Robert F. Lyons, Jeff Corey, Max Julien, Cecil Kellaway",https://www.filmcrave.com/movie_page_main.php?id=16907,Unknown
Ghetto,39598,1.8,09/26/1997,German,Documentary,NR,Thomas Imbach,Unknown,https://www.filmcrave.com/movie_page_main.php?id=16909,Unknown
Ghetto-Kids,58617,2.0,09/01/2002,German,Drama,NR,Christian Wagner,"Ioannis Tsialas, Toni Osmani, Barbara Rudnik, G\xc3\xbcnther Maria Halmer, Renate Becker, Julia Dietze",https://www.filmcrave.com/movie_page_main.php?id=16910,Unknown
The Ghost and Mrs. Muir,1578,3.0,06/26/1947,English,"Fantasy, Romance",NR,Joseph L. Mankiewicz,"Gene Tierney, Rex Harrison, Natalie Wood, George Sanders, Edna Best, Vanessa Brown",https://www.filmcrave.com/movie_page_main.php?id=16911,A house is haunted by a ghost that Mrs. Muir loves.\t
The Ghost Breakers,7888,2.6,06/21/1940,English,"Comedy, Horror",NR,George Marshall,"Bob Hope, Paulette Goddard, Richard Carlson, Anthony Quinn, Paul Lukas, Tom Dugan",https://www.filmcrave.com/movie_page_main.php?id=16912,Unknown
The Ghost Camera,34686,2.0,01/01/1933,Unknown,Unknown,Unknown,Unknown,Unknown,https://www.filmcrave.com/movie_page_main.php?id=16913,Unknown
Ghost Catchers,40627,2.3,06/16/1944,English,"Comedy, Horror",NR,Edward F. Cline,"Ole Olsen, Chic Johnson, Gloria Jean, Martha O'Driscoll, Leo Carrillo, Andy Devine",https://www.filmcrave.com/movie_page_main.php?id=16914,Unknown
Ghost Chase,30879,2.2,01/01/1987,Unknown,Unknown,Unknown,Unknown,Unknown,https://www.filmcrave.com/movie_page_main.php?id=16915,Unknown
The Ghost Dance,45210,1.5,05/21/1982,English,"Horror, Thriller",R,Peter F. Buffa,"Julie Amato, Victor Mohica, Henry Bal, Frank Salsedo, James Andronica, Patricia Alice Albrecht",https://www.filmcrave.com/movie_page_main.php?id=16916,Unknown
The Ghost Goes West,30122,2.2,01/10/1936,English,"Comedy, Fantasy",NR,Ren\xc3\xa9 Clair,"Robert Donat, Jean Parker, Eugene Pallette, Elsa Lanchester, Ralph Bunker, Patricia Hilliard",https://www.filmcrave.com/movie_page_main.php?id=16917,Unknown
The Ghost of Frankenstein,20466,2.1,03/13/1942,English,"Fantasy, Horror",NR,Erle C. Kenton,"Bela Lugosi, Lon Chaney Jr., Cedric Hardwicke, Ralph Bellamy, Lionel Atwill, Evelyn Ankers",https://www.filmcrave.com/movie_page_main.php?id=16919,Unknown
The Ghost of St. Michael's,11554,2.8,04/01/1941,English,Comedy,NR,Marcel Varnel,"Will Hay, Claude Hulbert, Charles Hawtrey, Raymond Huntley, Felix Aylmer, Elliott Mason",https://www.filmcrave.com/movie_page_main.php?id=16920,Unknown
The Ghost Ship,11246,2.6,12/24/1943,English,"Drama, Mystery",NR,Mark Robson,"Richard Dix, Russell Wade, Edith Barrett, Ben Bard, Edmund Glover",https://www.filmcrave.com/movie_page_main.php?id=16921,Unknown
"Ghost of Yotsuya, The ( T\xc3\xb4kaid\xc3\xb4 Yotsuya kaidan )",30667,2.2,07/11/1959,Japanese,Horror,NR,Nobuo Nakagawa,"Shigeru Amachi, Noriko Kitazawa, Katsuko Wakasugi, Shuntar\xc3\xb4 Emi, Ry\xc3\xbbzabur\xc3\xb4 Nakamura, Junko Ikeuchi",https://www.filmcrave.com/movie_page_main.php?id=16922,Unknown
Ghosts,17209,2.5,01/01/2007,Mandarin,"Adventure, Drama",NR,Nick Broomfield,"Ai Qin Lin, Zhan Yu, Zhe Wei, Man Qin Wei, Yong Aing Zhai, Devi Zhu",https://www.filmcrave.com/movie_page_main.php?id=16923,Unknown
Ghosts of Cit\xc3\xa9 Soleil,42146,1.6,09/01/2006,English,"Documentary, Drama",NR,"Asger Leth, Milos Loncarevic","Winson '2Pac' Jean, Wyclef Jean, James 'Bily' Petit Fr\xc3\xa8re, \xc3\x89leonore 'Lele' Senlis",https://www.filmcrave.com/movie_page_main.php?id=16924,A portrait of a family and a culture torn apart by poverty and violence.\t
"Depths, The aka Ghosts of Kasane Swamp, The ( Kaidan Kasane-ga-fuchi )",39393,1.8,07/10/1957,Japanese,Horror,NR,Nobuo Nakagawa,"Katsuko Wakasugi, Takashi Wada, Noriko Kitazawa, Tetsur\xc3\xb4 Tanba, Kikuko Hanaoka, Sumiko Abe",https://www.filmcrave.com/movie_page_main.php?id=16925,Unknown
Ghosts... of the Civil Dead,22509,2.5,06/01/1989,English,"Crime, Drama",NR,John Hillcoat,"David Field, Mike Bishop, Chris DeRose, Kevin Mackey, Dave Mason, Nick Cave",https://www.filmcrave.com/movie_page_main.php?id=16926,Unknown
The Ghoul,17534,2.4,11/25/1933,English,Horror,NR,T. Hayes Hunter,"Boris Karloff, Cedric Hardwicke, Ernest Thesiger, Dorothy Hyson, Anthony Bushell, Kathleen Harrison",https://www.filmcrave.com/movie_page_main.php?id=16927,Unknown
The Ghoul,42732,1.7,01/01/1975,English,"Horror, Thriller",R,Freddie Francis,"Peter Cushing, John Hurt, Alexandra Bastedo, Gwen Watford, Veronica Carlson, Don Henderson",https://www.filmcrave.com/movie_page_main.php?id=16928,Unknown
Ghoulies,28454,1.9,03/02/1985,English,"Comedy, Horror",R,Luca Bercovici,"Peter Liapis, Lisa Pelikan, Michael Des Barres, Jack Nance, Peter Risch, Mariska Hargitay",https://www.filmcrave.com/movie_page_main.php?id=16929,"Small mischevious demons known as ghoulies are released via Satanic worship and reign havoc upon an unsuspecting couple who have inherited  a family mansion. Originally entitled ""Baddies"". --"
"Giant of Marathon, The ( battaglia di Maratona, La )",36943,2.5,05/25/1960,Italian,"Adventure, Drama",NR,Jacques Tourneur,"Steve Reeves, Myl\xc3\xa8ne Demongeot, Sergio Fantoni, Daniela Rocca, Philippe Hersent, Alberto Lupo",https://www.filmcrave.com/movie_page_main.php?id=16930,Unknown
The Giant Spider Invasion,33975,1.8,10/01/1975,English,"Horror, Sci-Fi",PG,Bill Rebane,"Steve Brodie, Barbara Hale, Robert Easton, Leslie Parrish, Alan Hale Jr., Bill Williams",https://www.filmcrave.com/movie_page_main.php?id=16931,Unknown
Giants and Toys ( Kyojin to gangu ),21626,2.5,06/22/1958,Japanese,"Comedy, Drama",NR,Yasuzo Masumura,"Hiroshi Kawaguchi, Hitomi Nozoe, Y\xc3\xbbnosuke It\xc3\xb4, Michiko Ono, Kyu Sazanka, Kinzo Shin",https://www.filmcrave.com/movie_page_main.php?id=16932,Unknown
Gidget,8015,2.7,04/10/1959,English,Comedy,NR,Paul Wendkos,"Sandra Dee, James Darren, Cliff Robertson, Arthur O'Connell, Mary LaRoche, Sue George",https://www.filmcrave.com/movie_page_main.php?id=16933,Unknown
"Gift, The ( Gaven )",51202,3.0,04/17/2008,Danish,Drama,NR,Niels Gr\xc3\xa5b\xc3\xb8l,"Henning Jensen, Jakob Cedergren, Paw Henriksen, Karen-Lise Mynster, Lisbeth Wulff, Rita Angela",https://www.filmcrave.com/movie_page_main.php?id=16934,Unknown
Gigantics ( Absolute Giganten ),58356,2.0,01/21/2000,German,"Comedy, Drama",NR,Sebastian Schipper,"Frank Giering, Florian Lukas, Antoine Monot Jr., Julia Hummer, Jochen Nickel, Albert Kitzl",https://www.filmcrave.com/movie_page_main.php?id=16936,Unknown
Gigi,2363,3.0,01/30/1950,French,Comedy,NR,Jacqueline Audry,"Gaby Morlay, Jean Tissier, Yvonne de Bray, Franck Villard, Paul Demange, Madeleine Rousset",https://www.filmcrave.com/movie_page_main.php?id=16937,A teen raised to be a demimondaine isn't ready to step into that role until she becomes involved with a rich playboy and finds the perfect opportunity to perfect that role. --
The Gigolos,50881,3.0,04/26/2006,English,Comedy,NR,Richard Bracewell,"Sacha Tarter, Trevor Sather, Susannah York, Anna Massey, Si\xc3\xa2n Phillips, Angela Pleasence",https://www.filmcrave.com/movie_page_main.php?id=16938,Unknown
Giliap,56891,2.0,11/16/1975,Swedish,"Crime, Drama",NR,Roy Andersson,"Thommy Berggren, Mona Seilitz, Willie Andr\xc3\xa9ason, Lars-Levi L\xc3\xa6stadius, Henry Olhans, Rainer Mieth",https://www.filmcrave.com/movie_page_main.php?id=16939,Unknown
Gilsodom ( Gilsoddeum ),57314,2.0,01/01/1985,Korean,Drama,NR,Kwon-taek Im,"Ji-mi Kim, Sung-il Shin, Ji-il Han, Ji-yeong Kim, Sang-a Lee, Bul-am Choi",https://www.filmcrave.com/movie_page_main.php?id=16940,Unknown
Gimme Shelter,2207,2.9,12/06/1970,English,Documentary,R,"Albert Maysles, David Maysles","Mick Jagger, Charlie Watts, Keith Richards, Mick Taylor, Bill Wyman, Meredith Hunter",https://www.filmcrave.com/movie_page_main.php?id=16941,"Follows the Rolling Stones on their 1969 tour, mainly focusing on their free concert at Altamont Speedway in California where the decision to use Hell's Angels as security leads to tragic consequences.  --"
Ginger & Fred ( Ginger e Fred ),19882,2.3,03/08/1986,Italian,"Comedy, Drama",PG-13,Federico Fellini,"Giulietta Masina, Marcello Mastroianni, Franco Fabrizi, Friedrich von Ledebur, Martin Maria Blau, Jacques Henri Lartigue",https://www.filmcrave.com/movie_page_main.php?id=16942,Unknown
Days of Glory ( Giorni di gloria ),34976,2.0,10/17/1945,Italian,Documentary,NR,"Giuseppe De Santis, Mario Serandrei",Unknown,https://www.filmcrave.com/movie_page_main.php?id=16945,Unknown
Giovanna d'Arco al rogo,31998,2.8,12/20/1954,Italian,"Drama, Biography",NR,Roberto Rossellini,"Ingrid Bergman, Tullio Carminati, Giacinto Prandelli, Augusto Romani, Plinio Clabassi, Saturno Meletti",https://www.filmcrave.com/movie_page_main.php?id=16946,Unknown
Gips ( Gipusu ),58483,2.0,02/17/2001,Japanese,Drama,NR,Akihiko Shiota,"Hinako Saeki, Machiko Ono, Hiromi Kuronuma, Toru Tezuka, Kanji Tsuda, S\xc3\xb4 Yamanaka",https://www.filmcrave.com/movie_page_main.php?id=16947,Unknown
Girl,35510,2.0,11/05/1999,English,"Drama, Romance",R,Jonathan Kahn,"Dominique Swain, Sean Patrick Flanery, Summer Phoenix, Tara Reid, Selma Blair, Portia de Rossi",https://www.filmcrave.com/movie_page_main.php?id=16948,Unknown
The Girl Can't Help It,10204,2.6,12/01/1956,English,Comedy,NR,Frank Tashlin,"Tom Ewell, Jayne Mansfield, Edmond O'Brien, Julie London, Ray Anthony, Barry Gordon",https://www.filmcrave.com/movie_page_main.php?id=16949,A talent agent finds himself forced to make a star of a gangster's moll -- despite the fact that she has no talent to speak of. --
Girlfriends,6830,2.8,08/01/1978,English,"Comedy, Drama",PG,Claudia Weill,"Eli Wallach, Christopher Guest, Bob Balaban, Jean De Baer, Melanie Mayron, Anita Skinner",https://www.filmcrave.com/movie_page_main.php?id=16950,Unknown
The Girl from Maxim's,34758,2.0,10/01/1936,English,"Comedy, Musical",NR,Alexander Korda,"Frances Day, Lady Tree, Leslie Henson, George Grossmith, Desmond Jeans, Evan Thomas",https://www.filmcrave.com/movie_page_main.php?id=16952,Unknown
The Girl from Monday,50643,3.0,01/26/2005,English,"Comedy, Sci-Fi",R,Hal Hartley,"Bill Sage, Sabrina Lloyd, Tatiana Abracos, Edie Falco, James Urbaniak, Leo Fitzpatrick",https://www.filmcrave.com/movie_page_main.php?id=16953,Unknown
Girl from Rio ( Chica de R\xc3\xado ),20867,2.4,07/13/2001,English,Comedy,NR,Christopher Monger,"Hugh Laurie, Vanessa Nunes, Santiago Segura, Patrick Barlow, Lia Williams, Nelson Xavier",https://www.filmcrave.com/movie_page_main.php?id=16954,Unknown
"Girl from Trieste, The ( ragazza di Trieste, La )",49161,3.0,10/28/1982,Italian,"Drama, Thriller",NR,Pasquale Festa Campanile,"Ben Gazzara, Ornella Muti, Mimsy Farmer, Jean-Claude Brialy, Andr\xc3\xa9a Ferr\xc3\xa9ol, Consuelo Ferrara",https://www.filmcrave.com/movie_page_main.php?id=16955,Unknown
Girl in a Boot ( Einmal Ku'damm und zur\xc3\xbcck ),57319,2.0,01/18/1985,German,"Comedy, Drama",NR,Herbert Ballmann,"Ursela Monn, Christian Kohlund, Evelyn Meyka, Peter Seum, Peter Schiff, Brigitte Mira",https://www.filmcrave.com/movie_page_main.php?id=16956,Unknown
A Girl in Every Port,12846,2.5,02/26/1928,English,Comedy,NR,Howard Hawks,"Victor McLaglen, Robert Armstrong, Louise Brooks, Natalie Joyce, Leila Hyams, Phalba Morgan",https://www.filmcrave.com/movie_page_main.php?id=16957,Unknown
"Girl in the Sneakers, The ( Dokhtari ba kafsh-haye-katani )",25576,3.0,01/01/1999,Persian,Drama,NR,Rasoul Sadrameli,"Pegah Ahangarani, Majid Hajizadeh, Akram Mohammadi, Abdolreza Akbari, Mahmoud Jafari, Dariush Moaddabian",https://www.filmcrave.com/movie_page_main.php?id=16958,Unknown
The Girl Most Likely,36914,2.5,02/01/1958,English,"Comedy, Musical",NR,Mitchell Leisen,"Jane Powell, Cliff Robertson, Keith Andes, Kaye Ballard, Tommy Noonan, Una Merkel",https://www.filmcrave.com/movie_page_main.php?id=16959,Unknown
The Girl on a Motorcycle,8296,2.8,11/27/1968,English,Romance,NC-17,Jack Cardiff,"Alain Delon, Marianne Faithfull, Roger Mutton, Marius Goring, Catherine Jourdan, Jean Leduc",https://www.filmcrave.com/movie_page_main.php?id=16961,A women bored with her conventional relationship hops on her prized Harley Davidson to see her lover and along the way recounts her relationship with both men. --
Girl Shy,1913,3.1,04/20/1924,English,"Comedy, Romance",NR,"Fred C. Newmeyer, Sam Taylor","Harold Lloyd, Jobyna Ralston, Richard Daniels, Carlton Griffin",https://www.filmcrave.com/movie_page_main.php?id=16962,"A shy, young man who finds it incredibly difficult to talk to women, none-the-less pens a novel for bachelors: ""The Secret of Making Love"". When he finds himself falling for a rich woman - it seems it is too late, as she is already betrothed - but a daring stunt may prove he is the true love after all. --"
The Girl with Brains in Her Feet,58154,2.0,06/12/1998,English,"Comedy, Sport",NR,Roberto Bangura,"Amanda Mealing, Joanna Ward, Jamie McIntosh, Jodie Smith, Richard Claxton, John Thomson",https://www.filmcrave.com/movie_page_main.php?id=16963,Unknown
Girl with Green Eyes,12636,2.6,08/10/1964,English,"Drama, Romance",NR,Desmond Davis,"Peter Finch, Rita Tushingham, Lynn Redgrave, Marie Kean, Arthur O'Sullivan, T.P. McKenna",https://www.filmcrave.com/movie_page_main.php?id=16964,Unknown
"Girl with the Red Hair, The ( Het meisje met het rode haar )",57242,2.0,01/14/1983,Other,"Drama, War",PG,Ben Verbong,"Ren\xc3\xa9e Soutendijk, Peter Tuinman, Loes Luca, Johan Leysen, Robert Delhez, Ada Bouwman",https://www.filmcrave.com/movie_page_main.php?id=16965,Unknown
"Girlfriend, The ( amiga, La )",57468,2.0,09/21/1988,Spanish,Drama,R,Jeanine Meerapfel,"Liv Ullmann, Cipe Lincovsky, Federico Luppi, Lito Cruz, V\xc3\xadctor Laplace, Cristina Murta",https://www.filmcrave.com/movie_page_main.php?id=16967,Unknown
Girls' Night,25571,3.0,10/01/1998,English,"Comedy, Drama",NR,Nick Hurran,"Brenda Blethyn, Julie Walters, Sue Cleaver, Meera Syal, Margo Stanley, Philip Jackson",https://www.filmcrave.com/movie_page_main.php?id=16969,Unknown
Giro City ( And Nothing But the Truth ),41316,2.3,04/20/1984,English,"Drama, Thriller",NR,Karl Francis,"Glenda Jackson, Jon Finch, Kenneth Colley, James Donnelly, Karen Archer, Simon Jones",https://www.filmcrave.com/movie_page_main.php?id=16970,Unknown
Gisela,50737,3.0,06/27/2005,German,Drama,NR,Isabelle Stever,"Anne Weinknecht, Stefan Rudolf, Carlo Ljubek, Horst Markgraf, Esther Zimmering, Johanna Roever",https://www.filmcrave.com/movie_page_main.php?id=16971,Unknown
Giselle,57198,2.0,09/01/1982,Portuguese,Drama,R,Victor di Mello,"Alba Valeria, Carlo Mossy, Maria L\xc3\xbacia Dahl, Nildo Parente, Ricardo Faria, Monique Lafond",https://www.filmcrave.com/movie_page_main.php?id=16972,Unknown
"Gito, the Ungrateful ( Gito, l'ingrat )",57677,2.0,01/01/1992,French,Drama,NR,L\xc3\xa9once Ngabo,"Joseph Kumbela, Marie Bunel, Aoua Sangare, Eric Depreter",https://www.filmcrave.com/movie_page_main.php?id=16973,Unknown
Give Us Tomorrow,57004,2.0,01/01/1978,Unknown,Unknown,Unknown,Unknown,Unknown,https://www.filmcrave.com/movie_page_main.php?id=16975,Unknown
"Glamorous Life of Sachiko Hanai, The ( Hatsuj\xc3\xb4 kateiky\xc3\xb4shi: sensei no aijiru )",24326,2.3,04/13/2007,Japanese,"Comedy, Drama",NR,Mitsuru Meike,"Emi Kuroda, Yukijiro Hotaru, Takeshi Ito, Kyoko Hayami, Kikujiro Honda, Yuichi Ishikawa",https://www.filmcrave.com/movie_page_main.php?id=16976,Unknown
The Glass Key,6187,2.8,10/23/1942,English,"Drama, Crime",NR,Stuart Heisler,"Brian Donlevy, Veronica Lake, Alan Ladd, Bonita Granville, Richard Denning, Joseph Calleia",https://www.filmcrave.com/movie_page_main.php?id=16977,Unknown
The Glass Mountain,45908,1.8,05/01/1950,English,Drama,NR,Henry Cass,"Michael Denison, Dulcie Gray, Valentina Cortese, Sebastian Shaw, Tito Gobbi, Elena Rizzieri",https://www.filmcrave.com/movie_page_main.php?id=16978,Unknown
Glastonbury,28062,2.3,02/23/2007,English,Documentary,R,Julien Temple,"Bj\xc3\xb6rk, David Bowie, James Brown, Nick Cave, Joe Strummer, Steven Patrick Morrissey",https://www.filmcrave.com/movie_page_main.php?id=16979,Unknown
Glastonbury the Movie,27875,2.3,06/21/1996,English,Documentary,NR,"William Beaton, Lisa Lake, Robin Mahoney, Matthew Salkeld, Michael Sarne","Perry Farrell, Chuck Prophet, Phil Bell, Evan Dando, Milton Johnson, Jason Pierce",https://www.filmcrave.com/movie_page_main.php?id=16980,Unknown
Glen or Glenda?,45428,1.2,01/01/1953,English,Drama,NR,Edward D. Wood Jr.,"Bela Lugosi, Lyle Talbot, Timothy Farrell, Dolores Fuller, Edward D. Wood Jr., 'Tommy' Haynes",https://www.filmcrave.com/movie_page_main.php?id=16982,Unknown
The Glenn Miller Story,7300,2.6,12/10/1954,English,"Biography, Drama",NR,Anthony Mann,"James Stewart, June Allyson, Harry Morgan, Charles Drake, George Tobias, Barton MacLane",https://www.filmcrave.com/movie_page_main.php?id=16983,Unknown
Glenn Tilbrook: One for the Road,27985,2.3,02/26/2004,English,Documentary,NR,Amy Pickard,Glenn Tilbrook,https://www.filmcrave.com/movie_page_main.php?id=16984,Unknown
Gli indesiderabili,58752,2.0,11/14/2003,Italian,"Crime, Drama",NR,Pasquale Scimeca,"Antonio Catania, Vincent Gallo, Marcello Mazzarella, Vincent Schiavelli, Vincenzo Albanese, Franco Scaldati",https://www.filmcrave.com/movie_page_main.php?id=16985,Unknown
Successive Slidings of Pleasure ( Glissements progressifs du plaisir ),56833,2.0,03/07/1974,French,"Fantasy, Horror",NR,Alain Robbe-Grillet,"Anic\xc3\xa9e Alvina, Olga Georges-Picot, Michael Lonsdale, Jean Martin, Marianne Eggerickx, Isabelle Huppert",https://www.filmcrave.com/movie_page_main.php?id=16986,Unknown
The Glitter Dome,28933,2.1,11/18/1984,English,"Crime, Drama",R,Stuart Margolin,"James Garner, Margot Kidder, John Lithgow, John Marley, Paul Koslo, Colleen Dewhurst",https://www.filmcrave.com/movie_page_main.php?id=16987,Unknown
The Glitterball,56960,2.0,01/01/1977,English,"Family, Sci-Fi",NR,Harley Cokeliss,"Ben Buckton, Keith Jayne, Ron Pember, Marjorie Yates, Barry Jackson, Andrew Jackson",https://www.filmcrave.com/movie_page_main.php?id=16988,Unknown
A Global Affair,48333,3.0,01/30/1964,English,Comedy,NR,Jack Arnold,"Bob Hope, Mich\xc3\xa8le Mercier, Elga Andersen, Yvonne De Carlo, Robert Sterling, Nehemiah Persoff",https://www.filmcrave.com/movie_page_main.php?id=16989,Unknown
Glory Alley,24073,2.3,06/06/1952,English,Drama,NR,Raoul Walsh,"Ralph Meeker, Leslie Caron, Kurt Kasznar, Louis Armstrong, Gilbert Roland, John McIntire",https://www.filmcrave.com/movie_page_main.php?id=16990,Unknown
The Glory Guys,28851,2.1,07/07/1965,English,"Romance, Western",NR,Arnold Laven,"Tom Tryon, Harve Presnell, Senta Berger, Michael Anderson Jr., James Caan, Slim Pickens",https://www.filmcrave.com/movie_page_main.php?id=16991,Unknown
The Glory Stompers,48490,3.0,01/01/1968,English,"Action, Drama",NR,Anthony M. Lanza,"Dennis Hopper, Jody McCrea, Jock Mahoney, Robert Tessier, Chris Noel, Casey Kasem",https://www.filmcrave.com/movie_page_main.php?id=16992,Unknown
Glory to the Filmmaker,59110,2.0,01/01/2007,Unknown,Unknown,Unknown,Unknown,Unknown,https://www.filmcrave.com/movie_page_main.php?id=16993,Unknown
Glowing Eyes,50242,3.0,01/01/2002,Unknown,Unknown,Unknown,Unknown,Unknown,https://www.filmcrave.com/movie_page_main.php?id=16994,Unknown
Glue,51020,3.0,03/16/2007,Spanish,Drama,NR,Alexis Dos Santos,"Nahuel P\xc3\xa9rez Biscayart, Nahuel Viale, In\xc3\xa9s Efron, Ver\xc3\xb3nica Llin\xc3\xa1s, H\xc3\xa9ctor D\xc3\xadaz, Florencia Braier",https://www.filmcrave.com/movie_page_main.php?id=16995,Unknown
A Gnome Named Gnorm,32302,2.8,01/17/1992,English,"Adventure, Family",PG,Stan Winston,"Anthony Michael Hall, Jerry Orbach, Claudia Christian, Eli Danker, Mark Harelik, Robert Z'Dar",https://www.filmcrave.com/movie_page_main.php?id=16996,Unknown
Go Fish,33552,1.9,06/10/1994,English,"Drama, Romance",R,Rose Troche,"V.S. Brodie, Guinevere Turner, T. Wendy McMillan, Migdalia Melendez, Anastasia Sharp, Brooke Webster",https://www.filmcrave.com/movie_page_main.php?id=16997,Unknown
Go for a Take,56730,2.0,01/01/1972,Unknown,Unknown,Unknown,Unknown,Unknown,https://www.filmcrave.com/movie_page_main.php?id=16998,Unknown
Go for Broke,26577,2.1,06/27/2002,English,Comedy,R,Jean-Claude La Marre,"Pras, Michael A. Goorjian, LisaRaye, Kira Madallo Sesay, Bobby Brown, Glenn Plummer",https://www.filmcrave.com/movie_page_main.php?id=16999,Unknown
Go Further,58778,2.0,01/01/2004,Unknown,Unknown,Unknown,Unknown,Unknown,https://www.filmcrave.com/movie_page_main.php?id=17000,Unknown
"Go Master, The ( Wu Qingyuan )",51018,3.0,03/14/2007,Mandarin,"Biography, Drama",NR,Zhuangzhuang Tian,"Chen Chang, Sylvia Chang, Akira Emoto, Aki Fuj\xc3\xae, Mansaku Fuwa, Yi Huang",https://www.filmcrave.com/movie_page_main.php?id=17001,Unknown
Go Naked in the World,36950,2.5,03/10/1961,English,Drama,NR,"Ranald MacDougall, Charles Walters","Gina Lollobrigida, Anthony Franciosa, Ernest Borgnine, Luana Patten, Will Kuluva, Philip Ober",https://www.filmcrave.com/movie_page_main.php?id=17002,Unknown
Go Tell the Spartans,6382,2.7,06/14/1977,English,"Drama, War",R,Ted Post,"Burt Lancaster, Craig Wasson, Jonathan Goldsmith, Marc Singer, Joe Unger, Dennis Howard",https://www.filmcrave.com/movie_page_main.php?id=17003,Unknown
Go West,15312,2.5,11/01/1925,English,Comedy,NR,Buster Keaton,"Buster Keaton, Howard Truesdale, Kathleen Myers, Ray Thompson, Brown Eyes, Roscoe 'Fatty' Arbuckle",https://www.filmcrave.com/movie_page_main.php?id=17004,"A young man, trying to find work, tries his hand at cowboying. --"
Go West,7420,2.6,12/06/1940,English,"Comedy, Musical",NR,Edward Buzzell,"Groucho Marx, Chico Marx, Harpo Marx, John Carroll, Diana Lewis, Robert Barrat",https://www.filmcrave.com/movie_page_main.php?id=17005,"In this Marx Brothers comedy, the stars head to the American West where they help a couple trying to get married reclaim a stolen property deed in which the land is going to be sold to the railroad to connect the railways to the Pacific. --"
"Go, Johnny, Go!",6607,2.9,06/01/1959,English,Musical,NR,Paul Landres,"Alan Freed, Jimmy Clanton, Ritchie Valens, Chuck Berry, Harvey Fuqua, Jimmy Cavallo",https://www.filmcrave.com/movie_page_main.php?id=17006,Unknown
The Goalkeeper's Fear of the Penalty,28873,2.1,01/01/1971,Unknown,Unknown,Unknown,Unknown,Unknown,https://www.filmcrave.com/movie_page_main.php?id=17007,Unknown
"Goat Horn, The ( Kozijat rog )",48832,3.0,08/23/1974,Other,Drama,R,Metodi Andonov,"Katya Paskaleva, Anton Gorchev, Milen Penev, Todor Kolev, Kliment Denchev, Stefan Mavrodiyev",https://www.filmcrave.com/movie_page_main.php?id=17008,Unknown
The Go-Between,23456,2.2,01/01/1970,Unknown,Unknown,Unknown,Unknown,Unknown,https://www.filmcrave.com/movie_page_main.php?id=17009,Unknown
God Does Not Believe in Us Anymore ( An uns glaubt Gott nicht mehr ),57459,2.0,07/20/1988,German,Drama,NR,Axel Corti,"Johannes Silberschneider, Barbara Petritsch, Armin Mueller-Stahl, Dietrich Siegl, Georg Marischka, Kurt Mejstrik",https://www.filmcrave.com/movie_page_main.php?id=17010,Unknown
God Told Me To ( Demon ),13284,2.4,11/01/1976,English,"Crime, Horror",R,Larry Cohen,"Tony Lo Bianco, Deborah Raffin, Sandy Dennis, Sylvia Sidney, Sam Levene, Robert Drivas",https://www.filmcrave.com/movie_page_main.php?id=17011,Unknown
God's Alcatraz,27851,2.3,03/05/1994,English,Documentary,NR,Boris Stout,Johnny Ray Youngblood,https://www.filmcrave.com/movie_page_main.php?id=17012,Unknown
God's Country,20814,2.4,01/01/1986,English,Documentary,NR,Louis Malle,Louis Malle,https://www.filmcrave.com/movie_page_main.php?id=17014,Unknown
Noriega: God's Favorite,58364,2.0,03/04/2000,English,Drama,NR,Roger Spottiswoode,"Bob Hoskins, Jeffrey DeMunn, Rosa Blasi, Luis Avalos, Denise Blasor, Nestor Carbonell",https://www.filmcrave.com/movie_page_main.php?id=17015,Unknown
God's Little Acre,27568,2.3,08/13/1958,English,Drama,NR,Anthony Mann,"Robert Ryan, Aldo Ray, Buddy Hackett, Jack Lord, Vic Morrow, Michael Landon",https://www.filmcrave.com/movie_page_main.php?id=17016,Unknown
"Goddess, The ( Shen nu )",17535,2.4,01/01/1934,Mandarin,Drama,NR,Yonggang Wu,"Lingyu Ruan, Tian Jian, Junpan Li, Keng Li, Huaiqiu Tang, Zhizhi Zhang",https://www.filmcrave.com/movie_page_main.php?id=17018,Unknown
The Goddess,32040,2.8,06/24/1958,English,Drama,NR,John Cromwell,"Kim Stanley, Lloyd Bridges, Steven Hill, Betty Lou Holland, Joan Copeland, Patty Duke",https://www.filmcrave.com/movie_page_main.php?id=17019,Unknown
Gods of the Plague ( G\xc3\xb6tter der Pest ),20784,2.4,06/10/1977,German,"Crime, Drama",NR,Rainer Werner Fassbinder,"Hanna Schygulla, Margarethe von Trotta, Harry Baer, G\xc3\xbcnther Kaufmann, Carla Egerer, Ingrid Caven",https://www.filmcrave.com/movie_page_main.php?id=17020,Unknown
The Godsend,18427,2.7,01/25/1980,English,"Drama, Horror",R,Gabrielle Beaumont,"Malcolm Stoddard, Cyd Hayman, Angela Pleasence, Patrick Barr, Wilhelmina Green, Joanne Boorman",https://www.filmcrave.com/movie_page_main.php?id=17021,Unknown
Godzilla vs. Mechagodzilla aka Godzilla vs. the Bionic Monster aka Gozilla vs. Cosmic Monster ( Gojira tai Mekagojira ),21533,2.1,03/01/1977,Japanese,"Action, Sci-Fi",G,Jun Fukuda,"Masaaki Daimon, Kazuya Aoyama, Reiko Tajima, Akihiko Hirata, Hiromi Matsushita, Goro Mutsumi",https://www.filmcrave.com/movie_page_main.php?id=17022,"Japan is threatened by a mechanical double of Godzilla, sent by spacemen"
Goin' Down the Road,46138,1.8,01/01/1970,Unknown,Unknown,Unknown,Unknown,Unknown,https://www.filmcrave.com/movie_page_main.php?id=17023,Unknown
Goin' South,15610,2.2,10/06/1978,English,"Comedy, Western",PG,Jack Nicholson,"Jack Nicholson, Mary Steenburgen, Christopher Lloyd, John Belushi, Danny DeVito, Veronica Cartwright",https://www.filmcrave.com/movie_page_main.php?id=17024,Spoof about an outlaw who is saved from hanging by a young widow (Mary Steenburgen) who puts him to work as an indentured servant. She has a gold mine that no one knows about and she wants him to help her get the gold before anyone else finds out.\t
Going Off Big Time,58329,2.0,01/01/2000,Unknown,Unknown,Unknown,Unknown,Unknown,https://www.filmcrave.com/movie_page_main.php?id=17025,Unknown
Going Steady,46187,1.8,01/01/1979,Unknown,Unknown,Unknown,Unknown,Unknown,https://www.filmcrave.com/movie_page_main.php?id=17026,Unknown
Gojoe: Spirit War Chronicles ( Gojo reisenki: Gojoe ),50214,3.0,10/07/2001,Japanese,"Action, Historical",NR,Sogo Ishii,"Tadanobu Asano, Masatoshi Nagase, Daisuke Ryu, Masakatsu Funaki, Jun Kunimura, Urara Awata",https://www.filmcrave.com/movie_page_main.php?id=17029,Unknown
"Great Gold Conspiracy, The ( Gold )",30797,2.2,10/16/1974,English,"Action, Drama",PG,Peter R. Hunt,"Roger Moore, Susannah York, Ray Milland, Bradford Dillman, John Gielgud, Tony Beckley",https://www.filmcrave.com/movie_page_main.php?id=17030,Unknown
Gold Coast,58088,2.0,09/28/1997,English,Drama,R,Peter Weller,"David Caruso, Barry Primus, Marg Helgenberger, Jeff Kober, Wanda De Jesus, Richard Bradford",https://www.filmcrave.com/movie_page_main.php?id=17031,Unknown
Gold Diggers of 1933,2849,2.9,05/27/1933,English,Musical,NR,Mervyn LeRoy,"Warren William, Joan Blondell, Aline MacMahon, Ruby Keeler, Ginger Rogers, Dick Powell",https://www.filmcrave.com/movie_page_main.php?id=17032,Unknown
Gold Diggers of 1935,9293,2.6,03/15/1935,English,Musical,NR,Busby Berkeley,"Dick Powell, Adolphe Menjou, Gloria Stuart, Alice Brady, Hugh Herbert, Glenda Farrell",https://www.filmcrave.com/movie_page_main.php?id=17033,Unknown
Gold Diggers of 1937,16816,2.3,12/28/1936,English,"Comedy, Musical",NR,"Lloyd Bacon, Busby Berkeley","Dick Powell, Joan Blondell, Glenda Farrell, Victor Moore, Lee Dixon, Osgood Perkins",https://www.filmcrave.com/movie_page_main.php?id=17034,Unknown
The Gold Diggers,27805,2.3,02/12/1988,English,Drama,NR,Sally Potter,"George Antoni, Julie Christie, Colette Laffont, Hilary Westlake, David Gale, Thom Osborn",https://www.filmcrave.com/movie_page_main.php?id=17035,Unknown
Golden Balls ( Huevos de oro ),29758,1.9,09/24/1993,Spanish,"Comedy, Drama",NR,Bigas Luna,"Javier Bardem, Maria de Medeiros, Maribel Verd\xc3\xba, Elisa Tovati, Benicio Del Toro, Alessandro Gassman",https://www.filmcrave.com/movie_page_main.php?id=17036,"Benito Gonz\xc3\xa1lez is a construction worker with big dreams - dreams of building the tallest tower in Benidorm. He will use the women in his life - and take any shortcut necessary - to realize his dreams. But his personality alone cannot win the day as the project, and his life, spin out of control --"
Golden Boy,7978,2.7,09/05/1939,English,Drama,NR,Rouben Mamoulian,"Barbara Stanwyck, Adolphe Menjou, William Holden, Lee J. Cobb, Joseph Calleia, Sam Levene",https://www.filmcrave.com/movie_page_main.php?id=17037,Unknown
Golden Braid,57667,2.0,12/20/1991,English,Drama,NR,Paul Cox,"Chris Haywood, Gosia Dobrowolska, Paul Chubb, Norman Kaye, Marion Heathfield, Monica Maughan",https://www.filmcrave.com/movie_page_main.php?id=17038,Unknown
"Golden Coach, The ( carrosse d'or, Le )",10228,2.6,01/05/1954,French,"Comedy, Drama",NR,Jean Renoir,"Anna Magnani, Odoardo Spadaro, Nada Fiorelli, Dante, Duncan Lamont, George Higgins",https://www.filmcrave.com/movie_page_main.php?id=17039,Unknown
Golden Eighties,57678,2.0,01/01/1992,French,Comedy,NR,Chantal Akerman,"Delphine Seyrig, Myriam Boyer, Fanny Cotten\xc3\xa7on, Lio, Pascale Salkin, Charles Denner",https://www.filmcrave.com/movie_page_main.php?id=17040,Unknown
The Golden Lady,18422,2.7,01/01/1979,English,Thriller,NR,Jos\xc3\xa9 Ram\xc3\xb3n Larraz,"Ina Skriver, Suzanne Danielle, June Chadwick, Anika Pavel, Stephan Chase, Ava Cadell",https://www.filmcrave.com/movie_page_main.php?id=17041,Unknown
Golden Needles,41225,2.3,07/17/1974,English,Action,PG,Robert Clouse,"Joe Don Baker, Elizabeth Ashley, Ann Sothern, Burgess Meredith, Jim Kelly, Roy Chiao",https://www.filmcrave.com/movie_page_main.php?id=17042,Unknown
Golden Rendezvous,33334,2.0,01/01/1978,English,"Crime, Thriller",PG,Ashley Lazarus\t,"Richard Harris, Ann Turkel, Gordon Jackson, John Vernon, David Janssen, Burgess Meredith",https://www.filmcrave.com/movie_page_main.php?id=17043,Unknown
Golden Salamander,36780,2.5,03/23/1951,English,"Adventure, Crime",NR,Ronald Neame,"Trevor Howard, Anouk Aim\xc3\xa9e, Herbert Lom, Walter Rilla, Wilfrid Hyde-White, Peter Copley",https://www.filmcrave.com/movie_page_main.php?id=17044,Unknown
Golden Swallow ( Jin yan zi ),9028,2.9,04/03/1968,Mandarin,"Action, Romance",NR,Cheh Chang,"Pei-pei Cheng, Lieh Lo, Yu Wang, Hsin Yen Chao, Hsia Hsu, Chun Erh",https://www.filmcrave.com/movie_page_main.php?id=17045,Unknown
Goldfish ( Zlota rybka ),28088,2.3,06/01/2008,Polish,Documentary,NR,Tomasz Wolski,Unknown,https://www.filmcrave.com/movie_page_main.php?id=17046,Unknown
Goldfish Memory,50465,3.0,10/18/2003,English,"Comedy, Drama",NR,Elizabeth Gill,"Sean Campion, Flora Montgomery, Stuart Graham, Jean Butler, Keith McErlean, Fiona O'Shaughnessy",https://www.filmcrave.com/movie_page_main.php?id=17047,Unknown
"Golem, The ( Golem, wie er in die Welt kam, Der )",6246,2.7,06/19/1921,German,"Fantasy, Horror",NR,"Carl Boese, Paul Wegener","Paul Wegener, Albert Steinr\xc3\xbcck, Lyda Salmonova, Ernst Deutsch, Hans St\xc3\xbcrm, Max Kronert",https://www.filmcrave.com/movie_page_main.php?id=17048,Unknown
"Goliath and the Barbarians ( Terrore dei barbari, Il )",41089,2.3,11/01/1959,Italian,Adventure,NR,Carlo Campogalliani,"Chelo Alonso, Bruce Cabot, Carla Cal\xc3\xb2, Fabrizio Capucci, Andrea Checchi, Steve Reeves",https://www.filmcrave.com/movie_page_main.php?id=17049,Unknown
Goliath and the Vampires ( Maciste contro il vampiro ),22332,2.5,04/01/1964,Italian,"Adventure, Horror",NR,"Sergio Corbucci, Giacomo Gentilomo","Gordon Scott, Leonora Ruffo, Jacques Sernas, Gianna Maria Canale, Rocco Vitolazzi, Mario Feliciani",https://www.filmcrave.com/movie_page_main.php?id=17050,Unknown
Gone,17860,2.7,03/09/2007,English,"Drama, Horror",R,Ringan Ledwidge,"Shaun Evans, Scott Mechlowicz, Yvonne Strahovski, Amelia Warner, Victoria Thaine, Zoe Tuckwell-Smith",https://www.filmcrave.com/movie_page_main.php?id=17051,Unknown
Gone in 60 Seconds,33956,1.7,07/28/1974,English,"Action, Crime",PG,H.B. Halicki,"H.B. Halicki, Marion Busia, Jerry Daugirda, James McIntyre, George Cole, Ronald Halicki",https://www.filmcrave.com/movie_page_main.php?id=17052,Unknown
"Gone to Earth ( Wild Heart, The )",10369,2.7,05/28/1952,English,"Drama, Romance",NR,"Michael Powell, Emeric Pressburger","Jennifer Jones, David Farrar, Cyril Cusack, Sybil Thorndike, Edward Chapman, Esmond Knight",https://www.filmcrave.com/movie_page_main.php?id=17053,Unknown
Gone with the Train,46313,1.8,01/01/1998,Unknown,Unknown,Unknown,Unknown,Unknown,https://www.filmcrave.com/movie_page_main.php?id=17054,Unknown
"Five, The ( Gonin )",49832,3.0,01/16/1998,Japanese,"Action, Drama",NR,Takashi Ishii,"Takeshi Kitano, K\xc3\xb4ichi Sat\xc3\xb4, Masahiro Motoki, Jinpachi Nezu, Kippei Shiina, Naoto Takenaka",https://www.filmcrave.com/movie_page_main.php?id=17056,Unknown
Gonin 2,49700,3.0,06/29/1996,Japanese,"Action, Crime",NR,Takashi Ishii,"Ken Ogata, Shinobu \xc3\x94take, Kimiko Yo, Mai Kitajima, Yui Natsukawa, Yumi Nishiyama",https://www.filmcrave.com/movie_page_main.php?id=17057,Unknown
Lovelorn ( G\xc3\xb6n\xc3\xbcl yarasi ),59053,2.0,04/21/2006,Turkish,Drama,NR,Yavuz Turgul,"Meltem Cumbul, Sener Sen, Timu\xc3\xa7in Esen, G\xc3\xbcven Kira\xc3\xa7, Devin \xc3\x96zg\xc3\xbcr Cinar, Erdal Tosun",https://www.filmcrave.com/movie_page_main.php?id=17058,Unknown
Gonza the Spearman ( Yari no gonza ),37211,2.5,10/28/1988,Japanese,Drama,NR,Masahiro Shinoda,"Haruko Kato, Hideji Otaki, Kuniko Miyake, Choichiro Kawarazaki, Naoto Takenaka, Jun Hamamura",https://www.filmcrave.com/movie_page_main.php?id=17059,Unknown
The Good Companions,23963,2.3,10/09/1933,English,"Comedy, Musical",NR,Victor Saville,"Jessie Matthews, Edmund Gwenn, John Gielgud, Mary Glynne, Percy Parsons, A.W. Baskcomb",https://www.filmcrave.com/movie_page_main.php?id=17061,Unknown
The Good Companions,32037,2.8,05/01/1958,English,"Comedy, Musical",NR,J. Lee Thompson,"Eric Portman, Celia Johnson, Hugh Griffith, Janette Scott, John Fraser, Joyce Grenfell",https://www.filmcrave.com/movie_page_main.php?id=17062,Unknown
The Good Die Young,46011,1.8,11/29/1955,English,"Crime, Drama",NR,Lewis Gilbert,"Laurence Harvey, Gloria Grahame, Richard Basehart, Joan Collins, John Ireland, Ren\xc3\xa9 Ray",https://www.filmcrave.com/movie_page_main.php?id=17063,Unknown
The Good Earth,11301,2.4,02/02/1937,English,Drama,NR,Sidney Franklin,"Paul Muni, Luise Rainer, Walter Connolly, Tilly Losch, Charley Grapewin, Jessie Ralph",https://www.filmcrave.com/movie_page_main.php?id=17064,Unknown
The Good Fight: The Abraham Lincoln Brigade in the Spanish Civil War,49208,3.0,03/28/1984,English,Documentary,NR,"Noel Buckner, Mary Dore, Sam Sills","Ruth Davidow, Colleen Dewhurst, John Houseman, Studs Terkel",https://www.filmcrave.com/movie_page_main.php?id=17065,Unknown
Good Girl ( Gentille ),50807,3.0,12/14/2005,French,Comedy,NR,Sophie Filli\xc3\xa8res,"Emmanuelle Devos, Lambert Wilson, Bruno Todeschini, Michael Lonsdale, Bulle Ogier, Julie-Anne Roth",https://www.filmcrave.com/movie_page_main.php?id=17066,Unknown
The Good Guys and the Bad Guys,33633,1.8,11/19/1969,English,Western,PG,Burt Kennedy,"Robert Mitchum, George Kennedy, Martin Balsam, David Carradine, Tina Louise, Douglas Fowley",https://www.filmcrave.com/movie_page_main.php?id=17067,"In this comic western, Flagg (Robert Mitchum) is a veteran marshal forced to retire by the pompous Mayor Wilker (Martin Balsam). McKay (George Kennedy) is a wily gunslinger. The two combine forces to stop a young band of outlaws from robbing the train when it pulls into the station.\t"
"Good Life, The ( buena vida, La )",25556,3.0,12/13/1996,Spanish,"Comedy, Drama",NR,David Trueba,"Fernando Ramallo, Luc\xc3\xada Jim\xc3\xa9nez, Luis Cuenca, Isabel Otero, Joel Joan, Vicky Pe\xc3\xb1a",https://www.filmcrave.com/movie_page_main.php?id=17068,Unknown
"Good Men, Good Women ( Hao nan hao nu )",13525,2.5,10/07/1995,Mandarin,"Drama, Historical",NR,Hsiao-hsien Hou,"Annie Shizuka Inoh, Giong Lim, Jack Kao, Jieh-Wen King, Chen-Nan Tsai, Bo-Chow Lan",https://www.filmcrave.com/movie_page_main.php?id=17069,Unknown
"Good Morning, Babylon",38651,1.8,07/15/1987,English,Drama,PG-13,"Paolo Taviani, Vittorio Taviani","Vincent Spano, Joaquim de Almeida, Greta Scacchi, D\xc3\xa9sir\xc3\xa9e Nosbusch, Omero Antonutti, B\xc3\xa9rang\xc3\xa8re Bonvoisin",https://www.filmcrave.com/movie_page_main.php?id=17070,Unknown
Good Morning Beijing ( Beijing ni zao ),58653,2.0,01/01/2003,Mandarin,Unknown,NR,Nuanxing Zhang,"Hongshen Jia, Xiaoqing Ma",https://www.filmcrave.com/movie_page_main.php?id=17071,Unknown
"Good Morning, Boys",30170,2.2,07/26/1937,English,Comedy,NR,Marcel Varnel,"Will Hay, Martita Hunt, Peter Gawthorne, Graham Moffatt, Fewlass Llewellyn, Mark Daly",https://www.filmcrave.com/movie_page_main.php?id=17072,Unknown
"Good Morning, Miss Dove",30608,2.2,11/23/1955,English,Drama,NR,Henry Koster,"Jennifer Jones, Robert Stack, Kipp Hamilton, Robert Douglas, Marshall Thompson, Mary Wickes",https://www.filmcrave.com/movie_page_main.php?id=17073,"This is about a small town spinster school teacher who has taught, and touched, the lives of several generations in the town. While she is hospitalized, her life is shown in flashbacks, as this students visit her. --"
Good Morning... and Goodbye!,56590,2.0,11/01/1967,English,Drama,R,Russ Meyer,"Toby Adler, Alaina Capri, Karen Ciral, Haji, Tom Howland, Don Johnson",https://www.filmcrave.com/movie_page_main.php?id=17074,Unknown
"Good People of Portugal, The ( Bom Povo Portugu\xc3\xaas )",35386,2.0,11/18/1981,Portuguese,Documentary,NR,Rui Sim\xc3\xb5es,"Jos\xc3\xa9 M\xc3\xa1rio Branco, Ana de Lurdes David, Augusto De Figueiredo, Cec\xc3\xadlia Guimar\xc3\xa3es, Helder Freire Costa, Manuel Martins",https://www.filmcrave.com/movie_page_main.php?id=17075,Unknown
Good to Go,57349,2.0,01/01/1986,Unknown,Unknown,Unknown,Unknown,Unknown,https://www.filmcrave.com/movie_page_main.php?id=17076,Unknown
The Good Wife of Tokyo,45227,1.5,01/01/1992,English,Documentary,NR,Kim Longinotto,"Kazuko Hohki, Yukiko Hohki, Chika Nakagawa, Grant Showbiz",https://www.filmcrave.com/movie_page_main.php?id=17077,Unknown
The Good Woman of Bangkok,57694,2.0,03/20/1992,English,Drama,NR,Dennis O'Rourke,Yagwalak Chonchanakun,https://www.filmcrave.com/movie_page_main.php?id=17078,Unknown
"Goodbye Bafana ( Color of Freedom, The )",16005,2.4,12/14/2007,English,"Biography, Drama",R,Bille August,"Joseph Fiennes, Dennis Haysbert, Diane Kruger, Patrick Lyster, Faith Ndukwana, Shiloh Henderson",https://www.filmcrave.com/movie_page_main.php?id=17079,Unknown
Goodbye Charlie,15858,2.4,11/18/1964,English,"Comedy, Fantasy",NR,Vincente Minnelli,"Tony Curtis, Debbie Reynolds, Pat Boone, Joanna Barnes, Ellen Burstyn, Laura Devon",https://www.filmcrave.com/movie_page_main.php?id=17080,A dead mobster is reincarnated in the body of a pretty young woman. --
Goodbye Charlie Bright,50209,3.0,10/01/2001,English,Drama,NR,Nick Love,"Paul Nicholls, Roland Manookian, David Thewlis, Phil Daniels, Jamie Foreman, Danny Dyer",https://www.filmcrave.com/movie_page_main.php?id=17081,Unknown
Emmanuelle 3 ( Goodbye Emmanuelle ),44897,1.4,12/15/1977,French,Drama,R,Fran\xc3\xa7ois Leterrier,"Sylvia Kristel, Umberto Orsini, Jean-Pierre Bouvier, Alexandra Stewart, Olga Georges-Picot, Charlotte Alexandra",https://www.filmcrave.com/movie_page_main.php?id=17082,Unknown
"Goodbye, New York",37169,2.5,05/17/1985,English,"Comedy, Drama",R,Amos Kollek,"Julie Hagerty, Amos Kollek, Shmuel Shiloh, Aviva Ger, Dudu Topaz, Jennifer Prichard",https://www.filmcrave.com/movie_page_main.php?id=17083,Unknown
Goodbye Pork Pie,49200,3.0,01/01/1984,English,"Adventure, Comedy",R,Geoff Murphy,"Tony Barry, Kelly Johnson, Claire Oberman, Shirley Gruar, Bruno Lawrence, John Bach",https://www.filmcrave.com/movie_page_main.php?id=17084,Unknown
"Goodbye South, Goodbye ( Nan guo zai jan, nan guo )",8594,2.8,10/01/1996,Mandarin,"Crime, Drama",NR,Hsiao-hsien Hou,"Hsiang Hsi, Kuei-Ying Hsu, Annie Shizuka Inoh, Jack Kao, Ming Kao, Ming Lei",https://www.filmcrave.com/movie_page_main.php?id=17085,Unknown
"Goodbye, Boys ( Do svidaniya, malchiki! )",56510,2.0,01/01/1964,Russian,"Drama, War",NR,Mikhail Kalik,"Natalya Bogunova, Evgeniy Steblov, Anna Rodionova, Nikolai Dostal, Viktoriya Fyodorova, Mikhail Kononov",https://www.filmcrave.com/movie_page_main.php?id=17086,Unknown
"Goodbye, Mr. Chips",2439,2.9,05/15/1939,English,"Drama, Romance",NR,Sam Wood,"Robert Donat, Greer Garson, Terry Kilburn, John Mills, Paul Henreid, Lyn Harding",https://www.filmcrave.com/movie_page_main.php?id=17088,"A classics teacher on the verge of leaving his position, looks back on his"
"Goodbye, Mr. Chips",9872,2.5,11/05/1968,English,"Drama, Musical",G,Herbert Ross,"Peter O'Toole, Petula Clark, Michael Redgrave, Michael Bryant, Alison Leggatt, Si\xc3\xa2n Phillips",https://www.filmcrave.com/movie_page_main.php?id=17089,the career of a school teacher around the time of WW2. Following him from
"Magic Night ( Good Night, Vienna )",43401,2.0,11/02/1932,English,Musical,NR,Herbert Wilcox,"Jack Buchanan, Anna Neagle, Gina Malo, Clive Currie, William Kendall, Joyce Bland",https://www.filmcrave.com/movie_page_main.php?id=17090,Unknown
Gordon's War,18387,2.7,08/09/1973,English,"Adventure, Crime",R,Ossie Davis,"Paul Winfield, Carl Lee, David Downing, Grace Jones, Tony King, Gilbert Lewis",https://www.filmcrave.com/movie_page_main.php?id=17092,Unknown
The Gorgeous Hussy,12277,2.5,08/28/1936,English,"Drama, Historical",NR,Clarence Brown,"Joan Crawford, Robert Taylor, Lionel Barrymore, Franchot Tone, Melvyn Douglas, James Stewart",https://www.filmcrave.com/movie_page_main.php?id=17093,Unknown
The Gorgon,16504,2.3,02/17/1965,English,"Fantasy, Horror",NR,Terence Fisher,"Christopher Lee, Peter Cushing, Richard Pasco, Michael Goodliffe, Barbara Shelley, Patrick Troughton",https://www.filmcrave.com/movie_page_main.php?id=17094,Unknown
Gorilla Bathes at Noon,49641,3.0,03/29/1995,Russian,Comedy,NR,Dusan Makavejev,"Svetozar Cvetkovic, Anita Mancic, Alexandra Rohmig, Petar Bozovic, Eva Ras, Natasa Babic-Zoric",https://www.filmcrave.com/movie_page_main.php?id=17095,Unknown
Gospel According to Harry,49564,3.0,01/01/1994,English,Drama,NR,Lech Majewski,"Andy Rivera, Viggo Mortensen, Jennifer Rubin, Peter Chudy, Jack Kehoe, Rita Tushingham",https://www.filmcrave.com/movie_page_main.php?id=17096,Unknown
"Gospel According to St. Matthew, The ( Vangelo secondo Matteo, Il )",7408,2.6,02/17/1966,Italian,"Biography, Drama",NR,Pier Paolo Pasolini,"Enrique Irazoqui, Margherita Caruso, Susanna Pasolini, Marcello Morante, Mario Socrate, Settimio Di Porto",https://www.filmcrave.com/movie_page_main.php?id=17097,Unknown
"Goto, Island of Love ( Goto, l'\xc3\xaele d'amour )",48579,3.0,09/26/1969,French,Drama,NR,Walerian Borowczyk,"Pierre Brasseur, Ligia Branice, Jean-Pierre Andr\xc3\xa9ani, Ginette Leclerc, Fernand Bercher, Michel Charrel",https://www.filmcrave.com/movie_page_main.php?id=17098,Unknown
Gotti,5218,2.7,08/17/1996,English,"Biography, Crime",R,Robert Harmon,"Armand Assante, William Forsythe, Richard C. Sarafian, Frank Vincent, Anthony Quinn, Vincent Pastore",https://www.filmcrave.com/movie_page_main.php?id=17099,"The rise and fall of the ""Dapper Don"" or ""Teflon Don"" John Gotti - head of the Gambino family whose suspicion, green and high profile all work against him. --"
It Happened at the Inn ( Goupi mains rouges ),23525,2.2,12/21/1945,French,Drama,NR,Jacques Becker,"Fernand Ledoux, Georges Rollin, Blanchette Brunoy, Arthur Dev\xc3\xa8re, Germaine Kerjean, Maurice Schutz",https://www.filmcrave.com/movie_page_main.php?id=17100,Unknown
Grace Quigley,18469,2.7,05/17/1985,English,Comedy,PG,Anthony Harvey,"Katharine Hepburn, Nick Nolte, Kit Le Fever, Chip Zien, William Duell, Elizabeth Wilson",https://www.filmcrave.com/movie_page_main.php?id=17101,Unknown
Grand Central Murder,27198,2.3,05/01/1942,English,"Crime, Drama",NR,S. Sylvan Simon,"Van Heflin, Patricia Dane, Cecilia Parker, Virginia Grey, Samuel S. Hinds, Sam Levene",https://www.filmcrave.com/movie_page_main.php?id=17102,Unknown
Grand Hotel,1907,2.9,04/12/1932,English,"Drama, Romance",PG,Edmund Goulding,"John Barrymore, Greta Garbo, Joan Crawford, Lionel Barrymore, Wallace Beery, Purnell Pratt",https://www.filmcrave.com/movie_page_main.php?id=17103,"The lives of several guests collide at the Grand Hotel, where ""nothing ever happens.""\t"
Grand Isle,57662,2.0,11/15/1991,English,Drama,NR,Mary Lambert,"Kelly McGillis, Jon DeVries, Adrian Pasdar, Ellen Burstyn, Julian Sands, Anthony DeSando",https://www.filmcrave.com/movie_page_main.php?id=17104,Unknown
Grand Theft Auto,19997,2.3,06/16/1977,English,"Comedy, Crime",PG,Ron Howard,"Ron Howard, Nancy Morgan, Elizabeth Rogers, Barry Cahill, Marion Ross, Clint Howard",https://www.filmcrave.com/movie_page_main.php?id=17105,Unknown
Grande \xc3\xa9cole,27992,2.3,06/06/2004,French,Drama,NR,Robert Salis,"Gregori Baquet, Alice Taglioni, Jocelyn Quivrin, \xc3\x89lodie Navarre, Arthur Jugnot, Salim Kechiouche",https://www.filmcrave.com/movie_page_main.php?id=17106,Unknown
Grandma and Her Ghosts ( Mo fa a ma ),22600,2.5,10/13/2000,Mandarin,"Anime, Comedy",NR,Siu-Di Wang,Wen Ying,https://www.filmcrave.com/movie_page_main.php?id=17107,Unknown
Grandma's Boy,5567,2.8,09/03/1922,English,"Comedy, Family",NR,Fred C. Newmeyer,"Harold Lloyd, Mildred Davis, Anna Townsend, Charles Stevenson, Dick Sutherland, Noah Young",https://www.filmcrave.com/movie_page_main.php?id=17108,Unknown
Grass: A Nation's Battle for Life,23305,2.2,03/20/1925,English,Documentary,NR,"Merian C. Cooper, Ernest B. Schoedsack","Merian C. Cooper, Ernest B. Schoedsack, Marguerite Harrison, Haidar Khan, Lufta",https://www.filmcrave.com/movie_page_main.php?id=17110,Unknown
"Grass is Greener Everywhere Else, The ( \xc3\x9cberall ist es besser, wo wir nicht sind )",37222,2.5,08/01/1989,German,"Drama, Romance",NR,Michael Klier,"Michael Krause, Anja Klein, Miroslaw Baka, Josef Zebrowski, Anja Franke, Anna Pastewka",https://www.filmcrave.com/movie_page_main.php?id=17112,Unknown
Killing Heat ( Gr\xc3\xa4set sjunger ),44178,2.0,10/05/1984,English,Drama,NR,Michael Raeburn,"Karen Black, John Thaw, John Kani, Patrick Mynhardt, John Moulder-Brown, Margaret Heale",https://www.filmcrave.com/movie_page_main.php?id=17113,Unknown
Gravehopping ( Odgrobadogroba ),59069,2.0,06/14/2006,Other,"Comedy, Drama",NR,Jan Cvitkovic,"Gregor Bakovic, Drago Milinovic, Sonja Savic, Mojca Fatur, Domen Remskar, Brane Gruber",https://www.filmcrave.com/movie_page_main.php?id=17114,Unknown
A Grave-keeper's Tale,59023,2.0,01/01/2006,Unknown,Unknown,Unknown,Unknown,Unknown,https://www.filmcrave.com/movie_page_main.php?id=17115,Unknown
Gravesend,27870,2.3,01/01/1996,Unknown,Unknown,Unknown,Unknown,Unknown,https://www.filmcrave.com/movie_page_main.php?id=17116,Unknown
Graveyard of Dreams,58037,2.0,01/01/1997,Unknown,Unknown,Unknown,Unknown,Unknown,https://www.filmcrave.com/movie_page_main.php?id=17117,Unknown
Gray Lady Down,15652,2.4,03/10/1978,English,"Drama, Thriller",PG,David Greene,"Charlton Heston, David Carradine, Stacy Keach, Ned Beatty, Stephen McHattie, Ronny Cox",https://www.filmcrave.com/movie_page_main.php?id=17118,Unknown
Grayeagle,44127,2.0,12/28/1977,English,"Adventure, Drama",PG,Charles B. Pierce,"Ben Johnson, Iron Eyes Cody, Lana Wood, Jack Elam, Paul Fix, Alex Cord",https://www.filmcrave.com/movie_page_main.php?id=17119,Unknown
"Come Play with Me ( Grazie, zia )",48557,3.0,01/08/1969,Italian,"Comedy, Drama",NR,Salvatore Samperi,"Lisa Gastoni, Lou Castel, Gabriele Ferzetti, Luisa De Santis, Massimo Sarchielli, Nicoletta Rizzi",https://www.filmcrave.com/movie_page_main.php?id=17120,Unknown
Greased Lightning,28906,2.1,07/01/1977,English,"Action, Biography",PG,Michael Schultz,"Richard Pryor, Beau Bridges, Pam Grier, Cleavon Little, Vincent Gardenia, Richie Havens",https://www.filmcrave.com/movie_page_main.php?id=17121,Unknown
A Great Day in Harlem,30930,2.2,02/24/1995,English,Documentary,NR,Jean Bach,"Quincy Jones, Dizzy Gillespie, Sonny Rollins, Buck Clayton, Art Blakey, Hank Jones",https://www.filmcrave.com/movie_page_main.php?id=17122,Unknown
Great Day in Havana,30999,2.2,03/01/2001,English,Documentary,NR,"Laurie Ann Schag, Casey Stoll","Yareli Arizmendi, Tania Bruguera, Pedro 'Pulido' Gonzalez, Jorge Perugorr\xc3\xada, Edward Scott",https://www.filmcrave.com/movie_page_main.php?id=17123,Unknown
Great Day in the Morning,27532,2.3,05/16/1956,English,"Action, Drama",NR,Jacques Tourneur,"Virginia Mayo, Robert Stack, Ruth Roman, Alex Nicol, Raymond Burr, Leo Gordon",https://www.filmcrave.com/movie_page_main.php?id=17124,Unknown
The Great Ecstasy of Robert Carmichael,50847,3.0,03/10/2006,English,"Drama, Horror",NR,Thomas Clay,"Danny Dyer, Lesley Manville, Miranda Wilson, Rob Dixon, Michael Howe, Stuart Laing",https://www.filmcrave.com/movie_page_main.php?id=17125,Unknown
"Great Ecstasy of Woodcarver Steiner, The ( Gro\xc3\x9fe Ekstase des Bildschnitzers Steiner, Die )",4240,2.9,11/26/1976,German,"Documentary, Biography",NR,Werner Herzog,Walter Steiner,https://www.filmcrave.com/movie_page_main.php?id=17126,Unknown
Great Expectations,1222,3.0,05/22/1947,English,Drama,NR,David Lean,"John Mills, Jean Simmons, Alec Guinness, Bernard Miles, Finlay Currie, Valerie Hobson",https://www.filmcrave.com/movie_page_main.php?id=17127,"Orphan Phillip ""Pip"" Pirrip (Anthony Wager) assists a convict named Abel Magwitch (Finlay Currie) and was recaptured.  He then works for Miss Havisham (Martita Hunt) and falls for a mean Estella (Jean Simmons). After a few years, Miss Havisham's lawyer, Mr. Jaggers (Francis L. Sullivan), visits Pip and informs about a secret benefactor to make him a gentleman.  Mr. Jaggers arranges for Pip to stay with Herbert Pocket (Alec Guinness).  Herbert and Pip have met before as kids during their stay at Miss Havisham's place.\t"
Great Expectations,44101,2.0,11/22/1974,English,Drama,NR,Joseph Hardy,"Michael York, Sarah Miles, James Mason, Margaret Leighton, Robert Morley, Joss Ackland",https://www.filmcrave.com/movie_page_main.php?id=17128,Unknown
The Great Garrick,18065,2.7,10/30/1937,English,"Comedy, Romance",NR,James Whale,"Brian Aherne, Olivia de Havilland, Edward Everett Horton, Melville Cooper, Lionel Atwill, Lana Turner",https://www.filmcrave.com/movie_page_main.php?id=17129,Unknown
The Great Gatsby,34028,1.9,07/13/1949,English,Drama,NR,Elliott Nugent,"Alan Ladd, Betty Field, Macdonald Carey, Ruth Hussey, Shelley Winters, Howard Da Silva",https://www.filmcrave.com/movie_page_main.php?id=17130,Unknown
The Great Jewel Robber,45914,1.8,07/15/1950,English,"Crime, Drama",NR,Peter Godfrey,"David Brian, Marjorie Reynolds, John Archer, Jacqueline deWit, Perdita Chandler, Stanley Church",https://www.filmcrave.com/movie_page_main.php?id=17131,Unknown
The Great K & A Train Robbery,6139,2.8,10/17/1926,English,"Action, Western",NR,Lewis Seiler,"Tom Mix, Tony the Horse, Dorothy Dwan, Will Walling, Harry Gripp, Carl Miller",https://www.filmcrave.com/movie_page_main.php?id=17132,"In order to bring down a gang of train robbers, a man poses undercover as a highwayman and brings the men down from the inside, along with the help of a hobo. --"
The Great Lie,11871,2.5,04/12/1941,English,Drama,NR,Edmund Goulding,"Bette Davis, George Brent, Mary Astor, Lucile Watson, Hattie McDaniel, Grant Mitchell",https://www.filmcrave.com/movie_page_main.php?id=17133,Unknown
The Great Man Votes,45747,1.8,01/13/1939,English,Drama,NR,Garson Kanin,"John Barrymore, Peter Holden, Virginia Weidler, Katharine Alexander, Donald MacBride, Benny Bartlett",https://www.filmcrave.com/movie_page_main.php?id=17134,Unknown
The Great McGinty,8722,2.6,08/23/1940,English,Comedy,NR,Preston Sturges,"Brian Donlevy, Muriel Angelus, Akim Tamiroff, Allyn Joslyn, William Demarest, Louis Jean Heydt",https://www.filmcrave.com/movie_page_main.php?id=17135,Unknown
The Great McGonagall,30806,2.2,08/15/1975,English,"Biography, Comedy",PG,Joseph McGrath,"Spike Milligan, Peter Sellers, Julia Foster, John Bluthal, Victor Spinetti, Valentine Dyall",https://www.filmcrave.com/movie_page_main.php?id=17136,Unknown
The Great Moment,22067,2.5,09/06/1944,English,"Comedy, Drama",NR,Preston Sturges,"Joel McCrea, Betty Field, Harry Carey, William Demarest, Louis Jean Heydt, Porter Hall",https://www.filmcrave.com/movie_page_main.php?id=17137,Unknown
The Great Northfield Minnesota Raid,5821,2.8,06/14/1972,English,Western,PG,Philip Kaufman,"Cliff Robertson, Robert Duvall, Luke Askew, R.G. Armstrong, Dana Elcar, Donald Moffat",https://www.filmcrave.com/movie_page_main.php?id=17138,The legendary 1876 bank robbery that was the beginning of the end of the notorious Jesse James gang.\t
The Great Rock 'n' Roll Swindle,57104,2.0,03/06/1980,English,Drama,NR,Julien Temple,"Malcolm McLaren, Sid Vicious, Steve Jones, Paul Cook, John Lydon, Ronald Biggs",https://www.filmcrave.com/movie_page_main.php?id=17139,Unknown
The Great Sinner,13349,2.4,06/29/1949,English,Drama,NR,Robert Siodmak,"Gregory Peck, Ava Gardner, Melvyn Douglas, Walter Huston, Ethel Barrymore, Agnes Moorehead",https://www.filmcrave.com/movie_page_main.php?id=17140,Unknown
The Great Texas Dynamite Chase,48931,3.0,07/01/1976,English,"Action, Comedy",R,Michael Pressman,"Claudia Jennings, Tara Strohmeier, Jocelyn Jones, Miles Watkins, Nancy Bleier, Buddy Kling",https://www.filmcrave.com/movie_page_main.php?id=17141,Unknown
"Great Wall is a Great Wall, The ( Great Wall, A )",25478,3.0,05/30/1986,English,"Comedy, Drama",PG,Peter Wang,"Peter Wang, Sharon Iwai, Kelvin Han Yee, Qinqin Li, Xiaoguang Hu, Guanglan Shen",https://www.filmcrave.com/movie_page_main.php?id=17142,Unknown
The Great Waltz,30198,2.2,11/04/1938,English,"Biography, Drama",NR,"Julien Duvivier, Victor Fleming, Josef von Sternberg","Luise Rainer, Fernand Gravey, Miliza Korjus, Hugh Herbert, Lionel Atwill, Curt Bois",https://www.filmcrave.com/movie_page_main.php?id=17143,Unknown
The Great Waltz,18381,2.7,11/01/1972,English,"Biography, Drama",G,Andrew L. Stone,"Horst Buchholz, Mary Costa, Nigel Patrick, Yvonne Mitchell, Rossano Brazzi, James Faulkner",https://www.filmcrave.com/movie_page_main.php?id=17144,Unknown
Great World of Sound,25745,3.0,01/01/2007,English,Comedy,R,Craig Zobel,"Kene Holliday, Pat Healy, Robert Longstreet, Tricia Paoluccio, Rebecca Mader, Michael Harding",https://www.filmcrave.com/movie_page_main.php?id=17145,Unknown
The Greatest Heroes,57967,2.0,01/01/1996,Unknown,Unknown,Unknown,Unknown,Unknown,https://www.filmcrave.com/movie_page_main.php?id=17146,Unknown
The Greatest,41257,2.3,05/19/1977,English,"Biography, Drama",PG,"Tom Gries, Monte Hellman","Muhammad Ali, Ernest Borgnine, Sally Bondi, Arthur Adams, Dorothy Meyer, Howard Bingham",https://www.filmcrave.com/movie_page_main.php?id=17147,Unknown
Greed,1379,3.1,12/04/1924,English,Drama,NR,Erich von Stroheim,"Gibson Gowland, Jean Hersholt, Dale Fuller, Zasu Pitts, Tempe Pigott, Sylvia Ashton",https://www.filmcrave.com/movie_page_main.php?id=17149,The lives of three people are forever altered when a winning lottery ticket brings out the greed and destroys all they have worked for. --
Green Fire,20675,2.4,12/29/1954,English,"Adventure, Drama",NR,Andrew Marton,"Stewart Granger, Grace Kelly, Paul Douglas, John Ericson, Murvyn Vye, Jos\xc3\xa9 Torvay",https://www.filmcrave.com/movie_page_main.php?id=17150,Unknown
Green Fish ( Chorok mulkogi ),35498,2.0,10/01/1998,Korean,Drama,NR,Chang-dong Lee,"Seong-kun Mun, Suk-kyu Han, Gye-nam Myeong, Kang-ho Song, Hye-jin Shim, Ji-hye Oh",https://www.filmcrave.com/movie_page_main.php?id=17151,Unknown
Green for Danger,7268,2.7,08/07/1947,English,Mystery,NR,Sidney Gilliat,"Sally Gray, Trevor Howard, Rosamund John, Alastair Sim, Leo Genn, Judy Campbell",https://www.filmcrave.com/movie_page_main.php?id=17152,Unknown
Green Grow the Rushes,43850,2.0,11/06/1951,English,"Comedy, Thriller",NR,Derek N. Twist,"Roger Livesey, Honor Blackman, Richard Burton, Frederick Leister, John Salew, Colin Gordon",https://www.filmcrave.com/movie_page_main.php?id=17153,Unknown
Green Hat,44413,2.0,01/01/2004,Unknown,Unknown,Unknown,Unknown,Unknown,https://www.filmcrave.com/movie_page_main.php?id=17154,Unknown
Green Ice,30849,2.2,02/26/1982,English,"Adventure, Romance",PG,Ernest Day,"Ryan O'Neal, Anne Archer, Omar Sharif, Domingo Ambriz, John Larroquette, Philip Stone",https://www.filmcrave.com/movie_page_main.php?id=17155,Unknown
Green Light,31640,2.8,02/20/1937,English,"Drama, Romance",NR,Frank Borzage,"Errol Flynn, Anita Louise, Margaret Lindsay, Cedric Hardwicke, Walter Abel, Henry O'Neill",https://www.filmcrave.com/movie_page_main.php?id=17156,Unknown
The Green Man,22273,2.5,05/22/1957,English,Comedy,NR,Robert Day,"Alastair Sim, George Cole, Terry-Thomas, Jill Adams, Raymond Huntley, Colin Gordon",https://www.filmcrave.com/movie_page_main.php?id=17157,Unknown
The Green Pastures,10052,2.6,07/16/1936,English,Drama,NR,"Marc Connelly, William Keighley","Rex Ingram, Oscar Polk, Eddie 'Rochester' Anderson, Frank H. Wilson, George Reed, Abraham Gleaves",https://www.filmcrave.com/movie_page_main.php?id=17158,Unknown
The Green Ray,17647,2.4,01/01/1986,Unknown,Unknown,Unknown,Unknown,Unknown,https://www.filmcrave.com/movie_page_main.php?id=17159,Unknown
Green Tea ( L\xc3\xbc cha ),17170,2.5,08/18/2003,Mandarin,"Drama, Romance",NR,Yuan Zhang,"Wen Jiang, Wei Zhao, Lijun Fang, Haizhen Wang, Yuan Zhang",https://www.filmcrave.com/movie_page_main.php?id=17161,Unknown
"Green, Green Grass of Home, The ( Zai na he pan qing cao qing )",46205,1.8,01/01/1983,Mandarin,Drama,NR,Hsiao-hsien Hou,"Kenny Bee, Jing-kuo Yen, Meifeng Chen, Fu-wen Cheng, Ling Chiang, Pin-chun Chou",https://www.filmcrave.com/movie_page_main.php?id=17162,Unknown
Greenkeeping,41381,2.3,01/01/1992,Unknown,Unknown,Unknown,Unknown,Unknown,https://www.filmcrave.com/movie_page_main.php?id=17164,Unknown
Greenwich Village,16926,2.5,09/27/1944,English,Musical,NR,Walter Lang,"Carmen Miranda, Don Ameche, William Bendix, Vivian Blaine, Felix Bressart, Tony De Marco",https://www.filmcrave.com/movie_page_main.php?id=17165,Unknown
Greetings,19469,2.2,12/15/1968,English,Comedy,R,Brian De Palma,"Jonathan Warden, Robert De Niro, Gerrit Graham, Richard Hamilton, Megan McCormick, Tina Hirsch",https://www.filmcrave.com/movie_page_main.php?id=17166,Unknown
Gregoire Moulin vs. Humanity ( Gr\xc3\xa9goire Moulin contre l'humanit\xc3\xa9 ),58540,2.0,10/24/2001,French,"Comedy, Romance",NR,Artus de Penguern,"Artus de Penguern, Pascale Arbillot, \xc3\x89lisabeth Vitali, Antoine Dul\xc3\xa9ry, Didier B\xc3\xa9nureau, Marie-Armelle Deguy",https://www.filmcrave.com/movie_page_main.php?id=17167,Unknown
Gregory's Girl,5158,2.8,05/26/1982,English,"Comedy, Romance",PG,Bill Forsyth,"John Gordon Sinclair, Dee Hepburn, Jake D'Arcy, Clare Grogan, Robert Buchanan, Billy Greenlees",https://www.filmcrave.com/movie_page_main.php?id=17168,Unknown
Gregory's Two Girls,49973,3.0,10/15/1999,English,Comedy,NR,Bill Forsyth,"Carly McKinnon, John Gordon Sinclair, John Murtagh, Hugh McCue, Dougray Scott, Maria Doyle Kennedy",https://www.filmcrave.com/movie_page_main.php?id=17169,Unknown
Grief,24248,2.3,06/03/1994,English,Comedy,NR,Richard Glatzer,"Craig Chester, Illeana Douglas, Alexis Arquette, Kent Fuher, Carlton Wilborn, Robin Swid",https://www.filmcrave.com/movie_page_main.php?id=17170,Unknown
Grievous Bodily Harm,57434,2.0,01/01/1988,Unknown,Unknown,Unknown,Unknown,Unknown,https://www.filmcrave.com/movie_page_main.php?id=17171,Unknown
Grim Prairie Tales: Hit the Trail... to Terror,28946,2.1,09/14/1990,English,"Horror, Western",R,Wayne Coe,"James Earl Jones, Brad Dourif, Will Hare, Marc McClure, William Atherton, Lisa Eichhorn",https://www.filmcrave.com/movie_page_main.php?id=17172,Unknown
Gringo in Mananaland,35467,2.0,01/01/1995,English,Documentary,NR,Dee Dee Halleck,Unknown,https://www.filmcrave.com/movie_page_main.php?id=17173,Unknown
"Grip of the Strangler ( Haunted Strangler, The )",14611,2.6,07/03/1958,English,"Crime, Mystery",NR,Robert Day,"Boris Karloff, Jean Kent, Elizabeth Allan, Anthony Dawson, Vera Day, Tim Turner",https://www.filmcrave.com/movie_page_main.php?id=17174,Unknown
The Grissom Gang,18367,2.7,05/28/1971,English,"Crime, Drama",R,Robert Aldrich,"Kim Darby, Scott Wilson, Tony Musante, Robert Lansing, Connie Stevens, Irene Dailey",https://www.filmcrave.com/movie_page_main.php?id=17175,Unknown
Grizzly,26646,2.0,05/21/1976,English,"Horror, Thriller",PG,William Girdler,"Christopher George, Andrew Prine, Richard Jaeckel, Joan McCall, Joe Dorsey, Charles Kissinger",https://www.filmcrave.com/movie_page_main.php?id=17176,An 18 foot man-eating Grizzly bear terrorizes a National Forest.\t
Groove on a Stanley Knife,44302,2.0,06/22/1997,English,Thriller,NR,"Beth Kotler, Tinge Krishnan","Samantha Hoyle, Alison Burrows, Shaun Dooley",https://www.filmcrave.com/movie_page_main.php?id=17177,Unknown
"Gentlemen Don't Eat Poets aka Grave Indiscretion ( Grotesque, The )",46307,1.8,03/07/1997,English,"Drama, Horror",R,John-Paul Davidson,"Alan Bates, Theresa Russell, Sting, Lena Headey, Jim Carter, Trudie Styler",https://www.filmcrave.com/movie_page_main.php?id=17178,Unknown
The Ground Truth,12717,2.6,01/01/2006,Unknown,Unknown,Unknown,Unknown,Unknown,https://www.filmcrave.com/movie_page_main.php?id=17179,Unknown
The Groundstar Conspiracy,37044,2.5,06/21/1972,English,"Action, Crime",PG,Lamont Johnson,"George Peppard, Michael Sarrazin, Christine Belford, Cliff Potts, James Olson, Tim O'Connor",https://www.filmcrave.com/movie_page_main.php?id=17181,Unknown
Grow Your Own,59111,2.0,01/01/2007,Unknown,Unknown,Unknown,Unknown,Unknown,https://www.filmcrave.com/movie_page_main.php?id=17182,Unknown
Grumpy,30011,2.2,01/01/1930,Unknown,Unknown,Unknown,Unknown,Unknown,https://www.filmcrave.com/movie_page_main.php?id=17183,Unknown
Guadalcanal Diary,9438,2.6,10/27/1943,English,"Drama, War",NR,Lewis Seiler,"Preston Foster, Lloyd Nolan, William Bendix, Anthony Quinn, Richard Conte, Richard Jaeckel",https://www.filmcrave.com/movie_page_main.php?id=17184,Unknown
"Guard, The ( Karaul )",57629,2.0,03/24/1991,Russian,Drama,NR,Aleksandr Rogozhkin,"Aleksey Buldakov, Sergei Kupriyanov, Aleksei Poluyan, Aleksandr Smirnov, Taras Denisenko, Vasili Domrachyov",https://www.filmcrave.com/movie_page_main.php?id=17185,Unknown
Guarded Secrets,58779,2.0,01/01/2004,Unknown,Unknown,Unknown,Unknown,Unknown,https://www.filmcrave.com/movie_page_main.php?id=17186,Unknown
Guardian of the Frontier,46789,1.3,01/01/2002,Unknown,Unknown,Unknown,Unknown,Unknown,https://www.filmcrave.com/movie_page_main.php?id=17187,Unknown
Guardians of the Earth ( Mankolangal ),46347,1.8,08/04/2001,Other,Unknown,NR,Subrahmanian Santakumar,"Beena Antony, Mahima, Manikantan, Seema G. Nair, Baby Seena, Viplavambalan",https://www.filmcrave.com/movie_page_main.php?id=17188,Unknown
The Guatemalan Handshake,19931,2.3,04/22/2006,English,"Comedy, Drama",NR,Todd Rohal,"Katy Haywood, Ken Byrnes, Will Oldham, Sheila Scullin, Rich Schreiber, Kathleen Kennedy",https://www.filmcrave.com/movie_page_main.php?id=17189,Unknown
Gudumba Shankar,55645,2.0,09/09/2004,Hindi,"Action, Drama",NR,Veera Shankar,"Pawan Kalyan, Meera Jasmine, Ashish Vidyarthi, Sayaji Shinde, Srinivasa Rao Kota, Brahmanandam",https://www.filmcrave.com/movie_page_main.php?id=17190,Unknown
Guelwaar,57905,2.0,01/06/1995,French,Drama,NR,Ousmane Sembene,"Mame Ndoumb\xc3\xa9 Diop, Ndiawar Diop, Lamine Mane, Babacar Mbaye, Belle Mbaye, Thierno Ndiaye",https://www.filmcrave.com/movie_page_main.php?id=17191,Unknown
Guest House Paradiso,12702,2.6,12/03/1999,English,"Comedy, Thriller",R,Adrian Edmondson,"Rik Mayall, Adrian Edmondson, Vincent Cassel, H\xc3\xa9l\xc3\xa8ne Mahieu, Bill Nighy, Simon Pegg",https://www.filmcrave.com/movie_page_main.php?id=17192,Unknown
Lady Killer ( Gueule d'amour ),10348,2.7,10/13/1937,French,"Drama, Romance",NR,Jean Gr\xc3\xa9millon,"Jean Gabin, Mireille Balin, Pierre Etchepare, Henri Poupon, Jean Aym\xc3\xa9, Pierre Magnier",https://www.filmcrave.com/movie_page_main.php?id=17193,Unknown
A Guide for the Married Man,12271,2.5,05/25/1967,English,Comedy,PG,Gene Kelly,"Walter Matthau, Inger Stevens, Sue Ane Langdon, Jackie Russell, Robert Morse, Claire Kelly",https://www.filmcrave.com/movie_page_main.php?id=17194,Unknown
Guiltrip,57992,2.0,04/01/1996,English,Thriller,NR,Gerard Stembridge,"Andrew Connolly, Jasmine Russell, Peter Hanly, Pauline McLynn, Michelle Houlden, Frankie McCafferty",https://www.filmcrave.com/movie_page_main.php?id=17195,Unknown
"Outsider, The ( Guinea Pig, The )",56344,2.0,04/30/1949,English,Drama,NR,Roy Boulting,"Richard Attenborough, Sheila Sim, Bernard Miles, Cecil Trouncer, Robert Flemyng, Edith Sharpe",https://www.filmcrave.com/movie_page_main.php?id=17196,Unknown
Gulag,11641,2.8,01/13/1985,English,Drama,NR,Roger Young,"David Keith, Malcolm McDowell, Warren Clarke, John McEnery, Nancy Paul, Brian Pettifer",https://www.filmcrave.com/movie_page_main.php?id=17197,Unknown
Gulliver's Travels,30840,2.2,01/01/1981,English,"Animation, Adventure",G,Peter R. Hunt,"Richard Harris, Catherine Schell, Norman Shelley, Meredith Edwards, Julian Glover, Robert Rietty",https://www.filmcrave.com/movie_page_main.php?id=17198,Unknown
The Gumball Rally,12050,2.6,07/28/1976,English,Comedy,PG,Charles Bail,"Michael Sarrazin, Norman Burton, Gary Busey, John Durren, Harvey Jason, Susan Flannery",https://www.filmcrave.com/movie_page_main.php?id=17199,Unknown
Gums and Noses,58780,2.0,01/01/2004,Unknown,Unknown,Unknown,Unknown,Unknown,https://www.filmcrave.com/movie_page_main.php?id=17200,Unknown
Gumshoe,20760,2.4,03/21/1972,English,"Comedy, Crime",PG,Stephen Frears,"Albert Finney, Billie Whitelaw, Frank Finlay, Janice Rule, Carolyn Seymour, Fulton Mackay",https://www.filmcrave.com/movie_page_main.php?id=17201,Unknown
Gun Crazy,8270,2.6,01/20/1950,English,"Crime, Drama",NR,Joseph H. Lewis,"Peggy Cummins, John Dall, Berry Kroeger, Morris Carnovsky, Anabel Shaw, Harry Lewis",https://www.filmcrave.com/movie_page_main.php?id=17202,Unknown
Gun Fury,12290,2.5,11/11/1953,English,Western,NR,Raoul Walsh,"Rock Hudson, Donna Reed, Philip Carey, Roberta Haynes, Lee Marvin, Leo Gordon",https://www.filmcrave.com/movie_page_main.php?id=17203,Unknown
A Gunfight,56652,2.0,01/01/1970,Unknown,Unknown,Unknown,Unknown,Unknown,https://www.filmcrave.com/movie_page_main.php?id=17204,Unknown
The Gunfighter,1174,3.0,06/23/1950,English,"Western, Drama",NR,Henry King,"Gregory Peck, Helen Westcott, Millard Mitchell, Jean Parker, Karl Malden, Skip Homeier",https://www.filmcrave.com/movie_page_main.php?id=17205,"Jimmy Ringo is a gunfighter looking to start a new life. Returning to a sleepy town where his old flame lives, along with a child he has never met, he hopes to leave the past behind. But, of course, the past is not ready to let him go - with men on his trail, and a hotheaded young gunslinger looking to prove his worth, it soon starts up a frenzy in town. --"
Gunga Din,3274,2.8,01/26/1939,English,"Adventure, War",NR,George Stevens,"Cary Grant, Victor McLaglen, Douglas Fairbanks Jr., Joan Fontaine, Sam Jaffe, Eduardo Ciannelli",https://www.filmcrave.com/movie_page_main.php?id=17206,"3 friends in the British army try to find a treasure, while a cult tries to kill them.  --"
Gunhed ( Ganheddo ),20844,2.4,08/27/1996,Japanese,"Action, Sci-Fi",R,"Masato Harada, Alan Smithee","Masahiro Takashima, Brenda Bakke, James Brewster Thompson, Aya Enj\xc3\xb4ji, Kaori Mizushima, Randy Reyes",https://www.filmcrave.com/movie_page_main.php?id=17207,Unknown
Gunman's Walk,7050,2.8,07/01/1958,English,Western,NR,Phil Karlson,"Van Heflin, Tab Hunter, Kathryn Grant, James Darren, Mickey Shaughnessy, Edward Platt",https://www.filmcrave.com/movie_page_main.php?id=17208,"A widowed ranger, with the spirit of the old west inside of him, endeavors to raise his sons in the same manner. But one son, Ed, has a wild streak and he and his brother, Davy find themselves fighting over the same woman. When she chooses Davy, Ed becomes a gunfighter, and wants nothing more than to shine brighter than his brother and father. In the end, it will lead to a deadly confrontation. --"
"Blizzard, The ( Gunnar Hedes saga )",34566,2.0,01/01/1923,Swedish,Drama,NR,Mauritz Stiller,"Thecla \xc3\x85hlander, Gustav Aronson, Stina Berg, Hugo Bj\xc3\xb6rne, Pauline Brunius, Julia Cederblad",https://www.filmcrave.com/movie_page_main.php?id=17209,Unknown
The Guns and the Fury,57134,2.0,01/01/1981,Unknown,Unknown,Unknown,Unknown,Unknown,https://www.filmcrave.com/movie_page_main.php?id=17210,Unknown
"Guns for San Sebastian ( bataille de San Sebastian, La )",17022,2.5,03/20/1968,English,Western,NR,Henri Verneuil,"Anthony Quinn, Anjanette Comer, Charles Bronson, Sam Jaffe, Silvia Pinal, Leon Askin",https://www.filmcrave.com/movie_page_main.php?id=17211,Unknown
Guns of Darkness,22305,2.5,01/01/1962,Unknown,Unknown,Unknown,Unknown,Unknown,https://www.filmcrave.com/movie_page_main.php?id=17212,Unknown
Gun-Shy ( Schussangst ),50441,3.0,09/05/2003,German,"Crime, Drama",NR,Dito Tsintsadze,"Fabian Hinrichs, Lavinia Wilson, Johan Leysen, Ingeborg Westphal, Rudolf W. Marnitz, Thorsten Merten",https://www.filmcrave.com/movie_page_main.php?id=17213,Unknown
Guru in Seven,58159,2.0,07/10/1998,English,Drama,NR,Shani S. Grewal,"Dhirendra, Nitin Ganatra, Saeed Jaffrey, Mark Leadbetter, Elle Lewis, Jacqueline Pearce",https://www.filmcrave.com/movie_page_main.php?id=17214,Unknown
The Guru,56633,2.0,02/10/1969,English,Comedy,G,James Ivory,"Rita Tushingham, Michael York, Utpal Dutt, Madhur Jaffrey, Saeed Jaffrey, Barry Foster",https://www.filmcrave.com/movie_page_main.php?id=17215,Unknown
Guy Maddin: Waiting for Twilight,39597,1.8,09/07/1997,English,"Documentary, Biography",NR,Noam Gonick,"Tom Waits, Guy Maddin, Herdis Maddin, Alice Krige, Pascale Bussi\xc3\xa8res, Shelley Duvall",https://www.filmcrave.com/movie_page_main.php?id=17216,Unknown
Guy X,43185,2.0,10/14/2005,English,"Comedy, War",R,Saul Metzstein,"Jason Biggs, Natascha McElhone, Jeremy Northam, Sean Tucker, Harry Standjofski, Rob deLeeuw",https://www.filmcrave.com/movie_page_main.php?id=17217,Unknown
Gypo,50730,3.0,06/19/2005,English,"Drama, Family",NR,Jan Dunn\t,"Pauline McLynn, Chloe Sirene, Paul McGann, Rula Lenska, Tamzin Dunstone, Barry Latchford",https://www.filmcrave.com/movie_page_main.php?id=17219,Unknown
Gypsy,32319,2.8,12/12/1993,English,"Biography, Comedy",NR,Emile Ardolino,"Bette Midler, Peter Riegert, Cynthia Gibb, Edward Asner, Christine Ebersole, Michael Jeter",https://www.filmcrave.com/movie_page_main.php?id=17220,Unknown
The Gypsy and the Gentleman,39403,1.8,01/15/1958,English,"Drama, Historical",NR,Joseph Losey,"Melina Mercouri, Keith Michell, Flora Robson, Patrick McGoohan, June Laverick, Lyndon Brook",https://www.filmcrave.com/movie_page_main.php?id=17221,Unknown
Gypsy Caravan: When the Road Bends,31146,2.2,06/15/2007,Other,Documentary,NR,Jasmine Dellal,"Fanfare Ciocarlia, Johnny Depp, Taraf de Haidouks, Antonio El Pipa, Maharaja, Esma Redzepova",https://www.filmcrave.com/movie_page_main.php?id=17222,Unknown
The Gypsy Moths,23211,2.1,08/28/1969,English,"Drama, Action",R,John Frankenheimer,"Burt Lancaster, Deborah Kerr, Gene Hackman, Scott Wilson, Bonnie Bedelia, William Windom",https://www.filmcrave.com/movie_page_main.php?id=17223,Unknown
H.C. Andersen's The Long Shadow ( H.C. Andersen og den sk\xc3\xa6ve skygge ),49833,3.0,01/16/1998,Danish,Animation,NR,Jannik Hastrup,"Otto Brandenburg, Povl Dissing, Tommy Kenter, Jesper Klein, Ghita N\xc3\xb8rby, Ole Ernst",https://www.filmcrave.com/movie_page_main.php?id=17225,Unknown
"Class of Chaos in the Army , The ( Hababam sinifi askerde )",41602,2.3,01/14/2005,Turkish,Comedy,NR,Ferdi Egilmez,"H\xc3\xbclya Avsar, Mehmet Ali Erbil, Halit Ak\xc3\xa7atepe, Safak Sezer, Memet Ali Alabora, Peker Acikalin",https://www.filmcrave.com/movie_page_main.php?id=17226,Unknown
Hacking Democracy,23633,2.2,11/02/2006,English,Documentary,NR,"Simon Ardizzone, Russell Michaels","James Naughton, Mark Radke, Bev Harris, Andy Stephenson, Harri Hursti, Ion Sancho",https://www.filmcrave.com/movie_page_main.php?id=17227,"A docudrama that examines electronic voting machines and how simple it is to hack into the system and alter the results.  Uses the 2004 election as a backdrop as a group on individuals investigate 3 major voting suppliers, mainly Diebold, who came under heavy criticism after the 2004 presdiential election.\t"
Hail the Conquering Hero,2470,3.1,08/09/1944,English,Comedy,NR,Preston Sturges,"Eddie Bracken, Ella Raines, Raymond Walburn, William Demarest, Franklin Pangborn, Elizabeth Patterson",https://www.filmcrave.com/movie_page_main.php?id=17228,"A man discharged from the Marines for an allergy before every seeing action is encouraged by fellow marines to fabricate a story about being an injured war hero - and give him a uniform and medals to back up  his claim. Back home, he is hailed as a hero - complete with statue and song - but when he tries to explain the truth - no one will listen. --"
The Hair Opera,57679,2.0,01/01/1992,Unknown,Unknown,Unknown,Unknown,Unknown,https://www.filmcrave.com/movie_page_main.php?id=17230,Unknown
"Hairdresser's Husband, The ( mari de la coiffeuse, Le )",4223,2.8,06/19/1992,French,"Comedy, Drama",R,Patrice Leconte,"Jean Rochefort, Anna Galiena, Roland Bertin, Maurice Chevit, Philippe Cl\xc3\xa9venot, Jacques Mathou",https://www.filmcrave.com/movie_page_main.php?id=17231,"As just 12, Antoine finds himself in love with a voluptuous but suicidal hairdresser - an experience that leaves an indelible mark upon his life. Much later, he recreates this relationship with Mathilde - another voluptuous hairdresser - and uses the all-consuming relationship to block out the miseries of his life. --"
Halbe Welt,57740,2.0,01/01/1993,German,"Drama, Sci-Fi",NR,Florian Flicker,"Rainer Egger, Dani Levy, Mercedes Echerer, Maria Schrader, Goran Rebic, Allen Browne",https://www.filmcrave.com/movie_page_main.php?id=17232,Unknown
Half a Sixpence,48503,3.0,02/20/1968,English,Musical,NR,George Sidney,"Tommy Steele, Julia Foster, Cyril Ritchard, Penelope Horner, Elaine Taylor, Grover Dale",https://www.filmcrave.com/movie_page_main.php?id=17233,Unknown
Half Life,35412,2.0,12/03/1986,English,Documentary,NR,Dennis O'Rourke,Unknown,https://www.filmcrave.com/movie_page_main.php?id=17234,Unknown
Half Light,15696,2.3,01/17/2006,English,"Drama, Mystery",R,Craig Rosenberg,"Demi Moore, Henry Ian Cusick, Nicholas Gleaves, James Cosmo, Beans El-Balawi, Kate Isitt",https://www.filmcrave.com/movie_page_main.php?id=17235,Unknown
The Half-Breed,36817,2.5,05/04/1952,English,Western,NR,Stuart Gilmore,"Robert Young, Janis Carter, Jack Buetel, Barton MacLane, Reed Hadley, Porter Hall",https://www.filmcrave.com/movie_page_main.php?id=17236,Unknown
Halla Bol,59164,2.0,01/11/2008,Indian,"Crime, Drama",NR,Rajkumar Santoshi,"Ajay Devgan, Vidya Balan, Pankaj Kapur, Darshan Jariwala, Abhay Bhargav, Deepak Pandit",https://www.filmcrave.com/movie_page_main.php?id=17237,Unknown
Hallelujah the Hills,56505,2.0,12/16/1963,English,Comedy,NR,Adolfas Mekas,"Peter Beard, Sheila Finn, Martin Greenbaum, Peggy Steffans, Jerome Raphael, Blanche Dee",https://www.filmcrave.com/movie_page_main.php?id=17239,Unknown
"Hallelujah, I'm a Bum",30060,2.2,02/03/1933,English,Musical,NR,Lewis Milestone,"Al Jolson, Madge Evans, Frank Morgan, Harry Langdon, Chester Conklin, Edgar Connor",https://www.filmcrave.com/movie_page_main.php?id=17240,Unknown
The Halliday Brand,41022,2.3,01/01/1957,English,Western,NR,Joseph H. Lewis,"Joseph Cotten, Viveca Lindfors, Betsy Blair, Ward Bond, Bill Williams, Jay C. Flippen",https://www.filmcrave.com/movie_page_main.php?id=17241,Unknown
Halls of Montezuma,17493,2.4,12/01/1950,English,"Adventure, War",NR,Lewis Milestone,"Richard Widmark, Jack Palance, Reginald Gardiner, Robert Wagner, Karl Malden, Richard Boone",https://www.filmcrave.com/movie_page_main.php?id=17242,Unknown
Hallucinations of a Deranged Mind,57005,2.0,01/01/1978,Unknown,Unknown,Unknown,Unknown,Unknown,https://www.filmcrave.com/movie_page_main.php?id=17243,Unknown
Hambone and Hillie,57250,2.0,04/24/1983,English,"Comedy, Drama",PG,Roy Watts,"Lillian Gish, Candy Clark, O.J. Simpson, Robert Walker Jr., Timothy Bottoms, Anne Lockhart",https://www.filmcrave.com/movie_page_main.php?id=17244,Unknown
Hamlet,29820,2.2,09/22/1913,English,Drama,NR,Hay Plumb,"Johnston Forbes-Robertson, Gertrude Elliot, Walter Ringham, Adeleine Bourne, J.H. Barnes, S.A. Cookson",https://www.filmcrave.com/movie_page_main.php?id=17245,Unknown
Hamlet ( Gamlet ),48398,3.0,03/15/1966,Russian,Drama,NR,Grigori Kozintsev,"Innokenti Smoktunovsky, Mikhail Nazvanov, Elza Radzina, Yuri Tolubeyev, Anastasiya Vertinskaya, Vadim Medvedev",https://www.filmcrave.com/movie_page_main.php?id=17246,Unknown
Hamlet,15444,2.5,12/21/1969,English,Drama,G,Tony Richardson,"Nicol Williamson, Judy Parfitt, Anthony Hopkins, Marianne Faithfull, Mark Dignam, Michael Pennington",https://www.filmcrave.com/movie_page_main.php?id=17247,Unknown
Hamlet_X,58729,2.0,06/21/2003,German,"Drama, Horror",NR,Herbert Fritsch,"Meret Becker, Josef Bierbichler, Kathrin Angerer, Boris Aljinovic, Alexander Beyer, Samuel Finzi",https://www.filmcrave.com/movie_page_main.php?id=17248,Unknown
Hammers Over the Anvil,23596,2.2,05/01/1993,English,Drama,NR,Ann Turner,"Charlotte Rampling, Russell Crowe, Alexander Outhred, Frankie J. Holden, Jake Frost, Alethea McGrath",https://www.filmcrave.com/movie_page_main.php?id=17249,Unknown
Hamsin,57175,2.0,01/01/1982,Hebrew,Drama,NR,Daniel Wachsmann,"Shlomo Tarshish, Yasein Shawaf, Ruth Geller, Hemda Levi, Shawaf Yassin, Tzvi Kornfeld",https://www.filmcrave.com/movie_page_main.php?id=17250,Unknown
The Hamster Factor and Other Tales of Twelve Monkeys,6194,2.8,11/01/1996,English,Documentary,NR,"Keith Fulton, Louis Pepe","Keith Fulton, Terry Gilliam, Lloyd Phillips, Ernie Malik, Mark Egerton, Janet Peoples",https://www.filmcrave.com/movie_page_main.php?id=17251,Unknown
Hana: Tale of a Reluctant Warrior ( Hana yori mo naho ),3594,3.5,05/06/2007,Japanese,"Comedy, Drama",NR,Hirokazu Koreeda,"Junichi Okada, Rie Miyazawa, Arata Furuta, Jun Kunimura, Katsuo Nakamura, Tadanobu Asano",https://www.filmcrave.com/movie_page_main.php?id=17252,Unknown
Deep in the Heart ( Handgun ),32233,2.8,01/18/1984,English,"Action, Drama",R,Tony Garnett,"Karen Young, Clayton Day, Suzie Humphreys, Helena Humann, Ben Jones, Jane Abbott",https://www.filmcrave.com/movie_page_main.php?id=17254,Unknown
Hand Gun,57798,2.0,10/01/1993,English,"Action, Crime",R,Whitney Ransick,"Treat Williams, Seymour Cassel, Paul Schulze, Anna Levine, Frank Vincent, Michael Imperioli",https://www.filmcrave.com/movie_page_main.php?id=17255,Unknown
Hands,57741,2.0,01/01/1993,Unknown,Unknown,Unknown,Unknown,Unknown,https://www.filmcrave.com/movie_page_main.php?id=17256,Unknown
Hands Across the Table,11242,2.6,10/18/1935,English,"Comedy, Romance",NR,Mitchell Leisen,"Carole Lombard, Fred MacMurray, Ralph Bellamy, Astrid Allwyn, Ruth Donnelly, Marie Prevost",https://www.filmcrave.com/movie_page_main.php?id=17257,Unknown
"Hands of Orlac, The ( Orlacs H\xc3\xa4nde )",12565,2.6,06/04/1924,German,"Crime, Horror",NR,Robert Wiene,"Conrad Veidt, Alexandra Sorina, Fritz Kortner, Carmen Cartellieri, Fritz Strassny, Paul Askonas",https://www.filmcrave.com/movie_page_main.php?id=17258,Unknown
Hands of the Ripper,22380,2.5,07/13/1972,English,"Horror, Thriller",R,Peter Sasdy,"Eric Porter, Angharad Rees, Jane Merrow, Keith Bell, Derek Godfrey, Dora Bryan",https://www.filmcrave.com/movie_page_main.php?id=17259,"The daughter of Jack the Ripper, traumatized by witnessing the murder of her own mother, grows into a troubled young woman. Worse, she has seemingly inherited her father's murderous nature - even if she can't remember the crimes. A psychiatrist takes on her case, certain he can cure her, but soon regrets his decision. --"
Hands Up!,20501,2.4,01/11/1926,English,"Comedy, War",NR,Clarence G. Badger,"George A. Billings, Virginia Lee Corbin, Charles K. French, Raymond Griffith, Noble Johnson, Marian Nixon",https://www.filmcrave.com/movie_page_main.php?id=17260,Unknown
Handsworth Songs,22498,2.5,09/17/1987,English,Documentary,NR,John Akomfrah,Unknown,https://www.filmcrave.com/movie_page_main.php?id=17261,Unknown
Hanele,58297,2.0,11/04/1999,Other,"Drama, Romance",NR,Karel Kachyna,"Lada Jel\xc3\xadnkov\xc3\xa1, Miro Noga, Jir\xc3\xad Ornest, Tat\xc3\xa1na Fischerov\xc3\xa1, Milan Lasica, Hanus Bor",https://www.filmcrave.com/movie_page_main.php?id=17262,Unknown
The Hanged Man,56521,2.0,11/18/1964,English,Drama,NR,Don Siegel,"Robert Culp, Edmond O'Brien, Vera Miles, Norman Fell, Gene Raymond, Brenda Scott",https://www.filmcrave.com/movie_page_main.php?id=17263,A gunman survives his hanging and helps a widow save her ranch from a land baron.\t
Hangmen Also Die!,10055,2.6,04/15/1943,English,"War, Drama",NR,Fritz Lang,"Hans Heinrich von Twardowski, Brian Donlevy, Walter Brennan, Anna Lee, Gene Lockhart, Nana Bryant",https://www.filmcrave.com/movie_page_main.php?id=17265,Unknown
Hangover Square,16405,2.4,02/07/1945,English,"Crime, Horror",NR,John Brahm,"Laird Cregar, Linda Darnell, George Sanders, Glenn Langan, Faye Marlowe, Alan Napier",https://www.filmcrave.com/movie_page_main.php?id=17266,Unknown
Hangup,56767,2.0,01/01/1973,Unknown,Unknown,Unknown,Unknown,Unknown,https://www.filmcrave.com/movie_page_main.php?id=17267,Unknown
Hannah Takes the Stairs,14467,2.6,08/22/2007,English,Drama,NR,Joe Swanberg,"Greta Gerwig, Mark Duplass, Kent Osborne, Andrew Bujalski, Ry Russo-Young, Todd Rohal",https://www.filmcrave.com/movie_page_main.php?id=17270,Unknown
Hannibal Brooks,22360,2.5,04/30/1969,English,"Comedy, War",PG-13,Michael Winner,"Oliver Reed, Michael J. Pollard, Wolfgang Preiss, John Alderton, Helmut Lohner, Peter Carsten",https://www.filmcrave.com/movie_page_main.php?id=17271,Unknown
Hannie Caulder,17765,2.3,07/01/1972,English,"Comedy, Crime",R,Burt Kennedy,"Raquel Welch, Robert Culp, Ernest Borgnine, Christopher Lee, Jack Elam, Strother Martin",https://www.filmcrave.com/movie_page_main.php?id=17272,A woman teams up with a bounty hunter to learn the skills needed to track and kill the three men who raped her and killed her husband. --
Hans Christian Andersen,5309,2.7,11/25/1952,English,"Biography, Family",NR,Charles Vidor,"Danny Kaye, Farley Granger, Zizi Jeanmaire, Joseph Walsh, Philip Tonge, Erik Bruhn",https://www.filmcrave.com/movie_page_main.php?id=17273,"More fantasy than biography, Danny Kaye plays Hans Christian Andersen - the author of many beloved fairy tales, in a story that is a fairytale version of the man's life. --"
Hanussen,14023,2.8,03/10/1989,German,"Drama, Historical",R,Istv\xc3\xa1n Szab\xc3\xb3,"Klaus Maria Brandauer, Erland Josephson, Ildik\xc3\xb3 B\xc3\xa1ns\xc3\xa1gi, Walter Schmidinger, K\xc3\xa1roly Eperjes, Grazyna Szapolowska",https://www.filmcrave.com/movie_page_main.php?id=17274,Unknown
Hapkido aka Lady Kung Fu ( He qi dao ),56794,2.0,09/05/1973,Chinese,"Action, Drama",R,Feng Huang,"Angela Mao, Carter Wong, Sammo Hung Kam-Bo, Han Jae Ji, Ying Bai, Nancy Sit",https://www.filmcrave.com/movie_page_main.php?id=17275,Unknown
The Happening,44894,1.4,03/01/1967,English,Comedy,NR,Elliot Silverstein,"Anthony Quinn, Michael Parks, George Maharis, Robert Walker Jr., Faye Dunaway, Milton Berle",https://www.filmcrave.com/movie_page_main.php?id=17276,Unknown
The Happiest Days of Your Life,54942,1.5,01/01/1950,Unknown,Unknown,Unknown,Unknown,Unknown,https://www.filmcrave.com/movie_page_main.php?id=17277,Unknown
The Happiest Millionaire,17764,2.3,11/30/1967,English,"Family, Romance",G,Norman Tokar,"Fred MacMurray, Tommy Steele, Greer Garson, Geraldine Page, Gladys Cooper, Lesley Ann Warren",https://www.filmcrave.com/movie_page_main.php?id=17278,Unknown
Happiness ( Schastye ),16772,2.5,04/07/1935,Russian,"Comedy, Drama",NR,Aleksandr Medvedkin,"Pyotr Zinovyev, Yelena Yegorova, Mikhail Gipsi, Lidiya Nenasheva, Nikolai Cherkasov, Viktor Kulakov",https://www.filmcrave.com/movie_page_main.php?id=17279,Unknown
Happiness in Twenty Years,56690,2.0,01/01/1971,Unknown,Unknown,Unknown,Unknown,Unknown,https://www.filmcrave.com/movie_page_main.php?id=17280,Unknown
"Happiness of the Katakuris, The ( Katakuri-ke no k\xc3\xb4fuku )",6331,2.7,08/15/2002,Japanese,"Comedy, Horror",NR,Takashi Miike,"Kenji Sawada, Keiko Matsuzaka, Shinji Takeda, Naomi Nishida, Kiyoshiro Imawano, Tetsuro Tamba",https://www.filmcrave.com/movie_page_main.php?id=17281,Unknown
"Happy Birthday, Mr. Mograbi ( Yom Huledet Same'ach Mar Mograbi )",18541,2.7,05/24/1999,Hebrew,Documentary,NR,Avi Mograbi,"Avi Mograbi, Shahar Degal, Roni Pisker, Ido Berger, Efraim Stan, Daoud Koutab",https://www.filmcrave.com/movie_page_main.php?id=17282,Unknown
"Happy Birthday, Wanda June",24175,2.3,12/09/1971,English,"Comedy, Drama",R,Mark Robson,"Rod Steiger, Susannah York, George Grizzard, Don Murray, William Hickey, Steven Paul",https://www.filmcrave.com/movie_page_main.php?id=17283,Kurt Vonnegut adapted his own play for the screen. Rod Steiger is a parody of himself as a macho big-game hunter.     --
Happy Days ( Schastlivye dni ),57680,2.0,01/01/1992,Russian,Drama,NR,Aleksey Balabanov,"Viktor Sukhorukov, Anzhelika Nevolina, Yevgeni Merkuryev, Georgi Tejkh, Nikolai Lavrov",https://www.filmcrave.com/movie_page_main.php?id=17284,Unknown
Happy End ( Haepi-endeu ),46874,3.0,12/11/1999,Korean,"Drama, Romance",NR,Ji Woo Chung,"Min-sik Choi, Do-yeon Jeon, Jin-mo Ju, Mi-seon Hwang, Hyeon Ju, Ju-hee Park",https://www.filmcrave.com/movie_page_main.php?id=17285,Unknown
Tonight's the Night ( Happy Ever After ),43085,1.5,12/19/1954,English,Comedy,NR,Mario Zampi,"David Niven, Yvonne De Carlo, Barry Fitzgerald, George Cole, A.E. Matthews, Michael Shepley",https://www.filmcrave.com/movie_page_main.php?id=17286,Unknown
"Mr. Lord Says No ( Happy Family, The )",56379,2.0,02/13/1952,English,Comedy,NR,Muriel Box,"Stanley Holloway, Kathleen Harrison, Naunton Wayne, Dandy Nichols, John Stratton, Eileen Moore",https://www.filmcrave.com/movie_page_main.php?id=17287,Unknown
The Happy Hooker,39501,1.8,05/08/1975,English,"Biography, Comedy",R,Nicholas Sgarro,"Lynn Redgrave, Jean-Pierre Aumont, Lovelady Powell, Tom Poston, Nicholas Pryor, Conrad Janis",https://www.filmcrave.com/movie_page_main.php?id=17288,Unknown
Happy Man ( Szczesliwy czlowiek ),58589,2.0,03/20/2002,Polish,Drama,NR,Malgorzata Szumowska,"Jadwiga Jankowska-Cieslak, Malgorzata Hajewska, Piotr Jankowski, Roman Gancarczyk, Mieczyslaw Grabka, Beata Kozikowska",https://www.filmcrave.com/movie_page_main.php?id=17289,Unknown
Happy Now?,58452,2.0,01/01/2001,Unknown,Unknown,Unknown,Unknown,Unknown,https://www.filmcrave.com/movie_page_main.php?id=17290,Unknown
Hard Contract,11612,2.8,04/30/1969,English,"Drama, Mystery",R,S. Lee Pogostin,"James Coburn, Lee Remick, Lilli Palmer, Burgess Meredith, Sterling Hayden, Karen Black",https://www.filmcrave.com/movie_page_main.php?id=17291,Unknown
Hard Goodbyes: My Father ( Teski rastanci: Moj otac ),50321,3.0,10/04/2002,Greek,"Drama, Family",NR,Penny Panayotopoulou,"Yorgos Karayannis, Stelios Mainas, Ioanna Tsirigouli, Christos Stergioglou, Hristos Bouyotas, Despo Diamantidou",https://www.filmcrave.com/movie_page_main.php?id=17292,Unknown
Hard Luck,20485,2.4,03/14/1921,English,Comedy,NR,"Edward F. Cline, Buster Keaton","Buster Keaton, Virginia Fox, Joe Roberts",https://www.filmcrave.com/movie_page_main.php?id=17293,Unknown
Hard Men,58015,2.0,10/28/1996,English,Crime,R,J.K. Amalou,"Vincent Regan, Lee Ross, Mirella D'Angelo, Eamonn Collinge, Joe Garner, Ken Campbell",https://www.filmcrave.com/movie_page_main.php?id=17294,Unknown
Hard Road,57486,2.0,01/01/1989,Unknown,Unknown,Unknown,Unknown,Unknown,https://www.filmcrave.com/movie_page_main.php?id=17295,Unknown
Hard Times ( Tempos Dif\xc3\xadceis ),57472,2.0,10/06/1988,Portuguese,Drama,NR,Jo\xc3\xa3o Botelho,"Henrique Viana, J\xc3\xbalia Britton, Eunice Mu\xc3\xb1oz, Ruy Furtado, Isabel de Castro, Joaquim Mendes",https://www.filmcrave.com/movie_page_main.php?id=17296,Unknown
Hard to Handle,36246,2.5,01/28/1933,English,"Comedy, Romance",NR,Mervyn LeRoy,"James Cagney, Mary Brian, Allen Jenkins, Ruth Donnelly, Claire Dodd, Robert McWade",https://www.filmcrave.com/movie_page_main.php?id=17297,Unknown
"Hard, Fast and Beautiful!",30518,2.2,05/23/1951,English,"Drama, Romance",NR,Ida Lupino,"Claire Trevor, Sally Forrest, Carleton G. Young, Robert Clarke, Kenneth Patterson, Marcella Cisney",https://www.filmcrave.com/movie_page_main.php?id=17298,Unknown
Hardcore,6381,2.6,02/09/1979,English,Drama,R,Paul Schrader,"George C. Scott, Peter Boyle, Season Hubley, Leonard Gaines, Dick Sargent, Dave Nichols",https://www.filmcrave.com/movie_page_main.php?id=17300,"A religious man from the midwest goes to Los Angeles in search of his runaway daughter, who is starring in pornographic films. --"
The Harder They Come,33573,1.8,02/18/1973,English,"Crime, Drama",R,Perry Henzell,"Jimmy Cliff, Janet Bartley, Carl Bradshaw, Ras Daniel Hartman, Basil Keane, Bob Charlton",https://www.filmcrave.com/movie_page_main.php?id=17301,Unknown
The Harder They Fall,2637,2.9,05/09/1956,English,"Drama, Sport",NR,Mark Robson,"Humphrey Bogart, Rod Steiger, Jan Sterling, Mike Lane, Max Baer, Harold J. Stone",https://www.filmcrave.com/movie_page_main.php?id=17302,"Eddie Willis, a sports journalist finds himself out of a job when his paper folds, but a fight promoter hires him to be the PR man for a fighter out of Argentina. The fighter has no talent, but Eddie knows how the game is played and sets up a series of rigged fights in order to make his man a contender for the heavyweight champion (and a hefty gate profit). Yet when a fighter dies in the ring, he begins to doubt his plan. --"
Harem,57343,2.0,11/20/1985,English,Drama,NR,Arthur Joff\xc3\xa9,"Nastassja Kinski, Ben Kingsley, Dennis Goldson, Michel Robin, Zohra Sehgal, Juliette Simpson",https://www.filmcrave.com/movie_page_main.php?id=17303,Unknown
Harem ( Harem suar\xc3\xa9 ),49936,3.0,05/21/1999,French,"Drama, Historical",R,Ferzan Ozpetek,"Marie Gillain, Alex Descas, Lucia Bos\xc3\xa9, Valeria Golino, Malick Bowens, Haluk Bilginer",https://www.filmcrave.com/movie_page_main.php?id=17304,Unknown
Harlequin ( Dark Forces ),19082,2.3,03/28/1980,English,"Drama, Fantasy",PG,Simon Wincer,"Robert Powell, David Hemmings, Carmen Duncan, Broderick Crawford, Gus Mercurio, Alan Cassell",https://www.filmcrave.com/movie_page_main.php?id=17305,Unknown
The Harrad Experiment,28635,2.1,05/11/1973,English,"Comedy, Drama",R,Ted Post,"James Whitmore, Tippi Hedren, Don Johnson, Bruno Kirby, Laurie Walters, Victoria Thompson",https://www.filmcrave.com/movie_page_main.php?id=17307,Unknown
Harry and the Butler ( Harry og kammertjeneren ),56477,2.0,09/08/1961,Danish,"Comedy, Family",NR,Bent Christensen,"Osvald Helmuth, Ebbe Rode, Gunnar Lauring, Henning Moritzen, Lise Ringheim, Lily Broberg",https://www.filmcrave.com/movie_page_main.php?id=17308,Unknown
Harry and Tonto,2240,3.0,08/12/1974,English,"Adventure, Drama",R,Paul Mazursky,"Art Carney, Cliff De Young, Larry Hagman, Philip Bruns, Josh Mostel, Dolly Jonah",https://www.filmcrave.com/movie_page_main.php?id=17309,"This road movie follows a retired man and his cat on a cross-country journey, on which they encounter a number of quirky characters. --"
Harry and Walter Go to New York,23469,2.2,06/17/1976,English,"Crime, Comedy",PG,Mark Rydell,"James Caan, Elliott Gould, Michael Caine, Diane Keaton, Charles Durning, Lesley Ann Warren",https://www.filmcrave.com/movie_page_main.php?id=17310,Unknown
Harry in Your Pocket,16808,2.5,09/23/1973,English,"Comedy, Crime",PG,Bruce Geller,"James Coburn, Michael Sarrazin, Trish Van Devere, Walter Pidgeon, Michael C. Gwynne, Susan Mullen",https://www.filmcrave.com/movie_page_main.php?id=17311,Unknown
Harvest Time ( Vremya zhatvy ),50585,3.0,09/04/2004,Russian,Drama,NR,Marina Razbezhkina,"Lyudmila Motornaya, Vyacheslav Batrakov, Dmitri Yakovlev, Dmitri Yermakov, Sergei Starostin, Vika Vasilyeva",https://www.filmcrave.com/movie_page_main.php?id=17312,Unknown
The Harvest,37276,2.5,11/05/1993,English,"Crime, Thriller",R,David Marconi,"Miguel Ferrer, Leilani Sarelle, Henry Silva, Anthony John Denison, Tim Thomerson, Harvey Fierstein",https://www.filmcrave.com/movie_page_main.php?id=17313,Unknown
"Harvey Middleman, Fireman",41148,2.3,07/12/1965,English,"Drama, Comedy",NR,Ernest Pintoff,"Eugene Troobnick, Hermione Gingold, Patricia Harty, Arlene Golonka, Will Mackenzie, Charles Durning",https://www.filmcrave.com/movie_page_main.php?id=17314,Unknown
Has Anybody Seen My Gal?,39336,1.8,07/04/1952,English,Comedy,NR,Douglas Sirk,"Piper Laurie, Rock Hudson, Charles Coburn, Gigi Perreau, Lynn Bari, Larry Gates",https://www.filmcrave.com/movie_page_main.php?id=17315,Unknown
'Til Death ( Hasta morir ),35464,2.0,09/10/1994,Spanish,Drama,NR,Fernando Sari\xc3\xb1ana,"Demi\xc3\xa1n Bichir, Juan Manuel Bernal, Ver\xc3\xb3nica Merchant, Vanessa Bauche, Dolores Berist\xc3\xa1in, Jorge Jimenez",https://www.filmcrave.com/movie_page_main.php?id=17316,Unknown
The Hasty Heart,12025,2.6,12/02/1949,English,Drama,NR,Vincent Sherman,"Ronald Reagan, Patricia Neal, Richard Todd, Anthony Nicholls, Howard Marion-Crawford, Ralph Michael",https://www.filmcrave.com/movie_page_main.php?id=17317,Unknown
The Hatchet Man,28693,2.1,02/06/1932,English,"Crime, Drama",NR,William A. Wellman,"Edward G. Robinson, Loretta Young, Dudley Digges, Leslie Fenton, Edmund Breese, Tully Marshall",https://www.filmcrave.com/movie_page_main.php?id=17318,Unknown
Hathi,58414,2.0,09/27/2000,English,Drama,NR,Philippe Gautier,"Nanny Ama, Begum Jamila, Pyare Jan, Begum Kahurun, Mujeeb Khan, Kawadi Makbul",https://www.filmcrave.com/movie_page_main.php?id=17320,Unknown
A.J. Cronin's Hatter's Castle,43755,2.0,04/19/1948,English,Drama,NR,Lance Comfort,"Robert Newton, Deborah Kerr, James Mason, Emlyn Williams, Henry Oscar, Enid Stamp-Taylor",https://www.filmcrave.com/movie_page_main.php?id=17321,Unknown
Haunted,13175,2.3,06/18/1996,English,"Drama, Horror",R,Lewis Gilbert,"Aidan Quinn, Kate Beckinsale, Alex Lowe, John Gielgud, Anthony Andrews, Anna Massey",https://www.filmcrave.com/movie_page_main.php?id=17322,Unknown
The Haunted Palace,15166,2.3,08/28/1963,English,Horror,NR,Roger Corman,"Vincent Price, Debra Paget, Lon Chaney Jr., Frank Maxwell, Leo Gordon, Elisha Cook Jr.",https://www.filmcrave.com/movie_page_main.php?id=17323,Unknown
The Haunting,1050,3.0,09/18/1963,English,"Horror, Thriller",G,Robert Wise,"Julie Harris, Claire Bloom, Richard Johnson, Russ Tamblyn, Rosalie Crutchley, Lois Maxwell",https://www.filmcrave.com/movie_page_main.php?id=17324,"Hill House, a place with a wicked history attracts a researcher who assembles a group of people to stay in the house for a period of time. Strange things happen... --"
Battle Cries ( Haut les coeurs! ),58296,2.0,11/03/1999,French,Drama,NR,S\xc3\xb3lveig Anspach,"Karin Viard, Laurent Lucas, Claire Wauthion, Julien Cottereau, Philippe Duclos, Charlotte Clamens",https://www.filmcrave.com/movie_page_main.php?id=17325,Unknown
Havanna mi amor,46786,1.3,06/29/2000,Spanish,Documentary,NR,Uli Gaulke,Unknown,https://www.filmcrave.com/movie_page_main.php?id=17326,Unknown
Having It All,57176,2.0,01/01/1982,Unknown,Unknown,Unknown,Unknown,Unknown,https://www.filmcrave.com/movie_page_main.php?id=17327,Unknown
Hawk the Slayer,24450,2.0,01/01/1980,English,"Adventure, Fantasy",PG,Terry Marcel,"Jack Palance, John Terry, Bernard Bresslaw, Ray Charleson, Peter O'Farrell, William Morgan Sheppard",https://www.filmcrave.com/movie_page_main.php?id=17328,"Hawk seeks out his evil older brother Voltan with the help of an elf, giant, dwarf and witch to avenge the loss of his bride and father.\t"
The Hawk,32318,2.8,12/10/1993,English,Thriller,R,David Hayman,"Helen Mirren, David Harewood, Owen Teale, Clive Russell, Marie Hamer, Christopher Madin",https://www.filmcrave.com/movie_page_main.php?id=17329,Unknown
Hawks,37223,2.5,11/10/1989,English,"Comedy, Drama",R,Robert Ellis Miller,"Timothy Dalton, Anthony Edwards, Janet McTeer, Camille Coduri, Jill Bennett, Robert Lang",https://www.filmcrave.com/movie_page_main.php?id=17330,Unknown
Hazy Life,58207,2.0,01/01/1999,Unknown,Unknown,Unknown,Unknown,Unknown,https://www.filmcrave.com/movie_page_main.php?id=17331,Unknown
He Died with His Eyes Open ( On ne meurt que 2 fois ),49258,3.0,10/09/1985,French,"Crime, Mystery",NR,Jacques Deray,"Michel Serrault, Charlotte Rampling, Xavier Deluc, Elisabeth Depardieu, Jean Leuvrais, Jean-Paul Roussillon",https://www.filmcrave.com/movie_page_main.php?id=17332,Unknown
He Loves Me... He Loves Me Not... ( \xc3\x80 la folie... pas du tout ),2155,2.9,02/14/2003,French,"Romance, Thriller",PG-13,Laetitia Colombani,"Audrey Tautou, Samuel Le Bihan, Isabelle Carr\xc3\xa9, Cl\xc3\xa9ment Sibony, Sophie Guillemin, Eric Savin",https://www.filmcrave.com/movie_page_main.php?id=17333,Unknown
He Walked By Night,23806,2.1,02/06/1949,English,"Crime, Drama",NR,"Alfred L. Werker, Anthony Mann","Richard Basehart, Scott Brady, Roy Roberts, Whit Bissell, Jack Webb, James Cardwell",https://www.filmcrave.com/movie_page_main.php?id=17334,Unknown
He Who Gets Slapped,11493,2.4,12/22/1924,English,"Drama, Thriller",NR,Victor Sj\xc3\xb6str\xc3\xb6m,"Lon Chaney, Norma Shearer, John Gilbert, Ruth King, Marc McDermott, Ford Sterling",https://www.filmcrave.com/movie_page_main.php?id=17335,Unknown
"He's a Woman, She's a Man ( Gam chi yuk sip )",49774,3.0,06/23/1997,Cantonese,Comedy,NR,"Peter Chan, Chi Lee","Leslie Cheung, Carina Lau, Anita Yuen, Eric Tsang, Jordan Chan, Kar-Ying Law",https://www.filmcrave.com/movie_page_main.php?id=17336,Unknown
Head,7282,2.6,11/20/1968,English,"Comedy, Musical",G,Bob Rafelson,"Peter Tork, Davy Jones, Micky Dolenz, Michael Nesmith, Annette Funicello, Timothy Carey",https://www.filmcrave.com/movie_page_main.php?id=17337,Unknown
Head On,57166,2.0,12/11/1981,English,Drama,R,Michael Grant,"Sally Kellerman, Stephen Lack, Lawrence Dane, J.P. Linton, John Huston, Patrick Crean",https://www.filmcrave.com/movie_page_main.php?id=17338,Unknown
Head Over Heels ( Chilly Scenes of Winter ),10404,2.7,10/19/1979,English,"Comedy, Drama",PG,Joan Micklin Silver,"John Heard, Mary Beth Hurt, Peter Riegert, Kenneth McMillan, Gloria Grahame, Nora Heflin",https://www.filmcrave.com/movie_page_main.php?id=17339,Unknown
Headhunter,49366,3.0,01/01/1989,English,Horror,R,Francis Schaeffer,"Wayne Crawford, Kay Lenz, Steve Kanaly, June Chadwick, John Fatooh, Gordon Mulholland",https://www.filmcrave.com/movie_page_main.php?id=17340,Unknown
Heading South ( Vers le sud ),6847,2.8,07/07/2006,French,Drama,NR,Laurent Cantet,"Charlotte Rampling, Karen Young, Louise Portal, M\xc3\xa9nothy Cesar, Lys Ambroise, Jackenson Pierre Olmo Diaz",https://www.filmcrave.com/movie_page_main.php?id=17341,Unknown
Head-On ( Gegen die Wand ),1095,3.1,10/16/2004,German,"Drama, Romance",R,Fatih Akin,"Birol \xc3\x9cnel, Sibel Kekilli, Catrin Striebeck, Meltem Cumbul, Zarah McKenzie, Stefan Gebelhoff",https://www.filmcrave.com/movie_page_main.php?id=17342,"A man who tries his hardest to erase his Turkish past turns to drugs and alcohol - and thoughts of suicide. A young woman who yearns to break free from her family, yet can't bring herself to break her parent's heart likewise thinks suicide is the only escape. The two meet each other in the hospital and form a bond - marriage seems to be the answer to their problems. But this marriage of convenience soon turns into something much more as they learn to love each other. --"
Headrush,58781,2.0,01/01/2004,Unknown,Unknown,Unknown,Unknown,Unknown,https://www.filmcrave.com/movie_page_main.php?id=17343,Unknown
HealtH,23343,2.2,09/12/1980,English,Comedy,PG,Robert Altman,"Carol Burnett, Glenda Jackson, James Garner, Lauren Bacall, Paul Dooley, Donald Moffat",https://www.filmcrave.com/movie_page_main.php?id=17344,A convention is the scene of a power struggle between the head of a health food company and her underling.\t
Health Warning,57223,2.0,01/01/1983,Unknown,Unknown,Unknown,Unknown,Unknown,https://www.filmcrave.com/movie_page_main.php?id=17345,Unknown
Hear My Song,57608,2.0,01/01/1991,Unknown,Unknown,Unknown,Unknown,Unknown,https://www.filmcrave.com/movie_page_main.php?id=17346,Unknown
The Hearse,23280,2.2,06/01/1980,English,"Horror, Mystery",PG,George Bowers,"Trish Van Devere, Joseph Cotten, David Gautreaux, Christopher McDonald, Donald Hotton, Donald Petrie",https://www.filmcrave.com/movie_page_main.php?id=17347,Unknown
Heart,44327,2.0,06/11/1999,English,"Drama, Thriller",R,Charles McDougall,"Saskia Reeves, Christopher Eccleston, Kate Hardie, Rhys Ifans, Anna Chancellor, Matthew Rhys",https://www.filmcrave.com/movie_page_main.php?id=17348,Unknown
A Heart Elsewhere,37428,2.5,01/01/2003,Unknown,Unknown,Unknown,Unknown,Unknown,https://www.filmcrave.com/movie_page_main.php?id=17349,Unknown
The Heart is a Lonely Hunter,6464,2.7,07/31/1968,English,Drama,NR,Robert Ellis Miller,"Alan Arkin, Sondra Locke, Laurinda Barrett, Stacy Keach, Chuck McCann, Cicely Tyson",https://www.filmcrave.com/movie_page_main.php?id=17350,A deaf mute changes the lives of all he meets.\t
Heart of Glass ( Herz aus Glas ),2364,3.0,12/11/1977,German,"Comedy, Drama",NR,Werner Herzog,"Josef Bierbichler, Stefan G\xc3\xbcttler, Clemens Scheitz, Sonja Skiba",https://www.filmcrave.com/movie_page_main.php?id=17351,Unknown
The Heart of the Matter,19826,2.3,02/08/1954,English,Drama,NR,George More O'Ferrall,"Trevor Howard, Elizabeth Allan, Maria Schell, Denholm Elliott, Peter Finch, G\xc3\xa9rard Oury",https://www.filmcrave.com/movie_page_main.php?id=17352,Unknown
The Heart of the World,14068,2.8,02/23/2001,English,Fantasy,NR,Guy Maddin,"Leslie Bais, Caelum Vatnsdal, Shaun Balbar, Greg Klymkiw",https://www.filmcrave.com/movie_page_main.php?id=17353,Unknown
"Heart, Beating in the Dark ( Yami utsu shinz\xc3\xb4 - 1982)",42754,1.7,02/20/1982,Japanese,Drama,NR,Shunichi Nagasaki,"Takashi Nait\xc3\xb4, Shigeru Muroi, Tar\xc3\xb4 Suwa",https://www.filmcrave.com/movie_page_main.php?id=17354,Unknown
"Heart, Beating in the Dark ( Yami utsu shinz\xc3\xb4 - 2005 )",31089,2.2,01/01/2005,Japanese,Drama,NR,Shunichi Nagasaki,"Noriko Eguchi, Shoichi Honda, Kaori Mizushima, Shigeru Muroi, Shunichi Nagasaki, Takashi Nait\xc3\xb4",https://www.filmcrave.com/movie_page_main.php?id=17355,Unknown
Heartaches,18447,2.7,11/19/1982,English,Comedy,R,Donald Shebib,"Margot Kidder, Annie Potts, Robert Carradine, Winston Rekert, George Touliatos, Michael Zelniker",https://www.filmcrave.com/movie_page_main.php?id=17356,Unknown
"Heartbeat Detector (question humaine, La)",32613,2.8,03/14/2008,French,Drama,NR,Nicolas Klotz,"Mathieu Amalric, Michael Lonsdale, Edith Scob, Lou Castel, Jean-Pierre Kalfon, Val\xc3\xa9rie Dr\xc3\xa9ville",https://www.filmcrave.com/movie_page_main.php?id=17357,Unknown
Heartbreak Island ( Qu nian dong tian ),41416,2.3,03/23/1995,Mandarin,Drama,NR,Hsiao-ming Hsu,"Vicky Wei, Jieh-Wen King, Ching-Ju Chang, Chen-Nan Tsai, Wen Ying, Lin Ju",https://www.filmcrave.com/movie_page_main.php?id=17358,Unknown
Heartbreakers,24218,2.3,09/28/1984,English,Drama,R,Bobby Roth,"Peter Coyote, Nick Mancuso, Carole Laure, Max Gail, James Laurenson, Carol Wayne",https://www.filmcrave.com/movie_page_main.php?id=17359,Unknown
Heartland,22448,2.5,09/22/1979,English,"Western, Drama",PG,Richard Pearce,"Rip Torn, Lilia Skala, Conchata Ferrell, Barry Primus, Megan Folsom, Amy Wright",https://www.filmcrave.com/movie_page_main.php?id=17360,Unknown
Heartland Reggae,45206,1.5,03/01/1980,English,Documentary,NR,James P. Lewis,"Bob Marley, Peter Tosh, Leroy 'Horsemouth' Wallace, Ras Lee Morris, Natty Garfield, Jacob Miller",https://www.filmcrave.com/movie_page_main.php?id=17361,Unknown
Heartlands,25641,3.0,08/20/2002,English,"Comedy, Drama",PG-13,Damien O'Donnell,"Michael Sheen, Mark Addy, Jim Carter, Celia Imrie, Ruth Jones, Mark Strong",https://www.filmcrave.com/movie_page_main.php?id=17362,Unknown
Hearts of Darkness: A Filmmaker's Apocalypse,776,3.1,11/27/1991,English,Documentary,R,"Fax Bahr, George Hickenlooper","Marlon Brando, Francis Ford Coppola, Martin Sheen, Laurence Fishburne, Dennis Hopper, George Lucas",https://www.filmcrave.com/movie_page_main.php?id=17363,The making of Apocalypse Now is nearly as big of drama as the film turned
Hearts of Fire,23584,2.2,01/01/1987,English,Drama,R,Richard Marquand,"Bob Dylan, Fiona, Rupert Everett, Julian Glover, Suzanne Bertish, Maury Chaykin",https://www.filmcrave.com/movie_page_main.php?id=17364,Unknown
Hearts of the West,11267,2.6,10/08/1975,English,"Western, Comedy",PG,Howard Zieff,"Jeff Bridges, Andy Griffith, Donald Pleasence, Blythe Danner, Alan Arkin, Alex Rocco",https://www.filmcrave.com/movie_page_main.php?id=17365,Jeff Bridges is a small-town boy who longs to be in Westerns and leaves home to become a Western movie stuntman. --
Hearts of the World,19494,2.2,04/04/1918,English,"Drama, War",NR,D.W. Griffith,"Lillian Gish, Dorothy Gish, Josephine Crowell, Robert Anderson, Robert Harron, George Siegmann",https://www.filmcrave.com/movie_page_main.php?id=17366,Unknown
Heat ( Upal ),56520,2.0,10/02/1964,Polish,"Comedy, Musical",NR,Kazimierz Kutz,"Barbara Krafft\xc3\xb3wna, Wieslaw Michnikowski, Kalina Jedrusik, Wieslaw Golas, Jeremi Przybora, Jerzy Wasowski",https://www.filmcrave.com/movie_page_main.php?id=17368,Unknown
Heat,8022,2.7,10/06/1972,English,"Comedy, Drama",R,Paul Morrissey,"Joe Dallesandro, Sylvia Miles, Andrea Feldman, Pat Ast, Ray Vestal, Lester Persky",https://www.filmcrave.com/movie_page_main.php?id=17369,"A hunky drifter causes trouble for a washed-up actress and her spoiled daughter in this updated version of ""Sunset Boulevard."" --"
"Heat's On, The ( Travail d'arabe )",58819,2.0,03/20/2004,French,Comedy,NR,Christian Philibert,"Mohamed Metina, Cyril Lecomte, Jacques Bastide, Jeanne Dhivers, Didier Becchetti, Jean-Marc Min\xc3\xa9o",https://www.filmcrave.com/movie_page_main.php?id=17370,Unknown
Heatwave,41310,2.3,06/01/1983,English,Drama,R,Phillip Noyce,"Judy Davis, Richard Moir, Chris Haywood, Bill Hunter, John Gregg, Anna Maria Monticelli",https://www.filmcrave.com/movie_page_main.php?id=17371,Unknown
Heaven,18984,2.3,04/17/1986,English,Documentary,PG-13,Diane Keaton,"Don King, Victoria Sellers, Richard Gordon, Lazaro Arvizu, Robert Boettger, Tim Kelly",https://www.filmcrave.com/movie_page_main.php?id=17372,Unknown
Heaven Can Wait,4996,2.7,08/11/1943,English,"Comedy, Drama",NR,Ernst Lubitsch,"Gene Tierney, Don Ameche, Charles Coburn, Marjorie Main, Laird Cregar, Spring Byington",https://www.filmcrave.com/movie_page_main.php?id=17373,A man finds himself at the gates of hell - certain he deserves admittance
"Heaven Knows, Mr. Allison",7092,2.8,11/07/1957,English,"Action, Adventure",NR,John Huston,"Deborah Kerr, Robert Mitchum, Fusamoto Takasimi",https://www.filmcrave.com/movie_page_main.php?id=17374,Unknown
Heaven Tonight,49436,3.0,11/22/1990,English,Drama,NR,Pino Amenta,"John Waters, Rebecca Gilling, Kim Gyngell, Sean Scully, Guy Pearce, Sarah De Teliga",https://www.filmcrave.com/movie_page_main.php?id=17375,Unknown
Heaven and Earth ( Ten to Chi to ),27828,2.3,02/08/1991,Japanese,"Drama, Action",PG-13,Haruki Kadokawa,"Takaaki Enoki, Masahiko Tsugawa, Atsuko Asano, Naomi Zaizen, Hironobu Nomura, Isao Natsuyagi",https://www.filmcrave.com/movie_page_main.php?id=17376,Unknown
Heaven-6-Box ( Tengoku no muttsu no hako ),57888,2.0,01/01/1995,Japanese,Unknown,NR,Hiroyuki Oki,Unknown,https://www.filmcrave.com/movie_page_main.php?id=17377,Unknown
Heavenly Grassland ( Tianshang caoyuan ),50308,3.0,08/30/2002,Mandarin,Drama,NR,"Mailisi, Saifu","Guersireng, Renhua Na, Cai Ning, Tumen",https://www.filmcrave.com/movie_page_main.php?id=17378,Unknown
"Gospel According to Vic, The ( Heavenly Pursuits )",32257,2.8,10/19/1986,English,"Comedy, Drama",PG,Charles Gormley,"Tom Conti, Helen Mirren, David Hayman, Brian Pettifer, Jennifer Black, Ewen Bremner",https://www.filmcrave.com/movie_page_main.php?id=17379,Unknown
Heavens Above!,32083,2.8,05/20/1963,English,Comedy,NR,"John Boulting, Roy Boulting","Peter Sellers, Cecil Parker, Isabel Jeans, Ian Carmichael, Bernard Miles, Brock Peters",https://www.filmcrave.com/movie_page_main.php?id=17380,Unknown
Heavy Petting,17112,2.5,09/22/1989,English,Documentary,R,"Obie Benz, Joshua Waletzky","David Byrne, Spalding Gray, Sandra Bernhard, Allen Ginsberg, Abbie Hoffman, William S. Burroughs",https://www.filmcrave.com/movie_page_main.php?id=17381,Unknown
Heavy Traffic,5027,2.9,08/08/1973,English,"Adventure, Comedy",NC-17,Ralph Bakshi,"Joseph Kaufmann, Beverly Hope Atkinson, Frank DeKova, Terri Haven, Mary Dean Lauria, Jacqueline Mills",https://www.filmcrave.com/movie_page_main.php?id=17382,Animation combines with live-action in Ralph Bakshi's adult cartoon in
H\xc3\xa9ctor,50669,3.0,03/14/2005,Spanish,Drama,NR,Gracia Querejeta,"Nilo Mur, Adriana Ozores, Joaqu\xc3\xadn Climent, Unax Ugalde, N\xc3\xbaria Gago, Pepo Oliva",https://www.filmcrave.com/movie_page_main.php?id=17383,Unknown
Hedd Wyn,57982,2.0,01/12/1996,English,"Drama, Romance",NR,Paul Turner,"Huw Garmon, Catrin Fychan, Ceri Cunnington, Llio Silyn, Grey Evans, Gwen Ellis",https://www.filmcrave.com/movie_page_main.php?id=17385,Unknown
Hedda,44108,2.0,01/25/1976,English,Drama,PG,Trevor Nunn,"Glenda Jackson, Peter Eyre, Timothy West, Patrick Stewart, Jennie Linden, Constance Chapman",https://www.filmcrave.com/movie_page_main.php?id=17386,Unknown
Heidi,32535,2.8,08/19/2005,French,"Drama, Family",NR,Paul Marcus,"Emma Bolger, Max von Sydow, Geraldine Chaplin, Diana Rigg, Pauline McLynn, Sam Friend",https://www.filmcrave.com/movie_page_main.php?id=17387,Unknown
Heidi Fleiss: Hollywood Madam,5328,3.0,01/01/1995,English,"Documentary, Biography",NR,Nick Broomfield,"Nick Broomfield, Heidi Fleiss, Daryl Gates, Ron Jeremy, Jason Fleiss, Jesse Fleiss",https://www.filmcrave.com/movie_page_main.php?id=17388,Unknown
Heir to an Execution,42137,1.6,01/01/2004,Unknown,Unknown,Unknown,Unknown,Unknown,https://www.filmcrave.com/movie_page_main.php?id=17391,Unknown
The Heiress,381,3.2,10/06/1949,English,"Romance, Drama",NR,William Wyler,"Montgomery Clift, Olivia de Havilland, Ralph Richardson, Miriam Hopkins, Vanessa Brown, Betty Linley",https://www.filmcrave.com/movie_page_main.php?id=17392,"In this adaptation of Henry James' Washington Square, mousy heiress"
Held for Questioning,57224,2.0,01/01/1983,Unknown,Unknown,Unknown,Unknown,Unknown,https://www.filmcrave.com/movie_page_main.php?id=17394,Unknown
"Helen, Queen of the Nautch Girls",18383,2.7,03/01/1973,English,"Documentary, Musical",NR,Anthony Korner,"Helen, Anthony Korner",https://www.filmcrave.com/movie_page_main.php?id=17395,Unknown
Helgoland,35517,2.0,02/08/2000,English,Documentary,NR,Karin Westerlund,Karin Westerlund,https://www.filmcrave.com/movie_page_main.php?id=17396,Unknown
The Helicopter Spies,56569,2.0,01/01/1967,Unknown,Unknown,Unknown,Unknown,Unknown,https://www.filmcrave.com/movie_page_main.php?id=17397,Unknown
Hell,50845,3.0,03/01/2006,French,Drama,NR,Bruno Chiche,"Sara Forestier, Nicolas Duvauchelle, Didier Sandre, Christiane Millet, Anne-Marie Philipe, Louise Monot",https://www.filmcrave.com/movie_page_main.php?id=17399,Unknown
Hell and High Water,12028,2.6,02/06/1954,English,"Adventure, Drama",NR,Samuel Fuller,"Richard Widmark, Bella Darvi, Victor Francen, Cameron Mitchell, Gene Evans, David Wayne",https://www.filmcrave.com/movie_page_main.php?id=17400,Unknown
Hell Below Zero,31992,2.8,07/16/1954,English,"Action, Drama",NR,Mark Robson,"Alan Ladd, Joan Tetzel, Basil Sydney, Stanley Baker, Joseph Tomelty, Niall MacGinnis",https://www.filmcrave.com/movie_page_main.php?id=17401,Unknown
Hell Drivers,14606,2.6,07/23/1957,English,"Drama, Thriller",NR,Cy Endfield,"Stanley Baker, Herbert Lom, Peggy Cummins, Patrick McGoohan, William Hartnell, Sean Connery",https://www.filmcrave.com/movie_page_main.php?id=17402,Unknown
Hell is a City,32065,2.8,11/13/1960,English,"Crime, Thriller",NR,Val Guest,"Stanley Baker, John Crawford, Donald Pleasence, Maxine Audley, Billie Whitelaw, Joseph Tomelty",https://www.filmcrave.com/movie_page_main.php?id=17403,Unknown
Hell is for Heroes,4123,2.9,06/26/1962,English,"Action, Drama",NR,Don Siegel,"Steve McQueen, James Coburn, Bobby Darin, Fess Parker, Harry Guardino, Bob Newhart",https://www.filmcrave.com/movie_page_main.php?id=17404,Unknown
Hell Night,20283,2.1,08/28/1981,English,"Horror, Thriller",R,Tom DeSimone,"Linda Blair, Vincent Van Patten, Peter Barton, Kevin Brophy, Jenny Neumann, Suki Goodwin",https://www.filmcrave.com/movie_page_main.php?id=17405,"A group of fraternity pledges brave a night of hazing in creepy old Garth Manor, where a crazed killer still roams the halls.\t"
"Hell of a Day, A ( Reines d'un jour )",25636,3.0,06/01/2002,French,"Comedy, Drama",NR,Marion Vernoux,"Karin Viard, H\xc3\xa9l\xc3\xa8ne Filli\xc3\xa8res, Victor Lanoux, Jane Birkin, Sergi L\xc3\xb3pez, Cl\xc3\xa9mentine C\xc3\xa9lari\xc3\xa9",https://www.filmcrave.com/movie_page_main.php?id=17406,Unknown
Hell on Wheels ( H\xc3\xb6llentour ),27993,2.3,06/10/2004,German,"Documentary, Sport",NR,"Pepe Danquart, Werner Schweizer","Erik Zabel, Rolf Aldag, Andreas Kl\xc3\xb6den, Alexander Vinokurov, Alexander Winokurow, Dieter Ruthenberg",https://www.filmcrave.com/movie_page_main.php?id=17407,Unknown
Hell Up in Harlem,14662,2.6,12/01/1973,English,"Crime, Drama",R,Larry Cohen,"Fred Williamson, Julius Harris, Gloria Hendry, Margaret Avery, D'Urville Martin, Tony King",https://www.filmcrave.com/movie_page_main.php?id=17408,Unknown
Hell's Angels on Wheels,23562,2.2,06/01/1967,English,"Action, Drama",NC-17,Richard Rush,"Adam Roarke, Jack Nicholson, Sabrina Scharf, Jana Taylor, Richard Anders, John Garwood",https://www.filmcrave.com/movie_page_main.php?id=17409,Unknown
Hellcats: Mud Wrestling,57225,2.0,01/01/1983,English,Unknown,NR,"Alan Hall, David Sullivan","Dee Booher, John M. East, Vicki Scott, John Roach, Hal Stone",https://www.filmcrave.com/movie_page_main.php?id=17410,Unknown
Hellcats of the Navy,41029,2.3,05/01/1957,English,"Drama, War",NR,Nathan Juran,"Ronald Reagan, Nancy Davis, Arthur Franz, Robert Arthur, William Leslie, Don Keefer",https://www.filmcrave.com/movie_page_main.php?id=17411,Unknown
Heller in Pink Tights,18305,2.7,02/29/1960,English,"Adventure, Drama",NR,George Cukor,"Sophia Loren, Anthony Quinn, Margaret O'Brien, Steve Forrest, Eileen Heckart, Ramon Novarro",https://www.filmcrave.com/movie_page_main.php?id=17412,Unknown
The Hellfire Club,9021,2.9,09/01/1963,English,Adventure,NR,"Robert S. Baker, Monty Berman","Keith Michell, Adrienne Corri, Peter Cushing, Peter Arne, Kai Fischer, David Lodge",https://www.filmcrave.com/movie_page_main.php?id=17413,The rightful heir to a fortune returns decades later to find that his evil cousin is pretending to be him. --
"Hellhounds of Alaska, The ( blutigen Geier von Alaska, Die )",18389,2.7,10/16/1973,German,"Adventure, Western",G,Harald Reinl,"Doug McClure, Harald Leipnitz, Angelica Ott, Roberto Blanco, Kristina Nel, Klaus L\xc3\xb6witsch",https://www.filmcrave.com/movie_page_main.php?id=17414,Unknown
"Hello Frisco, Hello",31753,2.8,03/26/1943,English,"Comedy, Musical",NR,H. Bruce Humberstone,"Alice Faye, John Payne, Jack Oakie, Lynn Bari, Laird Cregar, June Havoc",https://www.filmcrave.com/movie_page_main.php?id=17415,Unknown
Hello Hemingway,49437,3.0,12/01/1990,Spanish,Drama,NR,Fernando P\xc3\xa9rez,"Laura De la Uz, Ra\xc3\xbal Paz, Herminia S\xc3\xa1nchez, Caridad Hernandez, Enrique Molina, Marta del R\xc3\xado",https://www.filmcrave.com/movie_page_main.php?id=17416,Unknown
Hellraiser III: Hell on Earth,10616,2.4,01/01/1990,English,"Horror, Fantasy",R,Anthony Hickox,"Kevin Bernhardt, Lawrence Mortorff, Terry Farrell, Ken Carpenter, Sharon Hill, Paula Marshall",https://www.filmcrave.com/movie_page_main.php?id=17417,"Pinhead is now trapped on Earth, having left the human side of his soul in Hell, and is eager to recruit a new army of Cenobites and claim the Lament configuration box for himself before an intrepid journalist can open the gates of Hell and send him back. --"
The Hellstrom Chronicle,42723,1.7,06/28/1971,English,"Documentary, Drama",G,"Walon Green, Ed Spiegel",Lawrence Pressman,https://www.filmcrave.com/movie_page_main.php?id=17418,Unknown
Hellzapoppin',17554,2.4,12/26/1941,English,Comedy,NR,H.C. Potter,"Ole Olsen, Chic Johnson, Martha Raye, Hugh Herbert, Jane Frazee, Robert Paige",https://www.filmcrave.com/movie_page_main.php?id=17419,Unknown
Helter Skelter,1931,2.9,04/01/1976,English,"Crime, Drama",NR,Tom Gries,"Steve Railsback, George DiCenzo, Nancy Wolfe, Marilyn Burns, Christina Hart, Cathey Paine",https://www.filmcrave.com/movie_page_main.php?id=17420,"Story of the crimes, capture and trial of the notorious Charles Manson and his ""family"". --"
Helvetica,9161,2.6,09/12/2007,English,Documentary,NR,Gary Hustwit,"Tobias Frere-Jones, Lars M\xc3\xbcller, Michael C. Place, Bruno Steinert, David Carson, Leslie Savan",https://www.filmcrave.com/movie_page_main.php?id=17421,Unknown
"Hen in the Wind, A ( Kaze no naka no mendori )",36682,2.5,09/17/1948,Japanese,Drama,NR,Yasujiro Ozu,"Kinuyo Tanaka, Sh\xc3\xbbji Sano, Chieko Murata, Chish\xc3\xbb Ry\xc3\xbb, Chiyoko Ayatani, Reiko Mizukami",https://www.filmcrave.com/movie_page_main.php?id=17422,Unknown
Hennessy,33325,2.0,07/31/1975,French,"Drama, Thriller",PG,Don Sharp,"Rod Steiger, Lee Remick, Richard Johnson, Trevor Howard, Patrick Stewart, Peter Egan",https://www.filmcrave.com/movie_page_main.php?id=17423,Unknown
Henri,57408,2.0,02/01/1987,French,Drama,NR,Fran\xc3\xa7ois Labont\xc3\xa9,"Eric Brisebois, Jacques Godin, Marthe Turgeon, Claude Gauthier, Yvan Ponton, Lucie Laurier",https://www.filmcrave.com/movie_page_main.php?id=17424,Unknown
Henry VIII and His Six Wives,37062,2.5,12/13/1973,English,Drama,PG,Waris Hussein,"Keith Michell, Donald Pleasence, Charlotte Rampling, Jane Asher, Frances Cuka, Lynne Frederick",https://www.filmcrave.com/movie_page_main.php?id=17425,Unknown
Her Cardboard Lover,25167,3.0,06/01/1942,English,"Comedy, Romance",NR,George Cukor,"Norma Shearer, Robert Taylor, George Sanders, Frank McHugh, Elizabeth Patterson, Chill Wills",https://www.filmcrave.com/movie_page_main.php?id=17427,Unknown
Her Last Affaire,56063,2.0,05/25/1936,English,Drama,NR,Michael Powell,"Hugh Williams, Viola Keats, Francis L. Sullivan, Sophie Stewart, Felix Aylmer, Cecil Parker",https://www.filmcrave.com/movie_page_main.php?id=17428,Unknown
Hercules Returns,49548,3.0,09/16/1993,English,Comedy,NR,David Parker,"David Argue, Michael Carman, Des Mangan, Sally Patience, Bruce Spence, Mary Coustas",https://www.filmcrave.com/movie_page_main.php?id=17429,Unknown
The Herd,57006,2.0,01/01/1978,Unknown,Unknown,Unknown,Unknown,Unknown,https://www.filmcrave.com/movie_page_main.php?id=17430,Unknown
Here,58927,2.0,02/19/2005,Serbian,Drama,NR,Zrinko Ogresta,"Jasmin Telalovic, Marija Tadic, Zlatko Crnkovic, Ivo Gregurevic, Ivan Herceg, Nikola Ivosevic",https://www.filmcrave.com/movie_page_main.php?id=17431,Unknown
Here and Elsewhere ( Ici et ailleurs ),43096,1.5,09/15/1976,French,"Documentary, War",NR,"Jean-Luc Godard, Jean-Pierre Gorin, Groupe Dziga Vertov, Anne-Marie Mi\xc3\xa9ville",Jean-Luc Godard,https://www.filmcrave.com/movie_page_main.php?id=17432,Unknown
Here Come the Waves,36611,2.5,12/18/1944,English,"Comedy, Musical",NR,Mark Sandrich,"Bing Crosby, Betty Hutton, Sonny Tufts, Ann Doran, Gwen Crawford, Noel Neill",https://www.filmcrave.com/movie_page_main.php?id=17433,Unknown
Here Comes Mr. Jordan,6177,2.6,07/23/1941,English,"Fantasy, Comedy",NR,Alexander Hall,"Robert Montgomery, Evelyn Keyes, Claude Rains, Rita Johnson, Edward Everett Horton, James Gleason",https://www.filmcrave.com/movie_page_main.php?id=17434,"A boxer dies prematurely in a plane crash, but it's not his time, so the celestial powers must find him another body. --"
Here Comes the Groom,10368,2.7,09/20/1951,English,"Comedy, Musical",NR,Frank Capra,"Bing Crosby, Jane Wyman, Alexis Smith, Franchot Tone, James Barton, Robert Keith",https://www.filmcrave.com/movie_page_main.php?id=17435,Unknown
Here We Go Round the Mulberry Bush,29457,2.0,03/04/1968,English,Comedy,NR,Clive Donner,"Barry Evans, Judy Geeson, Angela Scoular, Sheila White, Adrienne Posta, Vanessa Howard",https://www.filmcrave.com/movie_page_main.php?id=17436,A sex-obsessed teen boy with an active imagination endures various troubles with girls in the swinging London of the 1960s. --
Here's Your Life ( H\xc3\xa4r har du ditt liv ),48549,3.0,12/20/1968,Swedish,Drama,NR,Jan Troell,"Eddie Axberg, Gudrun Brost, Ulla Akselson, Bo Wahlstr\xc3\xb6m, Rick Axberg, Max von Sydow",https://www.filmcrave.com/movie_page_main.php?id=17437,"Based partly on the life of Nobel Prize-winning novelist Eyvind Johnson, the film follows the life of a young man growing up in rural Sweden during WWI. --"
The Heritage,57742,2.0,01/01/1993,Unknown,Unknown,Unknown,Unknown,Unknown,https://www.filmcrave.com/movie_page_main.php?id=17438,Unknown
Heritage Africa,45218,1.5,01/01/1989,Unknown,Unknown,NR,Kwaw Ansah,"Kofi Bucknor, Ian Collier, Anima Misa, Peter Whitbread, Tommy Ebow Ansah, Evans Oma Hunter",https://www.filmcrave.com/movie_page_main.php?id=17439,Unknown
Hero,35391,2.0,01/01/1982,Other,"Drama, Fantasy",NR,Barney Platts-Mills,"Derek McGuire, Caroline Kenneil, Alastair Kenneil, Stewart Grant, Harpo Hamilton, Danny Melrose",https://www.filmcrave.com/movie_page_main.php?id=17440,Unknown
"Herod's Law ( ley de Herodes, La )",50018,3.0,01/21/2000,Spanish,"Comedy, Crime",R,Luis Estrada,"Dami\xc3\xa1n Alc\xc3\xa1zar, Pedro Armend\xc3\xa1riz Jr., Delia Casanova, Juan Carlos Colombo, Alex Cox, Miguel \xc3\x81ngel Fuentes",https://www.filmcrave.com/movie_page_main.php?id=17442,Unknown
Heroes and Villains,59024,2.0,01/01/2006,Unknown,Unknown,Unknown,Unknown,Unknown,https://www.filmcrave.com/movie_page_main.php?id=17443,Unknown
Heroes in Love,58453,2.0,01/01/2001,Unknown,Unknown,Unknown,Unknown,Unknown,https://www.filmcrave.com/movie_page_main.php?id=17444,Unknown
The Heroes of Telemark,23334,2.2,03/09/1966,English,"Action, Drama",NR,Anthony Mann,"Kirk Douglas, Richard Harris, Ulla Jacobsson, Michael Redgrave, David Weston, Sebastian Breaks",https://www.filmcrave.com/movie_page_main.php?id=17445,Unknown
"Heroes, The ( Gli eroi )",39503,1.8,11/01/1975,Italian,"War, Comedy",PG,Duccio Tessari,"Rod Steiger, Rosanna Schiaffino, Claude Brasseur, Aldo Giuffr\xc3\xa8, Terry-Thomas, Gianni Garko",https://www.filmcrave.com/movie_page_main.php?id=17446,Unknown
"Heroic Trio, The ( Dung fong saam hap )",14035,2.8,02/12/1993,Cantonese,"Action, Fantasy",R,Johnny To,"Michelle Yeoh, Anita Mui, Maggie Cheung, Damian Lau, Anthony Wong Chau-Sang, Paul Chun",https://www.filmcrave.com/movie_page_main.php?id=17447,Unknown
Herostratus,56570,2.0,01/01/1967,English,Drama,NR,Don Levy,"Mona Chin, Michael Gothard, Helen Mirren, Gabriella Licudi, Antony Paul, Peter Stephens",https://www.filmcrave.com/movie_page_main.php?id=17448,Unknown
Hester Street,29165,2.0,10/19/1975,English,Drama,PG,Joan Micklin Silver,"Carol Kane, Steven Keats, Mel Howard, Doris Roberts, Paul Freedman, Lin Shaye",https://www.filmcrave.com/movie_page_main.php?id=17450,Unknown
Torment ( Hets ),9903,2.7,04/21/1947,Swedish,Drama,NR,Alf Sj\xc3\xb6berg,"Stig J\xc3\xa4rrel, Alf Kjellin, Mai Zetterling, Olof Winnerstrand, G\xc3\xb6sta Cederlund, Hugo Bj\xc3\xb6rne",https://www.filmcrave.com/movie_page_main.php?id=17451,Unknown
Hex,56768,2.0,01/01/1973,Unknown,Unknown,Unknown,Unknown,Unknown,https://www.filmcrave.com/movie_page_main.php?id=17452,Unknown
Heyy Babyy,19535,2.2,08/24/2007,Hindi,"Comedy, Drama",NR,Sajid Khan,"Akshay Kumar, Vidya Balan, Fardeen Khan, Ritesh Deshmukh, Boman Irani, Shahrukh Khan",https://www.filmcrave.com/movie_page_main.php?id=17454,Unknown
