title,overall_rank,average_rating,number_reviews,theatrical_release_date,language,genre,mpaa_rating,director,actors,url,plot
Crave,20173,2.2,7,12/06/2013,English,"Drama, Thriller",NR,Charles de Lauzirika,"Josh Lawson, Emma Lung, Ron Perlman, Edward Furlong, Christopher Stapleton, William Gines",https://www.filmcrave.com/movie_page_main.php?id=51455,"A photographer finds urban decay and violence too much, and increasingly retreats to a dark fantasy world instead. But soon reality and fantasy come to a head, and lead to deadly consequences, when he enters into a relationship with a young woman. --"
Paradise: Hope ( Paradies: Hoffnung ),37808,2.5,2,02/22/2013,German,Drama,NR,Ulrich Seidl,"Melanie Lenz, Verena Lehbauer, Joseph Lorenz, Michael Thomas, Viviane Bartsch, Johanna Schmid",https://www.filmcrave.com/movie_page_main.php?id=51456,Unknown
Shored Up,46657,1.8,2,11/29/2013,English,"Documentary, Drama",NR,Ben Kalina,Unknown,https://www.filmcrave.com/movie_page_main.php?id=51457,Unknown
Commitment,42302,1.6,4,12/06/2013,Korean,"Action, Drama",NR,Hong-soo Park,"Seung Hyun Choi, Ye-ri Han, Ho-bin Jeong, Park Ji-Il, Sung Ha Jo, Sun-kyung Kim",https://www.filmcrave.com/movie_page_main.php?id=51458,"A North Korean spy fails in his mission and his son and daughter are sent to a labor camp. In order save his sister's life, Myung-hoon volunteers to take his father's place and become a spy in the guise of a teenage defector. Yet once in the south, he comes to the aid of another girl, drawing the attention of the South Korean government - meanwhile, the north, aware the noose is drawing close, sends an assassin to eliminate him. --"
Swerve,43189,1.4,6,12/06/2013,English,"Crime, Drama",R,Craig Lahiff,"Jason Clarke, Emma Booth, David Lyons, Travis McMahon, Vince Colosimo, Roy Billing",https://www.filmcrave.com/movie_page_main.php?id=51459,"Traveling alone, a man comes upon the scene of an accident: a dead man, a drop-dead gorgeous woman and suitcase full of cash - but the man, only wanting to do the right thing, finds himself caught up in a dangerous game. --"
White Reindeer,46954,1.3,3,12/06/2013,English,Comedy,NR,Zach Clark,"Anna Margaret Hollyman, Laura Lemar-Goldsborough, Lydia Hyslop, Joe Swanberg, Chris Doubek, Marissa Molnar",https://www.filmcrave.com/movie_page_main.php?id=51460,A young woman returns to her suburban Virginia home in order to face Christmas - and get her life back in order - following a recent tragedy.  --
A Miracle in Spanish Harlem,55796,1.3,2,12/06/2013,English,Drama,PG,Derek Partridge,"Kate del Castillo, Luis Antonio Ramos, Adrian Martinez, Andre Royo, Priscilla Lopez, Tony Plana",https://www.filmcrave.com/movie_page_main.php?id=51461,Unknown
Ice Soldiers,23206,2.1,9,12/06/2013,English,"Action, Sci-Fi",R,Sturla Gunnarsson,"Dominic Purcell, Adam Beach, Michael Ironside, Gabriel Hogan, Nicu Branzea, Carinne Leduc",https://www.filmcrave.com/movie_page_main.php?id=51462,"In the Canadian North, researchers uncover the bodies of three genetically-modified Russian soldiers - and when they awaken, they realize too late the danger they pose to the United States and work to stop them from carrying out their deadly plan. --"
Journey to the 100 Man Fight: The Judd Reid Story,41929,2.3,2,11/10/2013,English,"Documentary, Sport",NR,Anton Cavka,"Judd Reid, Robert McInnes, Masayasu Sugihara, Eddie Emin, George Kolovos, Teera Naovangvaraha",https://www.filmcrave.com/movie_page_main.php?id=51463,Unknown
Darkman II: The Return of Durant,20236,2.2,7,07/11/1995,English,"Crime, Horror",R,Bradford May,"Larry Drake, Arnold Vosloo, Kim Delaney, Renée O'Connor, Lawrence Dane, Rod Wilson",https://www.filmcrave.com/movie_page_main.php?id=51464,Unknown
Darkman III: Die Darkman Die,17701,2.4,5,08/20/1996,English,"Crime, Horror",R,Bradford May,"Jeff Fahey, Arnold Vosloo, Darlanne Fluegel, Roxann Dawson, Nigel Bennett, Alicia Panetta",https://www.filmcrave.com/movie_page_main.php?id=51465,Unknown
A Story of Children and Film,28426,2.3,3,10/12/2013,English,Documentary,NR,Mark Cousins,Unknown,https://www.filmcrave.com/movie_page_main.php?id=51466,Unknown
R... Rajkumar,28430,2.3,3,12/06/2013,Hindi,"Action, Romance",NR,Prabhudheva,"Shahid Kapoor, Sonakshi Sinha, Sonu Sood, Ashish Vidyarthi, Mukul Dev, Asrani",https://www.filmcrave.com/movie_page_main.php?id=51467,Unknown
Big Hero 6,336,3.2,145,11/07/2014,English,"Animation, Action",PG,"Don Hall, Chris Williams","Ryan Potter, Scott Adsit, James Cromwell, Daniel Henney, T.J. Miller, Jamie Chung",https://www.filmcrave.com/movie_page_main.php?id=51468,"The incredibly fast-paced and tech-heavy San Fransokyo is under attack - but robotics expert Hiro Hamada, with his robot Baymax, will team up with some reluctant, novice crime fighters in order to save the city. --"
My Son,43643,2.0,2,05/09/1939,Yiddish,Drama,NR,Joseph Seiden,"Fania Rubina, Gustav Berger, Jerry Rosenberg, Herman Rosen, Harry Feld, Jacob Zanger",https://www.filmcrave.com/movie_page_main.php?id=51469,Unknown
My Son is Guilty,55609,1.3,2,12/28/1939,English,"Action, Crime",NR,Charles Barton,"Bruce Cabot, Julie Bishop, Harry Carey, Glenn Ford, Wynne Gibson, Don Beddoe",https://www.filmcrave.com/movie_page_main.php?id=51470,Unknown
My Son is a Criminal,45867,1.8,2,02/22/1939,English,"Crime, Drama",NR,Charles C. Coleman,"Alan Baxter, Julie Bishop, Gordon Oliver, Willard Robertson, Joe King, Eddie Laughton",https://www.filmcrave.com/movie_page_main.php?id=51471,Unknown
No Place to Go,43656,2.0,2,09/23/1939,English,Drama,NR,Terry O. Morse,"Dennis Morgan, Gloria Dickson, Fred Stone, Sonny Bupp, Aldrich Bowker, Charles Halton",https://www.filmcrave.com/movie_page_main.php?id=51472,Unknown
North of the Yukon,40605,2.3,2,03/30/1939,English,Western,NR,Sam Nelson,"Charles Starrett, Dorothy Comingore, Bob Nolan, Paul Sutton, Richard Fiske, Vernon Steele",https://www.filmcrave.com/movie_page_main.php?id=51473,Unknown
Nothing But the Truth ( Rena rama sanningen ),45883,1.8,2,10/06/1939,Swedish,Comedy,NR,Weyler Hildebrand,"Erik 'Bullen' Berglund, Tollie Zellman, Sickan Carlsson, Åke Söderblom, Håkan Westergren, Eric Abrahamsson",https://www.filmcrave.com/movie_page_main.php?id=51474,Unknown
Battle of the Damned,16301,2.3,10,08/17/2013,English,"Action, Sci-Fi",R,Christopher Hatton,"Dolph Lundgren, Melanie Zanetti, Matt Doran, David Field, Jen Sung, Lydia Look",https://www.filmcrave.com/movie_page_main.php?id=51475,"A deadly viral outbreak has turned most of the population into an infected army. Military man Max Gatling leads the charge with a ragtag group of survivors, along with a few robots, in hopes of stemming the tide for humanity. --"
The Golden Scallop,44738,2.0,2,04/28/2013,English,Comedy,NR,Joseph Laraja,"James Cosmo, Nicole Steinwedell, Marnie Schulenburg, Brian Anthony Wilson, Tobias Jelinek, Joshua Koopman",https://www.filmcrave.com/movie_page_main.php?id=51476,Unknown
Hot Tub Time Machine 2,29716,1.8,25,02/20/2015,English,Comedy,R,Steve Pink,"Rob Corddry, Clark Duke, Craig Robinson, Adam Scott, Jason Jones, Chevy Chase",https://www.filmcrave.com/movie_page_main.php?id=51477,"After going back in time to change history - ""Father of the Internet"" Lou seems to have it all - before a mysterious assassin leaves him nearly dead. But a trip in the hot tub time machine could save him... except it takes, Lou, Nick and Jacob to the future - where they determine the assassin must have originated from. --"
Riders of Black River,31787,2.8,2,08/23/1939,English,Western,NR,Norman Deming,"Charles Starrett, Iris Meredith, Dick Curtis, Stanley Brown, Bob Nolan, Francis Sayles",https://www.filmcrave.com/movie_page_main.php?id=51478,Unknown
Riders of the Frontier,25168,3.0,2,08/16/1939,English,"Action, Western",NR,Spencer Gordon Bennet,"Tex Ritter, Jack Rutherford, Hal Taliaferro, Olin Francis, Nolan Willis, Roy Barcroft",https://www.filmcrave.com/movie_page_main.php?id=51479,Unknown
Roll Wagons Roll,36548,2.5,2,08/16/1940,English,"Action, Western",NR,Albert Herman,"Tex Ritter, Nelson McDowell, Muriel Evans, Nolan Willis, Steve Clark, Tom London",https://www.filmcrave.com/movie_page_main.php?id=51480,Unknown
Blazing Frontier,36678,2.5,2,09/04/1943,English,Western,NR,Sam Newfield,"Buster Crabbe, Al St. John, Marjorie Manners, Milton Kibbee, I. Stanford Jolley, Frank Hagney",https://www.filmcrave.com/movie_page_main.php?id=51481,Unknown
Devil Riders,40733,2.3,2,11/05/1943,English,"Action, Comedy",NR,Sam Newfield,"Buster Crabbe, Al St. John, Patti McCarty, Charles King, John Merton, Kermit Maynard",https://www.filmcrave.com/movie_page_main.php?id=51482,Unknown
The Fault in Our Stars,1415,2.9,82,06/06/2014,English,Drama,PG-13,Josh Boone,"Shailene Woodley, Ansel Elgort, Willem Dafoe, Laura Dern, Nat Wolff, Lotte Verbeek",https://www.filmcrave.com/movie_page_main.php?id=51483,"Hazel and Gus are two teens who share a lot in common, especially their unconventional outlook on life - and it brings them together - even if their other constant companions happen to be on oxygen tank and a prosthetic leg and their first meeting was in a cancer support group. --"
Journey to the West: Conquering the Demons ( Xi you xiang mo pian ),7197,2.7,11,03/07/2014,Cantonese,"Adventure, Comedy",PG-13,"Stephen Chow, Chi-kin Kwok","Qi Shu, Zhang Wen, Bo Huang, Show Luo, Shing-Cheung Lee, Bingqiang Chen",https://www.filmcrave.com/movie_page_main.php?id=51484,"Tang Sanzang is a Buddist who finds himself having to protect his village when a trio of demons shows up. While coming up with a plan, he finds himself falling for demon hunter Miss Duan and having an life-altering revelation when he meets up with the fabled Monkey King. --"
At Middleton,20547,2.1,11,01/31/2014,English,Romance,R,Adam Rodgers,"Andy Garcia, Vera Farmiga, Taissa Farmiga, Spencer Lofranco, Nicholas Braun, Tom Skerritt",https://www.filmcrave.com/movie_page_main.php?id=51485,"While their respective children are out on a college tour, a pair of parents decide to escape - only to run into each other an start up an unlikely relationship over the course of the day. --"
24 Exposures,28432,2.3,3,01/24/2014,English,Thriller,NR,Joe Swanberg,"Adam Wingard, Simon Barrett, Helen Rogers, Caroline White, Sophia Takal, Mike Brune",https://www.filmcrave.com/movie_page_main.php?id=51486,A photographer who is known for his provocative photo shoots finds himself in the crosshairs when one of his models is found dead and he is the prime suspect. --
Bethlehem,35964,2.0,3,11/09/2013,Hebrew,"Drama, Thriller",NR,Yuval Adler,"Tsahi Halevi, Shadi Mar'i, Hitham Omari, Michal Shtamler, Tarik Kopty, George Iskandar",https://www.filmcrave.com/movie_page_main.php?id=51487,Explores the relationship between an Israeli Secret Service officer and a Palestinian informant. With competing loyalties on both sides - it shows the complex emotions and morality that goes into an intelligence operation. --
The Green Inferno,19686,2.1,19,09/25/2015,English,"Horror, Thriller",R,Eli Roth,"Lorenza Izzo, Ariel Levy, Daryl Sabara, Kirby Bliss Blanton, Sky Ferreira, Magda Apanowicz",https://www.filmcrave.com/movie_page_main.php?id=51488,"Hoping to save an Amazon tribe that is on the verge of being wiped out, a group of New York student activists plans a trip to save them. En route, their plane crashes and the survivors finds themselves at the mercy of the very people they once looked to save. --"
Nuclear Nation,32895,2.8,2,12/11/2013,Japanese,Documentary,NR,Atsushi Funahashi,Unknown,https://www.filmcrave.com/movie_page_main.php?id=51489,Follows the lives of some of the Japanese refugees following the tsunami and subsequent nuclear meltdown at Fukushima Daiichi. --
Contest,32887,2.8,2,10/05/2013,English,"Drama, Family",PG,Anthony Joseph Giunta,"Kenton Duty, Danny Flaherty, Mary Beth Peil, Katherine McNamara, Kyle Dean Massey, Talon G. Ackerman",https://www.filmcrave.com/movie_page_main.php?id=51490,Unknown
Chariot,18862,2.7,3,07/15/2013,English,"Drama, Thriller",NR,Brad Osborne,"Anthony Montgomery, Ian Sinclair, Brina Palencia, Michelle Sherrill, Leslie Hippensteel, Larry Jack Dotson",https://www.filmcrave.com/movie_page_main.php?id=51491,Unknown
Dhoom 3,19806,2.3,6,12/20/2013,Hindi,"Action, Crime",NR,Vijay Krishna Acharya,"Aamir Khan, Katrina Kaif, Tabrett Bethell, Kim DeJesus, Abhishek Bachchan, Uday Chopra",https://www.filmcrave.com/movie_page_main.php?id=51492,Unknown
Hellaware,37835,2.5,2,06/22/2013,English,Comedy,NR,Michael M. Bilandic,"Keith Poulson, Chuck McCarthy, Sophia Takal, Sarah O'Sullivan, Gilles Decamps, Kate Lyn Sheil",https://www.filmcrave.com/movie_page_main.php?id=51493,Unknown
Love After Death,45304,1.5,3,01/01/1968,English,Horror,NR,Glauco Del Mar,"Guillermo De Córdova, Roberto Maurano, Carmin O'Neal, Angel Mario Ramirez, Gloris Garcia, Yolanda Signorelli",https://www.filmcrave.com/movie_page_main.php?id=51494,Unknown
Heart of the Country,43127,1.7,3,08/20/2013,English,"Drama, Romance",PG,John Ward,"Jana Kramer, Gerald McRaney, Randy Wayne, Shaun Sipos, Anne Hawthorne, Stefan Hajek",https://www.filmcrave.com/movie_page_main.php?id=51495,Unknown
Under Montana Skies,36309,2.5,2,09/10/1930,English,"Action, Comedy",NR,Richard Thorpe,"Kenneth Harlan, Slim Summerville, Dorothy Gulliver, Nita Martan, Harry Todd, Ethel Wales",https://www.filmcrave.com/movie_page_main.php?id=51496,Unknown
Parade of the West,36297,2.5,2,01/19/1930,English,Western,NR,Harry Joe Brown,"Ken Maynard, Gladys McConnell, Otis Harlan, Jack Hanlon, Frank Rice, Fred Burns",https://www.filmcrave.com/movie_page_main.php?id=51497,Unknown
Redwood Highway,9145,2.9,4,04/05/2013,English,Drama,PG-13,Gary Lundgren,"Shirley Knight, James Le Gros, Zena Grey, Tom Skerritt, Sam Daly, Douglas Rowe",https://www.filmcrave.com/movie_page_main.php?id=51498,"Living in a retirement community, Marie Vaughn has lost contact with her"
Icebound,44752,2.0,2,07/13/2013,English,Documentary,NR,Daniel Anker,Patrick Stewart,https://www.filmcrave.com/movie_page_main.php?id=51499,Unknown
Jinn,29318,1.9,8,04/04/2014,English,Thriller,PG-13,Ajmal Zaheer Ahmad,"Serinda Swan, Ray Park, Faran Tahir, William Atherton, Milica Govich, Dominic Rains",https://www.filmcrave.com/movie_page_main.php?id=51500,"Man. Angel. Jinn. - Three distinct races made from clay, light and fire - but only two have been etched into history. The Jinn, much like man but keeping themselves hidden, have all but been forgotten. But they are not gone. --"
Life of a King,13433,2.5,6,06/22/2013,English,Drama,PG-13,Jake Goldberger,"Cuba Gooding Jr., Dennis Haysbert, LisaGay Hamilton, Thurston Hill, Carlton Byrd, Rickey Brown",https://www.filmcrave.com/movie_page_main.php?id=51501,"One-time felon Eugene Brown, looking for something more in his life,"
Sweet Talk,44732,2.0,2,03/02/2013,English,"Adventure, Drama",NR,Terri Hanauer,"John Glover, Karen Austin, Lindsay Hollister, Anzu Lawson, Jeffrey Vincent Parise, Devion Andrez Coleman",https://www.filmcrave.com/movie_page_main.php?id=51502,Unknown
Going Down,37527,2.5,2,04/11/2003,English,Comedy,R,Alfonso Pineda Ulloa,"Jay Michael Ferguson, Ed Begley Jr., Dennis Haskins, Christine Lakin, Hope Riley, Josh Blake",https://www.filmcrave.com/movie_page_main.php?id=51503,Unknown
"What's in a Name ( prénom, Le )",31457,2.2,3,12/13/2013,French,Comedy,NR,"Alexandre de La Patellière, Matthieu Delaporte","Patrick Bruel, Valérie Benguigui, Charles Berling, Guillaume de Tonquedec, Judith El Zein, Françoise Fabian",https://www.filmcrave.com/movie_page_main.php?id=51504,Unknown
Tricked ( Steekspel ),37891,2.5,2,12/13/2013,Dutch,Drama,NR,Paul Verhoeven,"Peter Blok, Robert de Hoog, Sallie Harmsen, Gaite Jansen, Ricky Koole, Carolien Spoor",https://www.filmcrave.com/movie_page_main.php?id=51505,A businessman is thrown a 50th birthday part by his wife only to be blindsided by a bad news - his business partners plan to gut him behind his back while a former mistress shows up - and she's pregnant. --
The Unbelievers,3081,3.1,7,12/13/2013,English,"Documentary, Biography",NR,Gus Holwerda,"Woody Allen, Richard Dawkins, Cameron Diaz, Ricky Gervais, Stephen Hawking, Werner Herzog",https://www.filmcrave.com/movie_page_main.php?id=51506,Follows a a globe-spanning journey of renowned scientists Richard Dawkins and Lawrence Krauss as they speak about embracing science and reason over religion and politics with hopes of making the world a better place for all. --
Enemy,4198,2.7,56,03/14/2014,English,Thriller,R,Denis Villeneuve,"Jake Gyllenhaal, Mélanie Laurent, Isabella Rossellini, Sarah Gadon, Stephen R. Hart, Jane Moffat",https://www.filmcrave.com/movie_page_main.php?id=51507,"After a friend suggests he watch a particular video, a man recognizes the actor - as he looks exactly like him. He seeks out the actor and the two agree to meet - opening the door to something strange and sinister. --"
"Eleanor's Secret ( Kérity, la maison des contes )",41852,2.3,2,12/17/2010,French,"Animation, Family",NR,Dominique Monfery,"Jeanne Moreau, Pierre Richard, Julie Gayet, Liliane Rovère, Joanne Farrell, Gursharan Mann",https://www.filmcrave.com/movie_page_main.php?id=51508,Unknown
"Best Offer, The ( migliore offerta, La )",5131,2.8,12,01/01/2014,English,"Crime, Drama",R,Giuseppe Tornatore,"Geoffrey Rush, Jim Sturgess, Sylvia Hoeks, Donald Sutherland, Philip Jackson, Dermot Crowley",https://www.filmcrave.com/movie_page_main.php?id=51509,A master auctioneer finds himself drawn to a reclusive heiress and art collector - but this obsession will lead down a dangerous path.  --
Longshot,32552,2.8,2,03/26/2002,English,"Comedy, Crime",PG-13,Lionel C. Martin,"Tony DeCamillis, Hunter Tylo, Joey Sculthorpe, Paul Sorvino, Antonio Sabato Jr., Jessica Wesson",https://www.filmcrave.com/movie_page_main.php?id=51510,Unknown
Lucy,4154,2.7,106,07/25/2014,English,Action,R,Luc Besson,"Scarlett Johansson, Morgan Freeman, Min-sik Choi, Amr Waked, Julian Rhind-Tutt, Analeigh Tipton",https://www.filmcrave.com/movie_page_main.php?id=51511,A woman in Taipei  finds herself an unwilling drug mule - but the drugs
The Interview,9745,2.4,63,12/25/2014,English,Comedy,R,"Evan Goldberg, Seth Rogen","James Franco, Seth Rogen, Lizzy Caplan, Randall Park, Timothy Simons, Diana Bang",https://www.filmcrave.com/movie_page_main.php?id=51512,"A celebrity talk show host, along with his hit producer, are ready to move on to more ""hard-hitting"" interviews when they score the chance of a lifetime when they are picked to interview the reclusive North Korean dictator Kim Jong-Un. But just before they leave, the CIA approaches them in order to carry out an assassination - the two accept, finding themselves the least-qualified hitmen ever to take a job. --"
Maps to the Stars,7862,2.5,26,09/27/2014,English,Drama,R,David Cronenberg,"Julianne Moore, Robert Pattinson, Mia Wasikowska, John Cusack, Carrie Fisher, Olivia Williams",https://www.filmcrave.com/movie_page_main.php?id=51513,"Follows the lives of the Weiss family - pure Hollywood royalty - including the father, a self-help guru, mother who dotes on 13-year-old Benji - fresh out of rehab and daughter Agatha a recently-released pyromaniac. --"
This is Where I Leave You,7509,2.6,29,09/19/2014,English,Comedy,R,Shawn Levy,"Rose Byrne, Kathryn Hahn, Jane Fonda, Timothy Olyphant, Abigail Spencer, Jason Bateman",https://www.filmcrave.com/movie_page_main.php?id=51514,"Four grown siblings have gone their separate ways but finds themselves once again back in their childhood home following the death of their father. For one week, they will be brought back together, as a menagerie of relatives, spouses (current and might-have-beens), along with one over-bearing mother - all come together. --"
St. Vincent,1063,3.0,64,10/24/2014,English,Comedy,PG-13,Theodore Melfi,"Melissa McCarthy, Bill Murray, Naomi Watts, Jaeden Lieberher, Chris O'Dowd, Terrence Howard",https://www.filmcrave.com/movie_page_main.php?id=51515,"When his parents get a divorce, a young boy finds himself lost - but he"
The Judge,2186,2.9,52,10/10/2014,English,Drama,R,David Dobkin,"Robert Downey Jr., Vincent D'Onofrio, Leighton Meester, Vera Farmiga, Billy Bob Thornton, Robert Duvall",https://www.filmcrave.com/movie_page_main.php?id=51516,"A hotshot lawyer returns to his how town after his father, the town judge, is accused of murder. While seeking the truth behind the crime, he also tries to reconnect with his estranged family. --"
Gone Girl,237,3.2,189,10/03/2014,English,"Drama, Thriller",R,David Fincher,"Rosamund Pike,  Ben Affleck, Neil Patrick Harris, Tyler Perry, Carrie Coon, Kim Dickens",https://www.filmcrave.com/movie_page_main.php?id=51517,"On the eve of their fifth wedding anniversary, Nick Dunne reports his wife, Amy, has gone missing. As increasing police and media pressure mount, the facade of a loving and blissful union crumbles and amidst the lies and behavior of Nick, the question remains - did he kill her? --"
Before I Go to Sleep,9836,2.5,23,10/31/2014,English,"Mystery, Thriller",R,Rowan Joffe,"Nicole Kidman, Colin Firth, Mark Strong, Anne-Marie Duff, Dean-Charles Chapman, Jing Lusi",https://www.filmcrave.com/movie_page_main.php?id=51518,"Due to a traumatic accident, a woman wakes up each day with no memory of the day before. But when memories start to creep back in, she realizes the people around her may not be who they say - and she begins to question everything she thinks she knows. --"
Last I Heard,26011,3.0,2,06/08/2013,English,"Comedy, Drama",NR,Dave Rodriguez,"Paul Sorvino, Michael Rapaport, Renee Props, Andrea Nittoli, Lev Gorn, Steven Bauer",https://www.filmcrave.com/movie_page_main.php?id=51519,Unknown
The Rich Have Their Own Photographers,32669,2.8,2,01/26/2007,English,Documentary,NR,Ezra Bookstein,"Edward Asner, Anne Rogovin, Milton Rogovin",https://www.filmcrave.com/movie_page_main.php?id=51520,Unknown
Battlestar Galactica: Blood & Chrome,33190,2.0,4,11/09/2012,English,"Action, Sci-Fi",NR,Jonas Pate,"Luke Pasqualino, Ben Cotton, Lili Bordán, Jill Teed, John Pyper-Ferguson, Brian Markinson",https://www.filmcrave.com/movie_page_main.php?id=51521,Rookie pilot William Adama is charged with transporting a software engineer
Personal Tailor ( Si Ren Ding Zhi ),37892,2.5,2,12/20/2013,Mandarin,"Comedy, Drama",NR,Xiaogang Feng,"Jackie Chan, Baoqiang Wang, You Ge, Kai Zheng, Wei Fan, Xiaolu Li",https://www.filmcrave.com/movie_page_main.php?id=51522,Unknown
Will You Still Love Me Tomorrow? ( Ming tian ji de ai shang wo ),10884,3.0,3,12/01/2013,Mandarin,"Comedy, Drama",NR,Arvin Chen,"Richie Ren, Mavis Fan, Kimi Hsia, Lawrence Ko",https://www.filmcrave.com/movie_page_main.php?id=51523,Unknown
They Asked for It,43645,2.0,2,05/20/1939,English,"Comedy, Action",NR,Frank McDonald,"William Lundigan, Joy Hodges, Michael Whalen, Isabel Jewell, Lyle Talbot, Thomas Beck",https://www.filmcrave.com/movie_page_main.php?id=51524,Unknown
They Made Her a Spy,31777,2.8,2,04/14/1939,English,"Crime, Drama",NR,Jack Hively,"Sally Eilers, Allan Lane, Fritz Leiber, Frank M. Thomas, Theodore von Eltz, Addison Richards",https://www.filmcrave.com/movie_page_main.php?id=51525,Unknown
Two Gun Troubador,36474,2.5,2,03/05/1939,English,Western,NR,Bernard B. Ray,"Fred Scott, Claire Rochelle, John Merton, Harry Harvey, Carl Mathews, Billy Lenhart",https://www.filmcrave.com/movie_page_main.php?id=51526,Unknown
Two Thoroughbreds,25175,3.0,2,12/08/1939,English,"Drama, Family",NR,Jack Hively,"Jimmy Lydon, Joan Leslie, Arthur Hohl, J.M. Kerrigan, Marjorie Main, Selmer Jackson",https://www.filmcrave.com/movie_page_main.php?id=51527,Unknown
Two-Fisted Rangers,31794,2.8,2,12/13/1939,English,"Mystery, Western",NR,Joseph H. Lewis,"Charles Starrett, Iris Meredith, Bob Nolan, Kenneth MacDonald, Dick Curtis, Hal Taliaferro",https://www.filmcrave.com/movie_page_main.php?id=51528,Unknown
"That's What You Do When You Fall in Love ( Etsi kaneis, san agapisi )",43510,2.0,2,01/01/1931,Greek,"Drama, Romance",NR,Stathis Loupas,"Stathis Loupas, Lora Valeri, Athanasios Marikos, Andriani Papandreou, Manos Katrakis, Rozita Barios",https://www.filmcrave.com/movie_page_main.php?id=51529,Unknown
The Little Accident,45757,1.8,2,08/03/1930,English,Comedy,NR,William James Craft,"Douglas Fairbanks Jr., Anita Page, Sally Blane, Zasu Pitts, Joan Marsh, Roscoe Karns",https://www.filmcrave.com/movie_page_main.php?id=51530,Unknown
Trap for Cinderella,29178,2.1,4,07/12/2013,English,"Crime, Drama",NR,Iain Softley,"Aneurin Barnard, Tuppence Middleton, Frances de la Tour, Alexandra Roach, Kerry Fox, Pierre Boulanger",https://www.filmcrave.com/movie_page_main.php?id=51531,A young girl witnesses a fire that claims her friend's life - leading to
"Me, Myself and Mum ( garçons et Guillaume, à table!, Les )",32868,2.8,2,05/20/2013,French,Comedy,NR,Guillaume Gallienne,"Guillaume Gallienne, André Marcon, Françoise Fabian, Nanou Garcia, Diane Kruger, Reda Kateb",https://www.filmcrave.com/movie_page_main.php?id=51532,Unknown
No Lady,54982,1.5,2,05/08/1931,English,Comedy,NR,Lupino Lane,"Lupino Lane, Renee Clama, Sari Maritza, Wallace Lupino, Lola Hunt",https://www.filmcrave.com/movie_page_main.php?id=51533,Unknown
One Chance,20185,2.2,7,10/10/2014,English,"Biography, Comedy",PG-13,David Frankel,"James Corden, Alexandra Roach, Julie Walters, Colm Meaney, Mackenzie Crook, Valeria Bilello",https://www.filmcrave.com/movie_page_main.php?id=51534,"Based on the true story of Paul Potts - a shy, oft-abused shop assistant who secretly harbors a talent for opera singing. He tires out for the show ""Britain's Got Talent"" - makes it to the big stage, and the rest, as they say, is history. --"
The Raid 2,465,3.2,58,03/28/2014,Other,"Action, Crime",R,Gareth Evans,"Iko Uwais, Yayan Ruhian, Raiden Integra, Donny Alamsyah, Tio Pakusodewo, Ryûhei Matsuda",https://www.filmcrave.com/movie_page_main.php?id=51535,Taking place immediately following the events of The Raid: Rama finds himself having to go undercover with a dangerous Jakarta gang in order to take on the syndicate and rampant corruption in his own police force. --
The Cold Day in Hell,41858,2.3,2,06/28/2011,English,Western,PG-13,Christopher Forbes,"Michael Madsen, Kimberly Campbell, Heather Clark, Jim Hilton, Michael Hilton, Richard Kinsey",https://www.filmcrave.com/movie_page_main.php?id=51536,Unknown
House of Bodies,35958,2.0,3,04/19/2013,English,Thriller,R,Alex Merkin,"Terrence Howard, Queen Latifah, Peter Fonda, George Katt, Alexz Johnson, Harry Zittel",https://www.filmcrave.com/movie_page_main.php?id=51537,"A young man who is hearing impaired becomes fascinated by all things grim and gruesome. His latest fascination is on a house that once housed a serial killer and has now become the subject of a voyeuristic website. But as he begins to suspect things are much more real than presented, a detective becomes involved. --"
Voices of Desire,30870,2.2,3,10/11/1972,English,Horror,NR,Chuck Vincent,"Sandra Peabody, Darby Lloyd Rains, Gene Bayron, David Kirk, Marlene Willoughby, Frank Brill",https://www.filmcrave.com/movie_page_main.php?id=51538,Unknown
Laura's Toys,25509,3.0,2,01/01/1975,English,Drama,NC-17,Joseph W. Sarno,"Mary Mendum, Eric Edwards, Cathja Graff, Anita Ericsson, Anita Redling, Anna Haarla",https://www.filmcrave.com/movie_page_main.php?id=51539,Unknown
Corianton,45769,1.8,2,10/01/1931,English,Drama,NR,Wilfrid North,"Reginald Barlow, Charles Edwards, Eric Elden, Alis Frost, Joseph Hawthorn, William Joy",https://www.filmcrave.com/movie_page_main.php?id=51540,Unknown
American Gun,28040,2.3,3,06/13/2002,English,Drama,R,Alan Jacobs,"James Coburn, Virginia Madsen, Barbara Bain, Alexandra Holden, Ryan Locke, Martin Kove",https://www.filmcrave.com/movie_page_main.php?id=51541,Unknown
A Viking Saga: The Darkest Day,37840,2.5,2,07/23/2013,English,"Action, Thriller",R,Chris Crow,"Michael Jibson, Paul Jibson, Mark Lewis Jones, Marc Pickering, Christopher Godwin, Gary Mavers",https://www.filmcrave.com/movie_page_main.php?id=51542,Unknown
A Room with a View,18714,2.7,3,04/13/2008,English,Drama,NR,Nicholas Renton,"Elaine Cassidy, Laurence Fox, Rafe Spall, Sophie Thompson, Sophie Thompson, Timothy Spall",https://www.filmcrave.com/movie_page_main.php?id=51543,"In Italy Miss Lucy Honeychurch hoped to awaken her senses from the dull everyday life at home, but never dreamed her world would turn upside down when she met young Englishman with strange father and even stranger manners."
A World Not Ours,24481,2.3,4,09/12/2012,Arabic,"Documentary, Biography",NR,Mahdi Fleifel,Mahdi Fleifel,https://www.filmcrave.com/movie_page_main.php?id=51544,A honest and often sad look on the lives of people being settled for three generations or more in the Palestinian refugee camp in Lebanon.
Hand in Hand ( Main dans la main ),14247,2.8,3,12/19/2012,French,Musical,NR,Valérie Donzelli,"Valérie Lemercier, Jérémie Elkaïm, Béatrice de Staël, Valérie Donzelli, Sébastien Noiré, Serge Bozon",https://www.filmcrave.com/movie_page_main.php?id=51545,"One day a Paris Ballet Opera directrice finds herself literally stuck with a 15 years younger glass menagerie employee. They both have to find a way to adapt to the new situation, and love sometimes takes really strange ways to rise above all the obstacles."
Maléfique,14111,2.8,3,05/07/2003,French,"Fantasy, Horror",NR,Eric Valette,"Gérald Laroche, Philippe Laudenbach, Clovis Cornillac, Dimitri Rataud, Didier Bénureau, Félicia Massoni",https://www.filmcrave.com/movie_page_main.php?id=51546,Four prisoners share the same cell and its dark secret.
"Gift to Stalin, The ( Podarok Stalinu )",10858,3.0,3,03/18/2011,Russian,Drama,NR,Rustem Abdrashitov,"Nurzhuman Ikhtymbaev, Bakhtiar Khoja, Yekaterina Rednikova, Dalen Shintemirov, Waldemar Szczepaniak",https://www.filmcrave.com/movie_page_main.php?id=51547,"A little Jewish boy is saved from the train going to Syberian gulags and adopted by local Kazakhs, only to see in the cruelest possible way what does it mean to be an innocent little man (and child and woman) in the middle of nowhere and loyal to Stalin and his government."
678,33571,2.0,4,03/26/2011,Arabic,Drama,NR,Mohamed Diab,"Boshra, Nelly Karim, Maged El Kedwany, Nahed El Sebaï, Bassem Samra, Ahmed El Feshawy",https://www.filmcrave.com/movie_page_main.php?id=51548,"Three young Egyptian women took justice in their own hands after harassment they endured went unpunished, just because some men decided their prosecution would harm the reputation of the country."
Akale,35694,2.0,3,12/09/2004,Other,Drama,NR,Shyamaprasad,"Prithviraj Sukumaran, Sheela, Geethu Mohandas, Tom George, Mithun Ramesh",https://www.filmcrave.com/movie_page_main.php?id=51549,"The Indian interpretation of Tennessee Williams's play ""The Glass Menagerie""."
The Glass Menagerie,17081,2.5,4,12/16/1973,English,Drama,NR,Anthony Harvey,"Katharine Hepburn, Sam Waterston, Joanna Miles, Michael Moriarty",https://www.filmcrave.com/movie_page_main.php?id=51550,"A TV adaptation of Tennessee Williams's play, in which Katharine Hepburn is the mother desperate to control the son, who is too much of the dreamer to be contained by the needs of his mother and fragile sister."
Real ( Riaru: Kanzen naru kubinagaryû no hi ),31452,2.2,3,10/07/2013,Japanese,"Drama, Sci-Fi",NR,Kiyoshi Kurosawa,"Takeru Satô, Haruka Ayase, Kyôko Koizumi, Yutaka Matsushige, Shôta Sometani, Keisuke Horibe",https://www.filmcrave.com/movie_page_main.php?id=51551,"Under unexplained circumstances, Koichi's girlfriend attempted suicide and went into coma. After a year, he gets a chance to reach to her through some experimental equipment. However, the secrets he would reveal during those sessions would be much more he bargained for."
It Boy ( 20 ans d'écart ),31443,2.2,3,03/06/2013,French,"Comedy, Romance",NR,David Moreau,"Virginie Efira, Pierre Niney, Charles Berling, Gilles Cohen, Amélie Glenn, Camille Japy",https://www.filmcrave.com/movie_page_main.php?id=51552,A woman approaching 40 discovers her boss and colleagues find her too stiff to be a carrier of their magazine's new style. They are however willing to change their mind after they saw her in an awkward position with a 20 years younger man.
Machan,31279,2.2,3,06/05/2009,Other,Comedy,NR,Uberto Pasolini,"Dharmapriya Dias, Gihan De Chickera, Dharshan Dharmaraj, Namal Jayasinghe, Sujeewa Priyalal, Dayadewa Edirisinghe",https://www.filmcrave.com/movie_page_main.php?id=51553,"The movie is based on the real events that happened in 2004, when a whole Sri Lankan Handball team disappeared during the tournament that was held in Germany."
The Makeover,21712,2.5,3,01/27/2013,English,Comedy,NR,John Gray,"Julia Stiles, David Walton, Camryn Manheim, Frances Fisher, Bill Mootos, Nada Despotovich",https://www.filmcrave.com/movie_page_main.php?id=51554,"A fresh, modern take on George Bernard Shaw's classic play, ""Pygmalion"", that switches the genders of the main characters. A young politician and educational consultant finds out she is not quite popular among the voters, so she decided to find a more likable person to become a viable candidate to promote her ideas for the congress."
Evangelion: 3.0 You Can (Not) Redo ( Evangerion shin gekijôban: Kyu ),9148,2.9,4,01/10/2014,Japanese,"Anime, Action",NR,"Hideaki Anno, Mahiro Maeda, Masayuki, Kazuya Tsurumaki","Megumi Ogata, Megumi Hayashibara, Yûko Miyamura, Maaya Sakamoto, Kotono Mitsuishi, Akira Ishida",https://www.filmcrave.com/movie_page_main.php?id=51555,"It has been 14 years since 2.0 - when Shinji Ikari wakes, unaged, he finds much has changed. Misato Katsuragi has formed her own group away from NERV - and Shinji finds that the most important battles are not in the EVA but against his former friends and allies. --"
Get on Up,4034,2.8,27,08/01/2014,English,"Biography, Drama",PG-13,Tate Taylor,"Chadwick Boseman, Nelsan Ellis, Viola Davis, Octavia Spencer, Jill Scott, Dan Aykroyd",https://www.filmcrave.com/movie_page_main.php?id=51556,"The story of James Brown - who was raised in extreme poverty, but"
Home,10028,2.4,36,03/27/2015,English,"Animation, Adventure",PG,Tim Johnson,"Jim Parsons, Jennifer Lopez, Rihanna, Steve Martin, Matt Jones, Brian Stepanek",https://www.filmcrave.com/movie_page_main.php?id=51557,"In order to avoid their mortal enemies, a group of friendly aliens uses Earth for their new hideout. But when one is inadvertently discovered by a human, he has no choice but to join forces with the teen and the two embark on a globe-spanning adventure to right his wrongs - and maybe find out the two races have a lot more in common then they thought. --"
The Hundred-Foot Journey,5761,2.7,22,08/08/2014,English,Drama,PG,Lasse Hallström,"Helen Mirren, Manish Dayal, Om Puri, Juhi Chawla, Rohan Chand, Dillon Mitra",https://www.filmcrave.com/movie_page_main.php?id=51558,"An Indian family moves to France where they hope to pursue their dream of opening their own restaurant. But their new business sits just across the street from a popular and highly-regarded establishment, and it's not long before the trouble begins. --"
Into the Storm,8681,2.5,37,08/08/2014,English,Thriller,PG-13,Steven Quale,"Richard Armitage, Jeremy Sumpter, Sarah Wayne Callies, Nathan Kress, Matt Walsh, Kyle Davis",https://www.filmcrave.com/movie_page_main.php?id=51559,"When a deadly storm hits, a group of high school students document the events leading up to it and the terrible aftermath of the tornado is spawns. --"
Jersey Boys,2555,2.9,31,06/20/2014,English,"Biography, Musical",R,Clint Eastwood,"Christopher Walken, Freya Tingley, Jeremy Luke, Vincent Piazza, Kathrine Narducci, Mike Doyle",https://www.filmcrave.com/movie_page_main.php?id=51560,A tale of four young men growing up in New Jersey - on the wrong side of the tracks. But not just any four young men - this is the story about The Four Seasons - a group that would lay claim to some of the most iconic hits of the 60s and who made it though good times and bad thanks to a code of honor learned on the rough streets they called home. --
Oculus,4750,2.7,55,04/11/2014,English,Horror,R,Mike Flanagan,"Katee Sackhoff, Karen Gillan, Brenton Thwaites, James Lafferty, Rory Cochrane, Katie Parker",https://www.filmcrave.com/movie_page_main.php?id=51561,"Convinced her brother is innocent of the murder he is accused of, a women sets out to prove who the real culprit is - a supernatural entity in the form of an antique mirror. --"
Beyond the Lights,7296,2.7,11,11/14/2014,English,Drama,R,Gina Prince-Bythewood,"Minnie Driver, Gugu Mbatha-Raw, Danny Glover, Jordan Belfi, Elaine Tan, Nate Parker",https://www.filmcrave.com/movie_page_main.php?id=51562,"Fame and stardom have driven Noni to the edge. But she finds a kindred spirit in Kaz, a young cop. He inspires her to find her own voice - and become the artist she really wants to be. --"
Self/less,12165,2.4,30,07/10/2015,English,"Sci-Fi, Thriller",PG-13,Tarsem Singh,"Ryan Reynolds, Matthew Goode, Michelle Dockery, Ben Kingsley, Victor Garber, Natalie Martinez",https://www.filmcrave.com/movie_page_main.php?id=51563,"A wealthy man, dying of cancer, uses his considerable fortune to undergo a radical medical procedure that transfers his consciousness into the body of a healthy, young man. But after the seemingly successful procedure, he finds himself in part of a deeper conspiracy when he finds out the truth behind the origins of his new body. --"
Pan,23254,2.0,17,10/09/2015,English,"Fantasy, Adventure",PG,Joe Wright,"Hugh Jackman, Garrett Hedlund, Rooney Mara, Amanda Seyfried, Levi Miller, Adeel Akhtar",https://www.filmcrave.com/movie_page_main.php?id=51564,A young orphan boy finds himself taken to the magical world known as Neverland. Trouble and adventure await the boy - a boy who will one day become the one and only Peter Pan. --
The Purge: Anarchy,8662,2.5,50,07/18/2014,English,Horror,R,James DeMonaco,"Zach Gilford, Michael K. Williams, Frank Grillo, Kiele Sanchez, Carmen Ejogo, Chad Morgan",https://www.filmcrave.com/movie_page_main.php?id=51565,"The annual purge is once again upon the nation - but this time the action is outside, where a young couple find themselves at the mercy of a world gone mad when their car breaks down. --"
The Quiet Ones,15025,2.3,19,04/25/2014,English,Horror,PG-13,John Pogue,"Jared Harris, Sam Claflin, Olivia Cooke, Erin Richards, Rory Fleck-Byrne, Laurie Calvert",https://www.filmcrave.com/movie_page_main.php?id=51566,"An unorthodox physics professor creates a team to take on a private experiment: using a deeply disturbed young woman, the students will attempt to conjure up a poltergeist. But as the study goes on, forces beyond their control threaten to unravel their sanity. --"
Step Up: All In,13073,2.4,11,08/08/2014,English,"Drama, Romance",PG-13,Trish Sie,"Briana Evigan, Alyson Stoner, Ryan Guzman, Izabella Miko, Adam G. Sevani, Stephen Boss",https://www.filmcrave.com/movie_page_main.php?id=51567,"Favorite stars from previous Step Up films come together as all their hopes and dreams lead them to Las Vegas, where a victory could mean everything for their future. --"
Tammy,29711,1.8,34,07/02/2014,English,Comedy,R,Ben Falcone,"Melissa McCarthy, Susan Sarandon, Dan Aykroyd, Allison Janney, Kathy Bates, Mark Duplass",https://www.filmcrave.com/movie_page_main.php?id=51568,"A woman suffers a one-two punch to her life when she winds up losing her job and learning her husband has been sleeping around. Needing to get away, she goes on a road trip with her boozing, foul-mouthed grandmother. --"
Among Friends,26025,3.0,2,08/27/2013,English,"Comedy, Horror",R,Danielle Harris,"Alyssa Lobit, Jennifer Blanc, AJ Bowen, Christopher Backus, Dana Daurey, Brianne Davis",https://www.filmcrave.com/movie_page_main.php?id=51569,Unknown
Asunder,37452,2.5,2,10/01/1999,English,Thriller,R,Tim Reid,"Blair Underwood, Debbi Morgan, Michael Beach, Marva Hicks, Desiree Marie Velez, Ira Hawkins",https://www.filmcrave.com/movie_page_main.php?id=51570,Unknown
Son of the Land ( Syn strany ),43516,2.0,2,05/22/1931,Russian,Drama,NR,Eduard Ioganson,"Vladimir Vikulin, Iona Brokski, Boris Ivanitsky",https://www.filmcrave.com/movie_page_main.php?id=51571,Unknown
Three Who Loved,43517,2.0,2,07/03/1931,English,Drama,NR,George Archainbaud,"Betty Compson, Conrad Nagel, Robert Ames, Robert Emmett O'Connor, Bodil Rosing, Dickie Moore",https://www.filmcrave.com/movie_page_main.php?id=51572,Unknown
Too Many Cooks,40413,2.3,2,07/18/1931,English,"Comedy, Romance",NR,William A. Seiter,"Bert Wheeler, Dorothy Lee, Roscoe Ates, Robert McWade, Sharon Lynn, Hallam Cooley",https://www.filmcrave.com/movie_page_main.php?id=51573,Unknown
Edgar Wallace's White Face the Fiend,45798,1.8,2,12/03/1933,English,"Mystery, Crime",NR,T. Hayes Hunter,"Hugh Williams, Gordon Harker, Norman McKinnel, Renee Gadd, Richard Bird, Nora Swinburne",https://www.filmcrave.com/movie_page_main.php?id=51574,Unknown
"Lovers of Midnight, The ( amours de minuit, Les )",40403,2.3,2,01/16/1931,French,"Crime, Drama",NR,"Augusto Genina, Marc Allégret","Danièle Parola, Pierre Batcheff, Louis Zellas, Josseline Gaël, Jacques Varennes",https://www.filmcrave.com/movie_page_main.php?id=51575,Unknown
Pep Squad,37443,2.5,2,06/01/1999,English,"Comedy, Horror",R,Steve Balderson,"Brooke Balderson, Amy Kelly, Jennifer Dreiling, Summer Makovkin, Adrian Pujol, Eric Sherman",https://www.filmcrave.com/movie_page_main.php?id=51576,Unknown
The Pagan Lady,36322,2.5,2,09/08/1931,English,Drama,NR,John Francis Dillon,"Evelyn Brent, Conrad Nagel, Charles Bickford, Roland Young, William Farnum, Lucile Gleason",https://www.filmcrave.com/movie_page_main.php?id=51577,Unknown
Free Ride,12028,2.6,6,10/11/2013,English,"Drama, Thriller",NR,Shana Betz,"Anna Paquin, Cam Gigandet, Drea de Matteo, Liana Liberato, Yvette Yates, Jeff Hephner",https://www.filmcrave.com/movie_page_main.php?id=51578,"In the late 70s, a single mother living in Florida finds herself making ends meet by getting involved in the drug trade. Knowing this path is only going to lead to suffering, she tries to make a better life for her two daughters. --"
Dance Pretty Lady,45771,1.8,2,02/01/1932,English,Drama,NR,Anthony Asquith,"Ann Casson, Carl Harbord, Michael Hogan, Moore Marriott, Flora Robson, Leonard Brett",https://www.filmcrave.com/movie_page_main.php?id=51579,Unknown
Docks of San Francisco,43523,2.0,2,02/01/1932,English,"Crime, Drama",NR,George B. Seitz,"Mary Nolan, John Davidson, Marjorie Beebe, Jason Robards Sr., William Haynes, Max Davidson",https://www.filmcrave.com/movie_page_main.php?id=51580,Unknown
My Prairie Home,28423,2.3,3,09/29/2013,English,Documentary,NR,Chelsea McMullan,Rae Spoon,https://www.filmcrave.com/movie_page_main.php?id=51581,"Growing up in an ultra-religious household run by an abusive, schizophrenic father while simultaneously coming to terms with their sexual orientation and gender identity, Rae Spoon shows how pain can truly be transformed into art."
The Railway Man,2778,2.9,23,04/11/2014,English,"Biography, Drama",R,Jonathan Teplitzky,"Nicole Kidman, Hiroyuki Sanada, Colin Firth, Stellan Skarsgård, Jeremy Irvine, Sam Reid",https://www.filmcrave.com/movie_page_main.php?id=51582,"During WWII Eric Lomax was one of thousands of Allied soldiers who were captured and forced to work on the Thai/Burma railway. Her survived - many did not. Years later, he meets Patti while on a train and the two connect. Knowing about the demons that haunt him - Patti sets off on her own investigation and discovers a once-young Japanese officer, and Eric's chief tormentor, is still alive. --"
Dumbbells,41931,2.3,2,01/10/2014,English,Comedy,NR,Christopher Livingston,"Mircea Monroe, Jay Mohr, Jaleel White, Taylor Cole, Tom Arnold, Carl Reiner",https://www.filmcrave.com/movie_page_main.php?id=51583,"Once a basketball star and now suffering from a knee injury, a man looks to rehab at rundown L.A. gym. --"
Bad Words,6822,2.6,38,03/28/2014,English,Comedy,R,Jason Bateman,"Jason Bateman, Allison Janney, Rachael Harris, Ben Falcone, Philip Baker Hall, Rohan Chand",https://www.filmcrave.com/movie_page_main.php?id=51584,"Jason Bateman's directorial debut finds himself playing an adult who, discovering a loophole in the spelling bee rules - will allow him to exact revenge by entering and making a run for the championship that eluded him years before. --"
"Monkey King, The ( Da nao tian gong / 2014 )",37917,2.5,2,01/31/2014,Mandarin,"Adventure, Family",NR,Pou-Soi Cheang,"Donnie Yen, Yun-Fat Chow, Aaron Kwok, Joe Chen, Kelly Chen, Gigi Leung",https://www.filmcrave.com/movie_page_main.php?id=51585,The first in a planned trilogy follows the Monkey King - who rises from being a standard simian after heavenly stone imbues him with supernatural powers. But even as he explores his newfound glory - he must try to find his place in the heaves - battling demons and the gods alike for his rightful place. --
Ninja II: Shadow of a Tear,8644,2.8,5,12/31/2013,English,"Action, Crime",R,Isaac Florentine,"Scott Adkins, Ron Smoorenburg, Vithaya Pansringarm, Erika Nagamine, Kane Kosugi, Tim Man",https://www.filmcrave.com/movie_page_main.php?id=51586,Unknown
Alien Boy: The Life and Death of James Chasse,45516,1.4,4,02/15/2013,English,"Documentary, Crime",NR,Brian Lindstrom,James Chasse,https://www.filmcrave.com/movie_page_main.php?id=51587,"In 2006, Portland, Oregon resident James Chassee - singer, writer and suffering from paranoid schizophrenia, confronted a deputy and was severely beaten and Tasered - injuries that resulted in his death. The outcry over his death shook the nation and changed the city forever. --"
How to Follow Strangers,46652,1.8,2,10/28/2013,English,"Drama, Mystery",NR,Chioke Nassor,"Ilana Glaser, Chris Roberti, Dan Shaked, Eunice Anderson, Kelly McCreary, Wrenn Schmidt",https://www.filmcrave.com/movie_page_main.php?id=51588,Unknown
The Odd Way Home,37875,2.5,2,10/25/2013,English,Drama,NR,Rajeev Nirmalakhandan,"Rumer Willis, Veronica Cartwright, Chris Marquette, Brendan Sexton III, Bruce Altman, Marya Beauvais",https://www.filmcrave.com/movie_page_main.php?id=51589,Unknown
Mop King,41925,2.3,2,10/24/2013,English,Comedy,NR,Ace Dixon,"Bruce Novakowski, Dayna Mahannah, Levi Hildebrand, Adrian Drakes, Lisa Ovies, Brian Cook",https://www.filmcrave.com/movie_page_main.php?id=51590,Unknown
Little Hope Was Arson,18866,2.7,3,10/25/2013,English,"Documentary, Crime",NR,Theo Love,Unknown,https://www.filmcrave.com/movie_page_main.php?id=51591,Unknown
"Jack, Jules, Esther & Me",41924,2.3,2,10/24/2013,English,"Comedy, Drama",NR,Daniel Poliner,"Alice Lee, Alexander Flores, Aaron Sauter, Jessica Rothe, Jeff Lima, Alyssa May Gold",https://www.filmcrave.com/movie_page_main.php?id=51592,Unknown
Living Dolls,46651,1.8,2,10/26/2013,English,Documentary,NR,Maureen Judge,Unknown,https://www.filmcrave.com/movie_page_main.php?id=51593,Unknown
A Leading Man,37872,2.5,2,10/17/2013,English,Drama,NR,Steven J. Kung,"Jack Yang, Heather Mazur, Pat Tsao, Bruno Oliver, Kate Miner, Raymond Lee",https://www.filmcrave.com/movie_page_main.php?id=51594,Unknown
Finding Vivian Maier,2113,3.1,9,11/17/2013,English,Documentary,NR,"John Maloof, Charlie Siskel",Vivian Maier,https://www.filmcrave.com/movie_page_main.php?id=51595,"During her life Vivian Maier worked as a nanny - just one of the many perfectly normal and mundane existences in the world. But after her death, over 100,000 photographs were found - and Maier was posthumously declared one of the most accomplished street photographers of our time. --"
Bodyguard Kiba ( Bodigaado Kiba ),18539,2.7,3,06/25/1993,Japanese,"Action, Crime",NR,Takashi Miike,"Hisao Maki, Masaru Matsuda, Daisuke Nagakura, Ren Ohsugi, Megumi Sakita, Shinobu Tanaka",https://www.filmcrave.com/movie_page_main.php?id=51596,Unknown
Bodyguard Kiba: Combat Apocolypse ( Bodigaado Kiba: Shura no mokushiroku ),18542,2.7,3,10/28/1994,Japanese,"Action, Crime",NR,Takashi Miike,"Noriko Arai, Takanori Kikuchi, Megumi Sakita, Takeshi Yamato, Liu Hon",https://www.filmcrave.com/movie_page_main.php?id=51597,Unknown
Child's Pose ( Pozitia copilului ),17770,2.4,5,11/12/2013,Other,Drama,NR,Calin Peter Netzer,"Luminita Gheorghiu, Bogdan Dumitrache, Natasa Raab, Ilinca Goia, Vlad Ivanov, Florin Zamfirescu",https://www.filmcrave.com/movie_page_main.php?id=51598,"A child is dead because of one young man's reckless driving. However, that young man is the only child of the obsessive controlling wealthy woman, and she would do anything to save him from manslaughter charges, even against his will."
Nurse 3D,34108,1.7,9,02/07/2014,English,Thriller,R,Douglas Aarniokoski,"Paz de la Huerta, Judd Nelson, Katrina Bowden, Corbin Bleu, Niecy Nash, Melanie Scrofano",https://www.filmcrave.com/movie_page_main.php?id=51599,"A nurse by day, when night falls Abby Russell uses her body to lure unsuspecting adulterers to a harsh truth... and a brutal death. When a young nurse becomes suspicious of her activities, Abby is forced to change her game plan... and expose the most unlikely cheater of all. --"
Final Recipe,41918,2.3,2,10/10/2013,English,Drama,NR,Gina Kim,"Michelle Yeoh, Henry Lau, Chin Han, Tseng Chang, Lori Tan Chinn, Aden Young",https://www.filmcrave.com/movie_page_main.php?id=51600,Unknown
I Learn America,41910,2.3,2,06/29/2013,English,Documentary,NR,"Jean-Michel Dissard, Gitte Peng",Unknown,https://www.filmcrave.com/movie_page_main.php?id=51601,Unknown
Werewolf Warrior ( Kibakichi: Bakko-yokaiden ),17204,2.5,4,02/07/2004,Japanese,"Action, Horror",R,Tomo'o Haraguchi,"Ryûji Harada, Nozomi Andô, Miki Tanaka, Tamami Kaneko, Mubu Nakayama, Kentarô Shimizu",https://www.filmcrave.com/movie_page_main.php?id=51602,Unknown
Kibakichi: Bakko-yokaiden 2,10807,3.0,3,12/31/2004,Japanese,"Action, Horror",R,"Tomo'o Haraguchi, Daiji Hattori","Ryûji Harada, Miki Tanaka, Masakatsu Funaki, Aimi Nakajima, Yôko Kamon, Masatô Ibu",https://www.filmcrave.com/movie_page_main.php?id=51603,Unknown
God's Not Dead,29715,1.8,21,03/21/2014,English,"Comedy, Drama",PG,Harold Cronk,"Willie Robertson, David A.R. White, Shane Harper, Kevin Sorbo, Korie Robertson, Marco Khan",https://www.filmcrave.com/movie_page_main.php?id=51604,A devout college student finds his faith challenged by a philosophy professor who is out to prove God does not exist. --
Against the Wild,29184,2.1,4,03/11/2014,English,"Adventure, Family",PG,Richard Boddington,"Natasha Henstridge, CJ Adams, Erin Pitt, Rainbow Francks, John Tench, Sarah Deakins",https://www.filmcrave.com/movie_page_main.php?id=51605,"Two siblings, along with their devoted dog, must come together and learn to survive after becoming lost in a beautiful, yet untamed, wilderness. --"
Being Michael Madsen,32700,2.8,2,11/16/2007,English,Comedy,NR,Michael Mongillo,"Michael Madsen, Jason Alan Smith, Doug Tompos, Kathy Searle, Davis Mikaels, Lacey Chabert",https://www.filmcrave.com/movie_page_main.php?id=51606,Unknown
The Forgotten Kingdom,18856,2.7,3,04/05/2013,Other,Drama,NR,Andrew Mudge,"Moshoeshoe Chabeli, Lillian Dube, Jerry Mofokeng, Zenzo Ngqobe, Nozipho Nkelemba, Lebohang Ntsane",https://www.filmcrave.com/movie_page_main.php?id=51607,"A young man leaves behind the slums of the city in order to journey to his childhood home - a remote mountainous village - so he can bury he father. After befriending a orphan herd-boy, and finding feelings rekindled by an old childhood friend, he realizes both the beauty and the hardship of the life he left behind. --"
Dream No Evil,37102,2.5,2,01/01/1970,English,Historical,R,John Hayes,"Edmond O'Brien, Brooke Mills, Marc Lawrence, Michael Pataki, Paul Prokop, Arthur Franz",https://www.filmcrave.com/movie_page_main.php?id=51608,Unknown
Hidden Hills,41917,2.3,2,10/01/2013,English,"Comedy, Family",NR,Dan Steadman,"Tim O'Leary, Ted Trent, Jane Wiedlin, Karen Forman, Kyle Kimbrel, C. Stephen Foster",https://www.filmcrave.com/movie_page_main.php?id=51609,Unknown
It's All So Quiet ( Boven is het stil ),26019,3.0,2,06/30/2013,Dutch,Drama,NR,Nanouk Leopold,"Jeroen Willems, Wim Opbrouck, Henri Garcin, Martijn Lakemeier, Lies Visschedijk",https://www.filmcrave.com/movie_page_main.php?id=51610,Unknown
"Mom, Dad, I'm Muslim",37878,2.5,2,10/31/2013,Hebrew,"Documentary, Drama",NR,Anat Tel Mendelovich,May Davidovich,https://www.filmcrave.com/movie_page_main.php?id=51611,Unknown
Faeries,32468,2.8,2,01/01/1999,English,"Animation, Adventure",G,Gary Hurst,"Kate Winslet, Jeremy Irons, Dougray Scott, Elizabeth Heery, Tracy Ann Oberman, John Sessions",https://www.filmcrave.com/movie_page_main.php?id=51612,Unknown
"Don't Worry, We'll Think of a Title",26493,2.1,5,05/01/1966,English,Comedy,NR,Harmon Jones,"Morey Amsterdam, Rose Marie, Richard Deacon, Joey Adams, Andy Albin, Henry Corden",https://www.filmcrave.com/movie_page_main.php?id=51613,Two bakery workers get fired from a bakery. They end up working for a former co-worker who owns a bookstore. The Bookstore is secretly used by two thieves to get to the bank next to the store.
The Comic,10738,3.0,3,11/19/1969,English,"Drama, Comedy",PG,Carl Reiner,"Dick Van Dyke, Michele Lee, Mickey Rooney, Cornel Wilde, Steve Allen, Nina Wayne",https://www.filmcrave.com/movie_page_main.php?id=51614,Unknown
The Grand Hooter,16123,3.5,2,05/07/1937,English,Comedy,NR,Del Lord,"Charley Chase, Peggy Stratford, Nina Quartero, Harry Semels, Bud Jamison",https://www.filmcrave.com/movie_page_main.php?id=51615,Unknown
From Bad to Worse,25125,3.0,2,06/04/1937,English,Comedy,NR,Del Lord,"Charley Chase, Peggy Stratford, Bobby Watson, Bud Jamison, Lew Davis, Pat Lane",https://www.filmcrave.com/movie_page_main.php?id=51616,Unknown
The Wrong Miss Wright,25127,3.0,2,06/18/1937,English,Comedy,NR,Charles Lamont,"Charley Chase, Peggy Stratford, John T. Murray, Bud Jamison, Eva McKenzie",https://www.filmcrave.com/movie_page_main.php?id=51617,Unknown
Calling All Doctors,36416,2.5,2,07/22/1937,English,Comedy,NR,Charles Lamont,"Charley Chase, Lucille Lund, John T. Murray, Bobby Watson, Fern Emmett, James C. Morton",https://www.filmcrave.com/movie_page_main.php?id=51618,Unknown
The Big Squirt,47716,3.0,1,09/17/1937,English,Comedy,NR,Del Lord,"Charley Chase, Lucille Lund, Eddie Fetherston, Bud Jamison, Leora Thatcher, Theodore Lorch",https://www.filmcrave.com/movie_page_main.php?id=51619,Unknown
Time Out for Trouble,36440,2.5,2,03/18/1938,English,Comedy,NR,Del Lord,"Charley Chase, Ann Doran, Dick Curtis, Louise Stanley",https://www.filmcrave.com/movie_page_main.php?id=51620,Unknown
Many Sappy Returns,36455,2.5,2,08/19/1938,English,Comedy,NR,Del Lord,"Charley Chase, Ann Doran, John T. Murray, Fred Kelsey, John Sheehan, Vernon Dent",https://www.filmcrave.com/movie_page_main.php?id=51621,Unknown
The Nightshirt Bandit,36461,2.5,2,10/28/1938,English,Comedy,NR,Jules White,"Charley Chase, James C. Morton, Eva McKenzie, Phyllis Barry, Fred 'Snowflake' Toones",https://www.filmcrave.com/movie_page_main.php?id=51622,Unknown
Pie à la Maid,43629,2.0,2,12/25/1938,English,Comedy,NR,Del Lord,"Charley Chase, Ann Doran, John Tyrrell, Lionel Belmore, Steve Pendleton",https://www.filmcrave.com/movie_page_main.php?id=51623,Unknown
The Sap Takes a Wrap,47823,3.0,1,03/10/1939,English,Comedy,NR,Del Lord,"Charley Chase, Gloria Blondell, Ethel Clayton, George Cleveland, John Tyrrell, Gene Morgan",https://www.filmcrave.com/movie_page_main.php?id=51624,Unknown
Teacher's Pest,47857,3.0,1,11/03/1939,English,"Comedy, Western",NR,Del Lord,"Charley Chase, Richard Fiske, Ruth Skinner, Chester Conklin, Bud Jamison",https://www.filmcrave.com/movie_page_main.php?id=51625,Unknown
His Bridal Fright,47868,3.0,1,01/12/1940,English,Comedy,NR,Del Lord,"Charley Chase, Iris Meredith, Bud Jamison",https://www.filmcrave.com/movie_page_main.php?id=51626,Unknown
Man Bites Lovebug,47739,3.0,1,12/24/1937,English,Comedy,NR,Del Lord,"Charley Chase, Mary Russell, John T. Murray",https://www.filmcrave.com/movie_page_main.php?id=51627,Unknown
The Mind Needer,25150,3.0,2,04/29/1938,English,Comedy,NR,Del Lord,"Charley Chase, Ann Doran, Bess Flowers",https://www.filmcrave.com/movie_page_main.php?id=51628,Unknown
The Chump Takes a Bump,36481,2.5,2,05/05/1939,English,Comedy,NR,Del Lord,"Charley Chase, Ann Doran, Ruth Skinner, Dell Henderson, Harry C. Bradley",https://www.filmcrave.com/movie_page_main.php?id=51629,Unknown
Rattling Romeo,36488,2.5,2,07/14/1939,English,Comedy,NR,Del Lord,"Charley Chase, Ann Doran, John Tyrrell, Ben Taggart, Richard Fiske, Harry Bernard",https://www.filmcrave.com/movie_page_main.php?id=51630,Unknown
Skinny the Moocher,40614,2.3,2,09/08/1939,English,Comedy,NR,Del Lord,"Charley Chase, Ann Doran, John T. Murray, Richard Fiske, Ben Taggart, Stanley Brown",https://www.filmcrave.com/movie_page_main.php?id=51631,Unknown
The Awful Goof,36506,2.5,2,12/22/1939,English,Comedy,NR,Del Lord,"Charley Chase, Dorothy Comingore, Lucille Lund, Dick Curtis, Bud Jamison",https://www.filmcrave.com/movie_page_main.php?id=51632,Unknown
The Heckler,40633,2.3,2,02/16/1940,English,Comedy,NR,Del Lord,"Charley Chase, Bruce Bennett, Richard Fiske, Stanley Brown, Don Beddoe, Vernon Dent",https://www.filmcrave.com/movie_page_main.php?id=51633,Unknown
South of the Boudoir,31803,2.8,2,05/17/1940,English,Comedy,NR,Del Lord,"Charley Chase, Helen Lynd, Ann Doran, Arthur Q. Bryan",https://www.filmcrave.com/movie_page_main.php?id=51634,Unknown
A Nag in the Bag,25153,3.0,2,11/11/1938,English,Comedy,NR,Charley Chase,"Joe Smith, Charles Dale",https://www.filmcrave.com/movie_page_main.php?id=51635,Unknown
The Lost Laugh,30095,2.2,3,07/15/1928,English,Comedy,NR,Stephen Roberts,"Wallace Lupino, Lucille Hutton, Monte Collins",https://www.filmcrave.com/movie_page_main.php?id=51636,Unknown
Loose Change,21844,2.5,3,10/06/1928,English,Comedy,NR,Harold Beaudine,"Jack Duffy, Neal Burns, Lorraine MacLean, Winnie Law, Glen Cavender, Eddie Barry",https://www.filmcrave.com/movie_page_main.php?id=51637,Unknown
Wedding Slips,30089,2.2,3,01/15/1928,English,Comedy,NR,Jules White,"Monte Collins, Lucille Hutton, Jack Lloyd, Robert Graves, Eva Thatcher",https://www.filmcrave.com/movie_page_main.php?id=51638,Unknown
Shoot Straight,24996,3.0,2,03/11/1923,English,Comedy,NR,J.A. Howe,"James Parrott, Jobyna Ralston, George Rowe",https://www.filmcrave.com/movie_page_main.php?id=51639,Unknown
The Misfit,24998,3.0,2,03/23/1924,English,Comedy,NR,"Albert Austin, Clyde Cook","Clyde Cook, Blanche Payson, Joe Roberts",https://www.filmcrave.com/movie_page_main.php?id=51640,Unknown
Cheer Up,31663,2.8,2,09/28/1924,English,Comedy,NR,Stephen Roberts,"Cliff Bowes, Virginia Vance, Eddie Boland, Frank Alexander, Tommy Hicks, Sidney Smith",https://www.filmcrave.com/movie_page_main.php?id=51641,Unknown
"Dresden Doll, The ( Mechanial Doll )",40286,2.3,2,02/07/1922,English,"Animation, Comedy",NR,Dave Fleischer,Unknown,https://www.filmcrave.com/movie_page_main.php?id=51642,Unknown
The Water Plug,36237,2.5,2,05/01/1920,English,Comedy,NR,George Jeske,"Billy Franey, S.D. Wilcox",https://www.filmcrave.com/movie_page_main.php?id=51643,Unknown
The Crackerjack,45691,1.8,2,05/08/1925,English,Comedy,NR,Charles Hines,"Johnny Hines, Sigrid Holmquist, Henry West, Bradley Barker, J. Barney Sherry",https://www.filmcrave.com/movie_page_main.php?id=51644,Unknown
Test,44745,2.0,2,06/07/2013,English,Drama,NR,Chris Mason Johnson,"Kevin Clarke, Kristoffer Cusick, Scott Marlowe, Matthew Risch, Damon K. Sperber",https://www.filmcrave.com/movie_page_main.php?id=51645,Unknown
Two: The Story of Roman & Nyro,7682,3.2,3,09/28/2013,English,"Documentary, Biography",NR,Heather Winters,"Desmond Child, Curtis Shaw, Angela Whittaker, Nyro Shaw Child, Roman Shaw Child, Deepak Chopra",https://www.filmcrave.com/movie_page_main.php?id=51646,"Two young boys' lives are captured as they are raised by gay parents, showing that even though it is not a traditional household, it is a very loving and supportive one"
Almost Human,40027,1.6,8,09/19/2013,English,"Horror, Sci-Fi",NR,Joe Begos,"Graham Skipper, Josh Ethier, Vanessa Leigh, Susan T. Travers, Anthony Amaral III, Michael A. LoCicero",https://www.filmcrave.com/movie_page_main.php?id=51647,"Seth Hampton was the last person to see his friend Mark Fisher - who abruptly disappeared from his home in a flash of blue light. Two years later, with a trail of bodies to follow, Seth believes Mark has returned - and something evil has taken hold. --"
Goldberg & Eisenberg,55367,1.5,2,09/22/2013,Hebrew,"Horror, Thriller",NR,Oren Carmi,"Eran Bohem, Daniel Brusovani, Ronny Dotan, Yahav Gal, Ori Halevy, Eyal Kentov",https://www.filmcrave.com/movie_page_main.php?id=51648,Unknown
Teenage,11781,2.8,4,04/01/2013,English,"Documentary, Historical",NR,Matt Wolf,"Jena Malone, Ben Whishaw, Alden Ehrenreich, Ben Rosenfield, Jessie Usher, Syrie Moskowitz",https://www.filmcrave.com/movie_page_main.php?id=51649,"Today, a teenager is clearly defined - the area between childhood and adulthood but it wasn't always that way. Using archival material from the early 20th century, we find the voices of a new generation - one that struggles to find a balance between the adults around them, and the youthful nature they are trying to leave behind. --"
Wyoming Triumph: A Workingman's Ski and Snowboard Feature,34409,1.9,4,04/01/2012,English,"Documentary, Adventure",NR,"Chris Kitchen, Sam Pope","Max Hammer, Trevor Hiatt, Hannah Horrigan, Rob Lapier, Matt Luczkow, Tucker Mead",https://www.filmcrave.com/movie_page_main.php?id=51650,"Amateur filmmakers take on the remote, rugged Wyoming mountains and despite some close calls (and broken bones) they come back with a story to tell. --"
Rise of the Fellowship,37889,2.5,2,12/03/2013,English,"Adventure, Comedy",NR,Ron Newcomb,"Justin Moe, Jayme Bell, Cole Matson, Emma Earnest, Wolf J. Sherrill, Jason Krznarich",https://www.filmcrave.com/movie_page_main.php?id=51651,Unknown
Age of Uprising: The Legend of Michael Kohlhaas,18865,2.7,3,10/16/2013,French,"Drama, Historical",NR,Arnaud des Pallières,"Mads Mikkelsen, Mélusine Mayance, Delphine Chuillot, David Kross, Bruno Ganz, Denis Lavant",https://www.filmcrave.com/movie_page_main.php?id=51652,Unknown
Attila,44772,2.0,2,12/31/2013,English,Action,NR,Emmanuel Itier,"Tiffany Adams, Luke Barnett, Roxanna Bina, Phillip Andre Botello, Cris Cole, Mikayla S. Campbell",https://www.filmcrave.com/movie_page_main.php?id=51653,Unknown
Bela Kiss: Prologue,43131,1.7,3,12/03/2013,English,"Horror, Mystery",R,Lucien Förstner,"Kristina Klebe, Rudolf Martin, Fabian Stumm, Ben Bela Böhm, Janina Elkin, Angus McGruther",https://www.filmcrave.com/movie_page_main.php?id=51654,"In the early days of WWI, a serial killer known as Bela Kiss killed 23 young women, draining their blood and conserving their bodies in metal containers filled with alcohol - and then disappeared. Rumored sightings continued, though he was never caught. A century later five bank robbers fleeing police hole up in an abandoned hotel - but this is no safe house - and maybe Bela Kiss never died... --"
Stand Your Ground,24912,3.0,2,01/17/2014,English,"Crime, Drama",PG-13,Michael McClendon,"B.J. Arnett, Cameron Arnett, Paul Barlow Jr., Ron Bracewell, Francine Locke, Scott McDonald",https://www.filmcrave.com/movie_page_main.php?id=51655,A devout woman has her faith put to the test when her son is falsely accused of murder but all the evidence points to his guilt. --
Summer in February,10962,2.6,8,01/17/2014,English,"Biography, Drama",NR,Christopher Menaul,"Dominic Cooper, Emily Browning, Dan Stevens, Hattie Morahan, Mia Austen, Shaun Dingwall",https://www.filmcrave.com/movie_page_main.php?id=51656,"In the early 20th Century at the Newlyn School for artists, scandal, liberty and love ensnare a group of artists in the Lamorna Group. --"
Mountains of the Moon ( Chander Pahar ),41932,2.3,2,01/10/2014,English,Adventure,NR,Kamaleswar Mukherjee,"Dev, Martin Cito Otto, Nabeel Khan, Paul Ditchfield, David James, Peter Moruakgomo",https://www.filmcrave.com/movie_page_main.php?id=51657,"A young man wants nothing more than to escape the impoverished village he calls home - and the factory job that is his future. Styling himself and explorer and geographer, he gets the opportunity of a lifetime when he hitches a ride to the Dark Continent and an adventure the Mountains of the Moon where a fabled gold and diamond mine awaits - if he can survive the creatures and challenges that protect it. --"
Black Coffee,36065,1.8,6,01/10/2014,English,"Comedy, Romance",PG,Mark Harris,"Gabrielle Dennis, Brely Evans, Richard Gallion, Darrin Dewitt Henson, Tiffany Hines, Erica Hubbard",https://www.filmcrave.com/movie_page_main.php?id=51658,"At one of the worst times of his life, Robert thinks he has found the woman of his dreams. But when her ex-husband comes crawling back, and his own ex-gold-digging girlfriend does the same, he will have to enlist some outside help to make the best out of a bad situation. --"
Sorority Party Massacre,28700,2.1,4,12/01/2012,English,Horror,R,"Chris W. Freeman, Justin Jones","Marissa Skell, Eve Mauro, Ed O'Ross, Yvette Yates, Thomas Downey, Casey Fitzgerald",https://www.filmcrave.com/movie_page_main.php?id=51659,An ode to 80s slasher films - a sorority house party turns to terror when a slasher gives them a lesson in killing 101. --
Someone Marry Barry,24493,2.3,4,02/07/2014,English,Comedy,NR,Rob Pearlstein,"Tyler Labine, Damon Wayans Jr., Lucy Punch, Hayes MacArthur, Thomas Middleditch, Ed Helms",https://www.filmcrave.com/movie_page_main.php?id=51660,"Three friends are fed up with Barry Burke - who can't seem to be sociably acceptable in any situation. They scheme to find a wife for him to take him out of the picture, but the woman he finds ends up just as bad as him... and only serves to double their misery. --"
The Outsider,21726,2.1,11,02/07/2014,English,"Action, Crime",NR,Brian A Miller,"Shannon Elizabeth, James Caan, Jason Patric, Johnny Messner, Brittney Alger, Melissa Ordway",https://www.filmcrave.com/movie_page_main.php?id=51661,"Lex Walker is a British mercenary working in Afghanistan when he gets called to Los Angeles to identify his daughter's body. Once there, he discovers the body is not hers. After convincing a detective to help him find out the truth, he becomes the target of his daughter's former boss - a crooked cyber millionaire who will stop at nothing to protect his empire. --"
The Tightrope,46661,1.8,2,01/01/2014,French,"Documentary, Biography",NR,Simon Brook,"Peter Brook, Micha Lescot, Lydia Wilson, Hayley Carmichael, Marcello Magni, Yoshi Oida",https://www.filmcrave.com/movie_page_main.php?id=51662,Unknown
"Great Passage, The ( Fune wo amu )",37830,2.5,2,06/04/2013,Japanese,Drama,NR,Yûya Ishii,"Kumiko Asô, Chizuru Ikewaki, Hiroko Isayama, Kaoru Kobayashi, Haru Kuroki, Naoki Matayoshi",https://www.filmcrave.com/movie_page_main.php?id=51663,Unknown
Awful Nice,28416,2.3,3,03/08/2013,English,Comedy,R,Todd Sklar,"Christopher Meloni, Laura Ramsey, Henry Zebrowski, Keeley Hazell, Brett Gelman, Zahn McClarnon",https://www.filmcrave.com/movie_page_main.php?id=51664,"A successful yet unfulfilled college professor learns his father has died and must bring his deadbeat brother to the funeral. They learn each has inherited one half of the Branson, MO vacation home and, in order to get the money they both desperately need, they will have to learn to work together to fix the house - and maybe their relationship. --"
I'm Dating You Not ( Esto no es una cita ),14263,2.8,3,10/27/2013,Spanish,"Comedy, Romance",NR,Guillermo Fernández Groizard,"Virginia Rodríguez, Darío Frias, Alexandra Jiménez, Fernando Cayo, Jorge Pobes, Carlotta Cosials",https://www.filmcrave.com/movie_page_main.php?id=51665,Unknown
"Missing Picture, The ( image manquante, L' )",13581,2.5,6,09/30/2013,French,Documentary,NR,Rithy Panh,"Randal Douc, Jean-Baptiste Phou",https://www.filmcrave.com/movie_page_main.php?id=51666,"Director Rithy Panh takes on the atrocities of Cambodia's Khmer Rouge using a combination of archival footage, along with claymation animation set to his own narration. --"
Snails in the Rain,26042,3.0,2,10/20/2013,Hebrew,Drama,NR,Yariv Mozer,"Yoav Reuveni, Moran Rosenblatt, Guy Lubelchik, Yehuda Nahari, Dana Tross, Adi Douiev",https://www.filmcrave.com/movie_page_main.php?id=51667,Unknown
Adult World,11827,2.5,12,02/14/2014,English,Comedy,R,Scott Coffey,"John Cusack, Emma Roberts, Evan Peters, Shannon Woodward, Cloris Leachman, Armando Riesco",https://www.filmcrave.com/movie_page_main.php?id=51668,"A naive college grad believes she is destined to become the next great poet - but she winds up working at sex shop while she becomes a mentor to a reclusive writer, Rat Billings. --"
Walking with the Enemy ,24902,3.0,2,10/13/2013,English,"Drama, Historical",PG-13,Mark Schmidt,"Jonas Armstrong, Ben Kingsley, Hannah Tointon, Simon Kunz, Simon Dutton, Burn Gorman",https://www.filmcrave.com/movie_page_main.php?id=51669,Unknown
Southern Baptist Sissies,37886,2.5,2,11/18/2013,English,Drama,NR,Del Shores,"Emerson Collins, Leslie Jordan, Dale Dickey, Willam Belli, Luke Stratte-McClure, Matthew Scott Montgomery",https://www.filmcrave.com/movie_page_main.php?id=51670,Unknown
Blue Ruin,1552,3.0,46,09/22/2013,English,Thriller,R,Jeremy Saulnier,"Macon Blair, Devin Ratray, Amy Hargreaves, Kevin Kolack, Eve Plumb, David W. Thompson",https://www.filmcrave.com/movie_page_main.php?id=51671,A loner returns home after long absence in order to carry out vengeance as
Betrayal,44774,2.0,2,01/01/2014,English,"Action, Crime",NR,Jack Topalian,"Jack Topalian, Eric Roberts, Oleg Taktarov, Scott L. Schwartz, Ric Young, Vaz Andreas",https://www.filmcrave.com/movie_page_main.php?id=51672,Unknown
The Grounded,37802,2.5,2,01/01/2013,English,"Family, Comedy",NR,Tom Luong,"Jill Albano, Shane Kaufman, Stuart McClay Smith, Kevin Austin, Tracey Birdsall, Ashley Park",https://www.filmcrave.com/movie_page_main.php?id=51673,Unknown
Jessabelle,34119,1.7,10,08/29/2014,English,"Horror, Thriller",PG-13,Kevin Greutert,"Sarah Snook, Mark Webber, Joelle Carter, David Andrews, Amber Stevens, Larisa Oleynik",https://www.filmcrave.com/movie_page_main.php?id=51674,"Following a car accident, a young woman finds herself recuperating at her childhood home in Louisiana. But this homecoming is not the most welcome, from her distant father to a series of increasingly disturbing home videos left behind by her late mother. Soon she begins to have visions, sees a strange woman and learns that some skeletons refuse to stay buried. --"
Scarecrow,36064,1.8,6,10/05/2013,English,"Horror, Sci-Fi",NR,Sheldon Wilson,"Lacey Chabert, Richard Harmon, Robin Dunne, Nicole Muñoz, Julia Maxwell, Brittney Wilson",https://www.filmcrave.com/movie_page_main.php?id=51675,"An urban legend that provides nightmare fodder for children becomes all too real for a group of students serving detention by fixing up an old farm house. In the corn field surrounding the farm, something evil awakens... --"
Mourning Has Broken,32883,2.8,2,09/28/2013,English,Drama,NR,"Brett M. Butler, Jason G. Butler","Robert Nolan, Sara Miller, Shawn Devlin, Jason G. Butler, Damien Gulde, Jane Pokou",https://www.filmcrave.com/movie_page_main.php?id=51676,Unknown
Keyholes Are for Peeping,45310,1.5,3,01/01/1972,English,Comedy,NR,Doris Wishman,"Sammy Petrillo, Phillip Stahl, Saul Meth, Arlana Blue, Pamela Mann, Alex Mann",https://www.filmcrave.com/movie_page_main.php?id=51677,Unknown
"So Sweet, So Dead ( Rivelazioni di un maniaco sessuale al capo della squadra mobile )",45320,1.5,3,07/01/1975,Italian,"Crime, Horror",NC-17,Roberto Bianchi Montero,"Farley Granger, Sylva Koscina, Silvano Tranquilli, Annabella Incontrera, Chris Avram, Femi Benussi",https://www.filmcrave.com/movie_page_main.php?id=51678,Unknown
Let Me Die a Woman,45323,1.5,3,01/01/1977,English,Documentary,NC-17,Doris Wishman,"Leo Wolman, Deborah Harten, Lisa Carmelle, Frank Pizzo, Carol Sands, Billy Kelman",https://www.filmcrave.com/movie_page_main.php?id=51679,Unknown
"Generation War ( Unsere Mütter, unsere Väter )",17858,2.7,3,03/01/2013,German,"Drama, Historical",NR,Philipp Kadelbach,"Volker Bruch, Tom Schilling, Katharina Schüttler, Miriam Stein, Ludwig Trepte, Mark Waschke",https://www.filmcrave.com/movie_page_main.php?id=51680,Unknown
The Great Flood,35967,2.0,3,01/08/2014,English,"Documentary, Historical",NR,Bill Morrison,Bill Frisell,https://www.filmcrave.com/movie_page_main.php?id=51681,"In 1927 the Mississippi River broke out of its banks in 145 places, causing the largest river flood in modern history when it covered 27,000 square feet of land in up to 30 feet of water. But this flood also had a profound impact on migration and music, as the mass exodus of sharecroppers in the South, and the ""Delta Blues"" sound led to Chicago Blues, Rhythm and Blues and ultimately what we know as rock n roll. A story told in images and music. --"
Loves Her Gun,20015,2.3,5,01/10/2013,English,Drama,NR,Geoff Marslett,"Francisco Barreiro, Miranda Childs, Josephine Decker, Trieste Kelly Dunn, Melissa Bisagni, Jenny Connell",https://www.filmcrave.com/movie_page_main.php?id=51682,"A young woman, fed up with the violent culture of New York, moves to a more laid back attitude in Austin, Texas. Once there, however, she finds herself drawn into the local gun culture, and her old fears come back to haunt her. --"
Thy Will Be Done,44773,2.0,2,12/31/2013,English,"Drama, Family",NR,Albert Johnson,"Ivana Ruegg, Al Garrison, Kathy Bowman, Jocelyn Bowman, Albert Johnson, Sundra Ryce",https://www.filmcrave.com/movie_page_main.php?id=51683,Unknown
Coast of Death ( Costa da Morte ),26036,3.0,2,10/04/2013,Other,"Documentary, Drama",NR,Lois Patiño,Unknown,https://www.filmcrave.com/movie_page_main.php?id=51684,Unknown
The Last Song Before the War,37821,2.5,2,04/21/2013,French,"Documentary, Adventure",NR,Kiley Kraskouskas,Unknown,https://www.filmcrave.com/movie_page_main.php?id=51685,Unknown
Stitches,33582,2.0,4,10/05/2012,English,"Comedy, Horror",R,Conor McMahon,"Ross Noble, Tommy Knight, Shane Murray-Corcoran, Gemma-Leah Devereux, Thommas Kane Byrnes, Eoghan McQuinn",https://www.filmcrave.com/movie_page_main.php?id=51686,A clown comes back from the dead to get revenge on those who killed him during a party
Innocence,17928,2.7,3,08/15/2014,English,"Action, Horror",NR,Hilary Brougher,"Sophie Curtis, Kelly Reilly, Graham Phillips, Linus Roache, Sarah Sutherland, Stephanie March",https://www.filmcrave.com/movie_page_main.php?id=51687,Unknown
Lootera,41911,2.3,2,07/05/2013,Hindi,"Drama, Romance",NR,Vikramaditya Motwane,"Ranveer Singh, Sonakshi Sinha, Adil Hussain, Vikrant Massey, Arif Zakaria, Divya Dutta",https://www.filmcrave.com/movie_page_main.php?id=51688,Unknown
Manuscripts Don't Burn ( Dast-Neveshtehaa Nemisoosand ),26047,3.0,2,11/08/2013,Persian,Drama,NR,Mohammad Rasoulof,Unknown,https://www.filmcrave.com/movie_page_main.php?id=51689,Unknown
"Mercury Factor, The ( Something Good )",26038,3.0,2,10/11/2013,English,Thriller,NR,Luca Barbareschi,"Luca Barbareschi, Jingchu Zhang, Carl Ng, Frank Crudele, Branko Djuric, Gary Lewis",https://www.filmcrave.com/movie_page_main.php?id=51690,Unknown
Metro Manila,2046,3.3,5,01/20/2013,Other,"Action, Crime",NR,Sean Ellis,"Jake Macapagal, Althea Vega, John Arcilla, Erin Panlilio, JM Rodriguez, Ana Abad-Santos",https://www.filmcrave.com/movie_page_main.php?id=51691,Unknown
Honey ( Miele ),5099,3.1,4,10/15/2013,Italian,Drama,NR,Valeria Golino,"Jasmine Trinca, Carlo Cecchi, Libero De Rienzo, Vinicio Marchioni, Iaia Forte, Roberto De Francesco",https://www.filmcrave.com/movie_page_main.php?id=51692,"Irene who goes by the name ""Honey"" makes it her mission to  help others end their suffering - even in the most extreme circumstances. But when she comes across Grimaldi, his case is unique, and the decision to help is much more difficult. --"
My Sweet Pepper Land,44760,2.0,2,10/14/2013,Arabic,Drama,NR,Hiner Saleem,"Korkmaz Arslan, Golshifteh Farahani, Suat Usta",https://www.filmcrave.com/movie_page_main.php?id=51693,Unknown
Particle Fever,15581,2.5,5,09/29/2013,English,Documentary,NR,Mark Levinson,"Martin Aleksa, Nima Arkani-Hamed, Savas Dimopoulos, Monica Dunford, Fabiola Gianotti, David Kaplan",https://www.filmcrave.com/movie_page_main.php?id=51694,Unknown
A Most Violent Year,2750,2.9,31,12/31/2014,English,"Crime, Drama",R,J.C. Chandor,"Jessica Chastain, Oscar Isaac, Ashley Williams, Elyes Gabel, Elyes Gabel, Harris Yulin",https://www.filmcrave.com/movie_page_main.php?id=51695,New York City - winter 1981 - considered one of the most violent years in the cities history. An immigrant and his family try to get by - expanding a business - even as the moral decay and corruption surrounding them threatens to bring down everything they have built. --
Nymphomaniac: Volume II,8506,2.5,30,04/04/2014,English,"Drama, Mystery",NR,Lars von Trier,"Charlotte Gainsbourg, Stellan Skarsgård, Jamie Bell, Willem Dafoe, Mia Goth, Shia LaBeouf",https://www.filmcrave.com/movie_page_main.php?id=51696,The second part of Lars von Trier's explicit journey of Joe shows the darker aspects of her adult life and how she found herself in the care of Seligman. --
Under the Same Sun,37849,2.5,2,09/01/2013,Arabic,"Drama, Historical",NR,Sameh Zoabi,"Ali Suliman, Dirar Suleiman, Bassem Loulou, Lucy Aharish, Yoav Hayt, Loai Nofi",https://www.filmcrave.com/movie_page_main.php?id=51697,Unknown
"Verdict, The ( Het Vonnis )",31454,2.2,3,10/16/2013,Dutch,Drama,NR,Jan Verheyen,"Koen De Bouw, Veerle Baetens, Jo De Meyere, Joke Devynck, Sven De Ridder, Hendrik Aerts",https://www.filmcrave.com/movie_page_main.php?id=51698,Unknown
Patch Town,18869,2.7,3,01/04/2014,English,"Comedy, Fantasy",NR,Craig Goodwill,"Rob Ramsay, Joe Delfin, Stephanie Pitsiladis, Ken Hall, Jake Michaels, Jon Cor",https://www.filmcrave.com/movie_page_main.php?id=51699,Unknown
The Italian Character,44766,2.0,2,11/19/2013,English,Documentary,NR,Angelo Bozzolini,Antonio Pappano,https://www.filmcrave.com/movie_page_main.php?id=51700,Unknown
Medeas,37901,2.5,2,01/03/2014,English,Drama,NR,Andrea Pallaoro,"Catalina Sandino Moreno, Brían F. O'Byrne, Mary Mouser, Ian Nelson, Maxim Knight, Jake Vaughn",https://www.filmcrave.com/movie_page_main.php?id=51701,Unknown
Milius,2639,3.1,9,01/11/2014,English,Documentary,NR,"Joey Figueroa, Zak Knutson","John Milius, Francis Ford Coppola, Clint Eastwood, Martin Scorsese, Oliver Stone, Robert Zemeckis",https://www.filmcrave.com/movie_page_main.php?id=51702,"Documentary of John Milius, a boisterous  Hollywood writer, producer, writer, and actor."
Black Out,32833,2.8,2,09/20/2012,Dutch,"Comedy, Crime",NR,Arne Toonen,"Raymond Thiry, Kim van Kooten, Bas Keijzer, Renee Fokker, Edmond Classen, Katja Schuurman",https://www.filmcrave.com/movie_page_main.php?id=51703,Unknown
Redemption A.D. ( 15MOF? Redemption ),37927,2.5,2,02/27/2014,English,Thriller,NR,Mike Messier,"Tony Moran, Ashley Couture, Ashley Tramonte, Van Brockmann, David R. Reid, Chuck Case III",https://www.filmcrave.com/movie_page_main.php?id=51704,Unknown
Against the Grain,41933,2.3,2,01/14/2014,English,"Drama, Romance",NR,Elias Mael,"Vaughn Wilkinson, Amaris Davidson, Sewell Whitney, Myles Cranford, Derrick Kemp, David Coe",https://www.filmcrave.com/movie_page_main.php?id=51705,Unknown
$50K and a Call Girl: A Love Story,34418,1.9,4,01/14/2014,English,Drama,R,Seth Grossman,"Ross Patterson, Jessie Wiseman, Seth Grossman, Lauren Aboulafia, Asher Roth, Kelly Curran",https://www.filmcrave.com/movie_page_main.php?id=51706,Unknown
Bristel Goodman,37899,2.5,2,01/03/2014,English,"Drama, Thriller",NR,Dan Harnden,"Jude Destin, John Golaszewski, Kate Gorney, William Laney, Jessica Myhr, Ezra Saint James",https://www.filmcrave.com/movie_page_main.php?id=51707,Unknown
Bridgewalkers,37884,2.5,2,11/10/2013,English,Documentary,NR,Kara Rhodes,Unknown,https://www.filmcrave.com/movie_page_main.php?id=51708,Unknown
Haunt,13328,2.4,10,11/06/2013,English,Horror,R,Mac Carter,"Liana Liberato, Ione Skye, Danielle Chuchran, Jacki Weaver, Harrison Gilbertson, Lauren Frandsen",https://www.filmcrave.com/movie_page_main.php?id=51709,"A family moves in to a new house with a violent past. The most introverted of their three sons strikes up a relationship with a neighbor girl and, after finds a mysterious radio in the attic, communicate with the spirits and unleash a new horror into the world. --"
Black Roots,13981,2.8,3,09/24/1970,English,Documentary,NR,Lionel Rogosin,"Jim Collier, Gary Davis, Larry Johnson, Florynce Kennedy, Wende Smith",https://www.filmcrave.com/movie_page_main.php?id=51710,Unknown
"Bright Days Ahead ( beaux jours, Les )",37832,2.5,2,06/19/2013,French,Romance,NR,Marion Vernoux,"Fanny Ardant, Laurent Lafitte, Marie Rivière, Féodor Atkine, Patrick Chesnais, Jean-François Stévenin",https://www.filmcrave.com/movie_page_main.php?id=51711,Unknown
Orenthal: The Musical,37844,2.5,2,08/01/2013,English,"Comedy, Musical",NR,Jeff Rosenberg,"Jordan Kenneth Kamp, Malcolm Barrett, Larisa Oleynik, Owiso Odera, Mimi Michaels, Bianca DeGroat",https://www.filmcrave.com/movie_page_main.php?id=51712,Unknown
Shades of Blue ( Sombras de Azul ),44762,2.0,2,10/24/2013,Spanish,Drama,NR,Kelly Daniela Norris,"Adelaida Borges Fernandez, Seedne Bujaidar, Alejandro Cuba, Charlotta Mohlin, Yasmani Guerrero, Maria Elena Zambrano",https://www.filmcrave.com/movie_page_main.php?id=51713,Unknown
Tough Bond,41920,2.3,2,10/11/2013,Other,"Documentary, Drama",NR,"Austin Peck, Anneliese Vandenberg",Unknown,https://www.filmcrave.com/movie_page_main.php?id=51714,Unknown
Exorcism at Midnight ( Naked Evil ),25464,3.0,2,01/01/1966,English,Horror,PG,"Stanley Goulder, Steven Jacobson","Basil Dignam, Anthony Ainley, Suzanne Neve, Richard Coleman, Olaf Pooley, John Ashley Hamilton",https://www.filmcrave.com/movie_page_main.php?id=51715,Unknown
The War Between Men and Women,22447,2.5,3,06/01/1972,English,"Comedy, Drama",PG,Melville Shavelson,"Jack Lemmon, Barbara Harris, Jason Robards, Herb Edelman, Lisa Gerritsen, Lisa Eilbacher",https://www.filmcrave.com/movie_page_main.php?id=51716,Unknown
G.B.F.,12194,2.5,11,01/17/2014,English,Comedy,R,Darren Stein,"Michael J. Willett, Paul Iacono, Evanna Lynch, Andrea Bowen, Xosha Roquemor, Sasha Pieterse",https://www.filmcrave.com/movie_page_main.php?id=51717,"When high school student Tanner is outed - he suddenly finds himself becoming the hottest new accessory to the clique of queen bees - the Gay Best Friend - but as his popularity increases, he finds himself losing his old self - and old friends as well. --"
Cavemen,21095,2.4,4,10/25/2013,English,Comedy,R,Herschel Faber,"Alexis Knapp, Chad Michael Murray, Skylar Astin, Camilla Belle, Chasty Ballesteros, Jason Patric",https://www.filmcrave.com/movie_page_main.php?id=51718,"Follows the lives of a group of single, semi-employed men living in a wareshouse converted to living quarters as they navigate life (and maybe love) in downtown L.A. --"
From Above ( Chasing Shakespeare ),17850,2.7,3,03/01/2013,English,"Drama, Romance",PG,Norry Niven,"Danny Glover, Graham Greene, Chelsea Ricketts, Mike Wade, Tantoo Cardinal, Adriana Mather",https://www.filmcrave.com/movie_page_main.php?id=51719,Unknown
Victor Young Perez,37870,2.5,2,10/12/2013,French,"Biography, Drama",NR,Jacques Ouaniche,"Brahim Asloum, Steve Suissa, Isabella Orsini, Patrick Bouchitey, Davy Sardou, Bruce Payne",https://www.filmcrave.com/movie_page_main.php?id=51720,Unknown
Following Sean,37602,2.5,2,01/13/2006,English,Documentary,NR,Ralph Arlyck,"Ralph Arlyck, Sean Farrell",https://www.filmcrave.com/movie_page_main.php?id=51721,"A documentary film based on a 1969 short film, ""Sean"", about a four year old boy being asked his thoughts on marijuana, sex, etc. --"
Sean,37108,2.5,2,11/01/1970,English,Documentary,NR,Ralph Arlyck,"Ralph Arlyck, Sean Farrell",https://www.filmcrave.com/movie_page_main.php?id=51722,Unknown
Pet Peeve ( Fuan no Tane ),41912,2.3,2,07/20/2013,Japanese,Horror,NR,Toshikazu Nagae,"Kôdai Asaka, Anna Ishibashi, Shimako Iwai, Kenta Suga, Kanji Tsuda",https://www.filmcrave.com/movie_page_main.php?id=51723,Unknown
Flu ( Gamgi ),23354,2.2,6,08/16/2013,Korean,"Action, Sci-Fi",NR,Sung-su Kim,"Hyuk Jang, Soo Ae, Andrew William Brand, In-Pyo Cha, Yoo Hae-jin, Min-ah Park",https://www.filmcrave.com/movie_page_main.php?id=51724,"In Bundang, a suburb of Seoul, an epedimic sweeps across the region after Byung-woo smuggles in a group of illegal immigrants. As the infection rapidly spread, a group works on a cure while the city, within striking distance of the capitol, is put under quarantine. --"
Wicked Blood,11087,2.5,11,01/01/2014,English,"Drama, Thriller",NR,Mark Young,"Abigail Breslin, Alexa PenaVega, Sean Bean, James Purefoy, Jake Busey, Lew Temple",https://www.filmcrave.com/movie_page_main.php?id=51725,"A young woman is trapped in a Southern underworld by her family - violence and drugs are around every corner and she uses chess as her refuge. Her Uncle Frank, along with his unhinged brother, rule the family with an iron fist. But things will get worse when she finds herself attracted to meth dealer at war with Frank - and she will have to play the ultimate game, with her family as pawns, to finally break free. --"
Memphis,38831,1.8,4,01/17/2014,English,Drama,NR,Tim Sutton,"Willis Earl Beal, Constance Brantley, Larry Dodson, Devonte Hull, Lopaka Thomas",https://www.filmcrave.com/movie_page_main.php?id=51726,"A talented, yet distant singer drifts through the city of Memphis - driven by spirituality and danger - he avoids the recording studio, and tries to avoid temptation, on a journey of self discovery. --"
Crimes Against Humanity,55368,1.5,2,01/18/2014,English,Comedy,NR,Jerzy Rose,"Mike Lopez, Lyra Hill, Ted Tremper, Adebukola Bodunrin, Adam Paul, Sue Klaus",https://www.filmcrave.com/movie_page_main.php?id=51727,Unknown
Freezer,38610,1.7,5,01/17/2014,English,"Action, Thriller",R,Mikael Salomon,"Dylan McDermott, Yuliya Snigir, Peter Facinelli, Andrey Ivchenko, David McNally, Markus Parilo",https://www.filmcrave.com/movie_page_main.php?id=51728,Unknown
Shanghai Hotel,37904,2.5,2,01/17/2014,English,Drama,NR,Jerry Allen Davis,"Eugenia Yuan, Hill Harper, Pei-pei Cheng, Ron Yuan, Peter Greene, J.D. Williams",https://www.filmcrave.com/movie_page_main.php?id=51729,Unknown
Reasonable Doubt,16252,2.3,16,01/17/2014,English,"Crime, Thriller",R,Peter Howitt,"Samuel L. Jackson, Dominic Cooper, Erin Karpluk, Gloria Reuben, Ryan Robbins, Philippe Brenninkmeyer",https://www.filmcrave.com/movie_page_main.php?id=51730,"An up-and-coming DA kills a man in a hit-and-run accident, but another man, found with the body, is charged with the crime. But he finds himself at part of the trial and helps free the man by throwing the trial... only to find his life unraveling when the man reveals a secret that could destroy him. --"
Laggies,9183,2.5,16,10/24/2014,English,Drama,R,Lynn Shelton,"Chloë Grace Moretz, Keira Knightley, Sam Rockwell, Ellie Kemper, Gretchen Mol, Kaitlyn Dever",https://www.filmcrave.com/movie_page_main.php?id=51731,"A woman who has never really grown up ditches her fiance for a ""retreat"" that is in actuality just an excuse to hang out with her friends. --"
Armistice ( Warhouse ),29181,2.1,4,01/07/2014,English,"Horror, Thriller",NR,Luke Massey,"Joseph Morgan, Matt Ryan, William Troughton",https://www.filmcrave.com/movie_page_main.php?id=51732,A Royal Marine awakens each day to face inhuman opponents in a fight to the death. --
Afflicted,7540,2.6,21,04/04/2014,English,"Horror, Thriller",R,"Derek Lee, Clif Prowse","Michael Gill, Clif Prowse, Derek Lee, Jason Lee, Gary Redekop, Lily Py Lee",https://www.filmcrave.com/movie_page_main.php?id=51733,"Two friends decide to go on the trip of a lifetime - planning to travel from one end of the globe to the other. But just days in, one of them shows signs of a mysterious infection - and it soon begins to consume him. In a foreign land, they fight to uncover the origin before it consumes him completely. --"
Fateful Findings,34536,1.8,5,05/25/2013,English,"Drama, Fantasy",NR,Neil Breen,"Danielle Andrade, Jennifer Autry, Brianna Borden, Neil Breen, Klara Landrat",https://www.filmcrave.com/movie_page_main.php?id=51734,Unknown
Goodbye World ,33888,1.9,5,06/15/2013,English,"Comedy, Drama",NR,Denis Hennelly,"Adrian Grenier, Gaby Hoffmann, Ben McKenzie, Mark Webber, Kerry Bishé, Caroline Dhavernas",https://www.filmcrave.com/movie_page_main.php?id=51735,Unknown
Next Year in Jerusalem,26027,3.0,2,09/01/2013,English,"Documentary, Biography",NR,David Gaynes,"Regine Arouette, Helen Downs, Sandy Levin, Leslie Novis, Selma Rosenblatt",https://www.filmcrave.com/movie_page_main.php?id=51736,Unknown
I Play with the Phrase Each Other,37908,2.5,2,01/18/2014,English,"Comedy, Crime",NR,Jay Alvarez,"Jay Alvarez, Will Hand, Megan Kopp, Alexander Fraser, Alla Anderson, Brynn Baron",https://www.filmcrave.com/movie_page_main.php?id=51737,Unknown
Rezeta,37909,2.5,2,01/18/2014,English,"Comedy, Drama",NR,Fernando Frias,"Rezeta Veliu, Roger Mendoza, Paulina Davila, Emiliano Becerril, Sebastian Cordova, Roger Mendoza",https://www.filmcrave.com/movie_page_main.php?id=51738,Unknown
Everything We Loved,37902,2.5,2,01/05/2014,English,Drama,NR,Max Currie,"Ben Clarkson, Brett Stewart, Sia Trokenheim",https://www.filmcrave.com/movie_page_main.php?id=51739,Unknown
My Blind Heart ( Mein blindes Herz ),32908,2.8,2,01/19/2014,German,Drama,NR,Peter Brunner,"Georg Friedrich, Christos Haas, Susanne Lothar, Peter Matic, Jana McKinnon, Robert Schmiedt",https://www.filmcrave.com/movie_page_main.php?id=51740,Unknown
White Bird in a Blizzard,7804,2.6,15,09/25/2014,English,"Drama, Thriller",R,Gregg Araki,"Shailene Woodley, Eva Green, Angela Bassett, Gabourey Sidibe, Christopher Meloni, Thomas Jane",https://www.filmcrave.com/movie_page_main.php?id=51741,"When her perfect homemaker mother disappears in 1988, 17-year-old Kat barely registers the disappearance in the emotionally repressed household. But as time goes by, and Kat goes to college, she begins to realize how deeply this has affected her. On a break, she returns home and finally confronts the truth and her own denial of how the event played out. --"
Hitler: The Rise of Evil,5894,2.9,7,05/18/2003,English,"Biography, Drama",NR,Christian Duguay,"Robert Carlyle, Stockard Channing, Jena Malone, Julianna Margulies, Matthew Modine, Liev Schreiber",https://www.filmcrave.com/movie_page_main.php?id=51742,"A TV movie based on the life of the infamous dictator, Adolf Hitler. --"
The Bag Man,16742,2.2,13,02/28/2014,English,"Crime, Drama",R,David Grovic,"Robert De Niro, John Cusack, Crispin Glover, Dominic Purcell, Rebecca Da Costa, Martin Klebba",https://www.filmcrave.com/movie_page_main.php?id=51743,"Taking a job, a career criminal kills several men and makes off with a"
Buck Wild,43132,1.7,3,01/01/2014,English,"Comedy, Horror",NR,Tyler Glodt,"Meg Cionni, Joe Stevens, Amelia Meyers, Mark Ford, Matthew Albrecht, Isaac Harrison",https://www.filmcrave.com/movie_page_main.php?id=51744,Unknown
Shirin in Love,37941,2.5,2,03/14/2014,English,"Comedy, Romance",NR,Ramin Niami,"Nazanin Boniadi, Riley Smith, Amy Madigan, Marshall Manesh, Maz Jobrani, Anita Khalatbari",https://www.filmcrave.com/movie_page_main.php?id=51745,"Shirin is a young, confident, Iranian-American woman living in ""Tehrangeles"" - the large community of Iranians who call Los Angeles home. Engaged for years to an Iranian Beverly Hills plastic surgeon, and dealing with an overbearing mother, Shirin finds her home life and cultural heritage in flux when she falls for a young man in Northern California who calls a lighthouse his home. --"
Animals,41926,2.3,2,10/29/2013,Other,"Drama, Fantasy",NR,Marçal Forés,"Oriol Pla, Augustus Prew, Dimitri Leonidas, Roser Tapias, Javier Beltrán, Martin Freeman",https://www.filmcrave.com/movie_page_main.php?id=51746,Unknown
Interception,25888,3.0,2,01/13/2009,English,Action,NR,"John Will Clay, Turner Clay","John Will Clay, Ashley Morgan, Bret Hopkins, Buck P.B.D. Rodgers, Derek Bailey, Tricia Brooks",https://www.filmcrave.com/movie_page_main.php?id=51747,Unknown
The Double,7526,2.6,25,05/09/2014,English,"Comedy, Drama",R,Richard Ayoade,"Mia Wasikowska, Jesse Eisenberg, Wallace Shawn, Yasmin Paige, Noah Taylor, Cathy Moriarty",https://www.filmcrave.com/movie_page_main.php?id=51748,"Simon finds life passing him by - timid, overlooked, ignored, scorned - and he feels like he has no power to change things. Then James arrives at his workplace - and he finds himself looking at mirror image except for one thing - James is everything he is not - confident, charismatic and noticed - and he finds his life slipping away as James takes over everything he has.  --"
Ghost Fever,45531,1.3,5,03/27/1987,English,"Comedy, Horror",PG,Lee Madden,"Sherman Hemsley, Luis Avalos, Jennifer Rhodes, Deborah Benson, Diana Brookes, Joe Frazier",https://www.filmcrave.com/movie_page_main.php?id=51749,Two policeman are sent to serve an eviction notice at a haunted mansion.
The Suspect,5266,2.8,9,01/23/2014,English,Thriller,NR,Stuart Connelly,"Mekhi Phifer, William Sadler, Sterling K. Brown, Derek Roché, James McCaffrey, Rebecca Creskoff",https://www.filmcrave.com/movie_page_main.php?id=51750,"A pair of African-American social scientists decide to take a hand-on approach to small-town racial dynamics by posing as bank robbers. Their experiment, however, doesn't go as planned and soon takes on a deadly undertone. --"
Deliver Us from Evil,8302,2.5,25,07/02/2014,English,"Crime, Horror",R,Scott Derrickson,"Eric Bana, Édgar Ramírez, Olivia Munn, Sean Harris, Joel McHale, Dorian Missick",https://www.filmcrave.com/movie_page_main.php?id=51751,"A series of bizarre and disturbing crimes are sweeping across New York City. Officer Ralph Sarchie, dealing with his own personal demons, joins forces with a priest, an exorcist specialist, who is sure the crimes are due to demonic possessions. --"
Let's Be Cops,10109,2.4,31,08/13/2014,English,"Action, Comedy",R,Luke Greenfield,"Nina Dobrev, Jake Johnson, Andy Garcia, Damon Wayans Jr., James D'Arcy, Jonathan Lajoie",https://www.filmcrave.com/movie_page_main.php?id=51752,"A pair of friends dress up as cops for a costume party - and soon unintentionally become the hit of the neighborhood. But when these fake cops finds themselves against a very real threat, they will have to decide how far they are willing to go to uphold their law. --"
If I Stay,9591,2.5,24,08/22/2014,English,Drama,PG-13,R.J. Cutler,"Chloë Grace Moretz, Mireille Enos, Liana Liberato, Lauren Lee Smith, Jamie Blackley, Joshua Leonard",https://www.filmcrave.com/movie_page_main.php?id=51753,"A 17-year-old cellist with a bright future ahead is involved in a devastating car accident that takes the lives of her parents. Now in a coma, she finds she can still leave her body - and relive the first 17 years of her life - all leading to one decision - to face a very different future or move on altogether. --"
Addicted,14402,2.6,4,10/10/2014,English,Drama,R,Bille Woodruff,"Kat Graham, Sharon Leal, Boris Kodjoe, William Levy, Tasha Smith, Maria Howell",https://www.filmcrave.com/movie_page_main.php?id=51754,"A business woman seems to have the perfect life - a wonderful career, dream husband and two wonderful children. But as much as she has, she cannot escape the temptations that draw her in - and when she finds herself carrying on an affair, it may bring to ruin all that she has attained. --"
Dark Places,15632,2.3,16,06/18/2015,English,"Drama, Thriller",R,Gilles Paquet-Brenner,"Chloë Grace Moretz, Nicholas Hoult, Charlize Theron, Drea de Matteo, Christina Hendricks, Corey Stoll",https://www.filmcrave.com/movie_page_main.php?id=51755,A woman is forced to confront the demons of her past by reliving the day her family was brutally murdered when she is targeted by a secret society obsessed with solving unspeakable crimes. --
Search Party,23040,2.5,3,09/12/2014,English,Comedy,R,Scot Armstrong,"Krysten Ritter, Alison Brie, Shannon Woodward, Adam Pally, Lance Reddick, T.J. Miller",https://www.filmcrave.com/movie_page_main.php?id=51756,Unknown
Dolphin Tale 2,4497,2.8,12,09/12/2014,English,"Drama, Family",PG,Charles Martin Smith,"Harry Connick Jr., Morgan Freeman, Ashley Judd, Kris Kristofferson, Nathan Gamble, Austin Stowell",https://www.filmcrave.com/movie_page_main.php?id=51757,"Winter, the dolphin that was rescued thanks to the team from the Clearwater Marine Hospital, faces another challenge. Her aged mother, Panama, is close to death - regulation say that Winter cannot be housed alone, and if they cannot pair her with another dolphin, they will lose her to another aquarium. --"
The Drop,1991,2.9,60,09/12/2014,English,"Crime, Drama",R,Michaël R. Roskam,"Tom Hardy, Noomi Rapace, James Gandolfini, John Ortiz, Matthias Schoenaerts, James Frecheville",https://www.filmcrave.com/movie_page_main.php?id=51758,"A dive bar acts as a front for the local mob, funneling money nightly. But even as one man begins to questions his role, his uncle is robbed, setting off a string of events - including caring for an injured pit bull pup - that will ultimately dictate his future. --"
The Good Lie,3171,3.0,9,10/03/2014,English,Drama,PG-13,Philippe Falardeau,"Reese Witherspoon, Corey Stoll, Maria Howell, Sarah Baker, Thad Luckinbill, Sharon Conley",https://www.filmcrave.com/movie_page_main.php?id=51759,"Known as ""The Lost Boys"" - groups of young Sudanese boys, orphaned by the civil war that ravaged their country, would travel for thousands of miles seeking safety. The Good Lie chronicles the story of three such boys, brought to America and dealing with a brash, no-nonsense woman who is looking to change their lives. --"
The Best of Me,12518,2.4,16,10/17/2014,English,"Drama, Romance",PG-13,Michael Hoffman,"Michelle Monaghan, James Marsden, Liana Liberato, Luke Bracey, Jon Tenney, Gerald McRaney",https://www.filmcrave.com/movie_page_main.php?id=51760,A couple who were once an item in high school find themselves meeting back up after each returns to their small home town. --
Dracula Untold,4917,2.7,53,10/10/2014,English,"Action, Fantasy",PG-13,Gary Shore,"Luke Evans, Zach McGowan, Dominic Cooper, Samantha Barks, Sarah Gadon, Charlie Cox",https://www.filmcrave.com/movie_page_main.php?id=51761,"Before there was myth and legend, there was a man - Vlad Tepes, or Vlad ""The Impaler"" is the true-life ruler that Dracula is based on - and here his bloody history is brought to life. --"
Everest,3596,2.8,43,09/18/2015,English,"Adventure, Thriller",PG-13,Baltasar Kormákur,"Jake Gyllenhaal, Josh Brolin, Jason Clarke, John Hawkes, Vanessa Kirby, Michael Kelly",https://www.filmcrave.com/movie_page_main.php?id=51762,A group of climbers tackling Mt. Everest must fight to survive after a devastating snow storm leaves them stranded. --
Born This Way,26014,3.0,2,06/21/2013,French,"Documentary, Drama",NR,"Shaun Kadlec, Deb Tullmann",Unknown,https://www.filmcrave.com/movie_page_main.php?id=51763,Unknown
Make Your Move,32920,2.8,2,04/18/2014,English,"Drama, Romance",PG-13,Duane Adler,"Derek Hough, BoA, Will Yun Lee, Izabella Miko, Michael Mando, Miki Ishikawa",https://www.filmcrave.com/movie_page_main.php?id=51764,Romeo and Juliet meets the street as two dancers in New York find themselves coming together even as their respective brothers' rival dance crews share a bitter rivalry. --
Chain Gang Women,24256,2.3,4,09/22/1971,English,"Action, Crime",R,Lee Frost,"Michael Stearns,  Barbara Mills, Linda York, Ralph Campbell, Wes Bishop, William B. Martin",https://www.filmcrave.com/movie_page_main.php?id=51765,"An escaped murderer flees from a chain gang, forcing another inmate to go with him along the way."
The Hellcats,27741,2.3,3,05/08/1968,English,"Action, Thriller",R,Robert F. Slatzer,"Ross Hagen, Dee Duffy, Sharyn Kinzie, Del 'Sonny' West, Robert F. Slatzer, Tony Lorea",https://www.filmcrave.com/movie_page_main.php?id=51766,Unknown
Policewomen,35429,2.0,3,02/08/1974,English,"Action, Crime",R,Lee Frost,"Sondra Currie, Tony Young, Phil Hoover, Elizabeth Stuart, Jeannie Bell, Chuck Daniel",https://www.filmcrave.com/movie_page_main.php?id=51767,A female cop goes undercover to bust an all female crime ring.
Night of Dark Shadows,39585,1.8,3,08/04/1971,English,"Drama, Horror",NR,Dan Curtis,"David Selby, Grayson Hall, Kate Jackson, Lara Parker, John Karlen, Nancy Barrett",https://www.filmcrave.com/movie_page_main.php?id=51768,Unknown
Mitt,13418,2.4,8,01/24/2014,English,Documentary,NR,Greg Whiteley,Mitt Romney,https://www.filmcrave.com/movie_page_main.php?id=51769,Unknown
Enemies Closer,20347,2.2,9,01/24/2014,English,"Action, Thriller",R,Peter Hyams,"Jean-Claude Van Damme, Orlando Jones, Tom Everett Scott, Zahary Baharov, Linzey Cocker, Kristopher Van Varenberg",https://www.filmcrave.com/movie_page_main.php?id=51770,"A cartel has lost a shipment on the U.S./Canadian border. A forest ranger and Ex-SEAL is sent in to retrieve it, only to find himself against a man with a major grudge against him. In order to defeat the cartel to the two men will have to team up - if they can keep from killing each other. --"
Forever Not Alone,37907,2.5,2,01/18/2014,German,"Documentary, Drama",NR,"Monja Art, Caroline Bobek","Nanaae Krainz, Vera Kretschmer, Selin Kurman, Alice Lojic, Helene Ritter, Sabine Trubrig",https://www.filmcrave.com/movie_page_main.php?id=51771,Unknown
Skanks,37910,2.5,2,01/19/2014,English,"Documentary, Comedy",NR,David McMahon,Unknown,https://www.filmcrave.com/movie_page_main.php?id=51772,Unknown
The Sublime and Beautiful,44780,2.0,2,01/17/2014,English,Drama,NR,Blake Robbins,"Blake Robbins, Laura Kirk, Matthew Del Negro, Michael D. Coffey, Armin Shimerman, Scott William Winters",https://www.filmcrave.com/movie_page_main.php?id=51773,Unknown
Tom's Restaurant - A Documentary About Everything,55392,1.5,2,10/22/2014,English,"Documentary, Biography",NR,Gian Franco Morini,"Julia Louis-Dreyfus, Cornel West, Jack Moore, Josh Gondelman, Burton Crane, Gregorio Sassoli",https://www.filmcrave.com/movie_page_main.php?id=51774,Unknown
Bayou Blue,45517,1.4,4,01/01/2014,English,"Documentary, Crime",NR,"Alix Lambert, David McMahon","Ronald Dominique, Dawn Foret, Ricky Wallace, Octavia Jones, Veronica Guidry",https://www.filmcrave.com/movie_page_main.php?id=51775,"From the years of 1997 through 2006, a serial killer raped and killed 23 men throughout the most impoverished areas of Southern Louisiana. The failure to stop him ranged from an understaffed and underfunded police force to a failure in family advocacy to dealing with the larger problems of Hurricane Katrina. --"
Cheatin',11786,2.8,4,01/17/2014,English,"Animation, Romance",NR,Bill Plympton,Unknown,https://www.filmcrave.com/movie_page_main.php?id=51776,Unknown
The Galapagos Affair: Satan Came to Eden,14268,2.8,3,04/04/2014,English,"Documentary, Crime",NR,"Daniel Geller, Dayna Goldfine","Cate Blanchett, Sebastian Koch, Thomas Kretschmann, Diane Kruger, Connie Nielsen, Josh Radnor",https://www.filmcrave.com/movie_page_main.php?id=51777,"Even the most idealistic paradise can be the setting for murder. This documentary focuses on a 1930s murder in the Galapagos Islands, along with presenting the history behind the settlers who first called the island home. A diverse group of settlers that each has their own notion of Eden - and inevitably led to clashes. --"
Calvary,1230,3.0,44,08/01/2014,English,"Comedy, Drama",R,John Michael McDonagh,"Brendan Gleeson, Chris O'Dowd, Kelly Reilly, Aidan Gillen, Dylan Moran, M. Emmet Walsh",https://www.filmcrave.com/movie_page_main.php?id=51778,"Father James, a priest in a small Irish town, receives a threat during confessional - one that promises his death in a week's time. He tries to go about the week's business as usual, but conflicts, both personal and spiritual, threaten to unravel his life. --"
Maladies,14236,2.8,3,06/22/2012,English,Drama,NR,Carter,"James Franco, Catherine Keener, Fallon Goodson, David Strathairn, Vince Jolivette, Carter",https://www.filmcrave.com/movie_page_main.php?id=51779,Unknown
Regression,21574,2.1,16,02/05/2016,English,Thriller,R,Alejandro Amenábar,"Ethan Hawke, Emma Watson, David Thewlis, Devon Bostick, Dale Dickey, Aaron Ashmore",https://www.filmcrave.com/movie_page_main.php?id=51780,"A young woman accuses her father of abuse and though he has no memory of the events, he pleads guilty. A police officer assigned to the seemingly open-and-shut case digs deeper - and uncovers a plot far more sinister leading to a cult that reaches far wider than just the family. --"
Jai Ho,23464,2.2,6,01/24/2014,Hindi,"Action, Drama",NR,Sohail Khan,"Salman Khan, Tabu, Daisy Shah, Sana Khan, Danny Denzongpa, Genelia D'Souza",https://www.filmcrave.com/movie_page_main.php?id=51782,Unknown
On My Way ( Elle s'en va ),21092,2.4,4,09/18/2013,French,Drama,NR,Emmanuelle Bercot,"Catherine Deneuve, Nemo Schiffman, Gérard Garouste, Camille, Claude Gensac, Mylène Demongeot",https://www.filmcrave.com/movie_page_main.php?id=51783,Unknown
Special ID ( Te shu shen fen ),26506,2.1,5,03/07/2014,Cantonese,"Action, Crime",R,Clarence Fok Yiu-leung,"Donnie Yen, Tian Jing, Andy On, Ronald Cheng, Collin Chou, Terence Yin",https://www.filmcrave.com/movie_page_main.php?id=51784,"In order to stop a dangerous underground organization, a police officer goes deep undercover. But he finds his life on the line when his one-time protege and friend reveals his true identity. --"
And Then There Was You,17323,2.5,4,09/19/2013,English,Drama,NR,Leila Djansi,"Leon, Brian White, Kate Nauta, Garcelle Beauvais, Lynn Whitfield, Greg Vaughan",https://www.filmcrave.com/movie_page_main.php?id=51785,"Secrets have led to dissolution of Natalie's marriage, and just when she thinks she might find love again, secrets threaten her new relationship. --"
A Birder's Guide to Everything,17320,2.5,4,04/21/2013,English,Comedy,PG-13,Rob Meyer,"Ben Kingsley, Kodi Smit-McPhee, James Le Gros, Alex Wolff, Katie Chang, Stephen Kunken",https://www.filmcrave.com/movie_page_main.php?id=51786,"A 15-year-old birding fanatic has come across the find of a lifetime, and, on the even of his father's remarriage, instead head on an epic birding roadtrip to solidify his place in birding history. --"
Louder Than Words,35962,2.0,3,10/11/2013,English,"Drama, Family",PG-13,Anthony Fabian,"Adelaide Kane, David Duchovny, Timothy Hutton, Victoria Tennant, Xander Berkeley, Hope Davis",https://www.filmcrave.com/movie_page_main.php?id=51787,"The death of their own child sparks a couple to work towards building a state-of-the-art children's hospital now only to save lives, but to help families heal. --"
Antisocial,23465,2.2,6,01/28/2014,English,"Horror, Thriller",NR,Cody Calahan,"Michelle Mylett, Cody Ray Thompson, Adam Christie, Ana Alic, Romaine Waite, Ry Barrett",https://www.filmcrave.com/movie_page_main.php?id=51788,Unknown
Future My Love,26018,3.0,2,06/26/2013,English,Documentary,NR,Maja Borg,"Nadya Cazan, Jacque Fresco, Roxanne Meadows",https://www.filmcrave.com/movie_page_main.php?id=51789,Unknown
Kids for Cash,3473,3.1,6,02/01/2014,English,"Documentary, Crime",PG-13,Robert May,Unknown,https://www.filmcrave.com/movie_page_main.php?id=51790,"In the wake of the Columbine shootings, two judges in Pennsylvania - at first lauded for the efforts of keeping kids in line - are involved in a scandal involving for-profit juvenile detention facilities - netting them a lot of money for these ""kids for cash"" operations. --"
Roaming Wild,41937,2.3,2,02/01/2014,English,"Documentary, Western",NR,Sylvia Johnson,Samantha Layne,https://www.filmcrave.com/movie_page_main.php?id=51791,Unknown
Menthol,26063,3.0,2,02/01/2014,English,Drama,NR,Micah Van Hove,"Lucas Elliot Eberl, Johnny Wactor, James Wilson, Jacob King, Cornelia Livingston, Nick Huff",https://www.filmcrave.com/movie_page_main.php?id=51792,Unknown
Invitation to Dance,26062,3.0,2,02/01/2014,English,Documentary,NR,"Simi Linton, Christian von Tippelskirch",Unknown,https://www.filmcrave.com/movie_page_main.php?id=51793,Unknown
Bottled Up: The Battle Over Dublin Dr Pepper,37919,2.5,2,02/01/2014,English,"Documentary, Biography",NR,Drew Rist,Josh Gobin,https://www.filmcrave.com/movie_page_main.php?id=51794,Unknown
The Wait,32909,2.8,2,01/31/2014,English,"Drama, Thriller",R,M. Blash,"Jena Malone, Chloë Sevigny, Luke Grimes, Devon Gearhart, Michael O'Keefe, Josh Hamilton",https://www.filmcrave.com/movie_page_main.php?id=51795,Unknown
Haunting of the Innocent,44787,2.0,2,02/01/2014,English,Thriller,NR,Matt Hish,"Judd Nelson, Jessica Morris, Rib Hillis, Hannah Cowley, Autumn Federici, Neil Dickson",https://www.filmcrave.com/movie_page_main.php?id=51796,Unknown
Mr. X,37913,2.5,2,01/20/2014,French,"Documentary, Biography",NR,Tessa Louise-Salomé,"Leos Carax, Denis Lavant, Harmony Korine, Kylie Minogue, Neil Hannon, Gabriel Julien-Laferrière",https://www.filmcrave.com/movie_page_main.php?id=51797,Unknown
Queens & Cowboys: A Straight Year on the Gay Rodeo,28435,2.3,3,02/01/2014,English,"Documentary, Historical",NR,Matt Livadary,Unknown,https://www.filmcrave.com/movie_page_main.php?id=51798,Unknown
Life is Strange,26059,3.0,2,01/24/2014,English,"Documentary, Biography",NR,Isaac Hertz,"Shimon Peres, Walter Kohn, Robert Aumann, Uri Orlev",https://www.filmcrave.com/movie_page_main.php?id=51799,Unknown
12 O'Clock Boys,15055,2.4,7,01/31/2014,English,"Documentary, Biography",NR,Lotfy Nathan,"Coco, Pug, Steven",https://www.filmcrave.com/movie_page_main.php?id=51800,"In West Baltimore, a young boy, Pug, finds escape from a dangerous world when he finds himself getting involved with an illegal dirt bike riders dubbed the 12 O'Clock Boys. --"
Unfinished Business,15284,2.3,21,03/06/2015,English,Comedy,R,Ken Scott,"Dave Franco, Sienna Miller, James Marsden, Vince Vaughn, Nick Frost, Tom Wilkinson",https://www.filmcrave.com/movie_page_main.php?id=51801,"A business owner and his only two employees set off on an international business trip that will culminate in the most important deal of their lives. But when his former boss shows up to steal the show, the trio will go on a cross-country European romp to try to woo their clients back, no matter how far it takes them. --"
Dr. Horrible's Sing-Along Blog,1254,3.1,26,07/15/2008,English,"Comedy, Musical",NR,Joss Whedon,"Neil Patrick Harris, Nathan Fillion, Felicia Day, Simon Helberg, Nick Towne, Jed Whedon",https://www.filmcrave.com/movie_page_main.php?id=51802,"A musical tragicomedy miniseries in three acts, from director Joss Whedon The show tells the story of Dr. Horrible (played by Neil Patrick Harris), an aspiring supervillain; Captain Hammer (Nathan Fillion), his nemesis; and Penny (Felicia Day), their shared love interest."
"Ubalda, All Naked and Warm ( Quel gran pezzo della Ubalda tutta nuda e tutta calda )",30871,2.2,3,10/12/1972,Italian,Comedy,NR,Mariano Laurenti,"Edwige Fenech, Pippo Franco, Karin Schubert, Umberto D'Orsi, Pino Ferrara, Gino Pagnani",https://www.filmcrave.com/movie_page_main.php?id=51803,Unknown
Stalled,34537,1.8,5,07/19/2013,English,"Comedy, Horror",NR,Christian James,"Dan Palmer, Antonia Bernath, Tamaryn Payne, Mark Holden, Giles Alderson, Victoria Broom",https://www.filmcrave.com/movie_page_main.php?id=51804,A janitor gets trapped in the ladies bathroom with a horde of zombies & must find a way to escape
Gods ( Dioses ),44658,2.0,2,10/30/2008,Spanish,Drama,NR,Josué Méndez,"Maricielo Effio, Sergio Gjurinovic, Edgar Saba, Anahí de Cárdenas, Denisse Dibós, Magaly Solier",https://www.filmcrave.com/movie_page_main.php?id=51805,Unknown
Zombeavers,34064,1.7,12,03/20/2015,English,"Comedy, Horror",R,Jordan Rubin,"Bill Burr, Cortney Palm, Rachel Melvin, Hutch Dano, Lexi Atkins, Rex Linn",https://www.filmcrave.com/movie_page_main.php?id=51806,"A group of college friends. A riverside cabin. Sex, drugs and fun... but they will have a lot more to worry about when a group of zombified beavers decides to make a meal out of them. --"
As the Palace Burns,44786,2.0,2,02/01/2014,English,Documentary,NR,Don Argott,"Randy Blythe, Mark Morton, Willie Adler, Chris Adler, John Campbell",https://www.filmcrave.com/movie_page_main.php?id=51807,Unknown
When Jews Were Funny,29182,2.1,4,01/09/2014,English,Documentary,NR,Alan Zweig,"Gilbert Gottfried, Rodney Dangerfield, Eugene Mirman, Howie Mandel, Marc Maron, Judy Gold",https://www.filmcrave.com/movie_page_main.php?id=51808,"Explores the history of Jewish comedy, featuring comedians past and present - from Jackie Mason to Gilbert Gottfried - as well as their influence on culture. --"
Joe,2648,2.9,32,04/09/2014,English,Drama,R,David Gordon Green,"Nicolas Cage, Tye Sheridan, Sue Rock, Heather Kafka, Ronnie Gene Blevins, Adriene Mishler",https://www.filmcrave.com/movie_page_main.php?id=51809,"An abused teen is relocated to a small Texas town - new friends (and enemies) about, but it is Joe, an ex-con and unlikely role model, who will be his biggest influence on a road that can lead to either his redemption, or his ruin. --"
The Art of the Steal,7981,2.7,10,09/20/2013,English,Comedy,R,Jonathan Sobol,"Kurt Russell, Katheryn Winnick, Jay Baruchel, Matt Dillon, Terence Stamp, Chris Diamantopoulos",https://www.filmcrave.com/movie_page_main.php?id=51810,Semi-retired art thief Cruch Calhoun agrees to get his old crew back together in order to help his shady brother pull off a grand heist. But though they are brothers - each has a much different agenda - one that puts everything at risk. --
Moving Target,14044,2.8,3,02/08/1988,English,"Crime, Drama",NR,Chris Thomson,"Jason Bateman, John Glover, Jack Wagner, Chynna Phillips, Tom Skerritt, Richard Dysart",https://www.filmcrave.com/movie_page_main.php?id=51811,Unknown
The Legend of Tarzan,10034,2.4,35,07/01/2016,English,"Action, Adventure",PG-13,David Yates,"Alexander Skarsgård, Margot Robbie, Christoph Waltz, Samuel L. Jackson, Djimon Hounsou, Alex Ferns",https://www.filmcrave.com/movie_page_main.php?id=51812,"Ten years after leaving the Congo, Tarzan, now the Lord of Greystroke, has acclimated to life in London with his wife, Jane. But he is always reminded of where he came from and when he is invited as an emissary back to the Congo, he accepts, only to find himself at the center of a mining controversy - one that threatens all those he holds dear. --"
Bottled Up,32864,2.8,2,04/19/2013,English,Drama,R,Enid Zentelis,"Melissa Leo, Marin Ireland, Josh Hamilton, Jamie Harrold, Fredric Lehne, Lynn Cohen",https://www.filmcrave.com/movie_page_main.php?id=51813,Unknown
"Sex, Drugs & Taxation ( Spies & Glistrup )",32891,2.8,2,10/14/2013,Danish,"Biography, Drama",NR,Christoffer Boe,"Pilou Asbæk, Nicolas Bro, Jesper Christensen, Jacob Højlev Jørgensen, Kasper Leisner, Trine Pallesen",https://www.filmcrave.com/movie_page_main.php?id=51814,Unknown
An Episode in the Life of an Iron Picker ( Epizoda u zivotu beraca zeljeza ),35963,2.0,3,11/09/2013,Other,Drama,NR,Danis Tanovic,"Nazif Mujic, Senada Alimanovic, Semsa Mujic, Sandra Mujic",https://www.filmcrave.com/movie_page_main.php?id=51815,Unknown
Unicorns,37898,2.5,2,01/01/2014,English,Drama,NR,Leah Meyerhoff,"Natalia Dyer, Peter Vack, Julia Garner, Amy Seimetz, Joshua Leonard, Toni Meyerhoff",https://www.filmcrave.com/movie_page_main.php?id=51816,Unknown
Made in America,40123,1.6,5,10/11/2013,English,Documentary,NR,Ron Howard,"Jay-Z, Kanye West, Rita Ora, Eddie Vedder, Tyler the Creator, Jill Scott",https://www.filmcrave.com/movie_page_main.php?id=51817,"Follows Jay-Z and fellow artists as he organizes the ""Budweiser Made in America"" music festival. --"
Muck,33748,1.9,5,07/04/2014,English,Horror,NR,Steve Wolsh,"Kane Hodder, Lachlan Buchanan, Lauren Francesca, Stephanie Danielson, Gia Skova, Jaclyn Swedberg",https://www.filmcrave.com/movie_page_main.php?id=51818,"Thinking they have escaped the horror after escaping from an ancient burial ground - a group of friends find themselves facing an ever greater horror - trapped between two evils, they will have to fight to survive, no matter which path they choose. --"
Our Vinyl Weighs a Ton: This is Stones Throw Records,44748,2.0,2,06/21/2013,English,Documentary,NR,Jeff Broadway,"Common, Mike D, Daniel Dumile, Flying Lotus, Talib Kweli, Mayer Hawthorne",https://www.filmcrave.com/movie_page_main.php?id=51819,Unknown
Brick Mansions,24706,1.9,18,04/25/2014,English,"Action, Crime",PG-13,Camille Delamarre,"Paul Walker, David Belle, RZA, Catalina Denis, Ayisha Issa, Carlo Rota",https://www.filmcrave.com/movie_page_main.php?id=51820,"A leader in the criminal underworld gets his hands on a neutron bomb. In order to prevent disaster, a cop will go undercover to infiltrate the gang. --"
Born to Fly,41936,2.3,2,02/01/2014,English,"Documentary, Biography",NR,Catherine Gund,"Elizabeth Streb, Laura Flanders, Felix Hess, John Kasten, Leonardo Giron, Sarah Callan",https://www.filmcrave.com/movie_page_main.php?id=51821,Unknown
The Wedding Pact,12972,2.5,7,02/04/2014,English,"Comedy, Romance",NR,Matt Berman,"Haylie Duff, Leslie Easterbrook, Angie Everhart, Chris Soldevilla, Sandra Taylor, Scott Michael Campbell",https://www.filmcrave.com/movie_page_main.php?id=51822,"Two friends in college - Mitch and Elizabeth - decide to make a pact: If, in ten years time, they each should still find themselves single - they will marry each other. Ten years later, a still-single Mitch discovers Elisabeth never got married and decides to make good on their pact. But on a cross-country trip to track her down, he realizes things won't be that easy. --"
Simone Barbes or Virtue ( Simone Barbès ou la vertu ),27848,2.3,3,04/24/1981,French,Drama,NR,Marie-Claude Treilhou,"Ingrid Bourgoin, Martine Simonet, Michel Delahaye, Sonia Saviange, Max Amyl, Noël Simsolo",https://www.filmcrave.com/movie_page_main.php?id=51823,Unknown
Hank and Asha,25986,3.0,2,01/19/2013,English,"Comedy, Romance",NR,James E. Duff,"Mahira Kakkar, Andrew Pastides, Morgan Nichols, Robyn Kerr, Brian Patrick Murphy, Brian Sloan",https://www.filmcrave.com/movie_page_main.php?id=51824,Unknown
I Am Slave,14211,2.8,3,01/10/2011,English,Thriller,NR,Gabriel Range,"Wunmi Mosaku, Isaach De Bankolé, Lubna Azabal, Igal Naor, Hiam Abbass, Nonso Anozie",https://www.filmcrave.com/movie_page_main.php?id=51825,Unknown
My Best Bodyguard,28289,2.3,3,10/21/2010,Thai,"Action, Adventure",NR,Sirippakorn Wongchariyawat,"Shahkrit Yamnarm, Samapon Piyapongsiri, Nappon Gomarachun, Nattawat Srimawk, Thiraphat Sajakul, Peter Maiocchi",https://www.filmcrave.com/movie_page_main.php?id=51826,Unknown
Life Show ( Sheng huo xiu ),18621,2.7,3,01/01/2003,Mandarin,Drama,NR,Jianqi Huo,"Höng Tao, Zeru Tao, Yueming Pan, Yang Yi",https://www.filmcrave.com/movie_page_main.php?id=51827,Unknown
"Bruc, the Manhunt ( Bruc. La llegenda )",14208,2.8,3,12/22/2010,Spanish,"Adventure, Historical",NR,Daniel Benmayor,"Juan José Ballesta, Vincent Perez, Astrid Bergès-Frisbey, Santi Millán, Nicolas Giraud, Moussa Maaskri",https://www.filmcrave.com/movie_page_main.php?id=51828,Unknown
Locke,2012,2.9,67,04/25/2014,English,"Drama, Thriller",R,Steven Knight,"Tom Hardy, Ruth Wilson, Andrew Scott, Tom Holland, Olivia Colman, Olivia Colman",https://www.filmcrave.com/movie_page_main.php?id=51829,"Ivan Locke is a building site manager who has spent the last nine years building up his life. But in one 90-minute drive, on the eve of the biggest contract of his life, we watch as his carefully built life crumbles down around him. --"
After the Dark,16270,2.3,13,02/07/2014,English,"Drama, Fantasy",R,John Huddles,"Bonnie Wright, James D'Arcy, Rhys Wakefield, Maia Mitchell, Freddie Stroma, Katie Findlay",https://www.filmcrave.com/movie_page_main.php?id=51830,At an international school in Jakarta a philosophy teacher gives the graduating class of 20 an assignment - pick the ten of them who are to take shelter underground and repopulate the human race after a nuclear holocaust. --
10 Rules for Sleeping Around,23012,2.5,3,09/06/2013,English,"Comedy, Romance",R,Leslie Greif,"Wendi McLendon-Covey, Tammin Sursok, Jesse Bradford, Reid Ewing, Bryan Callen, Virginia Williams",https://www.filmcrave.com/movie_page_main.php?id=51831,Unknown
Brightest Star,37916,2.5,2,01/31/2014,English,"Comedy, Drama",NR,Maggie Kiley,"Chris Lowell, Rose McIver, Jessica Szohr, Alex Kaluzhsky, Clark Gregg, Allison Janney",https://www.filmcrave.com/movie_page_main.php?id=51832,Unknown
The Right Kind of Wrong,19402,2.3,8,02/06/2014,English,"Comedy, Romance",R,Jeremiah S. Chechik,"Ryan Kwanten, Sara Canning, Ryan McPartlin, Kristen Hager, James A. Woods, Will Sasso",https://www.filmcrave.com/movie_page_main.php?id=51833,"Leo is failed writer-turned dishwasher who is world famous - because his ex-wife writes about all his failures and short-comings in her blog ""Why You Suck"". But at his lowest, he meets Colette - the perfect woman - unfortunately it happens to be her wedding day. --"
Cuban Fury,10071,2.5,14,04/11/2014,English,Comedy,R,James Griffiths,"Rashida Jones, Chris O'Dowd, Nick Frost, Ian McShane, Wendi McLendon-Covey, Olivia Colman",https://www.filmcrave.com/movie_page_main.php?id=51834,"Once, in London, a 13-year-old was poised to take the salsa world by storm... but a bullying incident left him broken and robbed his confidence. Now, 22 years later, the now overweight, self-pitying Bruce finds himself on downward spiral - alone and still shamed. But all that changes with the arrival of Julia, his new American boss - who seems like the perfect, untouchable woman - one that hides a passion for salsa. His passion with reignite, but alpha male colleague Drew may bring back old memories as pursues Julia as well. --"
"Attorney, The ( Byeon-ho-in )",10888,3.0,3,02/07/2014,Korean,Drama,NR,Woo-seok Yang,"Yeong-ae Kim, Do Won Kwak, Dal-su Oh, Kang-ho Song, Young-chang Song, Si-wan Yim",https://www.filmcrave.com/movie_page_main.php?id=51835,Unknown
Lust for Love,35969,2.0,3,02/07/2014,English,"Comedy, Romance",NR,Anton King,"Fran Kranz, Dichen Lachman, Beau Garrett, Caitlin Stasey, Enver Gjokaj, Felicia Day",https://www.filmcrave.com/movie_page_main.php?id=51836,Unknown
No Return,55319,1.5,2,07/28/2003,English,"Thriller, Horror",PG-13,Tom Sylla,"Stephanie Colet, Corie Henninger, Frances Lee McCain, Timothy Palcic, AnnieScott Rogers, Wendell Willat",https://www.filmcrave.com/movie_page_main.php?id=51837,A woman's husband returns from the grave to claim her.
Iron Man & Hulk: Heroes United,20023,2.3,5,12/03/2013,English,"Animation, Action",PG,"Eric Radomski, Leo Riley","Adrian Pasdar, Fred Tatasciore, Dee Bradley Baker, Robin Atkin Downes, David Kaye",https://www.filmcrave.com/movie_page_main.php?id=51838,Iron Man and the Hulk team up to take on the energy-eating monster Zzzax.
7 Boxes ( 7 cajas ),45461,1.5,3,02/07/2014,Spanish,"Action, Thriller",NR,"Juan Carlos Maneglia, Tana Schembori","Celso Franco, Víctor Sosa, Lali Gonzalez, Nico García, Paletita, Manu Portillo",https://www.filmcrave.com/movie_page_main.php?id=51839,Unknown
Not My Day ( Nicht Mein Tag ),14266,2.8,3,01/16/2014,German,"Action, Comedy",NR,Peter Thorwarth,"Moritz Bleibtreu, Axel Stein, Jasmin Gerat, Anna Maria Mühe, Nele Kiper, Ben Ruedinger",https://www.filmcrave.com/movie_page_main.php?id=51840,A Bank teller's life takes crucial changes after he is taken hostage at a robbery. --
The Fantastic Four,28626,1.8,45,08/07/2015,English,"Action, Fantasy",PG-13,Josh Trank,"Kate Mara, Miles Teller, Michael B. Jordan, Jamie Bell, Toby Kebbell, Tim Blake Nelson",https://www.filmcrave.com/movie_page_main.php?id=51841,"A contemporary take on the classic super-hero team - four young scientist are involved in an experiment where they find themselves teleported to another dimension. When they return, they find themselves gifted with unique powers - ones they will have use to stop an evil rising to power. --"
Obvious Child,4595,2.7,25,06/06/2014,English,"Comedy, Romance",R,Gillian Robespierre,"Jenny Slate, Jake Lacy, Gaby Hoffmann, David Cross, Richard Kind, Gabe Liedman",https://www.filmcrave.com/movie_page_main.php?id=51842,"A Brooklyn comedian gets dumped, fired and finds out she's pregnant all one the same day leading up to the absolute best/worst Valentine's Day in history. --"
Whitewash,12793,2.6,5,05/02/2014,English,"Drama, Thriller",NR,Emanuel Hoss-Desmarais,"Thomas Haden Church, Anie Pascale, Vincent Hoss-Desmarais, Isabelle Nélisse, Marc Labrèche, Geneviève Laroche",https://www.filmcrave.com/movie_page_main.php?id=51843,"In rural Quebec, a snowplow operator is going through tough times when a drunken joyride ends in a hit-and-run death. In a panic, he hides the body and retreats to the deep wilderness - hoping to escape authorities, and his own conscience. But he can't escape forever, and as the mental and moral toll begin to close in we learn just who he is - as well as his victim - and what brought them together in once crucial moment in time. --"
Bacterium,25818,3.0,2,11/01/2006,English,Horror,PG-13,Brett Piper,"Alison Whitney, Benjamin Kanes, Miya Sagara, Andrew Kranz, Tom Cikoski, Chuck McMahon",https://www.filmcrave.com/movie_page_main.php?id=51844,Unknown
In Memory of My Father,25788,3.0,2,10/16/2005,English,"Comedy, Drama",NR,Chris Jaymes,"Jeremy Sisto, Chris Jaymes, Matt Keeslar, Judy Greer, Nicholle Tom, Eric Michael Cole",https://www.filmcrave.com/movie_page_main.php?id=51845,Unknown
Authors Anonymous,29185,2.1,4,04/18/2014,English,Comedy,PG-13,Ellie Kanner,"Kaley Cuoco, Tricia Helfer, Jonathan Banks, Chris Klein, Teri Polo, Dennis Farina",https://www.filmcrave.com/movie_page_main.php?id=51846,"A group of unpublished writers forms a tight-knit group - no matter how dysfunctional their lives get - but when they invite newcomer Hannah to the fold, no one expects her to become an overnight sensation. But that is exactly what happens - and it throws the entire group into a tailspin as rivalries, romance, fame and desperation all come to a head.  --"
The Final Member,28612,2.0,7,09/20/2012,English,"Documentary, Comedy",NR,"Jonah Bekhor, Zach Math","Páll Arason, Pétur Pétursson, Tom Mitchell, Sigurður Hjartarson, Terry Gunnel, Ari Karlsson",https://www.filmcrave.com/movie_page_main.php?id=51847,"In Husavik, Iceland is a very unique museum - the Icelandic Phallological Museum - dedicated to that most manly member, the penis. The rather eccentric curator has dedicated his life to collecting the many different members from every mammal on Earth and now has just one left: Homo Sapien himself. The story follows the man on his very serious, yet often humorous, quest to make his collection complete - including two men who volunteer their own organs for display. --"
Young & Beautiful ( Jeune & jolie ),3434,3.1,6,08/21/2013,French,Drama,NR,François Ozon,"Marine Vacth, Géraldine Pailhas, Frédéric Pierrot, Fantin Ravat, Johan Leysen, Charlotte Rampling",https://www.filmcrave.com/movie_page_main.php?id=51848,"After losing her virginity, Isabelle takes on the life of a call girl. But in this secret life she finds little interest in the people she sleeps with nor the money she collects. --"
The Better Angels,6872,2.8,6,01/18/2014,English,"Biography, Drama",NR,A.J. Edwards,"Brit Marling, Diane Kruger, Wes Bentley, Jason Clarke, Lola Cook, Cameron Mitchell Williams",https://www.filmcrave.com/movie_page_main.php?id=51849,"The story of the young Abraham Lincoln, the hardships he faced, the tragedy that marked him forever and the two women who guided him to legend. --"
Truth,29655,2.0,5,02/11/2014,English,Thriller,NR,Rob Moretti,"Rebekah Aramini, Sean Paul Lockhart, Blanche Baker, Suzanne Didonna, Rob Moretti, Philip Joseph McElroy",https://www.filmcrave.com/movie_page_main.php?id=51850,"Caleb begins a relationship with a man he meets online, only to have buried secrets from his past come out to haunt him as the deeper he gets, the darker things get. --"
"Outing, The ( Lamp, The )",30977,2.2,3,09/11/1987,English,Horror,R,Tom Daley,"Deborah Winters, James Huston, Andra St. Ivanyi, Scott Bankston, Red Mitchell, André Chimène",https://www.filmcrave.com/movie_page_main.php?id=51851,An evil genie is released from a lamp when thieves break into an old ladies' house. Things go from bad to worse when the lamp is moved to the museum and a young curator becomes possessed by the evil spirit.
Jack the Reaper,28299,2.3,3,01/01/2011,English,Horror,R,Kimberly Seilhamer,"Tony Todd, Sally Kirkland, Douglas Tait, Jay Gillespie, Andrew Olson, Shanti Ryle",https://www.filmcrave.com/movie_page_main.php?id=51852,A group of teens face a maniac at his desert carnival.
The Man from U.N.C.L.E.,2982,2.8,68,08/14/2015,English,"Action, Comedy",PG-13,Guy Ritchie,"Henry Cavill, Armie Hammer, Hugh Grant, Alicia Vikander, Jared Harris, Elizabeth Debicki",https://www.filmcrave.com/movie_page_main.php?id=51853,In the early 60s a CIA operation and a KGB agent join forces to take down a mysterious organization seeking to profit on nuclear proliferation. --
The Sacrament,10067,2.5,14,05/01/2014,English,"Horror, Thriller",R,Ti West,"Joe Swanberg, Amy Seimetz, AJ Bowen, Kate Lyn Sheil, Kentucker Audley, Shawn Parsons",https://www.filmcrave.com/movie_page_main.php?id=51854,"A pair of Vice Media reporters, along with a photographer looking for his estranged sister, travel outside the U.S. to an isolated utopian group ran by an elusive man known as ""Father"". At first skeptical, the group begins to come around, until a dark turn has them hoping to not just escape with the truth, but their very lives. --"
Dead Fish,18672,2.7,3,02/09/2006,English,"Action, Comedy",R,Charley Stadler,"Robert Carlyle, Gary Oldman, Elena Anaya, Billy Zane, Terence Stamp, Jimi Mistry",https://www.filmcrave.com/movie_page_main.php?id=51855,Unknown
Antboy,26835,2.3,3,04/16/2014,Danish,"Adventure, Comedy",PG,Ask Hasselbalch,"Oscar Dietz, Nicolas Bro, Samuel Ting Graf, Amalie Kruse Jensen, Lærke Winther Andersen, Marcuz Jess Petersen",https://www.filmcrave.com/movie_page_main.php?id=51856,"A boy bitten by an ant suddenly develops super powers. With the aid of his comic-book-loving friend, he becomes ""Antboy"" and works to become the best superhero he can be.... but The Flea shows up, and this new villain offers a much deeper challenge. --"
Moms' Night Out,17479,2.2,15,05/09/2014,English,Comedy,PG,"Andrew Erwin, Jon Erwin","Sarah Drew, Trace Adkins, Sean Astin, Patricia Heaton, Harry Shum Jr., Sammi Hanratty",https://www.filmcrave.com/movie_page_main.php?id=51857,"A group of female friends - all mothers - just want to enjoy a night out free from the children and hassles of everyday life - peace, real food and good conversation. Of course, that means leaving the kids in the charge of their husbands - what's the worst that could happen? --"
Protector 2 ( Tom yum goong 2 ),16835,2.3,9,05/02/2014,Thai,Action,R,Prachya Pinkaew,"Tony Jaa, Marrese Crump, JeeJa Yanin, Vince Makiling, Ujal Thapa, RZA",https://www.filmcrave.com/movie_page_main.php?id=51858,"After traveling to Australia and taking on all comers to rescue his pet elephant, Kham finds himself framed for the murder of the owner of the elephant camp. He not only has to avoid police, but also those seeking revenge for his action - as well as dealing with a crime lord who is looking for the best fighters for his underground fighting ring. --"
Nightmare Detective 2 ( Akumu tantei 2 ),18771,2.7,3,07/14/2010,Japanese,"Drama, Horror",NR,Shin'ya Tsukamoto,"Ryûhei Matsuda, Yui Miura, Wako Andô, Miwako Ichikawa, Ken Mitsuishi, Hanae Kan",https://www.filmcrave.com/movie_page_main.php?id=51859,Unknown
Muppet Classic Theater,27944,2.3,3,01/01/1994,English,"Comedy, Family",NR,David Grossman,"Frank Oz, Steve Whitmire, Jerry Nelson, Dave Goelz, Julianne Buescher, Brian Henson",https://www.filmcrave.com/movie_page_main.php?id=51860,"The Muppets put their own spin on classic tales such as King Midas, Rumpelstiltskin, Three Little Pigs, The Boy Who Cried Wolf, and The Elves and the Shoemaker. --"
The Unloved,28211,2.3,3,05/17/2009,English,Drama,NR,Samantha Morton,"Molly Windsor, Robert Carlyle, Susan Lynch, Craig Parkinson, Andrea Lowe, Karl Collins",https://www.filmcrave.com/movie_page_main.php?id=51861,"The story of an eleven year old girl named Lucy from a broken family, who was placed in the foster care system.  --"
The Kid,25937,3.0,2,10/31/2010,English,Drama,NR,Nick Moran,"Rupert Friend, Tom Burke, Natascha McElhone, Ioan Gruffudd, Alfie Allen, Bernard Hill",https://www.filmcrave.com/movie_page_main.php?id=51862,"A movie based on the life of Kevin Lewis, a kid growing up in an abusive home during the 1980s. --"
Sparks,24487,2.3,4,03/01/2013,English,"Action, Thriller",NR,"Todd Burrows, Christopher Folino","Chase Williamson, Ashley Bell, Clancy Brown, Jake Busey, William Katt, Clint Howard",https://www.filmcrave.com/movie_page_main.php?id=51863,A masked hero discovers the dark side to being a superhero when his determination to bring down a super criminal leaves his life and reputation in ruins. --
Toothless,24342,2.3,4,10/05/1997,English,"Comedy, Fantasy",NR,Melanie Mayron,"Kirstie Alley, Dale Midkiff, Ross Malinger, Daryl Mitchell, Kathryn Zaremba, Lynn Redgrave",https://www.filmcrave.com/movie_page_main.php?id=51864,A recently deceased woman must become the Tooth Fairy in order to get accepted into heaven.  --
And the Oscar Goes To...,7060,2.8,7,02/01/2014,English,Documentary,NR,"Rob Epstein, Jeffrey Friedman","Anjelica Huston, Billy Crystal, Tom Hanks, George Clooney, Helen Mirren, Steven Spielberg",https://www.filmcrave.com/movie_page_main.php?id=51865,A Turner Classic Movie original documenting the history of the Academy Awards. --
Dead Snow: Red vs. Dead ( Død Snø 2 ),11377,2.5,13,02/14/2014,Norwegian,"Comedy, Horror",R,Tommy Wirkola,"Amrita Acharia, Vegar Hoel, Jocelyn DeBoer, Ingrid Haas, Derek Mears, Ingar Helge Gimle",https://www.filmcrave.com/movie_page_main.php?id=51866,"Martin has had a bad day - a group of Nazi zombies showed up, killed most of his friends, made him accidentally kill his girlfriend with an axe and even hacked off his own arm with a chainsaw. You would think things couldn't get much worse for Martin... but you'd be dead wrong. --"
Camp Takota,31460,2.2,3,02/14/2014,English,Comedy,NR,"Chris Riedell, Nick Riedell","Grace Helbig, Chester See, Hannah Hart, Mamrie Hart, Ellen Karsten, Rachel Quaintance",https://www.filmcrave.com/movie_page_main.php?id=51867,Unknown
Fishing Without Nets,44779,2.0,2,01/17/2014,Other,Thriller,R,Cutter Hodierne,"Eric Godon, Idil Ibrahim, Reda Kateb, Abu Bakr Mirre, Abdikhadir Mukhtar, Abdi Siad",https://www.filmcrave.com/movie_page_main.php?id=51868,Unknown
Silent But Deadly,32910,2.8,2,02/14/2014,English,"Comedy, Horror",NR,Jason Lockhart,"Dawn Wells, John Tartaglia, Lee Meriwether, David Proval, Jacqui Holland, Martin Kove",https://www.filmcrave.com/movie_page_main.php?id=51869,Unknown
The Returned,15932,2.3,9,02/14/2014,English,"Drama, Horror",NR,Manuel Carballo,"Kris Holden-Ried, Emily Hampshire, Shawn Doyle, Claudia Bassols, Paulino Nunes, Melina Matthews",https://www.filmcrave.com/movie_page_main.php?id=51870,"A zombie epidemic has been stalled thanks to a retroviral ""Return Protein"" that lets infected live a normal life - provided they remember their injections every 36  hours. But a problem arises as the stock begins to run low. Soon Returned are reverting back to zombies - leading to riots and death in the streets. A doctor in charge of the cure races for a solution while her musician boyfriend Alex tries to hide the fact he himself is a Returned.  --"
Sir Billi ( Guardian of the Highlands ),42382,1.5,5,04/13/2012,English,"Animation, Adventure",NR,Sascha Hartmann,"Sean Connery, Alan Cumming, Patrick Doyle, Alex Norton, Amy Sacco, Miriam Margolyes",https://www.filmcrave.com/movie_page_main.php?id=51871,"A retired veterinarian in a remote Scottish village finds himself embroiled in all kinds of adventures - including a goat who thinks he's a dog, an admiral with a fear of water and a beaver who was raised by rabbits. --"
Facing Fear,18861,2.7,3,07/13/2013,English,"Documentary, Drama",NR,Jason Cohen,Unknown,https://www.filmcrave.com/movie_page_main.php?id=51872,"This gripping documentary follows two men whose pasts are inextricably fused. One guy was a young abandoned gay teen, and the other was a skinhead punk. Their brief but extremely violent encounter as kids makes for interesting interactions when they accidentally meet up as adults."
Regret! ( Spijt! ),26051,3.0,2,12/07/2013,Dutch,"Drama, Family",NR,Dave Schram,"Robin Boissevain, Dorus Witte, Stefan Collier, Charlotte Bakker, Nils Verkooijen, Rick van Elk",https://www.filmcrave.com/movie_page_main.php?id=51873,Unknown
Cement,25671,3.0,2,04/14/2000,English,"Crime, Drama",R,Adrian Pasdar,"Chris Penn, Jeffrey Wright, Anthony DeSando, Sherilyn Fenn, Henry Czerny, Titus Welliver",https://www.filmcrave.com/movie_page_main.php?id=51874,Dirty cops involved with gangsters get in over their heads.
The Music Box Kid,37034,2.5,2,06/01/1960,English,"Crime, Drama",NR,Edward L. Cahn,"Ron Foster, Luana Patten, Grant Richards, Johnny Seven, Carl Milletaire, Dayton Lummis",https://www.filmcrave.com/movie_page_main.php?id=51875,A gangster climbs the ladder of a New York city mob then starts his own organization.
Detroit Unleaded,37815,2.5,2,04/04/2013,English,"Comedy, Drama",NR,Rola Nashef,"EJ Assi, Nada Shouhayib, Mike Batayeh, Akram El-Ahmar, Mary Assel, Steven Soro",https://www.filmcrave.com/movie_page_main.php?id=51876,Unknown
Date and Switch,42303,1.6,4,02/14/2014,English,Comedy,R,Chris Nelson,"Quinn Lord, Nick Offerman, Gary Cole, Megan Mullally, Nicholas Braun, Sarah Hyland",https://www.filmcrave.com/movie_page_main.php?id=51877,"A pair of friends makes a pact in order to lose their virginity by prom - but things get complicated when one of the guys reveals he is gay, putting the friendship to the test. --"
Easy Money: Hard to Kill ( Snabba cash II ),37925,2.5,2,02/14/2014,Swedish,"Action, Crime",NR,Babak Najafi,"Joel Kinnaman, Matias Varela, Dragomir Mrsic, Fares Fares, Madeleine Martin, Dejan Cukic",https://www.filmcrave.com/movie_page_main.php?id=51878,Unknown
Gunday,31461,2.2,3,02/14/2014,Hindi,"Action, Crime",NR,Ali Abbas Zafar,"Ranveer Singh, Arjun Kapoor, Priyanka Chopra, Irrfan Khan, Darshan Gurjar, Jayesh V. Kardak",https://www.filmcrave.com/movie_page_main.php?id=51879,Unknown
The Turning,14259,2.8,3,09/26/2013,English,Drama,NR,Various,"Cate Blanchett, Rose Byrne, Hugo Weaving, Miranda Otto, Richard Roxburgh, Harrison Gilbertson",https://www.filmcrave.com/movie_page_main.php?id=51880,"Seventeen talented Australian directors from diverse artistic disciplines each create a chapter of the hauntingly beautiful novel by multi award-winning author Tim Winton. The linking and overlapping stories explore the extraordinary turning points in ordinary people’s lives in a stunning portrait of a small coastal community. As characters face second thoughts and regret, relationships irretrievably alter, resolves are made or broken, and lives change direction forever. This watershed film reinterprets and re-imagines the work for the screen."
In the Blood,17465,2.3,10,04/04/2014,English,"Action, Crime",R,John Stockwell,"Gina Carano, Cam Gigandet, Danny Trejo, Luis Guzmán, Stephen Lang, Treat Williams",https://www.filmcrave.com/movie_page_main.php?id=51881,"On a Caribbean vacation with her husband, a woman takes matters into her own hands when he goes missing - vowing to track down the men she thinks responsible. --"
Under the Rainbow ( Au bout du conte ),46648,1.8,2,10/10/2013,French,Comedy,NR,Agnès Jaoui,"Agathe Bonitzer, Agnès Jaoui, Arthur Dupont, Jean-Pierre Bacri, Benjamin Biolay, Dominique Valadié",https://www.filmcrave.com/movie_page_main.php?id=51882,Unknown
Beijing Love Story,23025,2.5,3,02/14/2014,Mandarin,"Drama, Romance",NR,Chen Sicheng,"Sicheng Chen, Le Geng, Carina Lau, Tony Leung Ka Fai, Xuebing Wang, Nan Yu",https://www.filmcrave.com/movie_page_main.php?id=51883,A multi-generational look at love - all told through the perspective of Beijing - from young lovers who must decide between tradition or their own emotional to infidelity to ex-loves making a new entrance. --
Stay,21099,2.4,4,03/21/2014,English,Drama,NR,Wiebke von Carolsfeld,"Taylor Schilling, Aidan Quinn, Michael Ironside, Brian Gleeson, Barry Keoghan, Carrie Crowley",https://www.filmcrave.com/movie_page_main.php?id=51884,"A woman finds out she is pregnant, but when the father refuses to have anything to do with her, she returns home. --"
My Little Pony: Equestria Girls,5902,2.9,7,06/16/2013,English,"Animation, Family",G,Jayson Thiessen,"Tara Strong, Ashleigh Ball, Andrea Libman, Tabitha St. Germain, Cathy Weseluck, Rebecca Shoichet",https://www.filmcrave.com/movie_page_main.php?id=51885,"Twilight Sparkle (My Little Pony: Friendship is Magic) is made a princess in Equestria, but as she sleeps her crown is stolen. She and her dragon travel to an alternate world to retrieve it, becoming human in the process. Making friends along the way, she helps an entire school of students learn about friendship."
No Clue,35965,2.0,3,12/05/2013,English,Comedy,NR,Carl Bessai,"Brent Butt, Amy Smart, David Koechner, David Cubitt, Dan Payne, Kirsten Prout",https://www.filmcrave.com/movie_page_main.php?id=51886,A salesman is mistaken for a private investigator and soon find himself helping a woman track down her missing brother - but complications soon arise. --
A Farewell to Fools,41900,2.3,2,03/15/2013,English,"Comedy, Drama",PG-13,Bogdan Dreyer,"Gérard Depardieu, Harvey Keitel, Laura Morante, Bogdan Iancu, Alexandru Bindea, Nicodim Ungureanu",https://www.filmcrave.com/movie_page_main.php?id=51887,Unknown
The Color of Magic,3672,3.3,4,01/30/2009,English,"Adventure, Comedy",NR,Vadim Jean,"David Jason, Sean Astin, Tim Curry, Jeremy Irons, Brian Cox, Christopher Lee",https://www.filmcrave.com/movie_page_main.php?id=51888,"After being expelled from the unseen university for a lack of progress, Rincewind becomes the unwilling guide to Twoflower, the discworld's first tourist. But Rincewind's departure upsets the most powerful book in the world, the Octavo, because he is carrying one of it's eight spells in his head. The spells must all be said together at the right time, or worlds will be in danger. Based on Terry Pratchett's Discworld book series. --"
Hogfather,1486,3.5,4,11/25/2007,English,"Adventure, Fantasy",NR,Vadim Jean,"David Jason, Marc Warren, Michelle Dockery, David Warner, Tony Robinson, Nigel Planer",https://www.filmcrave.com/movie_page_main.php?id=51889,"It is Hogswatch Eve, a holiday in the discworld that bears a remarkable similarity to our Christmas, but the Hogfather is missing in action. Death must step in to keep belief alive, while his granddaughter Susan tracks down the source of the trouble."
Going Postal,2044,3.3,5,05/30/2010,English,"Comedy, Fantasy",NR,Jon Jones,"Richard Coyle, David Suchet, Claire Foy, Andrew Sachs, Charles Dance, Timothy West",https://www.filmcrave.com/movie_page_main.php?id=51890,"Con-man Moist Von Lipwig is given a second chance at life if he is willing to accept the task of reopening the Anhk-Morpork post office. He faces stiff competition from the Klacks system (a steampunk version of the internet). Can he revive the post, win the heart of the irrepressible Adorabella Dearheart, and save his own skin in the process? --"
Donald in Mathmagicland,5450,3.3,3,06/26/1959,English,"Animation, Family",NR,"Les Clark, Joshua Meador, Wolfgang Reitherman, Hamilton Luske","Paul Frees, Clarence Nash",https://www.filmcrave.com/movie_page_main.php?id=51891,The Narrator takes Donald Duck on a journey to discover the magic of mathematics.
Scream Park,28409,2.3,3,01/06/2013,English,Horror,NR,Cary Hill,"Nicole Beattie, Doug Bradley, Kailey Marie Harris, Dean Jacobs, Tyler Kale, Ian Lemmon",https://www.filmcrave.com/movie_page_main.php?id=51892,"In order to save his dying amusement park, a owner comes up with the ultimate publicity stunt to sell tickets - a few gruesome murders should do the trick. --"
Mickey's House of Villains,18617,2.7,3,09/03/2002,English,"Animation, Comedy",NR,"Jamie Mitchell, Tony Craig, Roberts Gannaway, Mike Moon, Rick Schneider-Calabash","Wayne Allwine, Tony Anselmo, Susanne Blakeslee, Corey Burton, Jim Cummings, John Cleese",https://www.filmcrave.com/movie_page_main.php?id=51893,"Mickey Mouse hosts a Halloween party at his House of Mouse, but the Disney villains decide to take over and spice things up."
VeggieTales: The Ultimate Silly Song Countdown,37486,2.5,2,09/18/2001,English,"Animation, Comedy",NR,"Tom Bancroft, Mike Nawrocki","Mike Nawrocki, Phil Vischer, Laura Richey, Kurt Heinecke, Nancy Rizzo",https://www.filmcrave.com/movie_page_main.php?id=51894,Larry the cucumber leads the pirates who don't do anything as they count down the top 10 silly songs.
Yogi's First Christmas,37218,2.5,2,11/22/1980,English,"Family, Animation",NR,Ray Patterson,"Daws Butler, Don Messick, Janet Waldo, John Stephenson, Hal Smith, Marilyn Schreffler",https://www.filmcrave.com/movie_page_main.php?id=51895,"Jellystone park, a favorite holiday destination, is in danger of closing, so this year must be the best celebration ever. When the revelry wakes up Yogi Bear and his friend Booboo, will Christmas be ruined or rescued?"
The Halloween Tree,14061,2.8,3,10/01/1993,English,"Animation, Family",NR,Mario Piluso,"Ray Bradbury, Leonard Nimoy, Annie Barker, Alex Greenwald, Andrew Keegan, Edan Gross",https://www.filmcrave.com/movie_page_main.php?id=51896,"Based on Ray Bradbury's book, a group of friends must travel through time and space to unravel the origins of Halloween and save their friend Pip's life."
Prep & Landing: Naughty vs. Nice,32804,2.8,2,12/05/2011,English,"Animation, Comedy",NR,"Kevin Deters, Stevie Wermers","Sarah Chalke, Dave Foley, Emily Alyn Lind, Chris Parnell, Derek Richardson, Rob Riggle",https://www.filmcrave.com/movie_page_main.php?id=51897,"Wayne the prep and Landing elf races his brother Lanny, a coal elf, to recover classified technology. Can they complete their mission in time for Christmas while patching up their own relationship?"
Jane Eyre,32450,2.8,2,10/19/1997,English,"Drama, Romance",NR,Robert Young,"Samantha Morton, Ciarán Hinds, Gemma Jones, Richard Hawley, Sophie Reissner, Abigail Cruttenden",https://www.filmcrave.com/movie_page_main.php?id=51898,Unknown
Pride and Prejudice,1711,3.2,8,01/14/1996,English,"Drama, Romance",NR,Simon Langton,"Jennifer Ehle, Colin Firth, Susannah Harker, Julia Sawalha, Alison Steadman, Benjamin Whitrow",https://www.filmcrave.com/movie_page_main.php?id=51899,"A BBC mini-series based on Jane Austen's 1813 novel of the same name, Pride and Prejudice centres around Elizabeth Bennet and her four sisters: Jane, Mary, Kitty and Lydia.  When charismatic and eligible bachelor Mr Bingley moves into the neighbourhood, he brings along his proud and condescending friend, Mr Darcy.  While Bingley and Jane Bennet become close, Darcy has trouble adapting to the social graces of the countryside and his manners do not endear him to the locals, least of all Elizabeth."
Paul Taylor Creative Domain,37918,2.5,2,01/31/2014,English,"Documentary, Biography",NR,Kate Geis,Paul Taylor,https://www.filmcrave.com/movie_page_main.php?id=51900,Unknown
Aaha Kalyanam,41941,2.3,2,02/21/2014,Other,"Comedy, Romance",NR,Gokul Krishna,"Nani, Vaani Kapoor, Badava Gopi, Karthik Nagarajan, Sriram, Simran",https://www.filmcrave.com/movie_page_main.php?id=51901,Unknown
Highway,16792,2.5,4,02/21/2014,Hindi,"Drama, Romance",NR,Imtiaz Ali,"Alia Bhatt, Randeep Hooda, Durgesh Kumar, Pradeep Nagar, Saharsh Kumar Shukla",https://www.filmcrave.com/movie_page_main.php?id=51902,Unknown
Angels in Stardust,5860,2.9,7,02/21/2014,English,"Comedy, Drama",PG-13,William Robert Carey,"Alicia Silverstone, AJ Michalka, Billy Burke, Chandler Massey, Amelia Rose Blaire, Dennis Cockrum",https://www.filmcrave.com/movie_page_main.php?id=51903,"An imaginative teen, stuck in community built on an abandoned drive-in on the Texas/Oklahoma border, does everything she can to realize her potential and escape the life she was born into. --"
The Filmballad of Mamadada,38017,2.5,2,08/08/2014,English,Biography,NR,"Lily Benson, Cassandra Guan",Baroness Elsa von Freytag-Loringhoven,https://www.filmcrave.com/movie_page_main.php?id=51904,Unknown
Chaplin of the Mountains,37926,2.5,2,02/21/2014,English,Drama,NR,Jano Rosebiani,"Estelle Bajou, Zack Gold, Kurdo Galali, Taies Farzan, Bennett Viso, Jano Rosebiani",https://www.filmcrave.com/movie_page_main.php?id=51905,Unknown
"One Candle, Two Candles... ( Êk Momik, Du Momik... )",26065,3.0,2,02/21/2014,Other,"Comedy, Drama",NR,Jano Rosebiani,"Katrin Ender, Hussein Hassan, Kurdo Galali, Gulbahar Kavjo, Perwar Tariq, Tara Ebdilrehman",https://www.filmcrave.com/movie_page_main.php?id=51906,Unknown
Oxygen for the Ears: Living Jazz,37784,2.5,2,06/01/2012,English,"Documentary, Historical",NR,Stefan Immler,"Esperanza Spalding, Eric Lewis, Ravi Coltrane, Joe Byrd, Butch Warren, Thelonious Monk",https://www.filmcrave.com/movie_page_main.php?id=51907,Unknown
Blue Exorcist: The Movie ( Ao no Ekusoshisuto: Gekijô-ban ),32874,2.8,2,08/17/2013,Japanese,"Anime, Fantasy",NR,Atsushi Takahashi,"Nobuhiko Okamoto, Jun Fukuyama, Kana Hanazawa, Kazuya Nakai, Kôji Yusa, Yûki Kaji",https://www.filmcrave.com/movie_page_main.php?id=51908,Unknown
Suzanne,5479,3.3,3,10/11/2013,French,Drama,NR,Katell Quillévéré,"Sara Forestier, François Damiens, Adèle Haenel, Paul Hamy, Lola Dueñas, Corinne Masiero",https://www.filmcrave.com/movie_page_main.php?id=51909,Unknown
What Difference Does It Make? A Film About Making Music,44792,2.0,2,02/17/2014,English,Documentary,NR,Ralf Schmerberg,"Erykah Badu, Brian Eno, Philip Glass, Deborah Harry, Lee 'Scratch' Perry, Nile Rodgers",https://www.filmcrave.com/movie_page_main.php?id=51910,Unknown
A Girl Walks Home Alone at Night,4003,2.8,17,01/19/2014,Persian,"Horror, Romance",NR,Ana Lily Amirpour,"Sheila Vand, Arash Marandi, Marshall Manesh, Mozhan Marnò, Dominic Rains, Rome Shadanloo",https://www.filmcrave.com/movie_page_main.php?id=51911,Bad City - an Iranian town that sits lonely and nearly abandoned. The few townspeople that remain are unaware that death comes in many forms - including a solitary vampire who preys quietly on them. --
Insidious: Chapter 3,16555,2.2,28,06/05/2015,English,Horror,PG-13,Leigh Whannell,"Dermot Mulroney, Lin Shaye, Stefanie Scott, Angus Sampson, Leigh Whannell",https://www.filmcrave.com/movie_page_main.php?id=51912,"This prequel takes plays years before the Lambert family experiences own haunting. A younger Elsie Rainier, still a gifted psychic, reluctantly uses her power to contact the dead when a young girl is targets by a supernatural entity. --"
Inherent Vice,4831,2.7,54,12/12/2014,English,"Crime, Drama",R,Paul Thomas Anderson,"Sasha Pieterse, Jena Malone, Joaquin Phoenix, Benicio Del Toro, Josh Brolin, Owen Wilson",https://www.filmcrave.com/movie_page_main.php?id=51913,"Set in 1970s L.A., eetective Larry ""Doc"" Sportello - a drug-addled private"
Entourage,16504,2.2,22,06/03/2015,English,Comedy,R,Doug Ellin,"Adrian Grenier, Jeremy Piven, Kevin Connolly, Kevin Dillon, Perrey Reeves, Constance Zimmer",https://www.filmcrave.com/movie_page_main.php?id=51914,"Based on the hit TV show, follow movie star Vince Chase and his various hanger-on, cronies and wannabees as they live the Hollywood life. --"
Annabelle,19062,2.1,35,10/03/2014,English,Horror,R,John R. Leonetti,"Annabelle Wallis, Alfre Woodard, Eric Ladin, Brian Howe, Gabriel Bateman, Shiloh Nelson",https://www.filmcrave.com/movie_page_main.php?id=51915,"Thinking he has found the perfect wedding gift for his wife, a husband tracks down a vintage doll in a white dress. But after a Satanic cult breaks in and terrifies the couple, they leave behind something else - and Annabelle is unleashed. --"
The Conjuring 2,2567,2.8,57,06/10/2016,English,Horror,R,James Wan,"Vera Farmiga, Patrick Wilson, Frances O'Connor, Madison Wolfe, Lauren Esposito, Franka Potente",https://www.filmcrave.com/movie_page_main.php?id=51916,Follows the continuing paranormal investigations by Ed and Lorraine Warren. This time the couple head to the UK to the neighborhood of Enfield in North London where a single mother and her four children find themselves under siege from a seemingly demonic entity. Once again based on an actual case. --
In the Heart of the Sea,7512,2.5,41,12/11/2015,English,Drama,PG-13,Ron Howard,"Chris Hemsworth, Cillian Murphy, Ben Whishaw, Brendan Gleeson, Tom Holland, Benjamin Walker",https://www.filmcrave.com/movie_page_main.php?id=51917,"In 1820, a whaling ship out of New England, the Essex, encountered a sperm whale that seemed to have a streak of human vengeance, assailing the ship and stranding the crew out in the ocean for 90 days. The true story was the inspiration for Herman Melville’s classic novel, Moby Dick. --"
Alice Through the Looking Glass,17433,2.2,19,05/27/2016,English,"Adventure, Fantasy",PG,James Bobin,"Johnny Depp, Mia Wasikowska, Anne Hathaway, Helena Bonham Carter, Sacha Baron Cohen, Michael Sheen",https://www.filmcrave.com/movie_page_main.php?id=51918,Alice returns to Wonderland but must face a much different journey as the
Live by Night,9615,2.5,21,01/13/2017,English,"Crime, Drama",R,Ben Affleck,"Ben Affleck, Zoe Saldana, Elle Fanning, Sienna Miller, Scott Eastwood, Titus Welliver",https://www.filmcrave.com/movie_page_main.php?id=51919,"Joe Coughlin, son of a Boston police captain, lives his own life far from the proper upbringing he has long since turned his back on. The era of prohibition is ripe for thrills, notoriety and the perks that come with being part of the premiere underworld scene. But the seedy side of life holds its share of danger - trust is hard ot come by and an early death is all but guaranteed. --"
Fed Up,3022,3.0,12,05/09/2014,English,Documentary,PG,Stephanie Soechtig,"Michele Simon, Katie Couric",https://www.filmcrave.com/movie_page_main.php?id=51920,"Even though the media is constantly focused on how we look - and recent attempts to curb childhood obesity, the food industry has harbored a dangerous secret - one that means more people are getting sick from what they are eating and leading to a generation that won't live as long as their parents. --"
The Return to Homs,32905,2.8,2,01/17/2014,Arabic,"Documentary, Biography",NR,Talal Derki,Unknown,https://www.filmcrave.com/movie_page_main.php?id=51921,Unknown
To Kill a Man ( Matar a un hombre ),32906,2.8,2,01/17/2014,Spanish,Drama,NR,Alejandro Fernández Almendras,"Daniel Antivilo, Daniel Candia, Ariel Mateluna, Alejandra Yañez",https://www.filmcrave.com/movie_page_main.php?id=51922,Unknown
Water & Power,41921,2.3,2,10/12/2013,English,"Crime, Drama",NR,Richard Montoya,"Enrique Murciano, Nicholas Gonzalez, Clancy Brown, Yvette Yates, Exie Booker, Dan Donohue",https://www.filmcrave.com/movie_page_main.php?id=51923,Unknown
What the Deaf Man Heard,9089,2.9,4,11/23/1997,English,"Comedy, Drama",PG,John Kent Harrison,"Matthew Modine, Claire Bloom, Judith Ivey, James Earl Jones, Jerry O'Connell, Bernadette Peters",https://www.filmcrave.com/movie_page_main.php?id=51924,"The last words Sammy Ayres' mother every says to him are ""Not one more word out of you."" as they ride the bus to a new life. When he wakes up in the morning, however, his mother is gone and the bus is at the end of the line. He takes his mothers advice to heart and grows up at the bus station, pretending to be deaf and dumb. As an adult, he continues the charade until events arise in his adopted town which force him to choose between justice and silence."
Ilo Ilo,15582,2.5,5,01/04/2014,English,Drama,NR,Anthony Chen,"Koh Jia Ler, Angeli Bayani, Tian Wen Chen, Yann Yann Yeo, Jo Kukathas",https://www.filmcrave.com/movie_page_main.php?id=51925,"Set in 1997 Singapore, a new maid, Teresa has come to the city looking for a better life but winds up putting a strain on the family she works for. She forms a bond with Jiale, the troubled son, even as his mother becomes more and more jealous of their relationship. Meanwhile, a looming financial crisis puts the entire region in a bind. --"
Chlorine,43133,1.7,3,02/28/2014,English,"Comedy, Drama",NR,Jay Alaimo,"Kyra Sedgwick, Vincent D'Onofrio, Tom Sizemore, Elisabeth Röhm, Rhys Coiro, Flora Cross",https://www.filmcrave.com/movie_page_main.php?id=51926,Unknown
Stalingrad,8247,2.7,7,02/28/2013,Russian,"Action, War",R,Fedor Bondarchuk,"Pyotr Fyodorov, Thomas Kretschmann, Sergey Bondarchuk, Dmitriy Lysenkov, Mariya Smolnikova, Yanina Studilina",https://www.filmcrave.com/movie_page_main.php?id=51927,"One of the most bloody and devastating battles of WWII took place in Stalingrad. Here we find a band of Russian soldiers looking to hold a strategic building against the ruthless German army. During this time, two women who have called this there home become deeply involved with the men. --"
The 13th Unit,55370,1.5,2,02/01/2014,English,"Horror, Sci-Fi",NR,Theophilus Lacey,"John Allen Phillips, Lance Aaron, Rocki DuCharme, Aidan Bristow, Mandy May, Robbie Daymond",https://www.filmcrave.com/movie_page_main.php?id=51928,Unknown
HairBrained,44793,2.0,2,02/28/2014,English,Comedy,PG-13,Billy Kent,"Alex Wolff, Brendan Fraser, Julia Garner, Michael Oberholtzer, Greta Lee, Teddy Bergman",https://www.filmcrave.com/movie_page_main.php?id=51929,Unknown
Souldier,37805,2.5,2,02/21/2013,English,Documentary,NR,"Paul Dagostino, Russ Littlefield","Jerzy, Michael Montero",https://www.filmcrave.com/movie_page_main.php?id=51930,Unknown
Rhymes for Young Ghouls,32880,2.8,2,09/09/2013,English,Drama,R,Jeff Barnaby,"Mark Antony Krupa, Arthur Holden, Roseanne Supernault, Devery Jacobs, Glen Gould, Kent McQuaid",https://www.filmcrave.com/movie_page_main.php?id=51931,Unknown
"Last Days, The ( últimos días, Los )",14904,2.6,4,07/31/2013,Spanish,"Adventure, Sci-Fi",NR,"David Pastor, Àlex Pastor","Quim Gutiérrez, José Coronado, Marta Etura, Leticia Dolera, Mikel Iglesias, Ivan Massagué",https://www.filmcrave.com/movie_page_main.php?id=51932,An epidemic has spread across the globe and kills efficiently and quickly
"No God, No Master",42365,1.5,5,07/19/2012,English,"Crime, Drama",PG-13,Terry Green,"David Strathairn, Sam Witwer, Ray Wise, Alessandro Mario, Edoardo Ballerini, Mike Bacarella",https://www.filmcrave.com/movie_page_main.php?id=51933,In the summer of 1919 a group of prominent politicians found themselves the target of an anarchist group who looked to bring Democracy to its knees through a series of package bombs. U.S. Bureau of Investigation Agent William Flynn investigates these threats - paralleling modern events evoking the war on terror. --
Refuge,41884,2.3,2,10/11/2012,English,Drama,NR,Jessica Goldberg,"Krysten Ritter, Brian Geraghty, Logan Huffman, Madeleine Martin, Juliet Garrett, Joe Pallister",https://www.filmcrave.com/movie_page_main.php?id=51934,Unknown
Half Japanese: The Band That Would Be King,41517,2.3,2,10/07/1993,English,Documentary,NR,Jeff Feuerzeig,"Byron Coley, Jad Fair, David Greenberger, David Fair, Penn Jillette, Maureen Tucker",https://www.filmcrave.com/movie_page_main.php?id=51935,Unknown
Firelight,35371,2.0,3,03/24/1964,English,"Sci-Fi, Thriller",NR,Steven Spielberg,"Robert Robyn, Beth Weber, Lucky Lohr, Margaret Peyou, Charles Emery, Nancy Spielberg",https://www.filmcrave.com/movie_page_main.php?id=51936,Unknown
Criminally Insane,25508,3.0,2,01/01/1975,English,"Horror, Thriller",R,Nick Millard,"Priscilla Alden, Michael Flood, Jane Lambert, George 'Buck' Flower, Robert Copple, Ginna Martine",https://www.filmcrave.com/movie_page_main.php?id=51937,An insane woman kills anybody who tries to stop her from eating.
Satan's Black Wedding,25510,3.0,2,01/01/1975,English,Horror,R,Nick Millard,"Greg Braddock, Ray Myles, Lisa Milano, Lisa Pons, Barrett Cooper, Zarrah Whiting",https://www.filmcrave.com/movie_page_main.php?id=51938,Unknown
The Immortalists,29927,2.2,3,02/01/2014,English,Documentary,NR,"David Alvarado, Jason Sussberg","Aubrey de Grey, Bill Andrews",https://www.filmcrave.com/movie_page_main.php?id=51939,Unknown
Children of Sorrow,41881,2.3,2,10/06/2012,English,Horror,R,Jourdan McClure,"Bill Oberst Jr., Hannah Levien, Whitney Nielsen, Nich Kauffman, Galen Howard, Daniel Mentz",https://www.filmcrave.com/movie_page_main.php?id=51940,Unknown
Leave the World Behind,37928,2.5,2,03/01/2014,English,Documentary,NR,Christian Larson,"Sebastian Ingrosso, Axel Hedfors, Steve Angello",https://www.filmcrave.com/movie_page_main.php?id=51941,Unknown
How to Be a Man,37845,2.5,2,08/10/2013,English,Comedy,NR,Chadd Harbold,"Gavin McInnes, Liam Aiken, Megan Neuringer, Marisa Redanty, Helen Rogers, Jasmine Osborne",https://www.filmcrave.com/movie_page_main.php?id=51942,Unknown
A Parisian Romance,25050,3.0,2,10/01/1932,English,"Drama, Romance",NR,Chester M. Franklin,"Lew Cody, Marion Shilling, Gilbert Roland, Joyce Compton, Yola d'Avril, Nicholas Soussanin",https://www.filmcrave.com/movie_page_main.php?id=51943,Unknown
A Thousand Times Good Night,26040,3.0,2,10/12/2013,Norwegian,Drama,NR,Erik Poppe,"Nikolaj Coster-Waldau, Juliette Binoche, Maria Doyle Kennedy, Chloë Annett, Larry Mullen Jr., Lauryn Canny",https://www.filmcrave.com/movie_page_main.php?id=51944,Unknown
Before the Winter Chill ( Avant l'hiver ),26026,3.0,2,08/30/2013,French,Drama,NR,Philippe Claudel,"Daniel Auteuil, Kristin Scott Thomas, Leïla Bekhti, Richard Berry, Vicky Krieps, Anne Metzler",https://www.filmcrave.com/movie_page_main.php?id=51945,Unknown
Pioneer,10880,3.0,3,10/13/2013,Norwegian,Thriller,R,Erik Skjoldbjærg,"Wes Bentley, Stephen Lang, Jonathan LaPaglia, Aksel Hennie, Stephanie Sigman, Jørgen Langhelle",https://www.filmcrave.com/movie_page_main.php?id=51946,Unknown
"Raptor Ranch ( Dinosaur Experiment, THe )",37879,2.5,2,10/31/2013,English,"Action, Horror",NR,"Michael Beberashvili, Dan Bishop","Jana Mashonee, Lorenzo Lamas, Cole Brown, Donny Boaz, Cody Vaughan, Alexandra Hulme",https://www.filmcrave.com/movie_page_main.php?id=51947,Unknown
After Dark,31697,2.8,2,10/01/1932,English,"Crime, Drama",NR,Albert Parker,"Horace Hodges, Hugh Williams, Grethe Hansen, George Barraud, Henry Oscar, Ian Fleming",https://www.filmcrave.com/movie_page_main.php?id=51948,Unknown
Come on Danger!,54987,1.5,2,09/23/1932,English,"Romance, Western",NR,Robert F. Hill,"Tom Keene, Julie Haydon, Roscoe Ates, Robert Ellis, William Scott, Frank Lackteen",https://www.filmcrave.com/movie_page_main.php?id=51949,Unknown
Dynamite Denny,43526,2.0,2,05/27/1932,English,"Action, Drama",NR,Frank R. Strayer,"Jay Wilsey, Blanche Mehaffey, William V. Mong, Walter Perry, Matthew Betz, Fern Emmett",https://www.filmcrave.com/movie_page_main.php?id=51950,Unknown
Loving Blood of the Volcano ( Huoshan Qingxie ),54984,1.5,2,01/01/1932,Mandarin,Drama,NR,Yu Sun,"Li-li Li, Jiqun Liu, Ying Tan, Tianxiu Tang, Congmei Yuan, Junli Zheng",https://www.filmcrave.com/movie_page_main.php?id=51951,Unknown
Madame Butterfly,43532,2.0,2,12/30/1932,English,Drama,NR,Marion Gering,"Sylvia Sidney, Cary Grant, Charles Ruggles, Irving Pichel, Helen Jerome Eddy, Edmund Breese",https://www.filmcrave.com/movie_page_main.php?id=51952,Unknown
Man About Town,43525,2.0,2,05/22/1932,English,Drama,NR,John Francis Dillon,"Warner Baxter, Karen Morley, Conway Tearle, Alan Mowbray, Leni Stengel, Lilian Bond",https://www.filmcrave.com/movie_page_main.php?id=51953,Unknown
Renegades of the West,36336,2.5,2,11/25/1932,English,Western,NR,Casey Robinson,"Tom Keene, Roscoe Ates, Betty Furness, Jim Mason, Carl Miller, Max Wagner",https://www.filmcrave.com/movie_page_main.php?id=51954,Unknown
Ridin' for Justice,40425,2.3,2,01/04/1932,English,Western,NR,D. Ross Lederman,"Buck Jones, Mary Doran, Russell Simpson, Walter Miller, Robert McKenzie, Will Walling",https://www.filmcrave.com/movie_page_main.php?id=51955,Unknown
Rob the Mob,16324,2.3,10,03/15/2014,English,"Crime, Drama",R,Raymond De Felitta,"Michael Pitt, Nina Arianda, Andy Garcia, Ray Romano, Burt Young, Griffin Dunne",https://www.filmcrave.com/movie_page_main.php?id=51956,A couple madly in love come up with an equally mad and brazen plan - to target Mafia-run social clubs and rob them blind. Things are going well until they stumble upon a score bigger than they could ever imagine - and putting them in the crosshairs of both the mob and the FBI. --
Proxy,11216,2.6,7,09/19/2013,English,"Drama, Horror",NR,Zack Parker,"Joe Swanberg, Alexa Havins, Kristina Klebe, Alexia Rasmussen, Faust Checho, Kitsie Duncan",https://www.filmcrave.com/movie_page_main.php?id=51957,"After a seemingly senseless and brutal attack, a pregnant would-be mother finds solace in a support group - gradually opening up to others who have lost a child. But even as she finds acceptance, things take a drastic turn as nothing is quite as it seems in this thriller. --"
The Laughing Mask,5413,3.3,3,10/31/2014,English,"Horror, Thriller",NR,Michael Aguiar,"Fran Rafferty, Inge Uys, Gabriel Lee, Sheyenne Rivers, Matt Ganey, Jeffrey Gwyn Jenkins",https://www.filmcrave.com/movie_page_main.php?id=51958,"A man loses his wife and daughter to a deranged killer known as ""The Laughing Mask"". While the police try to track him down, even as the body count rises, the man plays a deadly game in order to seek his own vengeance. --"
Bad Johnson,23032,2.5,3,05/02/2014,English,Comedy,NR,Huck Botko,"Jamie Chung, Cam Gigandet, Katherine Cunningham, Nick Thune, George Lako, Holly Houk",https://www.filmcrave.com/movie_page_main.php?id=51959,"A womanizer finds himself facing the ultimate punishment when his ""little man"" decides to become his own man - without him. --"
Documented,26015,3.0,2,06/21/2013,English,"Documentary, Biography",NR,"Jose Antonio Vargas, Ann Raffaela Lupo","Emelie Salinas, Leonila Salinas, Jose Antonio Vargas",https://www.filmcrave.com/movie_page_main.php?id=51960,Unknown
Justice League: War,5727,2.7,16,02/04/2014,English,"Animation, Action",PG-13,Jay Oliva,"Jason O'Mara, Alan Tudyk, Michelle Monaghan, Steve Blum, Sean Astin, Justin Kirk",https://www.filmcrave.com/movie_page_main.php?id=51961,"DC Heroes Batman, Green Lantern, Flash, Wonder Woman, Superman and Cyborg meet for the first time as they attempt to defeat an invasion by the forces of Darkseid."
"Company's in Love, The ( verliebte Firma, Die )",36330,2.5,2,02/22/1932,German,Comedy,NR,Max Ophüls,"Gustav Fröhlich, Anny Ahlers, Lien Deyers, Ernö Verebes, José Wedorn, Leonard Steckel",https://www.filmcrave.com/movie_page_main.php?id=51962,Unknown
The Wolf's Fangs,54941,1.5,2,05/15/1922,English,Drama,NR,Oscar Apfel,"Wilfred Lytell, Nancy Deaver, Manilla Martan",https://www.filmcrave.com/movie_page_main.php?id=51963,Unknown
When London Sleeps,54985,1.5,2,01/01/1932,English,Crime,NR,Leslie S. Hiscott,"Harold French, Francis L. Sullivan, René Ray, A. Bromley Davenport, Alexander Field, Diana Beaumont",https://www.filmcrave.com/movie_page_main.php?id=51964,Unknown
Dangerous Pleasure,54955,1.5,2,02/11/1925,English,Drama,NR,Harry Revier,"Niles Welch, Dorothy Revier, Sheldon Lewis, Theodore Lorch, Neely Edwards, Gladys Valerie",https://www.filmcrave.com/movie_page_main.php?id=51965,Unknown
Her Secret,45799,1.8,2,12/19/1933,English,"Comedy, Drama",NR,Warren Millais,"Sari Maritza, William Collier Jr., Alan Mowbray, Ivan F. Simpson, Monaei Lindley, Rex Armond",https://www.filmcrave.com/movie_page_main.php?id=51966,Unknown
Humanity,43534,2.0,2,03/03/1933,English,Drama,NR,John Francis Dillon,"Ralph Morgan, Boots Mallory, Alexander Kirkland, Irene Ware, Noel Madison, Wade Boteler",https://www.filmcrave.com/movie_page_main.php?id=51967,Unknown
Kiss of Araby,40455,2.3,2,04/21/1933,English,"Adventure, War",NR,Phil Rosen,"Maria Alba, Walter Byron, Claire Windsor, Theodore von Eltz, Claude King, Frank Leigh",https://www.filmcrave.com/movie_page_main.php?id=51968,Unknown
Savage Gold,45792,1.8,2,07/29/1933,English,Adventure,NR,N/A,"George M. Dyott, John Martin",https://www.filmcrave.com/movie_page_main.php?id=51969,Unknown
Sorrell and Son,28759,2.1,4,12/01/1927,English,Drama,NR,Herbert Brenon,"H.B. Warner, Anna Q. Nilsson, Mickey McBan, Carmel Myers, Lionel Belmore, Norman Trevor",https://www.filmcrave.com/movie_page_main.php?id=51970,Unknown
Swim Little Fish Swim,32939,2.8,2,10/31/2014,English,"Comedy, Drama",NR,"Ruben Amar, Lola Bessis","Lola Bessis, Dustin Guy Defa, Brooke Bloom, Anne Consigny, Olivia Costello, Makeda Declet",https://www.filmcrave.com/movie_page_main.php?id=51971,Unknown
Impossible Light,37934,2.5,2,03/08/2014,English,"Documentary, Biography",NR,Jeremy Ambers,"Timothy Childs, Amy Critchett, Ben Davis, Dorka Keehn, Gavin Newsom, Mark Pauline",https://www.filmcrave.com/movie_page_main.php?id=51972,Unknown
Buzzard,46669,1.8,2,03/08/2014,English,Drama,NR,Joel Potrykus,"Joshua Burge, Joel Potrykus, Teri Ann Nelson, Jason Roth, Joe Anderson, Alan Longstreet",https://www.filmcrave.com/movie_page_main.php?id=51973,Unknown
Patrick's Day,37936,2.5,2,03/08/2014,English,"Drama, Family",NR,Terry McMahon,"Kerry Fox, Moe Dunford, Philip Jackson, Catherine Walker, Aaron Monaghan, Tommy O'Neill",https://www.filmcrave.com/movie_page_main.php?id=51974,"Aren't we all a little crazy? Patrick is 26, warm, open and schizophrenic. His mother, Maura is smothering and obsessive, keeping Patrick in line with pills and her own control. But Patrick has  chance encounter with Karen, an alcoholic and suicidal stewardess and love may break both of them out of their respective damaging lives - unless Maura can get the dysfunctional, loner Freeman, a policeman who will help... for a price. --"
That Guy Dick Miller,44797,2.0,2,03/07/2014,English,Documentary,NR,Elijah Drenner,"Dick Miller, Lainie Miller, Roger Corman, Robert Forster, Fred Olen Ray, William Sadler",https://www.filmcrave.com/movie_page_main.php?id=51975,Unknown
Honeymoon,10004,2.7,6,03/07/2014,English,Thriller,NR,Leigh Janiak,"Rose Leslie, Harry Treadaway, Ben Huber, Hanna Brown",https://www.filmcrave.com/movie_page_main.php?id=51976,Unknown
Starry Eyes,9699,2.6,7,03/08/2014,English,Horror,NR,"Kevin Kolsch, Dennis Widmyer","Alex Essoe, Amanda Fuller, Noah Segan, Fabianne Therese, Shane Coffey, Natalie Castillo",https://www.filmcrave.com/movie_page_main.php?id=51977,A young starlet isn't interested in working her way to the top - she wants the fame and fortune now. She learns there is a way to get to the top instantly - but it comes with a steep price. --
Harmontown,28438,2.3,3,03/08/2014,English,Documentary,NR,Neil Berkeley,"Dan Harmon, Jeff Bryan Davis, Erin McGathy, Spencer Crittenden, Jack Black, Sarah Silverman",https://www.filmcrave.com/movie_page_main.php?id=51978,Unknown
The Infinite Man,46667,1.8,2,03/07/2014,English,Comedy,NR,Hugh Sullivan,"Josh McConville, Hannah Marshall, Alex Dimitriades",https://www.filmcrave.com/movie_page_main.php?id=51979,Unknown
Total Chaos ( Total Siyapaa ),41942,2.3,2,03/07/2014,Hindi,"Comedy, Drama",NR,Eeshwar Nivas,"Ali Zafar, Yami Gautam, Anupam Kher, Kiron Kher, Sara Khan, Anuj Pandit",https://www.filmcrave.com/movie_page_main.php?id=51980,Unknown
Fly Colt Fly,46665,1.8,2,02/21/2014,English,Documentary,NR,"Adam Gray, Andrew Gray","Mark Ebner, Tom Spence, Harley Davidson Ironwing, Rick Wood, Donna McNeil, Josh Richardson",https://www.filmcrave.com/movie_page_main.php?id=51981,Unknown
The Cold Lands,32893,2.8,2,10/24/2013,English,Drama,NR,Tom Gilroy,"Silas Yelich, Lili Taylor, Peter Scanavino, Tom Gilroy, Brian McCormack, Maggie Low",https://www.filmcrave.com/movie_page_main.php?id=51982,Unknown
Thrill Hunter,25064,3.0,2,04/30/1933,English,"Comedy, Western",NR,George B. Seitz,"Buck Jones, Dorothy Revier, Edward LeSaint, Eddie Kane, Arthur Rankin, Frank LaRue",https://www.filmcrave.com/movie_page_main.php?id=51983,Unknown
Under Secret Orders,36352,2.5,2,12/06/1933,English,"Drama, Romance",NR,Sam Newfield,"Don Dillaway, J. Farrell MacDonald, Nina Quartero, Phyllis Barrington, Don Alvarado, Lafe McKee",https://www.filmcrave.com/movie_page_main.php?id=51984,Unknown
Loophole,25400,3.0,2,03/28/1954,English,"Crime, Drama",NR,Harold D. Schuster,"Barry Sullivan, Dorothy Malone, Charles McGraw, Don Haggerty, Mary Beth Hughes, Don Beddoe",https://www.filmcrave.com/movie_page_main.php?id=51985,Unknown
The Second Best Exotic Marigold Hotel,6571,2.6,18,03/06/2015,English,"Comedy, Drama",PG,John Madden,"Maggie Smith, Judi Dench, Bill Nighy, Richard Gere, Dev Patel, David Strathairn",https://www.filmcrave.com/movie_page_main.php?id=51986,"Sonny Kapoor is basking in the good fortune that The Best Exotic Marigold Hotel for the Elderly and Beautiful has brought him - even as he struggles with running the property while preparing for his upcoming marriage. In fact, there is only one vacancy left in the property - which presents a problem when two new arrivals want the room. Meanwhile, the current residents are still coping with finding their place, and maybe even romance, in still uncharted territories. --"
Ride Along 2,34000,1.7,18,01/15/2016,English,Comedy,PG-13,Tim Story,"Kevin Hart, Ice Cube, Tika Sumpter, Olivia Munn, Ken Jeong, Benjamin Bratt",https://www.filmcrave.com/movie_page_main.php?id=51987,"Wedding bells are nearing, but before Ben can finally tie the knot, James has one more ride-along planned - a trip to Miami to bring down a drug dealer with ties to Atlanta. --"
The Nut Job 2: Nutty by Nature,26727,2.1,5,08/11/2017,English,"Animation, Comedy",PG,Cal Brunker,"Will Arnett, Katherine Heigl, Maya Rudolph, Jackie Chan, Sebastian Maniscalco, Peter Stormare",https://www.filmcrave.com/movie_page_main.php?id=51988,"The Nut Job may have worked out for Surly and his friends Buddy, Andie and Precious - but things are about to get even more troublesome. The mayor of Oaktown City has made a shady deal to bulldoze the city park (an displace all the animals) in order to build a huge, yet shabby, amusement park. Surly and his crew have a new job - and if this one doesn't go as planned, they may lose their home for good. --"
Morocco ( Exit Marrakech ),26039,3.0,2,10/12/2013,German,Drama,NR,Caroline Link,"Samuel Schneider, Ulrich Tukur, Hafsia Herzi, Josef Bierbichler, Marie-Lou Sellem, Lisa Vicari",https://www.filmcrave.com/movie_page_main.php?id=51989,Unknown
The Peanuts Movie,2659,2.9,37,11/06/2015,English,"Animation, Comedy",G,Steve Martino,"Noah Schnapp, Hadley Belle Miller, Mariel Sheets, Rebecca Bloom, Venus Schultheis, Madisyn Shipman",https://www.filmcrave.com/movie_page_main.php?id=51990,"Follows the adventures of Snoopy, a beagle who dreams big and takes to the skies as The Red Baron - meanwhile, his owner, Charlie Brown, is embarking on an adventure of his own - one where the lovable loser might finally come out on top. --"
Boyhood,656,3.1,112,07/18/2014,English,Drama,R,Richard Linklater,"Ellar Coltrane, Patricia Arquette, Ethan Hawke, Tamara Jolaine, Nick Krause, Jordan Howard",https://www.filmcrave.com/movie_page_main.php?id=51991,"Richard Linklater's films, 12 years in the making, follows the life of Mason as he ages from 5 to 18. --"
Third Person,10957,2.5,15,06/20/2014,English,"Drama, Romance",R,Paul Haggis,"Olivia Wilde, Liam Neeson, Mila Kunis, James Franco,  Adrien Brody , Maria Bello",https://www.filmcrave.com/movie_page_main.php?id=51992,"Three couples, three cities, three love stories - but they are all"
Half of a Yellow Sun,12861,2.5,7,05/16/2014,English,Drama,R,Biyi Bandele,"Chiwetel Ejiofor, Thandie Newton, John Boyega, Anika Noni Rose, Joseph Mawle, Hakeem Kae-Kazim",https://www.filmcrave.com/movie_page_main.php?id=51993,Follows the story of four people during the period when Nigeria was struggling to become an independent republic. --
Wish I Was Here,24526,2.0,13,07/18/2014,English,"Comedy, Drama",R,Zach Braff,"Zach Braff, Kate Hudson, Mandy Patinkin, Jim Parsons, Joey King, Ashley Greene",https://www.filmcrave.com/movie_page_main.php?id=51994,"A 35-year-old sometimes-actor is trying to find his place in life and with his family. When his father stops providing money for his children's private education, and the sad state of affairs at public school, he chooses to home-school instead. While figuring out how to teach his two children, it may be that he will learn the most and finally figure out what to do with his life. --"
Rearview,55795,1.3,2,12/01/2013,English,"Comedy, Crime",NR,Robert Gulassarian,"Alicia Kapudag, Lawrence Bill, Mark Grice, Dave Thompson, Norie Nersisyan, Bobbi Jaye",https://www.filmcrave.com/movie_page_main.php?id=51995,Unknown
Butterfly Girl,46671,1.8,2,03/10/2014,English,Documentary,NR,Cary Bell,"Abigail Evans, John Evans, Stacie Evans, Dr. Mark A. Gilger, Emily Gorell, Dr. Alfred Lane",https://www.filmcrave.com/movie_page_main.php?id=51996,Unknown
Dark House,33588,2.0,4,03/04/2014,English,"Horror, Thriller",R,Victor Salva,"Luke Kleintank, Alex McKenna, Anthony Rey Perez, Zack Ward, Tobin Bell, Lesley-Anne Down",https://www.filmcrave.com/movie_page_main.php?id=51997,Unknown
Black Mass,3709,2.7,59,09/18/2015,English,"Crime, Drama",R,Scott Cooper,"Johnny Depp, Joel Edgerton, Rory Cochrane, Jesse Plemons, Benedict Cumberbatch, Dakota Johnson",https://www.filmcrave.com/movie_page_main.php?id=51998,"The story of Whitey Bulger, brother of a state senator and the most infamous criminal in South Boston. Childhood friend John Connolly would become a leading figure in Boston's FBI office while Bulger become a figurehead in the Irish mob. When they connected, Connolly convinced Bulger to help take down the Italian mafia - but as things spiral out of control, Bulger finds himself as part of the FBI's Most Wanted. --"
Insurgent,9529,2.4,55,03/20/2015,English,"Action, Sci-Fi",PG-13,Robert Schwentke,"Shailene Woodley, Theo James, Miles Teller, Kate Winslet, Jai Courtney, Naomi Watts",https://www.filmcrave.com/movie_page_main.php?id=51999,"When Beatrice 'Tris' Prior found out she was Divergent, it changed everything. Now the factions and their chosen ideologies are growing closer to war - and the choices made will have far-reaching consequences. Loyalties and relationships will be tested and if Tris chooses to embrace her Divergence she may gain an identity - but lose far more than she could imagine. --"
Filth,7766,2.5,30,04/24/2014,English,"Comedy, Crime",R,Jon S. Baird,"Imogen Poots, James McAvoy, Jamie Bell, Joanne Froggatt, Shirley Henderson, Jim Broadbent",https://www.filmcrave.com/movie_page_main.php?id=52000,"Bruce Robertson is many things: a cop, an addict, bi-polar, bigoted and, recently, alone. Seeking to a promotion, and to reconnect with his family, he does everything in his power to manipulate those around him (while not under the influence) in order to secure is future. --"
Confessions of a Womanizer,38029,2.5,2,09/06/2014,English,"Comedy, Drama",Unknown,Miguel Ali,"C. Thomas Howell, Andrew Lawrence, Jillian Rose Reed, Gary Busey, Kelly Mantle, Andrew Caldwell",https://www.filmcrave.com/movie_page_main.php?id=52001,Unknown
Adventure Girl,27116,2.3,3,08/17/1934,English,"Adventure, Drama",NR,Herman C. Raymaker,Joan Lowell,https://www.filmcrave.com/movie_page_main.php?id=52002,Unknown
City Limits,25078,3.0,2,04/15/1934,English,"Comedy, Romance",NR,William Nigh,"Frank Craven, Ray Walker, Sally Blane, Claude Gillingwater, James Burke, George 'Gabby' Hayes",https://www.filmcrave.com/movie_page_main.php?id=52003,Unknown
Cruz Diablo,40496,2.3,2,04/07/1935,Spanish,"Adventure, Drama",NR,Fernando de Fuentes,"Ramón Pereda, Lupita Gallardo, Julián Soler, Vicente Oroná, Rosita Arriaga, Juan José Martínez Casado",https://www.filmcrave.com/movie_page_main.php?id=52004,Unknown
Liliom,26567,2.1,5,03/17/1935,French,"Drama, Fantasy",NR,Fritz Lang,"Charles Boyer, Madeleine Ozeray, Robert Arnoux, Roland Toutain, Alexandre Rignault, Henri Richard",https://www.filmcrave.com/movie_page_main.php?id=52005,Unknown
Maria Chapdelaine,43566,2.0,2,09/24/1935,French,Drama,NR,Julien Duvivier,"Madeleine Renaud, Suzanne Desprès, Jean Gabin, Gaby Triquet, Jean-Pierre Aumont, Maximilienne",https://www.filmcrave.com/movie_page_main.php?id=52006,Unknown
Rawhide Mail,45807,1.8,2,06/08/1934,English,Western,NR,Bernard B. Ray,"Jack Perrin, Nelson McDowell, Chris-Pin Martin, Lillian Gilmore, Richard Cramer, Lafe McKee",https://www.filmcrave.com/movie_page_main.php?id=52007,Unknown
She Made Her Bed,36359,2.5,2,04/27/1934,English,"Comedy, Drama",NR,Ralph Murphy,"Richard Arlen, Sally Eilers, Robert Armstrong, Grace Bradley, Roscoe Ates, Charley Grapewin",https://www.filmcrave.com/movie_page_main.php?id=52008,Unknown
Shock,43550,2.0,2,07/20/1934,English,"War, Drama",NR,Roy Pomeroy,"Ralph Forbes, Gwenllian Gill, Monroe Owsley, Reginald Sharland, Douglas Walton, Alex Courtney",https://www.filmcrave.com/movie_page_main.php?id=52009,Unknown
The Hero of Color City,5620,2.9,6,10/03/2014,English,"Animation, Family",G,Frank Gladstone,"Christina Ricci, Rosie Perez, Craig Ferguson, Wayne Brady, David Kaye, Zoë Bright",https://www.filmcrave.com/movie_page_main.php?id=52010,"A diverse group of crayons finds their homeland, along with the imagination of children, under threat and work to protect themselves from this terrifying monster. --"
May in the Summer,32850,2.8,2,01/17/2013,English,"Comedy, Drama",R,Cherien Dabis,"Bill Pullman, Alia Shawkat, Cherien Dabis, Nadine Malouf, Hiam Abbass, Alexander Siddig",https://www.filmcrave.com/movie_page_main.php?id=52011,Unknown
Still Life,10879,3.0,3,10/11/2013,English,"Comedy, Drama",NR,Uberto Pasolini,"Eddie Marsan, Joanne Froggatt, Karen Drury, Andrew Buchan, Neil D'Souza, David Shaw Parker",https://www.filmcrave.com/movie_page_main.php?id=52012,Unknown
Breadcrumb Trail,41945,2.3,2,03/11/2014,English,Documentary,NR,Lance Bangs,"James Murphy, David Yow, Todd Brashear, Brian McMahan, David Pajo, Britt Walford",https://www.filmcrave.com/movie_page_main.php?id=52013,Unknown
The Den,17771,2.4,5,03/14/2014,English,"Horror, Thriller",R,Zachary Donohue,"Melanie Papalia, David Schlachtenhaufen, Matt Riedy, Adam Shapiro, Brian Bell, Kirk Bovill",https://www.filmcrave.com/movie_page_main.php?id=52014,Unknown
She's Lost Control,28436,2.3,3,03/07/2014,English,Drama,NR,Anja Marquardt,"Brooke Bloom, Marc Menchaca, Dennis Boutsikaris, Laila Robins, Tobias Segal, Robert Longstreet",https://www.filmcrave.com/movie_page_main.php?id=52015,Unknown
Those Were the Days,31710,2.8,2,04/01/1934,English,Comedy,NR,Thomas Bentley,"Will Hay, Iris Hoey, Angela Baddeley, Claud Allister, George Graves, John Mills",https://www.filmcrave.com/movie_page_main.php?id=52016,Unknown
Dead On: The Life and Cinema of George A. Romero,55347,1.5,2,07/27/2008,English,"Documentary, Biography",NR,Rusty Nails,"George A. Romero, Dario Argento, Danny Boyle, Mick Garris, Tom Savini, Quentin Tarantino",https://www.filmcrave.com/movie_page_main.php?id=52017,Unknown
Panic Button,34535,1.8,5,08/27/2011,English,"Horror, Thriller",NR,Chris Crow,"Scarlett Alice Johnson, Jack Gordon, Michael Jibson, Elen Rhys, Joshua Richards, Vern Raye",https://www.filmcrave.com/movie_page_main.php?id=52018,"Four winners of a social networking competition win an all-expenses paid trip from the UK to New York. Once on board their private plane, they find themselves playing a new game - one with much deadlier consequences for losing. --"
Big Men,37940,2.5,2,03/14/2014,English,Documentary,NR,Rachel Boynton,Unknown,https://www.filmcrave.com/movie_page_main.php?id=52019,Unknown
A Night in Old Mexico,23903,2.1,9,03/10/2014,English,Drama,NR,Emilio Aragón,"Robert Duvall, Jeremy Irvine, Angie Cepeda, Luis Tosar, Joaquín Cosio, Rene Rhi",https://www.filmcrave.com/movie_page_main.php?id=52020,"An aging, cantankerous Texas rancher is about to lose his land and the"
His Wife ( Son épouse ),44799,2.0,2,03/12/2014,French,Drama,NR,Michel Spinosa,"Yvan Attal, Charlotte Gainsbourg, Janagi, Mahesh, Laguparan, Corentin Lobet",https://www.filmcrave.com/movie_page_main.php?id=52021,Unknown
The Signal,8087,2.5,29,06/13/2014,English,"Sci-Fi, Thriller",R,William Eubank,"Brenton Thwaites, Olivia Cooke, Laurence Fishburne, Beau Knapp, Lin Shaye, Robert Longstreet",https://www.filmcrave.com/movie_page_main.php?id=52022,"A trio of friends, MIT educated hackers, follow a fellow hacker, Nomad, to the Nevada desert. Once they finally track him down, he delivers a cryptic message before all three fall unconscious. Waking up captive in a secure facility, they will find things go much deeper than they could possibly imagine. --"
U Want Me 2 Kill Him? ( uwantme2killhim? ),21098,2.4,4,03/14/2014,English,"Drama, Thriller",NR,Andrew Douglas,"Jamie Blackley, Toby Regbo, Joanne Froggatt, Liz White, Jaime Winstone, Mark Womack",https://www.filmcrave.com/movie_page_main.php?id=52023,"Based on the true story of a teenage boy's descent into the world of the internet,  the twisted web of which he finds himself entangled, and the harrowing repercussions he must face.  --"
Gang War in Milan ( Milano rovente ),25498,3.0,2,02/21/1973,Italian,"Crime, Drama",R,Umberto Lenzi,"Antonio Sabato, Philippe Leroy, Antonio Casagrande, Carla Romanelli, Alessandro Sperli, Franco Fantasia",https://www.filmcrave.com/movie_page_main.php?id=52024,Unknown
Concerning Violence,46662,1.8,2,01/17/2014,English,"Documentary, Drama",NR,Göran Olsson,"Lauryn Hill, Kati Outinen, Gayatri Chakravorty Spivak",https://www.filmcrave.com/movie_page_main.php?id=52025,Unknown
"Dream of Iron, A ( Cheol-ae-kum )",55371,1.5,2,02/15/2014,Korean,Documentary,NR,Kelvin Kyung Kun Park,Unknown,https://www.filmcrave.com/movie_page_main.php?id=52026,Unknown
Devil's Knot,13197,2.3,16,05/09/2014,English,"Biography, Crime",NR,Atom Egoyan,"Reese Witherspoon, Dane DeHaan, Mireille Enos, Kevin Durand, Colin Firth, Elias Koteas",https://www.filmcrave.com/movie_page_main.php?id=52027,Based on true events - the savage murder of three boys outrages a
Persecuted,20163,2.3,6,07/18/2014,English,"Drama, Mystery",PG-13,Daniel Lusko,"James Remar, Dean Stockwell, Bruce Davison, Raoul Trujillo, Fred Dalton Thompson, David House",https://www.filmcrave.com/movie_page_main.php?id=52028,"With sweeping religious reform on the horizon, a televangelist stands up against the system - only to be framed for murder. On the run, he vows to clear his name while exposing those responsible (and cashing in) on the tragedy.  --"
Romeo Romeo,44722,2.0,2,10/05/2012,English,Documentary,NR,Lizzie Gottlieb,"Jessica Casano-Antonellis, Lexy Casano-Antonellis",https://www.filmcrave.com/movie_page_main.php?id=52029,Unknown
Frank,2156,2.9,45,08/22/2014,English,"Comedy, Drama",R,Lenny Abrahamson,"Michael Fassbender, Domhnall Gleeson, Maggie Gyllenhaal, Scoot McNairy, Tess Harper, Hayley Derryberry",https://www.filmcrave.com/movie_page_main.php?id=52030,A keyboardist looking for his big break joins an eclectic pop band fronted by the mysterious Frank - the lead-singer who never removes his paper mâché head. --
Evil - In the Time of Heroes ( To kako - Stin epohi ton iroon ),28226,2.3,3,10/01/2009,Greek,"Comedy, Horror",NR,Yorgos Noussias,"Andreas Kontopoulos, Argiris Thanasoulas, Meletis Georgiadis, Pepi Moschovakou, Ioanna Pappa, Billy Zane",https://www.filmcrave.com/movie_page_main.php?id=52031,Unknown
Quicksand,17206,2.5,4,03/16/2004,English,"Drama, Crime",R,John Mackenzie,"Michael Keaton, Michael Caine, Judith Godrèche, Rade Serbedzija, Matthew Marsh, Xander Berkeley",https://www.filmcrave.com/movie_page_main.php?id=52032,"A banker (Michael Keaton) goes to France to investigate some suspicious transactions being made by a film studio. When he doesn't take a bribe to look away, he is framed for murder and now must prove his innocence before he is killed by a corrupt cop working for the mob.. --"
The Back Page,43549,2.0,2,06/01/1934,English,"Crime, Drama",NR,Anton Lorenze,"Peggy Shannon, Russell Hopton, Claude Gillingwater, Edwin Maxwell, Sterling Holloway, Rockliffe Fellowes",https://www.filmcrave.com/movie_page_main.php?id=52033,Unknown
The Quitter,43547,2.0,2,02/05/1934,English,Drama,NR,Richard Thorpe,"Charley Grapewin, Emma Dunn, William Bakewell, Barbara Weeks, Hale Hamilton, Glen Boles",https://www.filmcrave.com/movie_page_main.php?id=52034,Unknown
The Way of the West,36363,2.5,2,10/15/1934,English,Western,NR,Robert Emmett Tansey,"Hal Taliaferro, Bobby Nelson, Myrla Bratton, Fred Parker, James Sheridan, William Desmond",https://www.filmcrave.com/movie_page_main.php?id=52035,Unknown
Carnival,36378,2.5,2,02/15/1935,English,"Comedy, Romance",NR,Walter Lang,"Lee Tracy, Sally Eilers, Jimmy Durante, Florence Rice, Thomas E. Jackson, Dickie Walters",https://www.filmcrave.com/movie_page_main.php?id=52036,Unknown
Dora Nelson,43569,2.0,2,11/08/1935,French,Comedy,NR,René Guissart,"Elvire Popesco, André Lefaur, Frédéric Duvallès, Micheline Cheirel, Julien Carette, Paule Andral",https://www.filmcrave.com/movie_page_main.php?id=52037,Unknown
His Night Out,36386,2.5,2,10/01/1935,English,Comedy,NR,William Nigh,"Edward Everett Horton, Irene Hervey, Jack La Rue, Robert McWade, Lola Lane, Oscar Apfel",https://www.filmcrave.com/movie_page_main.php?id=52038,Unknown
I've Been Around,25089,3.0,2,03/05/1935,English,"Drama, Romance",NR,Philip Cahn,"Chester Morris, Rochelle Hudson, G.P. Huntley, Gene Lockhart, Isabel Jewell, Phyllis Brooks",https://www.filmcrave.com/movie_page_main.php?id=52039,Unknown
Lightning Triggers,40487,2.3,2,01/01/1935,English,Western,NR,S. Roy Luby,"Reb Russell, Yvonne Pelletier, Fred Kohler, Jack Rockwell, Edmund Cobb, Lillian Castle",https://www.filmcrave.com/movie_page_main.php?id=52040,Unknown
Murder on the Set ( Death on the Set ),40533,2.3,2,08/20/1936,English,Mystery,NR,Leslie S. Hiscott,"Henry Kendall, Eve Gray, Jeanne Stuart, Garry Marsh, Wally Patch, Lewis Shaw",https://www.filmcrave.com/movie_page_main.php?id=52041,Unknown
Pals of the Range,45813,1.8,2,04/03/1935,English,Western,NR,Elmer Clifton,"Rex Lease, Frances Morris, Yakima Canutt, George Chesebro, Blackie Whiteford, Milburn Morante",https://www.filmcrave.com/movie_page_main.php?id=52042,Unknown
No More West,25077,3.0,2,03/30/1934,English,Comedy,NR,Nick Grinde,"Bert Lahr, Charley Grapewin",https://www.filmcrave.com/movie_page_main.php?id=52043,Unknown
Housebound,3169,3.0,9,03/10/2014,English,"Comedy, Thriller",NR,Gerard Johnstone,"Morgana O'Reilly, Rima Te Wiata, Glen-Paul Waru, Cameron Rhodes, Millen Baird, Ross Harper",https://www.filmcrave.com/movie_page_main.php?id=52044,"After a series of crimes, Kylie Bucknell  is forced to take house arrest in the most stable place the court can find - her childhood home. While she's there, Kylie's mom, Miriam, comes out and says that the house might be haunted. She brushes it off at first, but after having experiences of her own, she starts digging deeper into the house's past and uncovers the dark truth. --"
The Great Invisible,17326,2.5,4,03/09/2014,English,Documentary,PG-13,Margaret Brown,"Meccah Boynton-Brown, Doug Brown, Bob Cavnar, Brent Coon, Roosevelt Harris, Keith Jones",https://www.filmcrave.com/movie_page_main.php?id=52045,Unknown
"French Minister, The ( Quai d'Orsay )",41947,2.3,2,03/16/2014,French,Comedy,NR,Bertrand Tavernier,"Thierry Lhermitte, Raphaël Personnaz, Niels Arestrup, Bruno Raffaelli, Julie Gayet, Anaïs Demoustier",https://www.filmcrave.com/movie_page_main.php?id=52046,Unknown
Savage Island,25550,3.0,2,09/01/1985,English,"Action, Drama",R,Nicholas Beardsley,"Linda Blair, Leon Askin, Penn Jillette, Aldo Minandri, Ajita Wilson, Cristina Lay",https://www.filmcrave.com/movie_page_main.php?id=52047,Unknown
Regal Cavalcade ( Royal Cavalcade ),43560,2.0,2,04/01/1935,English,"Drama, Historical",NR,"Herbert Brenon, W.P. Kellino, Norman Lee, Walter Summers","Marie Lohr, Hermione Baddeley, Robert Hale, J.H. Roberts, Charles Paton, C.V. France",https://www.filmcrave.com/movie_page_main.php?id=52048,Unknown
Rip Roaring Riley,45822,1.8,2,10/24/1935,English,"Crime, Drama",NR,Elmer Clifton,"Lloyd Hughes, Marion Burns, Grant Withers, John Cowell, Paul Ellis, Eddie Gribbon",https://www.filmcrave.com/movie_page_main.php?id=52049,Unknown
Roaring Roads,31716,2.8,2,04/13/1935,English,"Crime, Romance",NR,"Ray Nazarro, Charles E. Roberts","David Sharpe, Gertrude Messinger, Mary Kornman, Mickey Daniels, Jack Mulhall, Eddie Phillips",https://www.filmcrave.com/movie_page_main.php?id=52050,Unknown
5 Hour Friends,25995,3.0,2,03/02/2013,English,"Comedy, Drama",NR,Theo Davies,"Tom Sizemore, Kimberlin Brown, Musetta Vander, Dan Hewitt Owens, Leilani Sarelle, David Novak",https://www.filmcrave.com/movie_page_main.php?id=52051,Unknown
A Short History of Decay,32890,2.8,2,10/12/2013,English,Comedy,NR,Michael Maren,"Emmanuelle Chriqui, Kathleen Rose Perkins, Bryan Greenberg, Harris Yulin, Linda Lavin, Rebecca Dayan",https://www.filmcrave.com/movie_page_main.php?id=52052,Unknown
Begin Again,2154,2.9,45,06/27/2014,English,"Comedy, Drama",R,John Carney,"Hailee Steinfeld, Keira Knightley, Mark Ruffalo, Adam Levine, Catherine Keener, Mos Def",https://www.filmcrave.com/movie_page_main.php?id=52053,A music executive is fed up with the business world but an encounter with a singer-songwriter fresh to the streets of Manhattan may have him changing his tune. --
Jesus People: The Movie,39986,1.8,3,12/19/2013,English,Comedy,NR,Jason Naumann,"Tim Bagley, Mindy Sterling, Joel McCrary, Wendi McLendon-Covey, Catherine Reitman, Laura Silverman",https://www.filmcrave.com/movie_page_main.php?id=52054,"In order to save his son from the fiery pit of hell, Pastor Jerry starts to form a contemporary Christian pop group in order to reach out to him before it's too late. --"
Shadow Run,31059,2.2,3,06/24/1998,English,Crime,NR,Geoffrey Reeve,"Michael Caine, James Fox, Matthew Pochin, Rae Baker, Kenneth Colley, Christopher Cazenove",https://www.filmcrave.com/movie_page_main.php?id=52055,Unknown
Operation Valkyrie ( Stauffenberg ),35674,2.0,3,02/25/2004,German,"Drama, Historical",PG-13,Jo Baier,"Sebastian Koch, Ulrich Tukur, Hardy Krüger Jr., Christopher Buchholz, Nina Kunzendorf, Stefania Rocca",https://www.filmcrave.com/movie_page_main.php?id=52056,Unknown
"Ao: The Last Hunter ( Ao, le dernier Néandertal )",14202,2.8,3,09/29/2010,French,"Adventure, Historical",NR,Jacques Malaterre,"Agie, Helmi Dridi, Ilian Ivanov, Vesela Kazakova, Sara Malaterre, Craig Morris",https://www.filmcrave.com/movie_page_main.php?id=52057,Unknown
Beautiful Lies ( De vrais mensonges ),3674,3.3,4,04/16/2011,French,"Comedy, Romance",NR,Pierre Salvadori,"Audrey Tautou, Nathalie Baye, Sami Bouajila, Stéphanie Lagarde, Judith Chemla, Cécile Boland",https://www.filmcrave.com/movie_page_main.php?id=52058,Unknown
Mammuth,18817,2.7,3,09/30/2011,French,"Comedy, Drama",NR,"Gustave de Kervern, Benoît Delépine","Gérard Depardieu, Yolande Moreau, Isabelle Adjani, Miss Ming, Benoît Poelvoorde, Bouli Lanners",https://www.filmcrave.com/movie_page_main.php?id=52059,Unknown
Blind Detective ( Man tam ),35961,2.0,3,07/04/2013,Cantonese,"Comedy, Crime",NR,Johnnie To,"Andy Lau, Sammi Cheng, Yuanyuan Gao, Tao Guo, Suet Lam, Hoi-Pang Lo",https://www.filmcrave.com/movie_page_main.php?id=52060,Unknown
"Game of Truth, The ( Igra v pravdu )",39978,1.8,3,07/11/2013,Russian,"Comedy, Drama",NR,Viktor Shamirov,"Irina Apeksimova, Yuriy Kutsenko, Dmitriy Maryanov, Konstantin Yushkevich",https://www.filmcrave.com/movie_page_main.php?id=52061,Unknown
Global Player - Wo wir sind isch vorne,28424,2.3,3,10/03/2013,German,Drama,NR,Hannes Stöhr,"Christoph Bach, Walter Schultheiß, Inka Friedrich, Ulrike Folkerts, Stefan Hallmayer, Monika Anna Wojtyllo",https://www.filmcrave.com/movie_page_main.php?id=52062,Unknown
Homeland ( Né quelque part ),23010,2.5,3,06/19/2013,French,Drama,NR,Mohamed Hamidi,"Tewfik Jallab, Jamel Debbouze, Fatsah Bouyahmed, Abdelkader Secteur, Malik Bentalha, Fehd Benchemsi",https://www.filmcrave.com/movie_page_main.php?id=52063,Unknown
7th Floor ( Séptimo ),3751,2.9,11,03/08/2014,Spanish,Thriller,R,Patxi Amezcua,"Ricardo Darín, Belén Rueda, Andrea Carballo, Luis Ziembrowski, Osvaldo Santoro, Guillermo Arengo",https://www.filmcrave.com/movie_page_main.php?id=52064,"A father and his children live on the seventh floor of an apartment building. One day, the children go missing while walking from their apartment to the ground floor, spurring the father on a mission to track down his missing children. --"
She's the One,14262,2.8,3,10/16/2013,Other,"Drama, Romance",NR,Mae Czarina Cruz,"Bea Alonzo, Dingdong Dantes, Enrique Gil, Liza Soberano, Maricar Reyes, Guji Lorenzana",https://www.filmcrave.com/movie_page_main.php?id=52065,Unknown
Silent Witness ( Quan Min Mu Ji ),14258,2.8,3,09/12/2013,Mandarin,Drama,NR,Xing Fei,"Sicheng Chen, Jiajia Deng, Aaron Kwok, Hongjie Ni, Nan Yu, Honglei Sun",https://www.filmcrave.com/movie_page_main.php?id=52066,Unknown
The Man Trailer,40472,2.3,2,03/24/1934,English,Western,NR,Lambert Hillyer,"Buck Jones, Cecilia Parker, Arthur Vinton, Clarence Geldart, Steve Clark, Charles West",https://www.filmcrave.com/movie_page_main.php?id=52067,Unknown
We Are the Giant,46664,1.8,2,01/18/2014,Arabic,Documentary,NR,Greg Barker,Unknown,https://www.filmcrave.com/movie_page_main.php?id=52068,Unknown
Seduced and Abandoned,28428,2.3,3,10/28/2013,English,Documentary,NR,James Toback,"Ryan Gosling, Jessica Chastain, Martin Scorsese, Diane Kruger, Alec Baldwin, Francis Ford Coppola",https://www.filmcrave.com/movie_page_main.php?id=52069,Unknown
Wetlands ( Feuchtgebiete ),12135,2.6,6,01/18/2014,German,"Comedy, Drama",NR,David Wnendt,"Carla Juri, Christoph Letkowski, Meret Becker, Axel Milberg, Marlen Kruse, Peri Baumeister",https://www.filmcrave.com/movie_page_main.php?id=52070,"18 year-old Helen is an eccentric, adventurous teen has her own outlook on sexuality, hygiene and drugs. But what she really wants to reunite her divorced parents. As she narrates her story from a hospital bed, she also finds herself falling for a nurse, Robert. --"
When a Woman's Fed Up,34414,1.9,4,06/06/2013,English,Comedy,NR,J. Horton,"La'Princess Jackson, Cisco Reyes, Ellia English, Larry Flash Jenkins, Paula Jai Parker, Jason Weaver",https://www.filmcrave.com/movie_page_main.php?id=52071,Unknown
"Lookout, The ( guetteur, Le )",10866,3.0,3,09/05/2012,French,Crime,NR,Michele Placido,"Daniel Auteuil, Mathieu Kassovitz, Olivier Gourmet, Francis Renaud, Nicolas Briançon, Violante Placido",https://www.filmcrave.com/movie_page_main.php?id=52072,Unknown
Palo Alto,9275,2.6,9,08/29/2013,English,Drama,R,Gia Coppola,"James Franco, Emma Roberts, Val Kilmer, Nat Wolff, Christian Madsen, Chris Messina",https://www.filmcrave.com/movie_page_main.php?id=52073,"April is a saint - and  a virgin - trying to understand her feelings toward a soccer coach and the class stoner, Teddy. Emily is the polar opposite - a wild girl who has no qualms sleeping with the boys in her class- Teddy and his friend, Fred included. As class parties blend together, April and Teddy begin to work out their relationship, meanwhile Fred's increasingly chaotic behavior spirals into ruin. --"
Of Horses and Men,28439,2.3,3,03/22/2014,Other,"Comedy, Drama",NR,Benedikt Erlingsson,"Ingvar Eggert Sigurðsson, Charlotte Bøving, Maria Ellingsen, Kristbjörg Kjeld, Kjartan Ragnarsson, Halldóra Geirharðsdóttir",https://www.filmcrave.com/movie_page_main.php?id=52074,Unknown
I Am from Chile,44802,2.0,2,03/18/2014,Spanish,"Comedy, Drama",NR,Gonzalo Diaz,"Paulina García, Santiago Meneghello, Katerina Cabezas, Robert Scott, Catalina Aguayo, Tamara Ferreira",https://www.filmcrave.com/movie_page_main.php?id=52075,Unknown
John Doe: Vigilante,23755,2.2,5,03/21/2014,English,"Crime, Thriller",R,Kelly Dolen,"Daniel Lissing, Jamie Bamber, Lachy Hulme, Paul O'Brien, Ben Schumann, Fletcher Humphrys",https://www.filmcrave.com/movie_page_main.php?id=52076,Unknown
"Just a Sigh ( temps de l'aventure, Le )",32914,2.8,2,03/21/2014,French,"Drama, Romance",NR,Jérôme Bonnell,"Emmanuelle Devos, Gabriel Byrne, Gilles Privat, Aurélia Petit, Laurent Capelluto, Françoise Lebrun",https://www.filmcrave.com/movie_page_main.php?id=52077,Unknown
Cesar's Last Fast,32907,2.8,2,01/19/2014,English,Documentary,NR,"Lorena Parlee, Richard Ray Perez",Cesar Chavez,https://www.filmcrave.com/movie_page_main.php?id=52078,Unknown
Unknown Land,16565,2.2,15,10/11/2013,Arabic,"Drama, Fantasy",NR,Manuel de Coco,"Manos Kokoromitis, Shaiya Salem, Daniel Plackett",https://www.filmcrave.com/movie_page_main.php?id=52079,"The Arab Spring, Yemen 2011. The revolution continues. It’s the monsoon season and life goes on smoothly for the inhabitants of Socotra Island. Not far from land, a sailing boat bearing an Israeli flag sinks and the search for survivors begins. A castaway is washed ashore a secluded beach. On the other side of the island, a native dreams of the castaway seeking his help. He prays to God for answers.This adventure begins through the castaway’s body, a man who in the sinking of his life sees for the first time a chance to know gratefulness, to be reborn. Will he overthrow destiny? Will he get back alive?"
Sheep ( Mouton ),46672,1.8,2,03/20/2014,French,Drama,NR,"Gilles Deroo, Marianne Pistone","Michael Mormentyn, David Merabet, Audrey Clément, Cindy Dumont, Benjamin Cordier, Sébastien Legrand",https://www.filmcrave.com/movie_page_main.php?id=52080,Unknown
History of Fear ( Historia del miedo ),46673,1.8,2,03/21/2014,Spanish,"Drama, Mystery",NR,Benjamín Naishtat,"Jonathan Da Rosa, Tatiana Giménez, Mirella Pascual, Claudia Cantero, Francisco Lumerman, César Bordón",https://www.filmcrave.com/movie_page_main.php?id=52081,Unknown
Anita,24942,3.0,2,03/21/2014,English,"Documentary, Drama",NR,Freida Lee Mock,"Anita Hill, Clarence Thomas",https://www.filmcrave.com/movie_page_main.php?id=52082,Unknown
Awakened,44803,2.0,2,03/21/2014,English,"Mystery, Thriller",NR,"Joycelyn Engle, Arno Malarone","Julianne Michelle, Steven Bauer, John Savage, Edward Furlong, Stelio Savante, Sally Kirkland",https://www.filmcrave.com/movie_page_main.php?id=52083,Unknown
The Ace of Spades,36377,2.5,2,02/01/1935,English,Drama,NR,George Pearson,"Michael Hogan, Dorothy Boyd, Richard Cooper, Jane Carr, Michael Shepley, Geraldine Fitzgerald",https://www.filmcrave.com/movie_page_main.php?id=52084,Unknown
"Downfall of Osen, The ( Orizuru Osen )",36375,2.5,2,01/20/1935,Japanese,Drama,NR,Kenji Mizoguchi,"Isuzu Yamada, Daijirô Natsukawa, Mitsusaburô Ramon, Genichi Fuji, Arata Shibata, Mitsuru Tojo",https://www.filmcrave.com/movie_page_main.php?id=52085,Unknown
The Riverside Murder,25088,3.0,2,03/01/1935,English,"Crime, Mystery",NR,Albert Parker,"Basil Sydney, Judy Gunn, Zoe Davis, Alastair Sim, Reginald Tate, Ian Fleming",https://www.filmcrave.com/movie_page_main.php?id=52086,Unknown
Things Are Looking Up,43557,2.0,2,01/01/1935,English,Comedy,NR,Albert de Courville,"Cicely Courtneidge, Max Miller, William Gargan, Mary Lawson, Mark Lester, Henrietta Watson",https://www.filmcrave.com/movie_page_main.php?id=52087,Unknown
Thunderbolt,40518,2.3,2,12/15/1935,English,Western,NR,Stuart Paton,"Kane Richmond, Bobby Nelson, Fay McKenzie, Barney Furey, Robert McKenzie, Frank Hagney",https://www.filmcrave.com/movie_page_main.php?id=52088,Unknown
Toll of the Desert,43561,2.0,2,05/05/1935,English,Western,NR,William Berke,"Fred Kohler Jr., Betty Mack, Roger Williams, Earl Dwire, Tom London, Ted Adams",https://www.filmcrave.com/movie_page_main.php?id=52089,Unknown
Transient Lady,45811,1.8,2,03/04/1935,English,"Action, Drama",NR,Edward Buzzell,"Gene Raymond, Henry Hull, Frances Drake, June Clayworth, Clark Williams, Edward Ellis 	Edward Ellis",https://www.filmcrave.com/movie_page_main.php?id=52090,Unknown
Unknown Woman,55597,1.3,2,06/21/1935,English,"Action, Crime",NR,Albert S. Rogell,"Richard Cromwell, Marian Marsh, Douglass Dumbrille, Henry Armetta, Arthur Hohl, George McKay",https://www.filmcrave.com/movie_page_main.php?id=52091,Unknown
Welcome Home,45817,1.8,2,08/09/1935,English,"Comedy, Crime",NR,James Tinling,"James Dunn, Arline Judge, Raymond Walburn, Rosina Lawrence, William Frawley, Charles Sellon",https://www.filmcrave.com/movie_page_main.php?id=52092,Unknown
Western Courage,36388,2.5,2,10/29/1935,English,Western,NR,Spencer Gordon Bennet,"Ken Maynard, Geneva Mitchell, Charles K. French, Betty Blythe, Cornelius Keefe, Ward Bond",https://www.filmcrave.com/movie_page_main.php?id=52093,Unknown
When a Man's a Man,31715,2.8,2,02/15/1935,English,Western,NR,Edward F. Cline,"George O'Brien, Dorothy Wilson, Paul Kelly, Harry Woods, Jimmy Butler, Richard Carlyle",https://www.filmcrave.com/movie_page_main.php?id=52094,Unknown
Whirlpool ( Remous ),40623,2.3,2,11/28/1939,French,"Drama, Romance",NR,Edmond T. Gréville,"Jeanne Boitel, Jean Galland, Maurice Maillot, Françoise Rosay, Diana Sari, Lyne Clevers",https://www.filmcrave.com/movie_page_main.php?id=52095,Unknown
Bicycling with Moliere ( Alceste à bicyclette ),32866,2.8,2,04/23/2013,French,"Comedy, Drama",NR,Philippe Le Guay,"Fabrice Luchini, Lambert Wilson, Maya Sansa, Camille Japy, Ged Marlon, Christine Murillo",https://www.filmcrave.com/movie_page_main.php?id=52096,Unknown
Ida,712,3.1,35,05/02/2014,Polish,Drama,PG-13,Pawel Pawlikowski,"Agata Kulesza, Agata Trzebuchowska, Joanna Kulig, Dawid Ogrodnik, Adam Szyszkowski, Jerzy Trela",https://www.filmcrave.com/movie_page_main.php?id=52097,"In 1960s Poland, a young woman is on the verge of taking her vows to"
The Contradictions of Fair Hope,46620,1.8,2,01/01/2012,English,Documentary,NR,"S. Epatha Merkerson, Rockell Metcalf",Whoopi Goldberg,https://www.filmcrave.com/movie_page_main.php?id=52098,Unknown
Night Moves,4875,2.8,18,05/30/2014,English,"Drama, Thriller",R,Kelly Reichardt,"Dakota Fanning, Jesse Eisenberg, Alia Shawkat, Peter Sarsgaard, James Le Gros, Lew Temple",https://www.filmcrave.com/movie_page_main.php?id=52099,Follows the lives of three environmentalists as they make a plan to destroy a dam. --
Manakamana,3676,3.3,4,09/28/2013,Other,Documentary,NR,"Stephanie Spray, Pacho Velez",Bindu Gayek,https://www.filmcrave.com/movie_page_main.php?id=52100,Unknown
The Vanquishing of the Witch Baba Yaga,44804,2.0,2,03/22/2014,Polish,"Documentary, Animation",NR,Jessica Oreck,Unknown,https://www.filmcrave.com/movie_page_main.php?id=52101,Unknown
Pixels,34016,1.7,33,07/24/2015,English,"Animation, Adventure",PG-13,Chris Columbus,"Peter Dinklage, Adam Sandler, Michelle Monaghan, Kevin James, Josh Gad, Brian Cox",https://www.filmcrave.com/movie_page_main.php?id=52102,A group of aliens come across a video feed from Earth - that of primitive
Whispering Smith Speaks,40499,2.3,2,05/15/1935,English,"Adventure, Romance",NR,David Howard,"George O'Brien, Irene Ware, Kenneth Thomson, Maude Allen, Spencer Charters, Victor Potel",https://www.filmcrave.com/movie_page_main.php?id=52103,Unknown
Ambush Valley,31730,2.8,2,10/24/1936,English,Western,NR,Bernard B. Ray,"Bob Custer, Victoria Vinton, Vane Calvert, Eddie Phillips, Hal Taliaferro, Oscar Gahan",https://www.filmcrave.com/movie_page_main.php?id=52104,Unknown
Code of the Range,45835,1.8,2,10/09/1936,English,Western,NR,Charles C. Coleman,"Charles Starrett, Mary Blake, Edward Coxen, Allan Cavan, Albert J. Smith, Edward Peil Sr.",https://www.filmcrave.com/movie_page_main.php?id=52105,Unknown
Fugitive in the Sky,39137,1.8,3,11/28/1936,English,"Action, Drama",NR,Nick Grinde,"Jean Muir, Warren Hull, Gordon Oliver, Carlyle Moore Jr., Howard Phillips, John Litel",https://www.filmcrave.com/movie_page_main.php?id=52106,Unknown
Last of the Warrens,40529,2.3,2,05/10/1936,English,Western,NR,Robert N. Bradbury,"Bob Steele, Margaret Marquis, Charles King, Horace Murphy, Lafe McKee, Charles K. French",https://www.filmcrave.com/movie_page_main.php?id=52107,Unknown
Love on a Bet,36391,2.5,2,03/06/1936,English,"Comedy, Romance",NR,Leigh Jason,"Gene Raymond, Wendy Barrie, Helen Broderick, William Collier Sr., Spencer Charters, Walter Johnson",https://www.filmcrave.com/movie_page_main.php?id=52108,Unknown
Paradise for Three,36447,2.5,2,06/04/1938,English,"Romance, Comedy",NR,Edward Buzzell,"Robert Young, Frank Morgan, Mary Astor, Florence Rice, Edna May Oliver, Reginald Owen",https://www.filmcrave.com/movie_page_main.php?id=52109,Unknown
Love or a Kingdom ( Barbara Radziwillówna ),40571,2.3,2,12/03/1937,Polish,"Drama, Historical",NR,Joseph Lejtes,"Jadwiga Smosarska, Witold Zacharewicz, Leokadia Pancewicz-Leszczynska, Lena Zelichowska, Jan Kurnakowicz, Helena Sulimowa",https://www.filmcrave.com/movie_page_main.php?id=52110,Unknown
Lucky Fugitives,40519,2.3,2,01/01/1936,English,Drama,NR,Nick Grinde,"David Manners, Maxine Doyle, Reginald Hincks, James McGrath, Garland B. Davidson, Arthur Legge-Willis",https://www.filmcrave.com/movie_page_main.php?id=52111,Unknown
Phantom Patrol,36399,2.5,2,09/30/1936,English,"Action, Crime",NR,Charles Hutchison,"Kermit Maynard, Joan Barclay, Harry Worth, Paul Fix, George Cleveland, Julian Rivero",https://www.filmcrave.com/movie_page_main.php?id=52112,Unknown
Rendezvous in Vienna ( Rendezvous in Wien ),55604,1.3,2,02/18/1938,German,"Comedy, Romance",NR,Victor Janson,"Magda Schneider, Wolf Albach-Retty, Lizzi Holzschuh, Adele Sandrock, Leo Slezak, Georg Alexander",https://www.filmcrave.com/movie_page_main.php?id=52113,Unknown
Song of the Trail,31723,2.8,2,03/15/1936,English,Western,NR,Russell Hopton,"Kermit Maynard, Evelyn Brent, Fuzzy Knight, Andrea Leeds, George 'Gabby' Hayes, Lynette London",https://www.filmcrave.com/movie_page_main.php?id=52114,Unknown
Special Agent K-7,45830,1.8,2,05/05/1936,English,"Action, Crime",NR,Bernard B. Ray,"Walter McGrail, Queenie Smith, Irving Pichel, Donald Reed, Willy Castello, Duncan Renaldo",https://www.filmcrave.com/movie_page_main.php?id=52115,Unknown
Talk of the Devil,40555,2.3,2,05/14/1937,English,"Crime, Drama",NR,Carol Reed,"Ricardo Cortez, Sally Eilers, Basil Sydney, Randle Ayrton, Frederick Culley, Charles Carson",https://www.filmcrave.com/movie_page_main.php?id=52116,Unknown
Wild Mustang,40516,2.3,2,10/22/1935,English,"Action, Western",NR,Harry L. Fraser,"Harry Carey, Barbara Fritchie, Del Gordon, Katheryn Johns, Bob Kortman, George Chesebro",https://www.filmcrave.com/movie_page_main.php?id=52117,Unknown
Thunder Mountain,40511,2.3,2,09/27/1935,English,"Action, Romance",NR,David Howard,"George O'Brien, Barbara Fritchie, Frances Grant, Morgan Wallace, George 'Gabby' Hayes, Edward LeSaint",https://www.filmcrave.com/movie_page_main.php?id=52118,Unknown
Ticket to Paradise,31726,2.8,2,06/25/1936,English,Drama,NR,Aubrey Scotto,"Roger Pryor, Wendy Barrie, Claude Gillingwater, Andrew Tombes, Luis Alberni, E.E. Clive",https://www.filmcrave.com/movie_page_main.php?id=52119,Unknown
Two-Fisted,40512,2.3,2,10/04/1935,English,Comedy,NR,James Cruze,"Lee Tracy, Roscoe Karns, Gail Patrick, Kent Taylor, Grace Bradley, Akim Tamiroff",https://www.filmcrave.com/movie_page_main.php?id=52120,Unknown
Trailin' West,40536,2.3,2,09/05/1936,English,Western,NR,Noel M. Smith,"Dick Foran, Paula Stone, Bill Elliott, Addison Richards, Robert Barrat, Joseph Crehan",https://www.filmcrave.com/movie_page_main.php?id=52121,Unknown
Charismatic,22947,2.5,3,10/18/2011,English,"Documentary, Biography",NR,Steven Michaels,"Chris Antley, D. Wayne Lukas, Gary Stevens, Jay Hovdey, William Nack",https://www.filmcrave.com/movie_page_main.php?id=52122,"In 1998 an unremarkable horse named Charismatic and an unlikely jockey just a year out of rehab, Chris Antley, would capture the attention of the nation as they neared the ultimate title in horse racing: the Triple Crown. But it is the events that followed that tell the real story. --"
Requiem for the Big East,39988,1.8,3,03/01/2014,English,"Documentary, Biography",NR,Ezra Edelman,"Jim Boeheim, Lou Carnesecca, Rick Pitino, John Thompson, Mike Tranghese, Patrick Ewing",https://www.filmcrave.com/movie_page_main.php?id=52123,Explores the rise of the Big East from its humble beginnings to big names and bigger deals and ultimately its downfall. --
Youngstown Boys,23021,2.5,3,12/14/2013,English,"Documentary, Biography",NR,"Jeff Zimbalist, Michael Zimbalist","Maurice Clarett, Jim Tressel, Jim Brown, Craig Krenzel",https://www.filmcrave.com/movie_page_main.php?id=52124,"Ohio State coach Jim Tressel and rising star Maurice Clarett were both on top of the world culminating in a 2002 National Championship season. But the two men's rise was as spectacular as their respective falls - their stories intertwined - but their respective falls would give way to both rising from the ashes, Phoenix-like, for a new start in life. --"
Garden of Hedon,32819,2.8,2,04/26/2012,English,"Horror, Mystery",NR,Kevin Kangas,"Richard Cutting, Danielle Lozeau, John C. Bailey, Beau Peregino, Andrew C. Ely, Leanna Chamish",https://www.filmcrave.com/movie_page_main.php?id=52125,Unknown
The Pleasures of Being Out of Step,37817,2.5,2,04/08/2013,English,"Documentary, Biography",NR,David L. Lewis,"Andre Braugher, Nat Hentoff",https://www.filmcrave.com/movie_page_main.php?id=52126,Unknown
The Bridge of Sighs,25098,3.0,2,02/15/1936,English,"Drama, Crime",NR,Phil Rosen,"Onslow Stevens, Dorothy Tree, Jack La Rue, Mary Doran, Walter Byron, Oscar Apfel",https://www.filmcrave.com/movie_page_main.php?id=52127,Unknown
The Cowboy Star,40542,2.3,2,11/20/1936,English,"Drama, Romance",NR,David Selman,"Charles Starrett, Iris Meredith, Si Jenks, Marc Lawrence, Edward Peil Sr., Wally Albright",https://www.filmcrave.com/movie_page_main.php?id=52128,Unknown
The Mine with the Iron Door,45831,1.8,2,05/06/1936,English,"Adventure, Mystery",NR,David Howard,"Richard Arlen, Cecilia Parker, Henry B. Walthall, Stanley Fields, Spencer Charters, Charles C. Wilson",https://www.filmcrave.com/movie_page_main.php?id=52129,Unknown
"Tomboy, The ( garçonne, La )",45826,1.8,2,00/21/1936,French,Drama,NR,Jean de Limur,"Marie Bell, Arletty, Henri Rollan, Jean Worms, Maurice Escande, Édith Piaf",https://www.filmcrave.com/movie_page_main.php?id=52130,Unknown
"Traitor, The ( Verräter )",45839,1.8,2,01/22/1937,German,"Drama, War",NR,Karl Ritter,"Willy Birgel, Lída Baarová, Irene von Meyendorff, Theodor Loos, Rudolf Fernau, Herbert A.E. Böhme",https://www.filmcrave.com/movie_page_main.php?id=52131,Unknown
The Unknown Ranger,40537,2.3,2,09/15/1936,English,Western,NR,Spencer Gordon Bennet,"Robert Allen, Martha Tibbetts, Harry Woods, Hal Taliaferro, Robert 'Buzz' Henry",https://www.filmcrave.com/movie_page_main.php?id=52132,Unknown
Love Translated,37748,2.5,2,10/09/2010,English,"Documentary, Comedy",NR,Julia Ivanova,Unknown,https://www.filmcrave.com/movie_page_main.php?id=52133,Unknown
E-Team,28431,2.3,3,01/18/2014,English,Documentary,NR,"Katy Chevigny, Ross Kauffman",Unknown,https://www.filmcrave.com/movie_page_main.php?id=52134,Unknown
Boys of Abu Ghraib,26078,3.0,2,03/28/2014,English,"Drama, War",R,Luke Moran,"Sara Paxton, Sean Astin, Michael Welch, John Heard, Scott Gordon-Patterson, Elijah Kelley",https://www.filmcrave.com/movie_page_main.php?id=52135,Unknown
Hide Your Smiling Faces,23026,2.5,3,03/25/2014,English,Drama,NR,Daniel Patrick Carbone,"Ryan Jones, Nathan Varnson, Colm O'Leary, Thomas Cruz, Christina Starbuck, Chris Kies",https://www.filmcrave.com/movie_page_main.php?id=52136,Unknown
Road to the Open,44811,2.0,2,03/28/2014,English,"Comedy, Drama",PG,Cole Claassen,"Troy McKay, Phillip DeVona, Michelle Gunn, Judd Nelson, Eric Roberts, John Schneider",https://www.filmcrave.com/movie_page_main.php?id=52137,Unknown
Airplane vs Volcano,44810,2.0,2,03/28/2014,English,Action,NR,"James Kondelik, Jon Kondelik","Dean Cain, Robin Givens, Tamara Goodwin, Matt Mercer, Morgan West, Lawrence Hilton-Jacobs",https://www.filmcrave.com/movie_page_main.php?id=52138,Unknown
NSFW: Not Safe for Work,44805,2.0,2,03/24/2014,English,"Comedy, Drama",NR,Ryan Andrew Balas,"Richard Buonagurio, Deirdre Herlihy, Audrey Kovar",https://www.filmcrave.com/movie_page_main.php?id=52139,Unknown
McCanick,23520,2.2,5,03/21/2014,English,"Crime, Drama",R,Josh C. Waller,"Rachel Nichols, Mike Vogel, Ciarán Hinds, Cory Monteith, David Morse, Trevor Morgan",https://www.filmcrave.com/movie_page_main.php?id=52140,"Taking place over the course of one day, a narcotics officer is on the trail of a seemingly harmless, young criminal. But this one is special - for he has discovered the truth about the detective's past - and it will have far-reaching implications for both men. --"
Exhibition,23028,2.5,3,03/28/2014,English,Drama,NR,Joanna Hogg,"Viv Albertine, Tom Hiddleston, Liam Gillick, Harry Kershaw, Mary Roscoe, Carol McFadden",https://www.filmcrave.com/movie_page_main.php?id=52141,"A middle-age artist couple in London decide to sell their home - and during the course, the flaws in their relationship are laid bare. --"
Veil of Tears,41949,2.3,2,03/28/2014,English,"Documentary, Drama",PG-13,"Kenny Saylors, Kyle Saylors","Natalie Grant, K.P. Yohannan, Daniel Johnson, Nikita Hattangady, Rachael Mann, Bhakti H.",https://www.filmcrave.com/movie_page_main.php?id=52142,Unknown
Who is Dayani Cristal?,10887,3.0,3,01/17/2014,English,Documentary,NR,Marc Silver,Gael García Bernal,https://www.filmcrave.com/movie_page_main.php?id=52143,An unidentified body of a young man in the Arizona desert leads to a quest that spans a continent in order to find out who this person was and who they left behind. --
The November Man,10242,2.4,29,08/27/2014,English,"Action, Thriller",R,Roger Donaldson,"Olga Kurylenko, Pierce Brosnan, Eliza Taylor, Will Patton, Luke Bracey, Caterina Scorsone",https://www.filmcrave.com/movie_page_main.php?id=52144,A one-time CIA agent is brought back to the field to take on his protege as he gets involved in a deadly game involving high-level CIA operatives and new president-elect of Russia. --
The Theory of Everything,748,3.1,90,11/07/2014,English,"Biography, Drama",PG-13,James Marsh,"Eddie Redmayne, Felicity Jones, Emily Watson, David Thewlis, Harry Lloyd, Maxine Peake",https://www.filmcrave.com/movie_page_main.php?id=52145,"The life of one of the world's most brilliant physicists, Stephen Hawking, with emphasis on the relationship he shares with his wife, Jane. --"
Monkey Kingdom,12796,2.6,5,04/17/2015,English,Documentary,G,"Mark Linfield, Alastair Fothergill",Tina Fey,https://www.filmcrave.com/movie_page_main.php?id=52146,Disneynature takes you to the Temple Troop - a group of monkeys living in a dynamic group in ancient ruins in the jungles of South Asia. Within this group we follow a mother and her newborn as they survive and adapt in this competitive social hierarchy.  --
I Origins,4639,2.7,23,07/18/2014,English,"Drama, Sci-Fi",R,Mike Cahill,"Michael Pitt, Brit Marling, Astrid Bergès-Frisbey, Steven Yeun, Archie Panjabi, Cara Seymour",https://www.filmcrave.com/movie_page_main.php?id=52147,A PhD student studying the evolution of the human eye stumbles upon a secret that will have far-reaching implications in both the scientific and religious communities.  --
The Notorious Mr. Bout,46663,1.8,2,01/17/2014,Russian,Documentary,NR,"Tony Gerber, Maxim Pozdorovkin","Alla Bout, Sergei Bout, Viktor Bout, Dirk Draulans, Andreas Morgner, Robert Zachariasiewicz",https://www.filmcrave.com/movie_page_main.php?id=52148,Unknown
Rich Hill,4790,2.9,7,01/17/2014,English,"Documentary, Biography",NR,"Andrew Droz Palermo, Tracy Droz Tragos","Alyssa Jewell, Andrew Jewell, Elizabeth Jewell, Willie Jewell",https://www.filmcrave.com/movie_page_main.php?id=52149,"In rural Missouri, we follow the lives of three boys, and their tenuous bond with their families, as they struggle with impoverished life. --"
When I Saw You ( Lamma shoftak ),32903,2.8,2,01/15/2014,Arabic,Drama,NR,Annemarie Jacir,"Mahmoud Asfa, Ruba Blal, Saleh Bakri, Anas Algaralleh, Ali Elayan, Ruba Shamshoum",https://www.filmcrave.com/movie_page_main.php?id=52150,Unknown
Stripped,14905,2.6,4,04/01/2014,English,"Documentary, Comedy",NR,"Dave Kellett, Frederick Schroeder","Bill Amend, Jim Davis, Bill Watterson, Cathy Guisewite, Jeff Keane, Jean Schulz",https://www.filmcrave.com/movie_page_main.php?id=52151,Unknown
A Most Wanted Man,2466,2.9,33,07/25/2014,English,Thriller,R,Anton Corbijn,"Robin Wright, Rachel McAdams, Philip Seymour Hoffman, Willem Dafoe, Daniel Brühl, Nina Hoss",https://www.filmcrave.com/movie_page_main.php?id=52152,"A half-Chechen, half-Russian man, brutally tortured, shows up in Hamburg's"
Behind the Mike,55019,1.5,2,09/26/1937,English,"Comedy, Romance",NR,Sidney Salkow,"William Gargan, Judith Barrett, Don Wilson, Sterling Holloway, Roy Atwell, Grady Sutton",https://www.filmcrave.com/movie_page_main.php?id=52153,Unknown
Blake of Scotland Yard,36405,2.5,2,01/30/1937,English,"Crime, Sci-Fi",NR,Robert F. Hill,"Ralph Byrd, Herbert Rawlinson, Joan Barclay, Lloyd Hughes, Dickie Jones, Lucille Lund",https://www.filmcrave.com/movie_page_main.php?id=52154,Unknown
Bombs Over London ( Midnight Menace ),43630,2.0,2,01/01/1939,English,"Drama, War",NR,Sinclair Hill,"Charles Farrell, Margaret Vyner, Fritz Kortner, Danny Green, Wallace Evennett, Monti DeLyle",https://www.filmcrave.com/movie_page_main.php?id=52155,Unknown
Brides of Sulu,25115,3.0,2,01/01/1937,English,"Drama, Romance",NR,John Nelson,"James J. Gilbert, Adelina Moreno, Eduardo de Castro, Armanda Mangbitang, Gregorio Ticman",https://www.filmcrave.com/movie_page_main.php?id=52156,Unknown
China Passage,30252,2.2,3,03/12/1937,English,"Crime, Mystery",NR,Edward Killy,"Constance Worth, Vinton Hayworth, Leslie Fenton, Gordon Jones, Alec Craig, George Irving",https://www.filmcrave.com/movie_page_main.php?id=52157,Unknown
County Fair,45849,1.8,2,11/24/1937,English,"Drama, Romance",NR,Howard Bretherton,"John Arledge, Mary Lawrence, J. Farrell MacDonald, Fuzzy Knight, Jimmy Butler, Harry Worth",https://www.filmcrave.com/movie_page_main.php?id=52158,Unknown
Criminals of the Air,45841,1.8,2,04/30/1937,English,"Action, Drama",NR,Charles C. Coleman,"Rosalind Keith, Charles Quigley, Rita Hayworth, John Gallaudet, Marc Lawrence, Patricia Farr",https://www.filmcrave.com/movie_page_main.php?id=52159,Unknown
Crossroads ( Shi zi jie tou ),36409,2.5,2,04/15/1937,Mandarin,Drama,NR,Xiling Shen,"Dan Zhao, Yang Bai, Ban Lu, Yin Ying, Meng Sha, Ming Yi",https://www.filmcrave.com/movie_page_main.php?id=52160,Unknown
Dangerous Number,25117,3.0,2,01/22/1937,English,Comedy,NR,Richard Thorpe,"Robert Young, Ann Sothern, Reginald Owen, Cora Witherspoon, Dean Jagger, Marla Shelton",https://www.filmcrave.com/movie_page_main.php?id=52161,Unknown
Don't Tell the Wife,43587,2.0,2,03/05/1937,English,Comedy,NR,Christy Cabanne,"Guy Kibbee, Una Merkel, Lynne Overman, Thurston Hall, Guinn 'Big Boy' Williams, William Demarest",https://www.filmcrave.com/movie_page_main.php?id=52162,Unknown
Escape by Night,36419,2.5,2,09/01/1937,English,"Action, Crime",NR,Hamilton MacFadden,"William Hall, Anne Nagel, Dean Jagger, Steffi Duna, Ward Bond, Murray Alper",https://www.filmcrave.com/movie_page_main.php?id=52163,Unknown
Fanny Elssler,40575,2.3,2,12/28/1937,German,"Drama, Historical",NR,Paul Martin,"Lilian Harvey, Rolf Möbius, Willy Birgel, Paul Hoffmann, Liselotte Schaak, Ernst Karchow",https://www.filmcrave.com/movie_page_main.php?id=52164,Unknown
Guns of the Pecos,43585,2.0,2,01/02/1937,English,Western,NR,Noel M. Smith,"Dick Foran, Anne Nagel, Gordon Hart, Joseph Crehan, Eddie Acuff, Robert Middlemass",https://www.filmcrave.com/movie_page_main.php?id=52165,Unknown
Her Husband's Secretary,40548,2.3,2,02/26/1937,English,Drama,NR,Frank McDonald,"Jean Muir, Beverly Roberts, Warren Hull, Joseph Crehan, Clara Blandick, Harry Davenport",https://www.filmcrave.com/movie_page_main.php?id=52166,Unknown
Hot Water,25135,3.0,2,09/24/1937,English,"Comedy, Crime",NR,Frank R. Strayer,"Jed Prouty, Shirley Deane, Spring Byington, Russell Gleason, Kenneth Howell, George Ernest",https://www.filmcrave.com/movie_page_main.php?id=52167,Unknown
It Isn't Done,40547,2.3,2,02/01/1937,English,Comedy,NR,Ken G. Hall,"Cecil Kellaway, Ann Richards, Frank Harvey, John Longden, Harvey Adams, Campbell Copelin",https://www.filmcrave.com/movie_page_main.php?id=52168,Unknown
It's All Yours,36420,2.5,2,09/01/1937,English,"Comedy, Romance",NR,Elliott Nugent,"Madeleine Carroll, Francis Lederer, Mischa Auer, Grace Bradley, Victor Kilian, George McKay",https://www.filmcrave.com/movie_page_main.php?id=52169,Unknown
Lancashire Luck,55012,1.5,2,01/01/1937,English,Comedy,NR,Henry Cass,"George Carney, Wendy Hiller, Muriel George, Nigel Stock, George Galleon, Margaret Damer",https://www.filmcrave.com/movie_page_main.php?id=52170,Unknown
Left-Handed Law,43589,2.0,2,04/01/1937,English,"Western, Romance",NR,Lesley Selander,"Buck Jones, Noel Francis, Matty Fain, George Regas, Robert Frazer, Lee Phelps",https://www.filmcrave.com/movie_page_main.php?id=52171,Unknown
Love Takes Flight,43604,2.0,2,11/05/1937,English,"Adventure, Romance",NR,Conrad Nagel,"Bruce Cabot, Beatrice Roberts, Astrid Allwyn, Edwin Maxwell, John Sheehan, Arthur Hoyt",https://www.filmcrave.com/movie_page_main.php?id=52172,Unknown
Mama Runs Wild,43608,2.0,2,12/22/1937,English,"Comedy, Family",NR,Ralph Staub,"Mary Boland, Ernest Truex, William Henry, Lynne Roberts, Max Terhune, Joseph Crehan",https://www.filmcrave.com/movie_page_main.php?id=52173,Unknown
Man Hunters of the Caribbean ( Beyond the Caribbean ),36395,2.5,2,07/17/1936,English,"Adventure, Drama",NR,"Andre Roosevelt, Ewing Scott","Andre Roosevelt, E. Erskine Loch, Carol Jeffries",https://www.filmcrave.com/movie_page_main.php?id=52174,Unknown
Marry the Girl,36413,2.5,2,07/13/1937,English,"Comedy, Romance",NR,William C. McGann,"Mary Boland, Frank McHugh, Hugh Herbert, Carol Hughes, Allen Jenkins, Mischa Auer",https://www.filmcrave.com/movie_page_main.php?id=52175,Unknown
Melody of the Plains,31739,2.8,2,04/02/1937,English,"Romance, Western",NR,Sam Newfield,"Fred Scott, Al St. John, Louise Small, Hal Price, Slim Whitaker, Lew Meehan",https://www.filmcrave.com/movie_page_main.php?id=52176,Unknown
Men in Exile,40550,2.3,2,04/04/1937,English,"Crime, Drama",NR,John Farrow,"Dick Purcell, June Travis, Victor Varconi, Olin Howland, Margaret Irving, Norman Willis",https://www.filmcrave.com/movie_page_main.php?id=52177,Unknown
Million Dollar Racket,36425,2.5,2,10/01/1937,English,"Crime, Drama",NR,Robert F. Hill,"Bruce Bennett, Joan Barclay, Bryant Washburn, Vane Calvert, Samuel Adams, Jimmy Aubrey",https://www.filmcrave.com/movie_page_main.php?id=52178,Unknown
"Destinea, Our Island",37789,2.5,2,08/01/2012,English,Drama,NR,Kerri K.,"Joshua Leary, Lindsey Gort, Haley Strode, Todd James Jackson, Trish Cook",https://www.filmcrave.com/movie_page_main.php?id=52179,Unknown
God's Pocket,13366,2.4,8,05/09/2014,English,Drama,R,John Slattery,"Christina Hendricks, Philip Seymour Hoffman, Glenn Fleshler, John Turturro, Caleb Landry Jones, Eddie Marsan",https://www.filmcrave.com/movie_page_main.php?id=52180,"When his stepson meets an untimely end, Mickey will do anything to cover up the accident - but things soon get out of hand. --"
Blessid,44777,2.0,2,01/08/2014,English,Drama,NR,Rob Fitz,"Rachel Kerbs, Rick Montgomery Jr., Gene Silvers, Chris Divecchio, Kate Jurdi, Madeline O'Brien",https://www.filmcrave.com/movie_page_main.php?id=52181,Unknown
Magic Mike XXL,24858,1.9,16,07/01/2015,English,Comedy,R,Gregory Jacobs,"Channing Tatum, Matt Bomer, Joe Manganiello, Gabriel Iglesias, Alex Pettyfer, Mike Gassaway",https://www.filmcrave.com/movie_page_main.php?id=52182,"Three years ago Magic Mike quit the stripping world at the top of his game. Now, the remaining Kings of Tampa, finding themselves fading, decide to go on one, last blowout to Myrtle Beach, but realize they need the talent of Magic Mike to put their best... face forward. Thus an epic road trip begins. --"
Jake Squared,41928,2.3,2,11/06/2013,English,"Comedy, Drama",NR,Howard Goldberg,"Elias Koteas, Jennifer Jason Leigh, Virginia Madsen, Kevin Railsback, Jane Seymour, Mike Vogel",https://www.filmcrave.com/movie_page_main.php?id=52183,Unknown
16 Acres,39970,1.8,3,11/16/2012,English,"Documentary, Historical",NR,Richard Hankin,"Michael Bloomberg, George Pataki, Chris Ward, Larry Silverstein, Daniel Libeskind, David Childs",https://www.filmcrave.com/movie_page_main.php?id=52184,"After 9/11, the area that became known as ""Ground Zero"" attracted many different interests. At just 16 acres, this property become the most prime piece of New York real estate, as conflicting interests ignited a war. --"
House of Dust,23018,2.5,3,11/01/2013,English,"Horror, Thriller",R,A.D. Calvo,"Inbar Lavi, Steven Grayhm, Eddie Hassell, Holland Roden, John Lee Ames, Stephen Spinella",https://www.filmcrave.com/movie_page_main.php?id=52185,"A group of college friends explore an abandoned insane asylum where they come across the cremated remains of some of the former mental patients. Accidentally breaking the canisters - they inhale the dust - becoming possessed by the spirits inside, including a prolific serial killer. --"
The Retrieval,28441,2.3,3,04/02/2014,English,"Drama, Historical",R,Chris Eska,"Ashton Sanders, Tishuan Scott, Keston John, Bill Oberst Jr., Christine Horn, Alfonso Freeman",https://www.filmcrave.com/movie_page_main.php?id=52186,Unknown
Alien Abduction,13341,2.4,8,04/04/2014,English,"Horror, Sci-Fi",NR,Matty Beckerman,"Katherine Sigismund, Corey Eid, Riley Polanski, Jillian Clare, Jeff Bowser, Peter Holden",https://www.filmcrave.com/movie_page_main.php?id=52187,Unknown
Stage Fright,28666,1.9,9,04/03/2014,English,"Horror, Musical",NR,Jerome Sable,"Minnie Driver, Meat Loaf, Allie MacDonald, Douglas Smith, Kent Nolan, Brandon Uranowitz",https://www.filmcrave.com/movie_page_main.php?id=52188,A music theater camp for the upper class becomes a blood bath as it's terrorized by a killer who hates musicals. --
On the Other Side of the Tracks ( De l'autre côté du périph ),23030,2.5,3,04/04/2014,French,"Action, Comedy",R,David Charhon,"Omar Sy, Laurent Lafitte, Sabrina Ouazani, Lionel Abelanski, Youssef Hajdi, Maxime Motte",https://www.filmcrave.com/movie_page_main.php?id=52189,Unknown
Something Wicked,41951,2.3,2,04/04/2014,English,"Drama, Horror",R,Darin Scott,"Shantel VanSanten, John Robinson, James Patrick Stuart, Brittany Murphy, Robert Blanche, Betty Moyer",https://www.filmcrave.com/movie_page_main.php?id=52190,Unknown
"Pulp: a Film About Life, Death & Supermarkets",18873,2.7,3,03/09/2014,English,Documentary,NR,Florian Habicht,"Nick Banks, Jarvis Cocker, Candida Doyle, Steve Mackey, Mark Webber",https://www.filmcrave.com/movie_page_main.php?id=52191,Unknown
Being Ginger,23029,2.5,3,04/04/2014,English,Documentary,NR,Scott P. Harris,Scott P. Harris,https://www.filmcrave.com/movie_page_main.php?id=52192,Unknown
Mad Ship,26081,3.0,2,04/03/2014,English,Drama,NR,David Mortin,"Gil Bellows, Rachel Blanchard, Martha Burns, Blane Cypurda, Aidan Devine, Darren Felbel",https://www.filmcrave.com/movie_page_main.php?id=52193,Unknown
The Joe Show,26066,3.0,2,02/26/2014,English,"Documentary, Drama",NR,Randy Murray,"Joe Arpaio, Lisa Allen, Ava Arpaio, Larry King, Hugh Downs, Ted Nugent",https://www.filmcrave.com/movie_page_main.php?id=52194,Unknown
Doc of the Dead,10005,2.7,6,03/10/2014,English,Documentary,NR,Alexandre O. Philippe,"George A. Romero, Robert Kirkman, Max Brooks, Bruce Campbell, Greg Nicotero, Tom Savini",https://www.filmcrave.com/movie_page_main.php?id=52195,Unknown
Kung Fu Elliot,37895,2.5,2,01/01/2014,English,"Documentary, Comedy",NR,"Matthew Bauckman, Jaret Belliveau",Elliot Scott,https://www.filmcrave.com/movie_page_main.php?id=52196,Unknown
The Grand Seduction,6368,2.7,11,02/01/2014,English,Comedy,PG-13,Don McKellar,"Brendan Gleeson, Taylor Kitsch, Liane Balaban, Gordon Pinsent, Anna Hopkins, Rhonda Rodgers",https://www.filmcrave.com/movie_page_main.php?id=52197,Tickle Cove is a small harbor town on the verge of financial ruin. A new factory would revitalize the area - but only if they can secure a doctor to stay. Resident Murray French spearheads the charge and when he comes upon Dr. Paul Lewis he will use his power - and the power of the whole town - to seduce the doctor into staying. --
Angry White Man,44704,2.0,2,10/22/2011,English,Comedy,NR,Brian James O'Connell,"Scoot McNairy, Matt Berry, Mary Birdsong, Steve Agee, Matthew Warzel, Genevieve Jones",https://www.filmcrave.com/movie_page_main.php?id=52198,Unknown
Uvanga,26046,3.0,2,11/07/2013,English,Drama,NR,"Marie-Hélène Cousineau, Madeline Ivalu","Peter-Henry Arnatsiaq, Marianne Farley, Lukasi Forrest, Pakak Innuksuk, Madeline Ivalu, Carol Kunnuk",https://www.filmcrave.com/movie_page_main.php?id=52199,Unknown
The Pirate Fairy,11790,2.8,4,04/01/2014,English,"Animation, Adventure",G,Peggy Holmes,"Mae Whitman, Christina Hendricks, Tom Hiddleston, Lucy Liu, Raven-Symoné, Megan Hilty",https://www.filmcrave.com/movie_page_main.php?id=52200,Unknown
"Room in Town, A ( chambre en ville, Une )",32324,2.8,2,10/01/1983,French,"Drama, Musical",NR,Jacques Demy,"Dominique Sanda, Danielle Darrieux, Richard Berry, Michel Piccoli, Fabienne Guyon, Anna Gaylor",https://www.filmcrave.com/movie_page_main.php?id=52201,Unknown
Ballad of Little Soldier ( Ballade vom kleinen Soldaten ),32338,2.8,2,04/03/1985,German,Documentary,NR,"Werner Herzog, Denis Reichle","Werner Herzog, Denis Reichle",https://www.filmcrave.com/movie_page_main.php?id=52202,Unknown
Deadly Eyes,18494,2.7,3,04/01/1983,English,"Horror, Sci-Fi",R,Robert Clouse,"Sam Groom, Sara Botsford, Scatman Crothers, Cec Linder, Lisa Langlois, Lesleh Donaldson",https://www.filmcrave.com/movie_page_main.php?id=52203,Unknown
Moonlight on the Range,43603,2.0,2,10/06/1937,English,Western,NR,Sam Newfield,"Fred Scott, Al St. John, Lois January, Dick Curtis, Frank LaRue, Jimmy Aubrey",https://www.filmcrave.com/movie_page_main.php?id=52204,Unknown
Mr. Dodd Takes the Air,43599,2.0,2,08/21/1937,English,"Comedy, Musical",NR,Alfred E. Green,"Kenny Baker, Frank McHugh, Alice Brady, Gertrude Michael, Jane Wyman, Harry Davenport",https://www.filmcrave.com/movie_page_main.php?id=52205,Unknown
Murder is News,45868,1.8,2,03/01/1939,English,Mystery,NR,Leon Barsha,"John Gallaudet, Iris Meredith, George McKay, Doris Lloyd, John Hamilton, John Graham Spacey",https://www.filmcrave.com/movie_page_main.php?id=52206,Unknown
Mutiny on the Elsinore,45866,1.8,2,02/15/1939,English,"Action, Crime",NR,Roy Lockwood,"Lyn Harding, Jiro Soneya, Paul Lukas, Kathleen Kelly, Graham Soutten, Michael Martin Harvey",https://www.filmcrave.com/movie_page_main.php?id=52207,Unknown
My Dear Miss Aldrich,39158,1.8,3,09/17/1937,English,"Comedy, Drama",NR,George B. Seitz,"Edna May Oliver, Maureen O'Sullivan, Walter Pidgeon, Rita Johnson, Janet Beecher, Paul Harvey",https://www.filmcrave.com/movie_page_main.php?id=52208,Unknown
Navy Spy,25122,3.0,2,03/13/1937,English,"Crime, Drama",NR,"Crane Wilbur, Joseph H. Lewis","Conrad Nagel, Eleanor Hunt, Judith Allen, Jack Doyle, Phil Dunham, Don Barclay",https://www.filmcrave.com/movie_page_main.php?id=52209,Unknown
Night Ride,45843,1.8,2,06/01/1937,English,Drama,NR,John Paddy Carstairs,"Julian Vedey, Wally Patch, Jimmy Hanley, Joan Ponsford, Frank Petley, Elizabeth Kent",https://www.filmcrave.com/movie_page_main.php?id=52210,Unknown
Paradise Isle,36415,2.5,2,07/21/1937,English,"Adventure, Drama",NR,Arthur Greville Collins,"Movita, Warren Hull, William B. Davidson, John St. Polis, George Piltz, Pierre Watkin",https://www.filmcrave.com/movie_page_main.php?id=52211,Unknown
Passenger to London,36403,2.5,2,01/01/1937,English,Thriller,NR,Lawrence Huntington,"John Warwick, Jenny Laird, Paul Neville, Ivan Wilmot, Aubrey Pollock, Victor Hagen",https://www.filmcrave.com/movie_page_main.php?id=52212,Unknown
Ranger Courage,25116,3.0,2,01/10/1937,English,"Action, Drama",NR,Spencer Gordon Bennet,"Robert Allen, Martha Tibbetts, Walter Miller, Robert 'Buzz' Henry, Bud Osborne, Bob Kortman",https://www.filmcrave.com/movie_page_main.php?id=52213,Unknown
Scooby-Doo! WrestleMania Mystery,19179,2.3,6,03/25/2014,English,"Animation, Family",NR,Brandon Vietti,"Frank Welker, Matthew Lillard, Grey DeLisle, Mindy Cohn, John Cena, Paul Levesque",https://www.filmcrave.com/movie_page_main.php?id=52214,A ghost bear appears and threatens to ruin Wrestlemania.
Sandflow,31735,2.8,2,02/14/1937,English,"Romance, Western",NR,Lesley Selander,"Buck Jones, Lita Chevret, Bob Kortman, Arthur Aylesworth, Bob Terry, Enrique de Rosas",https://www.filmcrave.com/movie_page_main.php?id=52215,Unknown
She Asked for It,36423,2.5,2,09/17/1937,English,"Comedy, Crime",NR,Erle C. Kenton,"William Gargan, Orien Heyward, Vivienne Osborne, Richard Carle, Roland Drew, Harry Beresford",https://www.filmcrave.com/movie_page_main.php?id=52216,Unknown
Stars Over Arizona,43602,2.0,2,09/22/1937,English,Western,NR,Robert N. Bradbury,"Addison Randall, Kathleen Eliot, Horace Murphy, Warner Richmond, Tom Herbert, Chick Hannan",https://www.filmcrave.com/movie_page_main.php?id=52217,Unknown
Take My Tip,45842,1.8,2,05/07/1937,English,"Comedy, Musical",NR,Herbert Mason,"Jack Hulbert, Cicely Courtneidge, Harold Huth, Frank Cellier, Frank Pettingell, Eliot Makeham",https://www.filmcrave.com/movie_page_main.php?id=52218,Unknown
Thanks for Listening,40563,2.3,2,07/12/1937,English,"Comedy, Musical",NR,Marshall Neilan,"Pinky Tomlin, Maxine Doyle, Aileen Pringle, Claire Rochelle, Henry Roquemore, Rafael Storm",https://www.filmcrave.com/movie_page_main.php?id=52219,Unknown
That I May Live,36410,2.5,2,04/30/1937,English,"Crime, Drama",NR,Allan Dwan,"Rochelle Hudson, Robert Kent, J. Edward Bromberg, Jack La Rue, Frank Conroy, Fred Kelsey",https://www.filmcrave.com/movie_page_main.php?id=52220,Unknown
Timberland Terror ( Tall Timbers ),55030,1.5,2,02/01/1940,English,"Adventure, Romance",NR,Ken G. Hall,"Frank Leighton, Ann Richards, Campbell Copelin, Frank Harvey, Harvey Adams, Aileen Britton",https://www.filmcrave.com/movie_page_main.php?id=52221,Unknown
You Can't Buy Luck,43592,2.0,2,04/30/1937,English,"Crime, Drama",NR,Lew Landers,"Onslow Stevens, Helen Mack, Vinton Hayworth, Maxine Jennings, Paul Guilfoyle, Hedda Hopper",https://www.filmcrave.com/movie_page_main.php?id=52222,Unknown
Venus Makes Trouble,43594,2.0,2,05/14/1937,English,"Adventure, Comedy",NR,Gordon Wiles,"James Dunn, Patricia Ellis, Gene Morgan, Astrid Allwyn, Thurston Hall, Beatrice Curtis",https://www.filmcrave.com/movie_page_main.php?id=52223,Unknown
Trapped,45840,1.8,2,03/03/1937,English,"Action, Crime",NR,Leon Barsha,"Charles Starrett, Peggy Stratford, Robert Middlemass, Allan Sears, Ted Oliver, Lew Meehan",https://www.filmcrave.com/movie_page_main.php?id=52224,Unknown
Trapped by G-Men,36422,2.5,2,09/09/1937,English,"Action, Crime",NR,Lewis D. Collins,"Jack Holt, Wynne Gibson, C. Henry Gordon, Jack La Rue, Edward Brophy, William Pawley",https://www.filmcrave.com/movie_page_main.php?id=52225,Unknown
Two in the Dark,40521,2.3,2,01/10/1936,English,"Crime, Drama",NR,Benjamin Stoloff,"Walter Abel, Margot Grahame, Wallace Ford, Gail Patrick, Alan Hale, Leslie Fenton",https://www.filmcrave.com/movie_page_main.php?id=52226,Unknown
Two-Fisted Sheriff,31741,2.8,2,06/15/1937,English,"Action, Western",NR,Leon Barsha,"Charles Starrett, Barbara Weeks, Bruce Lane, Edward Peil Sr., Allan Sears, Walter Downing",https://www.filmcrave.com/movie_page_main.php?id=52227,Unknown
"Trio's Engagements, The ( Konyaku sanbagarasu )",36414,2.5,2,07/14/1937,Japanese,Drama,NR,Yasujirô Shimazu,"Shinobu Aoki, Reiko Hikawa, Chôko Iida, Fumiko Katsuragi, Reikichi Kawamura, Tokuji Kobayashi",https://www.filmcrave.com/movie_page_main.php?id=52228,Unknown
The Wrong Road,36427,2.5,2,10/11/1937,English,"Crime, Drama",NR,James Cruze,"Richard Cromwell, Helen Mack, Lionel Atwill, Horace McMahon, Russ Powell, Billy Bevan",https://www.filmcrave.com/movie_page_main.php?id=52229,Unknown
Under Secret Orders,40730,2.3,2,07/01/1943,English,"Thriller, War",NR,Edmond T. Gréville,"Dita Parlo, John Loder, Erich von Stroheim, Claire Luce, Gyles Isham, John Abbott",https://www.filmcrave.com/movie_page_main.php?id=52230,Unknown
Under Strange Flags,36408,2.5,2,04/12/1937,English,"Action, Historical",NR,Irvin Willat,"Tom Keene, Luana Walters, Budd Buster, Maurice Black, Paul Sutton, Roy D'Arcy",https://www.filmcrave.com/movie_page_main.php?id=52231,Unknown
Westbound Mail,40546,2.3,2,01/22/1937,English,Western,NR,Folmar Blangsted,"Charles Starrett, Rosalind Keith, Edward Keane, Arthur Stone, Ben Welden, Al Bridge",https://www.filmcrave.com/movie_page_main.php?id=52232,Unknown
Western Gold,25132,3.0,2,08/27/1937,English,Western,NR,Howard Bretherton,"Smith Ballew, Heather Angel, LeRoy Mason, Howard C. Hickman, Ben Alexander, Frank McGlynn Sr.",https://www.filmcrave.com/movie_page_main.php?id=52233,Unknown
Who's Your Lady Friend?,36412,2.5,2,07/01/1937,English,Comedy,NR,Carol Reed,"Frances Day, Vic Oliver, Betty Stockfeld, Romney Brent, Margaret Lockwood, Sarah Churchill",https://www.filmcrave.com/movie_page_main.php?id=52234,Unknown
Wings Over Honolulu,30260,2.2,3,05/16/1937,English,"Drama, Romance",NR,H.C. Potter,"Wendy Barrie, Ray Milland, William Gargan, Kent Taylor, Polly Rowles, Samuel S. Hinds",https://www.filmcrave.com/movie_page_main.php?id=52235,Unknown
The Frog,43661,2.0,2,12/09/1939,English,"Adventure, Crime",NR,Jack Raymond,"Noah Beery, Jack Hawkins, Richard Ainley, Vivian Gaye, Gordon Harker, Esme Percy",https://www.filmcrave.com/movie_page_main.php?id=52236,Unknown
Without Dowry ( Bespridannitsa ),36404,2.5,2,01/26/1937,Russian,"Drama, Romance",NR,"Yakov Protazanov, Aleksandr Rou","Olga Pyzhova, Nina Alisova, Anatoli Ktorov, Mikhail Klimov, Boris Tenin, Vladimir Popov",https://www.filmcrave.com/movie_page_main.php?id=52237,Unknown
The Girl Said No,40567,2.3,2,10/15/1937,English,"Comedy, Musical",NR,Andrew L. Stone,"Robert Armstrong, Irene Hervey, Paula Stone, Edward Brophy, William Danforth, Vera Ross",https://www.filmcrave.com/movie_page_main.php?id=52238,Unknown
Life Itself,543,3.2,42,01/19/2014,English,"Documentary, Biography",R,Steve James,"Roger Ebert, Werner Herzog, Martin Scorsese, Errol Morris, Ava DuVernay, Ramin Bahrani",https://www.filmcrave.com/movie_page_main.php?id=52239,"A look at the life and cultural impact of Roger Ebert, one of the world's renowned film critics and social commentators - from his Pulitzer Prize film reviews, to his long career with Gene Siskel to his late-life battle with cancer - it a both a poignant and insightful look into Ebert's world. --"
Hateship Loveship,5996,2.8,8,04/11/2014,English,Drama,R,Liza Johnson,"Kristen Wiig, Guy Pearce, Hailee Steinfeld, Jennifer Jason Leigh, Sami Gayle, Nick Nolte",https://www.filmcrave.com/movie_page_main.php?id=52240,"A caretaker working a new job finds her elderly patient's granddaughter hatching a plan to pair her up with her estranged father and, despite the circumstances, finds the awkward plot leading to true contentment. --"
The Hornet's Nest,37973,2.5,2,05/09/2014,English,Documentary,R,"David Salzberg, Christian Tureaud","Carlos Boettcher, Mike Boettcher, Kalen M. Waite",https://www.filmcrave.com/movie_page_main.php?id=52241,Unknown
That Demon Within ( Mo jing ),28443,2.3,3,04/18/2014,Cantonese,"Action, Crime",NR,Dante Lam,"Daniel Wu, Nick Cheung, Andy On, Kai Chi Liu, Ka Wah Lam, Stephen Au",https://www.filmcrave.com/movie_page_main.php?id=52242,Unknown
13 Sins,8797,2.6,12,04/18/2014,English,"Horror, Thriller",R,Daniel Stamm,"Mark Webber, Devon Graye, Tom Bower, Rutina Wesley, Ron Perlman, Pruitt Taylor Vince",https://www.filmcrave.com/movie_page_main.php?id=52243,Unknown
Kid Cannabis,26798,2.3,3,04/18/2014,English,Drama,NR,John Stockwell,"Jonathan Daniel Brown, Kenny Wormald, Ron Perlman, Aaron Yoo, John C. McGinley, Corey Large",https://www.filmcrave.com/movie_page_main.php?id=52244,Unknown
Wolf Creek 2,16704,2.3,8,04/17/2014,English,"Horror, Thriller",NR,Greg Mclean,"John Jarratt, Ryan Corr, Shannon Ashlyn, Philippe Klaus, Chloé Boreham, Shane Connor",https://www.filmcrave.com/movie_page_main.php?id=52245,Unknown
Poseidon Rex,44819,2.0,2,04/18/2014,English,"Action, Sci-Fi",NR,Mark L. Lester,"Brian Krause, Anne McDaniels, Steven Helmkamp, Candice Nunes, Berne Velasquez, Gildon Roland",https://www.filmcrave.com/movie_page_main.php?id=52246,Unknown
Super Duper Alice Cooper,44817,2.0,2,04/17/2014,English,Documentary,NR,"Sam Dunn, Reginald Harkema, Scot McFadyen","Alice Cooper, Sheryl Cooper, Dennis Dunaway, Robert Ezrin, Dee Snider, Iggy Pop",https://www.filmcrave.com/movie_page_main.php?id=52247,Unknown
La Bare,55800,1.3,2,06/27/2014,English,Documentary,R,Joe Manganiello,"Joe Manganiello, Lance Winters, Nick Soto",https://www.filmcrave.com/movie_page_main.php?id=52248,Unknown
Perfect Sisters,10342,2.7,5,04/11/2014,English,"Crime, Drama",NR,Stanley M. Brooks,"Abigail Breslin, Georgie Henley, Mira Sorvino, James Russo, Rusty Schwimmer, Zoë Belkin",https://www.filmcrave.com/movie_page_main.php?id=52249,Unknown
Chinese Puzzle ( Casse-tête chinois ),18877,2.7,3,05/16/2014,French,"Comedy, Drama",NR,Cédric Klapisch,"Romain Duris, Audrey Tautou, Cécile De France, Kelly Reilly, Sandrine Holt, Benoît Jacquot",https://www.filmcrave.com/movie_page_main.php?id=52250,Unknown
Falcon Song,26092,3.0,2,05/01/2014,English,"Family, Fantasy",PG,Jason Corgan Brown,"Rainey Qualley, Gabriel Sunday, Martin Kove, Jim Storm, Hart Turner, Michael Yebba",https://www.filmcrave.com/movie_page_main.php?id=52251,Unknown
A Promise,14498,2.6,4,04/18/2014,English,"Drama, Romance",NR,Patrice Leconte,"Rebecca Hall, Alan Rickman, Richard Madden, Toby Murray, Maggie Steed, Jean-Louis Sbille",https://www.filmcrave.com/movie_page_main.php?id=52252,Unknown
The M Word,26090,3.0,2,04/30/2014,English,Comedy,R,Henry Jaglom,"Tanna Frederick, Michael Imperioli, Corey Feldman, Frances Fisher, Mary Crosby, Eliza Roberts",https://www.filmcrave.com/movie_page_main.php?id=52253,Unknown
1066,42011,2.3,2,10/14/2015,English,"Action, Drama",NR,Robin Jacob,"Ian Whyte, Olivia Hussey, Matthias Hues, Katia Winter, Kate Maberly, Martin Klebba",https://www.filmcrave.com/movie_page_main.php?id=52254,Unknown
Bank$tas ( Cubicle Warriors ),44818,2.0,2,04/18/2014,English,"Comedy, Crime",NR,Jeff Stephenson,"Laura Vandervoort, Alan Thicke, Michael Seater, Joe Dinicol, Brandon Firla, Nicholas Campbell",https://www.filmcrave.com/movie_page_main.php?id=52255,Unknown
For No Good Reason,8344,2.8,6,04/25/2014,English,"Documentary, Biography",R,Charlie Paul,"Ralph Steadman, Johnny Depp, Hunter S. Thompson, Terry Gilliam, Richard E. Grant, Jann Wenner",https://www.filmcrave.com/movie_page_main.php?id=52256,Unknown
The Bachelor Weekend,44822,2.0,2,04/22/2014,English,Comedy,NR,John Butler,"Andrew Scott, Hugh O'Conor, Peter McDonald, Brian Gleeson, Michael Legge, Amy Huberman",https://www.filmcrave.com/movie_page_main.php?id=52257,Unknown
Buttwhistle,44894,2.0,2,12/31/2014,English,"Comedy, Crime",NR,Tenney Fairchild,"Trevor Morgan, Elizabeth Rice, Analeigh Tipton, Adhir Kalyan, Stella Maeve, Thomas Jane",https://www.filmcrave.com/movie_page_main.php?id=52258,Unknown
Next Goal Wins,11791,2.8,4,04/25/2014,English,"Documentary, Sport",NR,"Mike Brett, Steve Jamison","Thomas Rongen, Jaiyah Saelua, Nicky Salapu, Gene Ne'emia, Larry Mana'o, Rawlston Masaniai",https://www.filmcrave.com/movie_page_main.php?id=52259,Unknown
Beneath the Harvest Sky,37947,2.5,2,04/01/2014,English,Drama,NR,"Aron Gaudet, Gita Pullapilly","Emory Cohen, Callan McAuliffe, Aidan Gillen, W. Earl Brown, Carla Gallo, Erik Moody",https://www.filmcrave.com/movie_page_main.php?id=52260,Unknown
Desert Riders,37966,2.5,2,04/25/2014,English,"Documentary, Drama",NR,Vic Sarin,Abdulla Mubarak,https://www.filmcrave.com/movie_page_main.php?id=52261,Unknown
Son of Batman,11954,2.4,19,05/06/2014,English,"Animation, Action",PG-13,Ethan Spaulding,"Jason O'Mara, Stuart Allan, Thomas Gibson, Morena Baccarin, Dee Bradley Baker, Giancarlo Esposito",https://www.filmcrave.com/movie_page_main.php?id=52262,"Batman learns that he has a unknown son by Ra's al Ghul's  daughter.. When Ra's al Ghul apparently dies after a battle with Deathstroke, Batman must work to stop his long-lost son from taking revenge and guiding him to a righteous path."
Journey of a Female Comic,55377,1.5,2,05/02/2014,English,"Documentary, Comedy",NR,"Erick M. Crespo, Kiki Melendez","Kiki Melendez, Maria Conchita Alonso, Edward James Olmos, Lupe Ontiveros, Jacob Vargas, Esai Morales",https://www.filmcrave.com/movie_page_main.php?id=52263,Unknown
"Venus in Fur ( Vénus à la fourrure, La )",8250,2.7,7,04/22/2014,French,Drama,NR,Roman Polanski,"Emmanuelle Seigner, Mathieu Amalric",https://www.filmcrave.com/movie_page_main.php?id=52264,Unknown
What Lies Beyond... The Beginning,55385,1.5,2,07/11/2014,English,"Comedy, Horror",NR,Jarrod Knowles,"Zack Dean, Kary Musa, Masha Silberberg, Harley Souza, Addys Guerra, Adriana Scala",https://www.filmcrave.com/movie_page_main.php?id=52265,Unknown
Gabriel,55372,1.5,2,04/17/2014,English,"Drama, Thriller",NR,Lou Howe,"Rory Culkin, Lynn Cohen, Emily Meade, Alexia Rasmussen, David Call, Louisa Krause",https://www.filmcrave.com/movie_page_main.php?id=52266,Unknown
The Hooping Life,44823,2.0,2,04/22/2014,English,Documentary,NR,Amy Goldstein,"Shaquille O'Neal, Garry Marshall, Art Linkletter, John Cameron Mitchell, John Savage, Tisha Marina",https://www.filmcrave.com/movie_page_main.php?id=52267,Unknown
Death Do Us Part,44816,2.0,2,04/15/2014,English,"Horror, Thriller",R,Nicholas Humphries,"Julia Benson, Peter Benson, Emilie Ullerup, Christine Chatelain, Kyle Cassie, Benjamin Ayres",https://www.filmcrave.com/movie_page_main.php?id=52268,Unknown
Vanishing Pearls: The Oystermen of Pointe a la Hache,55797,1.3,2,04/01/2014,English,"Documentary, Biography",NR,"Nailah Jefferson, Nailah Jefferson",Unknown,https://www.filmcrave.com/movie_page_main.php?id=52269,Unknown
Making the Rules,37972,2.5,2,05/06/2014,English,"Drama, Romance",R,Jimbo Lee,"Jaime Pressly, Robin Thicke, Tygh Runyan, Joey Lauren Adams, Frances Conroy, Steve Agee",https://www.filmcrave.com/movie_page_main.php?id=52270,Unknown
Tapped ( Tapped Out ),41961,2.3,2,05/27/2014,English,"Action, Sport",R,Allan Ungar,"Michael Biehn, Martin Kove, Nick Bateman, Krzysztof Soszynski, Cody Hackman, Anderson Silva",https://www.filmcrave.com/movie_page_main.php?id=52271,Unknown
Wrath of the Crows,41907,2.3,2,05/02/2013,English,"Horror, Mystery",NR,Ivan Zuccon,"Tiffany Shepis, Debbie Rochon, Tara Cardinal, Domiziano Arcangeli, Suzi Lorraine, Michael Segal",https://www.filmcrave.com/movie_page_main.php?id=52272,Unknown
Ai Weiwei: The Fake Case,37978,2.5,2,05/16/2014,Mandarin,"Documentary, Drama",NR,Andreas Johnsen,"Weiwei Ai, Zhanyang Li, Gao Ying, Larry Warsh, Lao Ai, Wang Fen",https://www.filmcrave.com/movie_page_main.php?id=52273,Unknown
The Formula,37955,2.5,2,04/15/2014,English,"Comedy, Romance",NR,"Thomas Beecher, Joe Clarke","Brandon Baker, Sasha Jackson, Reginald VelJohnson, Mike Schminke, Katie Goebel, Katie Lynn McDowell",https://www.filmcrave.com/movie_page_main.php?id=52274,Unknown
God Forgive Us,26123,3.0,2,08/09/2014,English,Drama,NR,Michael Bachochin,"Lindsay Rathert, James R. Doherty, Matthew Urban, Brian Rooney, Daniel Kuhlman, Kyle Dal Santo",https://www.filmcrave.com/movie_page_main.php?id=52275,Unknown
Food Chains,26088,3.0,2,04/26/2014,English,Documentary,NR,Sanjay Rawal,"Forest Whitaker, Robert Kennedy Jr., Eric Schlosser, Dolores Huerta, Eva Longoria, Barry Estabrook",https://www.filmcrave.com/movie_page_main.php?id=52276,Unknown
Way of the Wicked,24495,2.3,4,05/20/2014,English,Thriller,NR,Kevin Carraway,"Vinnie Jones, Christian Slater, Emily Tennant, Jake Croker, Aren Buchholz, Matthew Robert Kelly",https://www.filmcrave.com/movie_page_main.php?id=52277,"After a series of inexplicable murders sweeps a small, isolated community, Father Henry (Slater) goes to a local police detective (Jones) with a theory on why the murders are occurring. The two learn that a troubled teen with a dark past has recently moved to town and has set his sights on the cop’s  young daughter. Father Henry, who turns out to have secrets of his own, finds himself pitted against a demonic force"
Stereo,18876,2.7,3,05/15/2014,German,Thriller,NR,Maximilian Erlenwein,"Jürgen Vogel, Moritz Bleibtreu, Petra Schmidt-Schaller, Georg Friedrich, Rainer Bock, Nicole Marischka",https://www.filmcrave.com/movie_page_main.php?id=52278,"A man starts to see a ghost who is criminal, but I is it really a ghost, or is it himself?"
Captain America: Civil War,399,3.2,135,05/06/2016,English,"Action, Sci-Fi",PG-13,"Anthony Russo, Joe Russo","Chris Evans, Robert Downey Jr., Paul Rudd, Elizabeth Olsen, Scarlett Johansson, Jeremy Renner",https://www.filmcrave.com/movie_page_main.php?id=52279,"With the world reeling from the incidents in Sakovia, a new accord is introduced to bring the heroes in line. But for Captain America, who is trying to protect his friend Bucky (aka The Winter Solider) it goes against all he stands for and soon creates a rift in The Avengers - one that will lead to a battle between the two sides. --"
The Divergent Series: Allegiant,18977,2.1,31,03/18/2016,English,"Action, Sci-Fi",PG-13,Robert Schwentke,"Shailene Woodley, Theo James, Zoë Kravitz, Miles Teller, Naomi Watts, Ansel Elgort",https://www.filmcrave.com/movie_page_main.php?id=52280,"Tris and Four have escaped and made it to the world outside the fence, but their freedom is short-lived as they are shortly after apprehended by a mysterious agency known as the Bureau of Genetic Welfare. --"
Alien: Covenant,5871,2.6,55,05/19/2017,English,"Adventure, Sci-Fi",R,Ridley Scott,"Michael Fassbender, Katherine Waterston, Danny McBride, Billy Crudup, Demián Bichir, Carmen Ejogo",https://www.filmcrave.com/movie_page_main.php?id=52282,"The colony ship Covenant is on a mission to a remote planet on the far side of the galaxy. Landing on what they believe to be an idyllic paradise, they instead find a much more dark and dangerous planet - one whose sole inhabitant seems to be David, a synthetic android and seemingly the only survivor of the Prometheus expedition. --"
Taken 3,13171,2.3,55,01/09/2015,English,"Action, Crime",PG-13,Olivier Megaton,"Liam Neeson, Maggie Grace, Famke Janssen, Forest Whitaker, Dougray Scott, Jon Gries",https://www.filmcrave.com/movie_page_main.php?id=52283,"When he's accused of a murder he didn't commit - and once that hits too close to home - ex-operative Bryan Mills will stop at nothing from tracking down the real killer, even as he himself is targeted by a saavy police inspector. --"
Mortdecai,23810,2.0,26,01/23/2015,English,"Crime, Drama",R,David Koepp,"Johnny Depp, Ewan McGregor, Paul Bettany, Gwyneth Paltrow, Aubrey Plaza, Olivia Munn",https://www.filmcrave.com/movie_page_main.php?id=52285,"Debonair art dealer and part-time rogue Charles Mortdecai is on the trail of a stolen painting said to contain a code for lost bank account filled with Nazi gold - he better hope his good looks and charm will be enough to outwit the Mi5, Russians, a terrorist and his leggy wife.  --"
The One I Love,1401,3.1,17,08/22/2014,English,"Comedy, Drama",R,Charlie McDowell,"Mark Duplass, Elisabeth Moss, Ted Danson, Kiana Cason, Marlee Matlin, Mary Steenburgen",https://www.filmcrave.com/movie_page_main.php?id=52286,"A couple in therapy, and on the verge of collapse, take their therapist's advice to go on a retreat to the perfect locale - only to find themselves in a situation that will certainly let them work on their relationship. --"
Desert Dancer,18899,2.7,3,04/10/2015,English,"Biography, Drama",PG-13,Richard Raymond,"Freida Pinto, Nazanin Boniadi, Tom Cullen, Reece Ritchie, Marama Corlett, Akin Gazi",https://www.filmcrave.com/movie_page_main.php?id=52287,As Iran becomes more and more conservative and seeking to root out the
Whiplash,93,3.4,181,10/10/2014,English,Drama,R,Damien Chazelle,"Miles Teller, J.K. Simmons, Melissa Benoist, Paul Reiser, Austin Stowell, Jayson Blair",https://www.filmcrave.com/movie_page_main.php?id=52288,A stern teacher helps mold a struggling young drummer who is working to become a top jazz drummer. --
Mr. Turner,695,3.2,29,12/19/2014,English,"Biography, Drama",R,Mike Leigh,"Tom Wlaschiha, Timothy Spall, Roger Ashton-Griffiths, Lesley Manville, Richard Bremmer, James Fleet",https://www.filmcrave.com/movie_page_main.php?id=52289,Explores the last half-century in the life of British artist J.M.W. Turner
Actress,26087,3.0,2,04/26/2014,English,"Documentary, Drama",NR,Robert Greene,Brandy Burre,https://www.filmcrave.com/movie_page_main.php?id=52290,Unknown
Easter Sunday,41972,2.3,2,08/09/2014,English,Horror,NR,Jeremy Todd Morehead,"Robert Z'Dar, Jeremy Todd Morehead, Ari Lehman, Jason Delgado, Jon McKoy, Travis Morton",https://www.filmcrave.com/movie_page_main.php?id=52291,Unknown
MurderDrome,38023,2.5,2,08/26/2014,English,"Action, Horror",NR,Daniel Armstrong,"Kat Anderson, Rachael Blackwood, Daisy Masterman, Amber Sajben, Dayna Seville, Demonique Deluxe",https://www.filmcrave.com/movie_page_main.php?id=52292,Unknown
Intramural,37963,2.5,2,04/19/2014,English,"Comedy, Sport",R,Andrew Disney,"Jake Lacy, Nikki Reed, Kate McKinnon, Beck Bennett, Nick Kocher, Brian McElhaney",https://www.filmcrave.com/movie_page_main.php?id=52293,Unknown
Fractured,46675,1.8,2,04/08/2014,English,"Drama, Horror",NR,Lance Kawas,"Eric Roberts, Jake Busey, Lauren Mae Shafer, Jordan Trovillion, Lance Kawas, Christian Koza",https://www.filmcrave.com/movie_page_main.php?id=52294,Unknown
In Order of Disappearance ( Kraftidioten ),6954,3.0,4,04/17/2014,Norwegian,"Action, Comedy",R,Hans Petter Moland,"Stellan Skarsgård, Kristofer Hivju, Bruno Ganz, Birgitte Hjort Sørensen, Pål Sverre Hagen, Jakob Oftebro",https://www.filmcrave.com/movie_page_main.php?id=52295,Unknown
Stand Clear of the Closing Doors,15584,2.5,5,04/05/2014,English,Drama,NR,Sam Fleischner,"Andrea Suarez Paz, Jesus Sanchez-Velez, Azul Zorrilla, Tenoch Huerta, Marsha Stephanie Blake, Kevin Bewersdorf",https://www.filmcrave.com/movie_page_main.php?id=52296,Unknown
Life is Love,37932,2.5,2,03/07/2014,English,Documentary,NR,"Halfdan Hussey, Kathleen J. Powell","Somaly Mam, Srey Pov Chan, Sina Vann, Chaivoeurn Him, Sopheap Thy, Srey Pich Loch",https://www.filmcrave.com/movie_page_main.php?id=52297,Unknown
Broken Hill Blues ( Ömheten ),37956,2.5,2,04/17/2014,Swedish,Drama,NR,Sofia Norlin,"Sebastian Hiort af Ornäs, Alfred Juntti, Lina Leandersson, Ella Nordin, Jenny Sandberg, Pär Andersson",https://www.filmcrave.com/movie_page_main.php?id=52298,Unknown
An Honest Liar,3474,3.1,6,04/18/2014,English,"Documentary, Biography",NR,"Tyler Measom, Justin Weinstein","James Randi, Penn Jillette, Bill Nye, Adam Savage, Alice Cooper, Michael Shermer",https://www.filmcrave.com/movie_page_main.php?id=52299,Unknown
Burning Blue,11792,2.8,4,06/06/2014,English,"Biography, Drama",R,D.M.W. Greer,"Trent Ford, Tammy Blanchard, Morgan Spector, Rob Mayes, William Lee Scott, Cotter Smith",https://www.filmcrave.com/movie_page_main.php?id=52300,Unknown
A Brony Tale,26080,3.0,2,04/01/2014,English,"Documentary, Comedy",NR,Brent Hodge,"Ashleigh Ball, Donald Rhoades, Andy Stein",https://www.filmcrave.com/movie_page_main.php?id=52301,Unknown
Cold in July,6357,2.6,21,05/23/2014,English,"Drama, Thriller",R,Jim Mickle,"Michael C. Hall, Don Johnson, Vinessa Shaw, Sam Shepard, Wyatt Russell, Nick Damici",https://www.filmcrave.com/movie_page_main.php?id=52302,A man shoots and kills a burglar inside the house and the father of the
Prathinidhi,44826,2.0,2,04/25/2014,Other,Unknown,NR,Prashanth Mandava,"Shubra Aaiyappa, Giri Babu, Srinivasa Rao Kota, Krishna Murali Posani, Ravi Prakash, Ranganath",https://www.filmcrave.com/movie_page_main.php?id=52303,Unknown
For a Woman ( Pour une femme ),37970,2.5,2,05/02/2014,French,Drama,NR,Diane Kurys,"Benoît Magimel, Mélanie Thierry, Nicolas Duvauchelle, Sylvie Testud, Denis Podalydès, Julie Ferrier",https://www.filmcrave.com/movie_page_main.php?id=52304,Unknown
App,41954,2.3,2,04/16/2014,Dutch,Thriller,NR,Bobby Boermans,"Hannah Hoekstra, Isis Cabolet, Robert de Hoog, Alex Hendrickx, Matthijs van de Sande Bakhuyzen, Mark van Eeuwen",https://www.filmcrave.com/movie_page_main.php?id=52305,Unknown
The Rover,7587,2.5,40,06/13/2014,English,"Drama, Sci-Fi",R,David Michôd,"Guy Pearce, Robert Pattinson, Scoot McNairy, David Field, Anthony Hayes, Gillian Jones",https://www.filmcrave.com/movie_page_main.php?id=52306,"A gang targets the wrong man after they steal his car from a desolate Australian town. When he captures a wounded member of the gang, the lone man will stop at nothing to get his revenge. --"
Bad Hair ( Pelo Malo ),37965,2.5,2,04/20/2014,Spanish,Drama,NR,Mariana Rondón,"Beto Benites, Samantha Castillo, Samuel Lange Zambrano, Nelly Ramos, María Emilia Sulbarán",https://www.filmcrave.com/movie_page_main.php?id=52307,Unknown
Famous Nathan,41955,2.3,2,04/17/2014,English,Documentary,NR,Lloyd Handwerker,"Nathan Handwerker, Lloyd Handwerker, Sol Handwerker, Murray Handwerker, Ida Handwerker, Joe Handwerker",https://www.filmcrave.com/movie_page_main.php?id=52308,Unknown
Garnet's Gold,37962,2.5,2,04/19/2014,English,Documentary,NR,Ed Perkins,Garnet Frost,https://www.filmcrave.com/movie_page_main.php?id=52309,Unknown
The Rise and Rise of Bitcoin,41956,2.3,2,04/23/2014,English,"Documentary, Historical",NR,Nicholas Mross,"Ben Bledsoe, Courtney Warner, Cameron Winklevoss, Tyler Winklevoss, Trace Mayer, Adam Draper",https://www.filmcrave.com/movie_page_main.php?id=52310,Unknown
Mala Mala,28444,2.3,3,04/19/2014,Spanish,"Documentary, Biography",NR,"Antonio Santini, Dan Sickles","Christine Vachon, April Carrion",https://www.filmcrave.com/movie_page_main.php?id=52311,Unknown
Manos sucias,37958,2.5,2,04/17/2014,Spanish,"Drama, Thriller",NR,Josef Wladyka,"Cristian James Abvincula, Jarlin Javier Martinez",https://www.filmcrave.com/movie_page_main.php?id=52312,Unknown
Misconception,31463,2.2,3,04/21/2014,English,Documentary,PG-13,Jessica Yu,Unknown,https://www.filmcrave.com/movie_page_main.php?id=52313,Unknown
Summer of Blood,37959,2.5,2,04/17/2014,English,Horror,NR,Onur Tukel,"Juliette Fairley, Dakota Goldhor, Dustin Guy Defa, Max Heller, Anna Margaret Hollyman, Vanna Pilgrim",https://www.filmcrave.com/movie_page_main.php?id=52314,Unknown
Traitors,26085,3.0,2,04/20/2014,Arabic,Drama,NR,Sean Gullette,"Chaimae Ben Acha, Soufia Issami, Mourade Zeguendi, Driss Roukhe, Nadia Niazi, Morjana Alaoui",https://www.filmcrave.com/movie_page_main.php?id=52315,Unknown
Beyond the Edge,5480,3.3,3,04/12/2014,English,"Documentary, Historical",NR,Leanne Pooley,"Chad Moffitt, Sonam Sherpa, John Wraight, Joshua Rutter, Daniel Musgrove, Erroll Shand",https://www.filmcrave.com/movie_page_main.php?id=52316,Unknown
Ping Pong Summer,33587,2.0,4,01/18/2014,English,Comedy,NR,Michael Tully,"Susan Sarandon, Lea Thompson, Amy Sedaris, John Hannah, Judah Friedlander, Quinn McColgan",https://www.filmcrave.com/movie_page_main.php?id=52317,Unknown
Delivery: The Beast Within,28447,2.3,3,05/27/2014,English,"Horror, Thriller",NR,Brian Netto,"Laurel Vail, Danny Barclay, Rob Cobuzio, David Alan Graf, J.R. Mangels, Peter McGlynn",https://www.filmcrave.com/movie_page_main.php?id=52318,Unknown
The Trip to Italy,12138,2.6,6,08/15/2014,English,"Comedy, Drama",R,Michael Winterbottom,"Rob Brydon, Steve Coogan, Rosie Fellner, Marta Barrio, Claire Keelan, Ronni Ancona",https://www.filmcrave.com/movie_page_main.php?id=52319,"Sequel to ""The Trip"" in which we once again follow polar opposites Steve and Rob as they take their road-trip, restaurant reviews to Italy - six stunning locations from Tuscany to Capri. --"
Farmland,26093,3.0,2,05/01/2014,English,Documentary,NR,James Moll,"Brad Bellah, Leighton Cooley, David Loberg, Sutton Morgan, Margaret Schlass, Ryan Veldhuizen",https://www.filmcrave.com/movie_page_main.php?id=52320,Unknown
"Gahan Wilson: Born Dead, Still Weird",41919,2.3,2,10/11/2013,English,Documentary,NR,Steven-Charles Jaffe,"Gahan Wilson, Lewis Black, Stephen Colbert, Guillermo del Toro, Neil Gaiman, Stan Lee",https://www.filmcrave.com/movie_page_main.php?id=52321,Unknown
The Love Punch,16493,2.4,7,04/18/2014,English,Comedy,PG-13,Joel Hopkins,"Emma Thompson, Pierce Brosnan, Tuppence Middleton, Timothy Spall, Celia Imrie, Louise Bourgoin",https://www.filmcrave.com/movie_page_main.php?id=52322,Unknown
Eastern Bandits ( Pi fu ),25993,3.0,2,02/28/2013,Mandarin,Drama,NR,Shu-peng Yang,"Xiaoming Huang, Yi Zhang, Xinyi Zhang, Jingyang Ni, Waise Lee, Jing Liang",https://www.filmcrave.com/movie_page_main.php?id=52323,Unknown
Cinemanovels,37851,2.5,2,09/06/2013,English,"Comedy, Drama",NR,Terry Miles,"Lauren Lee Smith, Jennifer Beals, Ben Cotton, Kett Turton, Katharine Isabelle, Sarah Grey",https://www.filmcrave.com/movie_page_main.php?id=52324,Unknown
Jellyfish Eyes ( Mememe no kurage ),14252,2.8,3,04/08/2013,Japanese,"Comedy, Fantasy",NR,Takashi Murakami,"Himeka Asami, Masataka Kubota, Asuka Kurosawa, Takumi Saitô, Shôta Sometani, Takuto Sueoka",https://www.filmcrave.com/movie_page_main.php?id=52325,Unknown
"As Above, So Below",14391,2.3,26,08/29/2014,English,"Horror, Thriller",R,John Erick Dowdle,"Ben Feldman, Edwin Hodge, Perdita Weeks, François Civil, Marion Lambert, Ali Marhyar",https://www.filmcrave.com/movie_page_main.php?id=52326,Beneath the city of Paris is the world's largest grave - miles of catacombs where the dead lie entombed. But a group of people exploring this vast city of the dead uncover something far more sinister and find the greatest threat may come from within their own haunted past. --
Supermensch: The Legend of Shep Gordon,11793,2.8,4,06/06/2014,English,Documentary,R,Mike Myers,"Shep Gordon, Alice Cooper, Anne Murray, Willie Nelson, Sylvester Stallone, Michael Douglas",https://www.filmcrave.com/movie_page_main.php?id=52327,Unknown
Burt's Buzz,28442,2.3,3,04/12/2014,English,Documentary,NR,Jody Shapiro,Burt Shavitz,https://www.filmcrave.com/movie_page_main.php?id=52328,Unknown
Eastern Boys,37930,2.5,2,03/07/2014,French,Drama,NR,Robin Campillo,"Olivier Rabourdin, Kirill Emelyanov, Daniil Vorobyov, Edéa Darcque, Camila Chakirova, Beka Markozashvili",https://www.filmcrave.com/movie_page_main.php?id=52329,Unknown
[ REC ] 4: Apocalypse ( [ REC ] 4: Apocalipsis ),19404,2.3,8,01/02/2015,Spanish,"Drama, Horror",R,Jaume Balagueró,"Manuela Velasco, Héctor Colomé, Mariano Venancio, María Alfonsa Rosso, Ismael Fritschi, Paco Manzanedo",https://www.filmcrave.com/movie_page_main.php?id=52330,"Ángela Vidal has survived the horrors of the cramped, quarantined apartment complex only to find herself aboard a claustrophobic oil tanker. But she harbors the strange, demonic infection within her - and the last hope to stop it lies within' the tanker - specially equipped for this scenario... or so they think. --"
Friended to Death,26094,3.0,2,05/02/2014,English,Comedy,R,Sarah Smick,"Ryan Hansen, James Immekus, Zach McGowan, Sarah Smick, Ian Michaels, Richard Riehle",https://www.filmcrave.com/movie_page_main.php?id=52331,Unknown
Words and Pictures,11099,2.5,11,05/23/2014,English,"Comedy, Romance",PG-13,Fred Schepisi,"Juliette Binoche, Clive Owen, Keegan Connor Tracy, Amy Brenneman, Bruce Davison, Adam DiMarco",https://www.filmcrave.com/movie_page_main.php?id=52332,"Two instructors - one an English teacher, the other who teaches art - form a rivalry (and bond) when they compete with their students to find out which is a more powerful expression: words or pictures. --"
Ben-Hur,14971,2.3,21,08/19/2016,English,"Drama, Adventure",PG-13,Timur Bekmambetov,"Jack Huston, Morgan Freeman, Toby Kebbell, Nazanin Boniadi, Moises Arias, Rodrigo Santoro",https://www.filmcrave.com/movie_page_main.php?id=52333,"A Jewish nobleman finds his family ruined after being falsely accused of a crime and betrayed by his friend, a Roman. After surviving years as a slave, he rises from the depths and vows revenge for his betrayal. --"
Fatal Fury: The Motion Picture ( Garou Densetsu ),29056,2.1,4,07/16/1994,English,"Anime, Action",NR,Masami Ôbari,"Mark Hildreth, Peter Wilds, Jason Gray-Stanford, Lisa Ann Beley, Matt Hill, Myriam Sirois",https://www.filmcrave.com/movie_page_main.php?id=52334,Based on a SNES game. These bulked up dudes try to gather bits of ancient armor that grant the wearer powers before other bulked up dudes get it and try to ruin everything.
"Another Day, Another Time: Celebrating the Music of Inside Llewyn Davis",37890,2.5,2,12/13/2013,English,Documentary,NR,Christopher Wilcha,"Ethan Coen, Joel Coen, Oscar Isaac, Marcus Mumford, Scott Avett, Seth Avett",https://www.filmcrave.com/movie_page_main.php?id=52335,Unknown
The Three Must-Get-Theres,45653,1.8,2,08/27/1922,English,"Action, Comedy",NR,Max Linder,"Max Linder, Bull Montana, Frank Cooke, Caroline Rankin, Jobyna Ralston, John J. Richardson",https://www.filmcrave.com/movie_page_main.php?id=52336,Unknown
Seven Years Bad Luck,26946,2.3,3,02/06/1921,English,Comedy,NR,Max Linder,"Max Linder, Alta Allen, Ralph McCullough, Betty K. Peterson, F.B. Crayne, Chance Ward",https://www.filmcrave.com/movie_page_main.php?id=52337,Unknown
Why Wild Men Go Wild,40254,2.3,2,01/01/1920,English,Comedy,NR,William Beaudine,"Bobby Vernon, James Harrison, Vera Steadman",https://www.filmcrave.com/movie_page_main.php?id=52338,Unknown
Sherlock's Home,40305,2.3,2,05/13/1924,English,Comedy,NR,Malcolm St. Clair,"Alberta Vaughn, Al Cooke, Kit Guard, Bynunsky Hyman, Gertrude Short, Norman Selby",https://www.filmcrave.com/movie_page_main.php?id=52339,Unknown
The Little Pest,38980,1.8,3,01/10/1927,English,Comedy,NR,"Jay Belasco, Scott Darling","Neely Edwards, Consuelo Dawn, Billy Kent Schaefer, Bud Jamison",https://www.filmcrave.com/movie_page_main.php?id=52340,Unknown
Papa's Boy,38996,1.8,3,12/18/1927,English,Comedy,NR,Norman Taurog,"Lloyd Hamilton, Robert Graves, Glen Cavender, Betty Boyd, Al Thompson, Blanche Payson",https://www.filmcrave.com/movie_page_main.php?id=52341,Unknown
Helter Skelter,31677,2.8,2,06/15/1929,English,Comedy,NR,Charles Lamont,"Malcolm Sebastian, Lorraine Rivero, Lila Leslie, Georgia O'Dell, Mutt",https://www.filmcrave.com/movie_page_main.php?id=52342,Unknown
"Cook, Papa, Cook",34718,2.0,3,09/09/1928,English,Comedy,NR,Wallace MacDonald,"Henry Murdock, Lucille Hutton, Eva Thatcher",https://www.filmcrave.com/movie_page_main.php?id=52343,Unknown
Flying Luck,27015,2.3,3,12/04/1927,English,Comedy,NR,Herman C. Raymaker,"Monty Banks, Jean Arthur, Jack W. Johnston, Kewpie Morgan, Eddy Chandler, Silver Harr",https://www.filmcrave.com/movie_page_main.php?id=52344,Unknown
Sodom and Gomorrah,9037,2.9,4,01/23/1963,English,"Adventure, Drama",NR,Robert Aldrich,"Stewart Granger, Pier Angeli, Stanley Baker, Rossana Podestà, Rik Battaglia, Giacomo Rossi-Stuart",https://www.filmcrave.com/movie_page_main.php?id=52345,Unknown
One in a Million,30248,2.2,3,01/01/1937,English,"Comedy, Musical",NR,Sidney Lanfield,"Sonja Henie, Adolphe Menjou, Jean Hersholt, Ned Sparks, Don Ameche, Arline Judge",https://www.filmcrave.com/movie_page_main.php?id=52346,Unknown
Justice League,13158,2.3,65,11/17/2017,English,"Action, Fantasy",PG-13,Zack Snyder,"Henry Cavill, Ben Affleck, Gal Gadot, Jason Momoa, Ezra Miller, Ray Fisher",https://www.filmcrave.com/movie_page_main.php?id=52347,"Bruce Wayne has been moved by the selfless act of Superman and enlists the aid of Amazonian warrior Diana Prince to form a group of metahumans to thwart a growing threat. Batman, Wonder Woman, Aquaman, The Flash and Cyborg may be the greatest team assembled on Earth, but will they be too late to stop a catastrophic menace that could destroy the planet? --"
Alexis Arquette: She's My Brother,41783,2.3,2,04/30/2007,English,Documentary,NR,Matthew Barbato,"Alexis Arquette, David Arquette, Patricia Arquette, Rosanna Arquette, Richmond Arquette, Courteney Cox",https://www.filmcrave.com/movie_page_main.php?id=52348,Unknown
Deadly Code ( Educazione siberiana ),23005,2.5,3,02/28/2013,English,"Biography, Crime",R,Gabriele Salvatores,"Arnas Fedaravicius, Vilius Tumalavicius, Eleanor Tomlinson, Peter Stormare, John Malkovich, Vitalij Porshnev",https://www.filmcrave.com/movie_page_main.php?id=52349,"Grandfather Kuzia (John Malkovich) is the leader of a Siberian criminal clan banished to the punishment town of Transnistria in 1985. There, he schools his grandson on the ""honest criminal"" code of their community. --"
The Front Man,37931,2.5,2,03/07/2014,English,"Documentary, Biography",NR,Paul Devlin,"John Kayne, Dan Snyder, Christie Wood, Jim Wood",https://www.filmcrave.com/movie_page_main.php?id=52350,Unknown
"Love, Rosie",10965,2.6,8,10/22/2014,English,"Comedy, Romance",R,Christian Ditter,"Sam Claflin, Lily Collins, Tamsin Egerton, Art Parkinson, Lily Laight, Marion O'Dwyer",https://www.filmcrave.com/movie_page_main.php?id=52351,Rosie and Alex have grown up together and have become close friends - and maybe something more. But the relationship is put to the test when Alex's family moves from Dublin to America. --
Anna ( Mindscape ),8102,2.6,19,06/06/2014,English,"Drama, Thriller",R,Jorge Dorado,"Taissa Farmiga, Mark Strong, Brian Cox, Indira Varma, Noah Taylor, Rod Hallett",https://www.filmcrave.com/movie_page_main.php?id=52352,"A man has developed a unique ability - the power to enter the mind and relive memories. His next case involves a troubled 16-year-old girl - and to find out whether she has suffered from a trauma, or is a true sociopath. --"
The Bell Witch Haunting,39984,1.8,3,11/05/2013,English,"Biography, Horror",NR,Glenn Miller,"Laura Alexandra Ramos, Cat Alter, Natalie Burtney, Drew Cash, Julia Cearley, Andrew Hellenthal",https://www.filmcrave.com/movie_page_main.php?id=52353,Unknown
Muirhouse,46621,1.8,2,01/01/2012,English,"Drama, Horror",NR,Tanzeal Rahim,"Iain P.F. McDonald, Kate Henderson, Steve Lynch, Libby Ashby, David Saporito, Jordie McKay",https://www.filmcrave.com/movie_page_main.php?id=52354,Unknown
"Machete Language ( lenguaje de los machetes, El )",32837,2.8,2,10/11/2012,Spanish,Drama,NR,Kyzza Terrazas,"Jessy Bulbo, Andrés Almeida, Flor Eduarda Gurrola, Luisa Huertas, Julieta Egurrola, Luis Rábago",https://www.filmcrave.com/movie_page_main.php?id=52355,Unknown
"Color Out of Space, The ( Farbe, Die )",18779,2.7,3,10/30/2010,German,"Drama, Mystery",NR,Huan Vu,"Ingo Heise, Philipp Jacobs, Michael Kausch, Marco Leibnitz, Olaf Krätke, Ralf Lichtenberg",https://www.filmcrave.com/movie_page_main.php?id=52356,Unknown
The Big Shot,45846,1.8,2,07/23/1937,English,"Comedy, Crime",NR,Edward Killy,"Guy Kibbee, Cora Witherspoon, Dorothy Moore, Gordon Jones, Russell Hicks, George Irving",https://www.filmcrave.com/movie_page_main.php?id=52357,Unknown
The Black Tulip,36406,2.5,2,02/01/1937,English,Drama,NR,Alex Bryce,"Patrick Waddington, Ann Soreen, Campbell Gullan, Jay Laurier, Wilson Coleman, Bernard Lee",https://www.filmcrave.com/movie_page_main.php?id=52358,Unknown
The Cavalier of the Streets,43586,2.0,2,03/01/1937,English,"Drama, Crime",NR,Harold French,"Margaret Vyner, Patrick Barr, Carl Harbord, James Craven, Laura Smithson, Renee De Vaux",https://www.filmcrave.com/movie_page_main.php?id=52359,Unknown
The Crime of Dr. Forbes,40532,2.3,2,07/05/1936,English,"Crime, Drama",NR,George Marshall,"Gloria Stuart, Robert Kent, Henry Armetta, J. Edward Bromberg, Sara Haden, Charles Lane",https://www.filmcrave.com/movie_page_main.php?id=52360,Unknown
"Man of the Hour, The ( homme du jour, L' )",40659,2.3,2,11/20/1940,French,Musical,NR,Julien Duvivier,"Maurice Chevalier, Elvire Popesco, Raymond Aimos, André Alerme, Josette Day, Marguerite Deval",https://www.filmcrave.com/movie_page_main.php?id=52361,Unknown
Convicted,31765,2.8,2,08/18/1938,English,"Crime, Drama",NR,Leon Barsha,"Charles Quigley, Rita Hayworth, Marc Lawrence, George McKay, Doreen MacGregor, William Irving",https://www.filmcrave.com/movie_page_main.php?id=52362,Unknown
Double Danger,31754,2.8,2,01/28/1938,English,"Comedy, Crime",NR,Lew Landers,"Preston Foster, Whitney Bourne, Donald Meek, Samuel S. Hinds, Paul Guilfoyle, Cecil Kellaway",https://www.filmcrave.com/movie_page_main.php?id=52363,Unknown
Orphans of the Street,43625,2.0,2,12/05/1938,English,"Comedy, Drama",NR,John H. Auer,"Tommy Ryan, Robert Livingston, June Storey, Ralph Morgan, Harry Davenport, Sidney Blackmer",https://www.filmcrave.com/movie_page_main.php?id=52364,Unknown
Tarnished Angel,43622,2.0,2,10/28/1938,English,Drama,NR,Leslie Goodwins,"Sally Eilers, Lee Bowman, Ann Miller, Alma Kruger, Paul Guilfoyle, Cecil Kellaway",https://www.filmcrave.com/movie_page_main.php?id=52365,Unknown
Vengeance of the Deep ( Lovers and Luggers ),31798,2.8,2,02/21/1940,English,"Comedy, Romance",NR,Ken G. Hall,"Lloyd Hughes, Ann Richards, James Raglan, Elaine Hamill, Sidney Wheeler, Alec Kellaway",https://www.filmcrave.com/movie_page_main.php?id=52366,Unknown
Cowboys from Texas,31793,2.8,2,11/29/1939,English,Western,NR,George Sherman,"Robert Livingston, Raymond Hatton, Duncan Renaldo, Carole Landis, Charles Middleton, Betty Compson",https://www.filmcrave.com/movie_page_main.php?id=52367,Unknown
Break Point,10889,3.0,3,03/08/2014,English,"Comedy, Sport",R,Jay Karas,"Cy Amundson, Chris Parnell, Adam DeVine, Jeremy Sisto, Jeremy Mitchell, Allison Ochmanek",https://www.filmcrave.com/movie_page_main.php?id=52368,Unknown
Sequoia,26069,3.0,2,03/08/2014,English,"Comedy, Drama",NR,Andy Landen,"Aly Michalka, Joey Lauren Adams, Lou Diamond Phillips, Corbin Frost, Todd Lowe, Demetri Martin",https://www.filmcrave.com/movie_page_main.php?id=52369,Unknown
Pitch Perfect 2,5770,2.6,41,05/15/2015,English,Comedy,PG-13,Elizabeth Banks,"Anna Kendrick, Brittany Snow, Rebel Wilson, Hailee Steinfeld, Elizabeth Banks, Katey Sagal",https://www.filmcrave.com/movie_page_main.php?id=52370,"The collegiate a capella group, the Barden Bellas are boldly going where no American team has gone before: setting out to win a grueling international competition where all their talents will be put to the test. --"
Anaamika,32917,2.8,2,03/28/2014,Other,Thriller,NR,Sekhar Kammula,"Nayanthara, Pasupathy, Harshvardhan Rane, Vaibhav Reddy",https://www.filmcrave.com/movie_page_main.php?id=52371,Unknown
Dil Vil Pyar Vyar,41652,2.3,2,10/18/2002,Hindi,Romance,NR,Anant Mahadevan,"Madhavan, Jimmy Shergill, Sanjay Suri, Namrata Shirodkar, Sonali Kulkarni, Hrishitaa Bhatt",https://www.filmcrave.com/movie_page_main.php?id=52372,Unknown
Ivory Tower,5100,3.1,4,01/18/2014,English,"Documentary, Family",PG-13,Andrew Rossi,"Andrew Delbanco, Anya Kamenetz, Daphne Koller",https://www.filmcrave.com/movie_page_main.php?id=52373,Unknown
A Long Way Down,10066,2.5,14,07/11/2014,English,"Comedy, Drama",R,Pascal Chaumeil,"Imogen Poots, Aaron Paul, Rosamund Pike, Pierce Brosnan, Toni Collette, Sam Neill",https://www.filmcrave.com/movie_page_main.php?id=52374,Four strangers all think they have nothing to live for - until they find each other on the roof of a building on New Year's Eve. They form a surrogate family and bond - vowing to live through Valentine's Day. --
The Angriest Man in Brooklyn,21139,2.1,15,05/23/2014,English,"Comedy, Drama",R,Phil Alden Robinson,"Peter Dinklage, Robin Williams, Mila Kunis, James Earl Jones, Melissa Leo, Hamish Linklater",https://www.filmcrave.com/movie_page_main.php?id=52375,A Brooklyn man with a bad attitude is told he has 90 minutes to live sending him on a whirlwind journey through the city in hopes of making amends before his time runs out. --
In Your Eyes,8974,2.9,4,04/20/2014,English,"Comedy, Drama",NR,Brin Hill,"Jennifer Grey, Nikki Reed, Zoe Kazan, Steve Howey, Mark Feuerstein, Michael Stahl-David",https://www.filmcrave.com/movie_page_main.php?id=52376,Unknown
"Mother and the Sea, The ( A Mãe e o Mar )",44790,2.0,2,02/14/2014,Portuguese,Documentary,NR,Gonçalo Tocha,Unknown,https://www.filmcrave.com/movie_page_main.php?id=52377,Unknown
How to Disappear Completely,46655,1.8,2,11/12/2013,Other,Horror,NR,Raya Martin,"Shamaine Buencamino, Noni Buencamino, Ness Roque, Ronnie Martinez, Abner Delina, Vince Ivan Real",https://www.filmcrave.com/movie_page_main.php?id=52378,Unknown
Papusza,23016,2.5,3,10/16/2013,Polish,"Biography, Drama",NR,"Joanna Kos, Krzysztof Krauze","Jowita Miondlikowska, Joanna Niemirska, Antoni Pawlicki, Artur Steranko, Andrzej Walden, Zbigniew Walerys",https://www.filmcrave.com/movie_page_main.php?id=52379,Unknown
Story of My Death ( Història de la meva mort ),32916,2.8,2,03/26/2014,Other,Drama,NR,Albert Serra,"Vicenç Altaió, Lluís Serrat, Eliseu Huertas, Noelia Rodenas, Clara Visa, Montse Triola",https://www.filmcrave.com/movie_page_main.php?id=52380,Unknown
Istintobrass,41914,2.3,2,09/01/2013,Italian,"Documentary, Biography",NR,Massimiliano Zanin,"Tinto Brass, Franco Nero, Serena Grandi, Gigi Proietti, Ken Adam, Adriana Asti",https://www.filmcrave.com/movie_page_main.php?id=52381,Unknown
London Has Fallen,13591,2.3,46,03/04/2016,English,"Action, Crime",R,Babak Najafi,"Gerard Butler, Morgan Freeman, Aaron Eckhart, Radha Mitchell, Angela Bassett, Daniel Lee",https://www.filmcrave.com/movie_page_main.php?id=52382,"The Prime Minister has died under mysterious circumstances and many world leaders and dignitaries are in London to attend his funeral. While the event is under the tightest security on Earth - it turns in to a plot to wipe out the leaders in one fell swoop and usher in a terrifying vision for the future. Secret service agent Mike Banning, the President of the United States and lone MI-6 agent are the only chance to save the future of the world. --"
Victor Frankenstein,13430,2.3,21,11/25/2015,English,"Drama, Horror",PG-13,Paul McGuigan,"James McAvoy, Daniel Radcliffe, Jessica Brown Findlay, Andrew Scott, Mark Gatiss, Louise Brealey",https://www.filmcrave.com/movie_page_main.php?id=52383,"Explores the dark origins of the man called Igor - his friendship with a young, medical prodigy Victor Von Frankenstein and his participation and witness to the legend that is to be known as ""Frankenstein's Monster"". --"
American Ultra,16573,2.2,24,08/21/2015,English,"Action, Comedy",R,Nima Nourizadeh,"Kristen Stewart, Jesse Eisenberg, Connie Britton, Topher Grace, Walton Goggins, John Leguizamo",https://www.filmcrave.com/movie_page_main.php?id=52384,"A laid-back stoner and his girlfriend live a quiet, simple life in their small town but things quickly chance when the past comes back to haunt him in the form of a government operation looking to take him out for good. --"
B B King: The Life of Riley,26091,3.0,2,05/01/2014,English,Documentary,NR,Jon Brewer,"B.B. King, Bruce Willis, Carlos Santana, Eric Clapton, Bono, Ron Wood",https://www.filmcrave.com/movie_page_main.php?id=52385,Unknown
Hellion,7877,2.6,11,06/13/2014,English,"Drama, Thriller",R,Kat Candler,"Aaron Paul, Juliette Lewis, Josh Wiggins, Jonny Mars, Deke Garner, Augustine Frizzell",https://www.filmcrave.com/movie_page_main.php?id=52386,"When a 13-year-old, obsessed with heavy metal and motocross, causes enough trouble, his younger brother, Wes, is taken away by child protective services to live with his aunt. Soon enough, he, along with his emotionally distant father, Hollis, are faced with a new responsibility - one they must learn to live with if they are to get Wes back.  --"
The Moment,41904,2.3,2,04/21/2013,English,Thriller,NR,Jane Weinstock,"Jennifer Jason Leigh, Martin Henderson, Alia Shawkat, Marianne Jean-Baptiste, Meat Loaf, Navid Negahban",https://www.filmcrave.com/movie_page_main.php?id=52387,Unknown
Rumors of Wars,41959,2.3,2,05/02/2014,English,Thriller,PG-13,Paul Tomborello,"Ben Davies, Jennifer Cooper, Eric Roberts, Michael Joiner, Jason Burkey, Jaci Velasquez",https://www.filmcrave.com/movie_page_main.php?id=52388,Unknown
Cannibal ( Caníbal ),37922,2.5,2,02/06/2014,Spanish,Thriller,NR,Manuel Martín Cuenca,"Olimpia Melinte, Antonio de la Torre, Delphine Tempels, Manolo Solo, María Alfonsa Rosso, Joaquín Núñez",https://www.filmcrave.com/movie_page_main.php?id=52389,Unknown
"Internet's Own Boy: The Story of Aaron Swartz, T he",14267,2.8,3,01/20/2014,English,"Documentary, Biography",NR,Brian Knappenberger,"Aaron Swartz, Matt Stoller, Peter Eckersley, David Segal, Trevor Timm, Ron Wyden",https://www.filmcrave.com/movie_page_main.php?id=52390,Unknown
The Past is a Grotesque Animal,38006,2.5,2,07/01/2014,English,"Documentary, Biography",NR,Jason Miller,Kevin Barnes,https://www.filmcrave.com/movie_page_main.php?id=52391,Unknown
What We Do in the Shadows,1216,3.0,52,04/26/2014,English,Comedy,R,"Jemaine Clement, Taika Waititi","Taika Waititi, Jemaine Clement, Jonathan Brugh, Cori Gonzalez-Macuer, Stuart Rutherford, Jackie van Beek",https://www.filmcrave.com/movie_page_main.php?id=52392,"Parody to living the life of a vampire, this is the story of four vampires sharing a home and the chores during the night of their extraordinary lives. --"
Heaven Adores You,26098,3.0,2,05/05/2014,English,"Documentary, Biography",NR,Nickolas Dylan Rossi,"Rossie Harris, Jon Brion, Elliott Smith, Chris Douridas, Mark Flanagan, Kevin Moyer",https://www.filmcrave.com/movie_page_main.php?id=52393,Unknown
The Case Against 8,14271,2.8,3,06/06/2014,English,"Documentary, Biography",NR,"Ben Cotner, Ryan White","Ted Olson, David Boies",https://www.filmcrave.com/movie_page_main.php?id=52394,Unknown
Lullaby,16797,2.5,4,06/13/2014,English,Drama,R,Andrew Levitas,"Amy Adams, Garrett Hedlund, Terrence Howard, Richard Jenkins, Jessica Brown Findlay, Frances Shaw",https://www.filmcrave.com/movie_page_main.php?id=52395,"Having kept himself apart from the rest of his family for years, a man finally is brought back when he learns his father is about to be taken off life support. --"
Yves Saint Laurent,12973,2.5,7,06/27/2014,French,"Biography, Drama",R,Jalil Lespert,"Pierre Niney, Guillaume Gallienne, Charlotte Le Bon, Laura Smet, Nikolai Kinski, Marie de Villepin",https://www.filmcrave.com/movie_page_main.php?id=52396,Unknown
The Homesman,4631,2.7,26,11/14/2014,English,"Drama, Western",R,Tommy Lee Jones,"Tommy Lee Jones, Hilary Swank, Grace Gummer, Miranda Otto, John Lithgow, James Spader",https://www.filmcrave.com/movie_page_main.php?id=52397,"A claim jumper joins forces with a rugged pioneer woman in order to transport three women, deemed insane, from Nebraska to Iowa. --"
Lucky Them,8194,2.7,7,04/21/2014,English,Drama,R,Megan Griffiths,"Toni Collette, Thomas Haden Church, Oliver Platt, Johnny Depp, Nina Arianda , Ryan Eggold",https://www.filmcrave.com/movie_page_main.php?id=52398,A rock journalist is given an assignment that puts her on a collision course with her ex-boyfriend. --
Bargekeepers Daughter ( Éducation de prince ),43838,2.0,2,09/05/1945,French,Comedy,NR,Alexander Esway,"Elvire Popesco, Louis Jouvet, André Alerme, Fernand Charpin, Josette Day, Robert Lynen",https://www.filmcrave.com/movie_page_main.php?id=52399,Unknown
Blind Alibi,36443,2.5,2,05/20/1938,English,"Crime, Drama",NR,Lew Landers,"Richard Dix, Whitney Bourne, Eduardo Ciannelli, Frances Mercer, Paul Guilfoyle, Richard Lane",https://www.filmcrave.com/movie_page_main.php?id=52400,Unknown
Booloo,40589,2.3,2,07/29/1938,English,"Action, Adventure",NR,Clyde E. Elliott,"Colin Tapley, Jayne Regan, Mamo Clark, Herbert De Souza, Fred Pullen, Claude King",https://www.filmcrave.com/movie_page_main.php?id=52401,Unknown
Fight to the Last,43628,2.0,2,12/21/1938,Cantonese,"Drama, War",NR,Y.C. Cheng,"Kao Chan-Fei, Li-li Li, Yeh Ping, C. Jen, L. Tu, F.K. Ho",https://www.filmcrave.com/movie_page_main.php?id=52402,Unknown
Gangster's Boy,36465,2.5,2,11/16/1938,English,Drama,NR,William Nigh,"Jackie Cooper, Robert Warwick, Lucy Gilman, Louise Lorimer, Tommy Wonder, Betty Blythe",https://www.filmcrave.com/movie_page_main.php?id=52403,Unknown
Gun Law,40583,2.3,2,05/13/1938,English,"Romance, Western",NR,David Howard,"George O'Brien, Rita Oehmen, Ray Whitley, Paul Everton, Robert Gleckler, Ward Bond",https://www.filmcrave.com/movie_page_main.php?id=52404,Unknown
Gun Packer,25155,3.0,2,11/16/1938,English,Western,NR,Wallace Fox,"Addison Randall, Louise Stanley, Charles King, Barlowe Borland, Dave O'Brien, Lloyd Ingraham",https://www.filmcrave.com/movie_page_main.php?id=52405,Unknown
"Heartbeat ( schpountz, Le )",25169,3.0,2,09/04/1939,French,Comedy,NR,Marcel Pagnol,"Fernandel, Orane Demazis, Fernand Charpin, Léon Belières, Enrico Glori, Robert Vattier",https://www.filmcrave.com/movie_page_main.php?id=52406,Unknown
"Heroes of the Marne ( héros de la Marne, Le )",36479,2.5,2,04/23/1939,French,"Drama, Romance",NR,André Hugon,"Raimu, Bernard Lancret, Paul Cambo, Georges Paulais, Germaine Dermoz, Jacqueline Porel",https://www.filmcrave.com/movie_page_main.php?id=52407,Unknown
I See Ice,25145,3.0,2,02/10/1938,English,"Comedy, Musical",NR,Anthony Kimmins,"George Formby, Kay Walsh, Betty Stockfeld, Cyril Ritchard, Garry Marsh, Frederick Burtwell",https://www.filmcrave.com/movie_page_main.php?id=52408,Unknown
I Stand Accused,36462,2.5,2,10/29/1938,English,Drama,NR,John H. Auer,"Robert Cummings, Helen Mack, Lyle Talbot, Thomas Beck, Gordon Jones, Robert Paige",https://www.filmcrave.com/movie_page_main.php?id=52409,Unknown
Law of the Texan,36460,2.5,2,10/24/1938,English,Western,NR,Elmer Clifton,"Buck Jones, Dorothy Fay, Kenneth Harlan, Donald Douglas, Matty Kemp, Joe Whitehead",https://www.filmcrave.com/movie_page_main.php?id=52410,Unknown
Meet the Girls,40595,2.3,2,10/07/1938,English,"Comedy, Crime",NR,Eugene Forde,"June Lang, Lynn Bari, Robert Allen, Ruth Donnelly, Gene Lockhart, Wally Vernon",https://www.filmcrave.com/movie_page_main.php?id=52411,Unknown
"Mother Love ( chaleur du sein, La )",36464,2.5,2,11/03/1938,French,"Comedy, Drama",NR,Jean Boyer,"Michel Simon, Arletty, Gabrielle Dorziat, Pierre Larquey, Jean Pâqui, Jeanne Lion",https://www.filmcrave.com/movie_page_main.php?id=52412,Unknown
Panamint's Bad Man,40587,2.3,2,07/08/1938,English,Western,NR,Ray Taylor,"Smith Ballew, Evelyn Daw, Noah Beery, Stanley Fields, Harry Woods, Pat J. O'Brien",https://www.filmcrave.com/movie_page_main.php?id=52413,Unknown
Penny Paradise,43620,2.0,2,09/24/1938,English,Comedy,NR,Carol Reed,"Edmund Gwenn, Betty Driver, Jimmy O'Dea, Ethel Coleridge, Maire O'Neill, Jack Livesey",https://www.filmcrave.com/movie_page_main.php?id=52414,Unknown
Prison Nurse,27208,2.3,3,03/01/1938,English,Drama,NR,James Cruze,"Henry Wilcoxon, Marian Marsh, Bernadene Hayes, Ben Welden, Ray Mayer, John Arledge",https://www.filmcrave.com/movie_page_main.php?id=52415,Unknown
Prison Without Bars,25159,3.0,2,04/09/1939,English,"Crime, Drama",NR,Brian Desmond Hurst,"Corinne Luchaire, Edna Best, Barry K. Barnes, Mary Morris, Lorraine Clewes, Sally Wisher",https://www.filmcrave.com/movie_page_main.php?id=52416,Unknown
Romance of the Limberlost,36449,2.5,2,06/16/1938,English,"Drama, Romance",NR,William Nigh,"Jean Parker, Eric Linden, Marjorie Main, Edward Pawley, Betty Blythe, Sarah Padden",https://www.filmcrave.com/movie_page_main.php?id=52417,Unknown
Rose of the Rio Grande,40578,2.3,2,03/16/1938,English,"Adventure, Romance",NR,William Nigh,"John Carroll, Movita, Antonio Moreno, Don Alvarado, Lina Basquette, George Cleveland",https://www.filmcrave.com/movie_page_main.php?id=52418,Unknown
Blood Glacier ( Blutgletscher ),21100,2.4,4,05/02/2014,German,Horror,NR,Marvin Kren,"Gerhard Liebmann, Edita Malovcic, Brigitte Kren, Santos, Hille Beseler, Peter Knaack",https://www.filmcrave.com/movie_page_main.php?id=52419,Unknown
Mr. Jones,18859,2.7,3,04/19/2013,English,"Drama, Horror",PG-13,Karl Mueller,"Jon Foster, Sarah Jones, Mark Steger, Faran Tahir, Stanley B. Herman, Jordan Byrne",https://www.filmcrave.com/movie_page_main.php?id=52420,Unknown
Where We Started,41916,2.3,2,09/21/2013,English,"Drama, Romance",NR,Christopher J. Hansen,"Matthew Brumlow, Cora Vander Broek, Stan Denman, Nellsyn Hill, Mallory Olivier, Brandon Thomasy",https://www.filmcrave.com/movie_page_main.php?id=52421,Unknown
Heropanti,28446,2.3,3,05/24/2014,Hindi,Action,NR,Sabir Khan,"Tiger Shroff, Kriti Sanon, Vikram Singh, Shireesh Sharma, Sandeepa Dhar",https://www.filmcrave.com/movie_page_main.php?id=52422,Unknown
Breastmilk,32924,2.8,2,05/07/2014,English,"Documentary, Drama",NR,Dana Ben-Ari,Unknown,https://www.filmcrave.com/movie_page_main.php?id=52423,Unknown
In the House of Flies,37974,2.5,2,05/09/2014,English,Thriller,NR,Gabriel Carrer,"Lindsay Smith, Ryan Kotack, Henry Rollins, Ry Barrett, Tate Yap, Tristen Yap",https://www.filmcrave.com/movie_page_main.php?id=52424,Unknown
Love is Strange,2657,2.9,17,01/18/2014,English,Drama,R,Ira Sachs,"Marisa Tomei, John Lithgow, Alfred Molina, Cheyenne Jackson, Christian Coulson, Charlie Tahan",https://www.filmcrave.com/movie_page_main.php?id=52425,Unknown
Iverson,44829,2.0,2,04/27/2014,English,"Documentary, Biography",NR,Zatella Beatty,"Allen Iverson, Tom Brokaw, Larry Brown, Dwyane Wade, Carmelo Anthony",https://www.filmcrave.com/movie_page_main.php?id=52426,Unknown
Noble,28434,2.3,3,01/31/2014,English,"Biography, Drama",PG-13,Stephen Bradley,"Deirdre O'Kane, Sarah Greene, Gloria Cramer Curtis, Brendan Coyle, Mark Huberman, Nhu Quynh Nguyen",https://www.filmcrave.com/movie_page_main.php?id=52427,Unknown
Don Peyote,23033,2.5,3,05/09/2014,English,"Comedy, Drama",NR,"Michael Canzoniero, Dan Fogler","Dan Fogler, Anne Hathaway, Jay Baruchel, Josh Duhamel, Topher Grace, Annabella Sciorra",https://www.filmcrave.com/movie_page_main.php?id=52428,Unknown
Finding Fela!,32904,2.8,2,01/17/2014,English,"Documentary, Biography",NR,Alex Gibney,"Fela Kuti, Yeni Kuti, Femi Kuti, Seun Kuti, Bill T. Jones, Tony Allen",https://www.filmcrave.com/movie_page_main.php?id=52429,Unknown
365 Days: A Year in Happy Valley,41930,2.3,2,12/27/2013,English,"Documentary, Historical",NR,Erik Proulx,"Bob Costas, Bill O'Brien, Graham Spanier, Ben Novak, Tom Donchez, Michael Mauti",https://www.filmcrave.com/movie_page_main.php?id=52430,Unknown
Saleslady,36437,2.5,2,01/27/1938,English,"Romance, Comedy",NR,Arthur Greville Collins,"Anne Nagel, Weldon Heyburn, Harry Davenport, Kenneth Harlan, Harry Hayden, Ruth Fallows",https://www.filmcrave.com/movie_page_main.php?id=52431,Unknown
Save a Little Sunshine,36459,2.5,2,10/01/1938,English,"Comedy, Musical",NR,Norman Lee,"Dave Willis, Pat Kirkwood, Tommy Trinder, Max Wall, Ruth Dunning, Peggy Novak",https://www.filmcrave.com/movie_page_main.php?id=52432,Unknown
Secret Valley,40545,2.3,2,01/15/1937,English,Western,NR,Howard Bretherton,"Richard Arlen, Virginia Grey, Norman Willis, Russell Hicks, Syd Saylor, Jack Mulhall",https://www.filmcrave.com/movie_page_main.php?id=52433,Unknown
Silver Top,36432,2.5,2,01/01/1938,English,Crime,NR,George King,"Marie Wright, Betty Ann Davies, Marjorie Taylor, David Farrar, Brian Buchel, Bryan Herbert",https://www.filmcrave.com/movie_page_main.php?id=52434,Unknown
Slander House,31768,2.8,2,10/04/1938,English,Drama,NR,Charles Lamont,"Adrienne Ames, Craig Reynolds, Esther Ralston, George Meeker, Pert Kelton, William Newell",https://www.filmcrave.com/movie_page_main.php?id=52435,Unknown
Smashing the Rackets,36456,2.5,2,08/19/1938,English,"Crime, Drama",NR,Lew Landers,"Chester Morris, Frances Mercer, Rita Johnson, Bruce Cabot, Edward Pawley, Joe De Stefani",https://www.filmcrave.com/movie_page_main.php?id=52436,Unknown
Smiling Along ( Keep Smiling ),43633,2.0,2,02/19/1939,English,"Comedy, Musical",NR,Monty Banks,"Gracie Fields, Roger Livesey, Mary Maguire, Peter Coke, Jack Donohue, Hay Petrie",https://www.filmcrave.com/movie_page_main.php?id=52437,Unknown
Stagecoach Days,55021,1.5,2,06/20/1938,English,"Action, Western",NR,Joseph Levering,"Jack Luden, Eleanor Stewart, Harry Woods, Hal Taliaferro, Lafe McKee, Jack Ingram",https://www.filmcrave.com/movie_page_main.php?id=52438,Unknown
"Street Singer ( goualeuse, La )",40596,2.3,2,10/28/1938,French,Drama,NR,Fernand Rivers,"Lys Gauty, Constant Rémy, Jean Martinelli, Marguerite Pierry, Francine Bessy, Dorville",https://www.filmcrave.com/movie_page_main.php?id=52439,Unknown
Sweet Devil,36433,2.5,2,01/01/1938,English,"Comedy, Musical",NR,René Guissart,"Bobby Howes, Jean Gillie, William Kendall, Syd Walker, Ellis Jeffreys, Glen Alyn",https://www.filmcrave.com/movie_page_main.php?id=52440,Unknown
"Swing, Sister, Swing",31773,2.8,2,12/16/1938,English,Musical,NR,Joseph Santley,"Ken Murray, Johnny Downs, Kathryn Kane, Eddie Quillan, Ernest Truex, Edna Sedgewick",https://www.filmcrave.com/movie_page_main.php?id=52441,Unknown
"Blue Fox, The ( Blaufuchs, Der )",40602,2.3,2,03/03/1939,German,Comedy,NR,Viktor Tourjansky,"Zarah Leander, Willy Birgel, Paul Hörbiger, Jane Tilden, Karl Schönböck, Rudolf Platte",https://www.filmcrave.com/movie_page_main.php?id=52442,Unknown
The Jury's Secret,36436,2.5,2,01/16/1938,English,"Crime, Mystery",NR,Edward Sloman,"Kent Taylor, Fay Wray, Jane Darwell, Nan Grey, Larry J. Blake, Fritz Leiber",https://www.filmcrave.com/movie_page_main.php?id=52443,Unknown
The Stranger from Arizona,36457,2.5,2,09/22/1938,English,"Action, Adventure",NR,Elmer Clifton,"Buck Jones,  Dorothy Fay , Hank Mann, Hank Worden, Roy Barcroft, Bob Terry",https://www.filmcrave.com/movie_page_main.php?id=52444,Unknown
"Thou Old, Thou Free ( Du gamla du fria! )",43637,2.0,2,03/20/1939,Swedish,Drama,NR,Gunnar Olsson,"Sigurd Wallén, Karin Ekelund, Karl-Arne Holmsten, Hilda Borgström, Dagmar Ebbesen, Gull Natorp",https://www.filmcrave.com/movie_page_main.php?id=52445,Unknown
Road to Paloma,41953,2.3,2,04/12/2014,English,"Drama, Thriller",R,Jason Momoa,"Tye Alexander, Lisa Bonet, Jason Momoa, Chris Browning, Charlie Brumbly, James Mendoza",https://www.filmcrave.com/movie_page_main.php?id=52446,Unknown
We Could Be King,44824,2.0,2,04/23/2014,English,"Documentary, Sport",NR,Judd Ehrlich,"Ed Dunn, William Wade, Dontae Angus, Shariff Floyd, Joseph Walker, Michelle Grace",https://www.filmcrave.com/movie_page_main.php?id=52447,Unknown
Time Out for Murder,40593,2.3,2,09/25/1938,English,"Crime, Mystery",NR,H. Bruce Humberstone,"Gloria Stuart, Michael Whalen, Chick Chandler, Douglas Fowley, Robert Kellard, Jane Darwell",https://www.filmcrave.com/movie_page_main.php?id=52448,Unknown
Two Gun Justice,31756,2.8,2,04/30/1938,English,"Action, Western",NR,Alan James,"Tim McCoy, Betty Compson, John Merton, Joan Barclay, Lane Chandler, Al Bridge",https://www.filmcrave.com/movie_page_main.php?id=52449,Unknown
West of Cheyenne,31762,2.8,2,06/30/1938,English,"Action, Western",NR,Sam Nelson,"Charles Starrett, Iris Meredith, Bob Nolan, Pat Brady, Dick Curtis, Edward LeSaint",https://www.filmcrave.com/movie_page_main.php?id=52450,Unknown
When G-Men Step In,25147,3.0,2,03/17/1938,English,"Action, Crime",NR,Charles C. Coleman,"Don Terry, Julie Bishop, Robert Paige, Gene Morgan, Paul Fix, Stanley Andrews",https://www.filmcrave.com/movie_page_main.php?id=52451,Unknown
When Were You Born,36450,2.5,2,06/18/1938,English,"Romance, Mystery",NR,William C. McGann,"Margaret Lindsay, Anna May Wong, Lola Lane, Anthony Averill, Charles C. Wilson, Jeffrey Lynn",https://www.filmcrave.com/movie_page_main.php?id=52452,Unknown
Wild Horse Canyon,36467,2.5,2,12/21/1938,English,Western,NR,Robert F. Hill,"Addison Randall, Dorothy Short, Frank Yaconelli, Warner Richmond, Walter Long, Dennis Moore",https://www.filmcrave.com/movie_page_main.php?id=52453,Unknown
Woman Against Woman,36451,2.5,2,06/24/1938,English,"Drama, Romance",NR,Robert B. Sinclair,"Herbert Marshall, Virginia Bruce, Mary Astor, Janet Beecher, Marjorie Rambeau, Juanita Quigley",https://www.filmcrave.com/movie_page_main.php?id=52454,Unknown
