title,overall_rank,average_rating,number_reviews,theatrical_release_date,language,genre,mpaa_rating,director,actors,url,plot
All of Me,29504,2.0,5,02/01/1934,English,Drama,NR,James Flood,"Fredric March, Miriam Hopkins, George Raft, Helen Mack, Nella Walker, William Collier Sr.",https://www.filmcrave.com/movie_page_main.php?id=41455,Unknown
Wallace & Gromit in The Wrong Trousers,764,3.1,83,12/31/1993,English,"Animation, Comedy",NR,Nick Park,Peter Sallis,https://www.filmcrave.com/movie_page_main.php?id=41456,"Wallace and Gromit are a dynamic duo - but Gromit finds himself being pushed out by a new lodger, and master criminal - who just happens to be a penguin. Using a pair of remote-controlled trousers, Wallace is about to become a criminal himself - but Gromit is wise to the ploy and will stop the penguin at any cost. --"
Wallace and Gromit in A Close Shave,1049,3.0,53,12/29/1995,English,"Animation, Comedy",NR,Nick Park,"Peter Sallis, Anne Reid",https://www.filmcrave.com/movie_page_main.php?id=41457,"During a window washing job, Wallace finds himself falling for wool store owner Wendolene. But Gromit finds himself framed for sheep rustling and thrown in jail. Wallace, Wendolen (and the sheep) work together to get Gromit freed. --"
From Prada to Nada,15775,2.2,21,01/28/2011,English,"Comedy, Drama",PG-13,Angel Gracia,"Camilla Belle, April Bowlby, Alexa Vega, Wilmer Valderrama, Nicholas D'Agosto, Adriana Barraza",https://www.filmcrave.com/movie_page_main.php?id=41458,"A new twist on the classic ""Sense and Sensibility"": Two spoiled sisters must cope with regular life after their father's sudden death leaves them penniless and forces them to move in with an estranged aunt. --"
Damned by Dawn,41826,2.3,2,10/19/2009,English,Horror,R,Brett Anstey,"Renee Willner, Bridget Neval, Dawn Klingberg, Danny Alder, Taryn Eva, Mark Taylor",https://www.filmcrave.com/movie_page_main.php?id=41459,Unknown
Sure Looks Good,31307,2.2,3,01/29/2010,English,Drama,NR,Lionel Anthony Cook,"Nicole Tucker, Skye Dennis, Leigha Mai-Ling, Omillio Sparks, Lionel Anthony Cook, Matthew Merz",https://www.filmcrave.com/movie_page_main.php?id=41460,Unknown
Chico & Rita,10276,2.6,9,11/11/2011,Spanish,"Animation, Romance",NR,"Javier Mariscal, Fernando Trueba","Mario Guerra, Limara Meneses, Estrella Morente, Eman Xor Oña",https://www.filmcrave.com/movie_page_main.php?id=41461,"The lives of a young piano playing and an extraordinary singer start in 1948 Cuba and spans the globe from New York to Paris - Havana to Hollywood and despite diverging paths, music and romance unite them. --"
One Angry Man,22887,2.5,3,05/01/2010,English,Comedy,NR,"Peter LeDonne, Steven Moskovic","Jackie Mason, Raoul Felder, Mike Gallagher, Mark Levin, Nicholas Viselli, Rolando Millet",https://www.filmcrave.com/movie_page_main.php?id=41462,Unknown
A Thousand Words,21509,2.0,37,03/09/2012,English,"Comedy, Drama",PG-13,Brian Robbins,"Eddie Murphy, Ariel Winter, Cliff Curtis, Allison Janney, Clark Duke, Kerry Washington",https://www.filmcrave.com/movie_page_main.php?id=41463,A man learns he only has a thousand words left to say before he dies.
Danny Roane: First Time Director,46538,1.8,2,03/01/2006,English,Comedy,R,Andy Dick,"Andy Dick, Jack Black, Mo Collins, Kevin P. Farley, Bob Bancroft, Jamie Anne Allman",https://www.filmcrave.com/movie_page_main.php?id=41464,Unknown
Men Seeking Women,29061,2.1,4,03/08/1997,English,Comedy,NR,Jim Milio,"Will Ferrell, Anthony Palermo, Nia Vardalos, Lisa Wilcox, Grant Shaud, Maureen Teefy",https://www.filmcrave.com/movie_page_main.php?id=41465,Unknown
"The £ 20,000 Kiss",30803,2.2,3,01/01/1963,English,Drama,NR,John Llewellyn Moxey,"Dawn Addams, Alfred Burke, Michael Goodliffe, Ellen McIntosh, Vincent Harding, John Miller",https://www.filmcrave.com/movie_page_main.php?id=41466,Unknown
Under the Sea 3D,19165,2.3,6,02/13/2009,English,Documentary,G,Howard Hall,Jim Carrey,https://www.filmcrave.com/movie_page_main.php?id=41467,Unknown
Score,57033,2.0,1,04/16/1974,English,"Drama, Comedy",NR,Radley Metzger,"Claire Wilbur, Calvin Culver, Lynn Lowry, Gerald Grant, Carl Parker",https://www.filmcrave.com/movie_page_main.php?id=41468,"A liberated couple do their best to seduce another couple into their more ""open"" style of living. --"
Everybody Dies,51495,3.0,1,05/02/2009,English,Action,NR,Josh Evans,"Joanne Baron, Chris Vent, Charis Michelsen, Federico Galavis, Sergio d'Amato, Alex Zonn",https://www.filmcrave.com/movie_page_main.php?id=41469,Unknown
Monica & David,10500,2.7,5,10/01/2010,English,Documentary,NR,Alexandra Codina,Unknown,https://www.filmcrave.com/movie_page_main.php?id=41470,Unknown
-30-,27676,2.3,3,11/11/1959,English,Drama,NR,Jack Webb,"Jack Webb, William Conrad, David Nelson, Whitney Blake, Louise Lorimer, James Bell",https://www.filmcrave.com/movie_page_main.php?id=41471,Unknown
"Carmo, Hit the Road",33879,1.9,5,10/15/2010,Portuguese,"Adventure, Drama",NR,Murilo Pasta,"Fele Martínez, Mariana Loureiro, Seu Jorge, Márcio Garcia, Paca Gabaldón, Rosi Campos",https://www.filmcrave.com/movie_page_main.php?id=41472,"A handicapped Spanish smuggler is in Brazil looking to sell his ill-gotten wares when he is assaulted by bandits. He is saved by a beautiful girl who wants nothing more than to leave her dead-end life behind. The two join up and go on a reckless, lawless journey through South America. --"
Vision ( Vision - Aus dem Leben der Hildegard von Bingen ),14876,2.6,4,10/01/2010,German,Drama,NR,Margarethe von Trotta,"Barbara Sukowa, Heino Ferch, Hannah Herzsprung, Gerald Alexander Held, Lena Stolze, Sunnyi Melles",https://www.filmcrave.com/movie_page_main.php?id=41473,About the life of German nun Hildegard von Bingen - who stood up the rigid patriarchal medieval system while at the same time claiming she regularly had visions and communications with God. --
Pure Country 2: The Gift,45061,1.5,3,10/15/2010,English,"Drama, Romance",PG,Christopher Cain,"Katrina Elam, Dean Cain, Krisinda Cain, Heidi Brook Myers, Ryan Cheng, William Katt",https://www.filmcrave.com/movie_page_main.php?id=41474,"A young woman receives the gift of a golden voice by three angels, but can only keep it if she abides by a set of rules on her rise to stardom. --"
A Marine Story,28674,2.1,4,11/05/2010,English,Drama,NR,Ned Farr,"Dreya Weber, Paris P. Pickard, Christine Mourad, Anthony Michael Jones, Jason Williams, Deacon Conroy",https://www.filmcrave.com/movie_page_main.php?id=41475,"A marine abruptly returned from Iraq is recruited to help a troubled teen through boot camp. Yet when the reason for her return becomes known, it may threaten the future of both women. --"
A Letter to Elia,31331,2.2,3,09/04/2010,English,Documentary,NR,Martin Scorsese,"Martin Scorsese, Elia Kazan",https://www.filmcrave.com/movie_page_main.php?id=41476,Unknown
The Recruiter,22809,2.5,3,01/18/2008,English,Documentary,NR,Edet Belzberg,"Clay Usie, Chris Daigle, Tammy Usie, Lauren Thorton, Bobby Barrios, Matthew Marks",https://www.filmcrave.com/movie_page_main.php?id=41477,Unknown
We Are Together (Thina Simunye),22822,2.5,3,07/04/2008,Other,Documentary,PG,Paul Taylor,"Lorraine Bracco, Alicia Keys, Paul Simon, Kanye West, Slindile Moya, 'Grandma' Zodwa Mqadi",https://www.filmcrave.com/movie_page_main.php?id=41478,Unknown
LOL,21502,2.0,28,05/04/2012,English,Comedy,PG-13,Lisa Azuelos,"Ashley Greene, Miley Cyrus, Demi Moore, Thomas Jane, Gina Gershon, Marlo Thomas",https://www.filmcrave.com/movie_page_main.php?id=41479,"In a world ruled by social media a group of high school friends navigate the hazards of peer pressure, friendship and romance all while dealing with often controlling and sometimes clueless parents. --"
Make Me Young: Youth Knows No Pain,28209,2.3,3,04/28/2009,English,Documentary,NR,Mitch McCabe,"Sherry Lee Mecom, Norman Deesing, Erica Rose, Mitch McCabe, Chris Villa, Anthony Youn",https://www.filmcrave.com/movie_page_main.php?id=41480,Unknown
Which Way Home,17271,2.5,4,01/31/2009,English,Documentary,NR,Rebecca Cammisa,Unknown,https://www.filmcrave.com/movie_page_main.php?id=41481,Unknown
Madeinusa,21283,3.3,2,06/10/2006,Spanish,Drama,NR,Claudia Llosa,"Magaly Solier, Carlos J. de la Torre, Yiliana Chong, Juan Ubaldo Huamán, Melvin Quijada, Vicento Llauca Trejo",https://www.filmcrave.com/movie_page_main.php?id=41482,Unknown
Fixer: The Taking of Ajmal Naqshbandi,31314,2.2,3,03/12/2010,English,Documentary,NR,Ian Olds,"Ajmal Naqshbandi, Christian Parenti",https://www.filmcrave.com/movie_page_main.php?id=41483,Unknown
The Why,35824,2.0,3,03/16/2010,English,Drama,NR,"Eli Higgins, Anthony Pedone","Megan Lane, Anthony Pedone, Mallory Carrick, Niko Red Star, Kelly Pedone, Daniel Dasent",https://www.filmcrave.com/movie_page_main.php?id=41484,Unknown
Boxing Gym,18778,2.7,3,10/22/2010,English,Documentary,NR,Frederick Wiseman,Richard Lord,https://www.filmcrave.com/movie_page_main.php?id=41485,Unknown
Make Me a Star,34772,2.0,3,07/01/1932,English,"Comedy, Drama",NR,William Beaudine,"Joan Blondell, Stuart Erwin, Zasu Pitts, Ben Turpin, Charles Sellon, Florence Roberts",https://www.filmcrave.com/movie_page_main.php?id=41486,Unknown
Dark Woods,39861,1.8,3,10/22/2009,English,Thriller,NR,Michael Escobedo,"James Russo, Tracy Coogan, John Muscarnero, Mary Kate Wiles, Mark Shady, Corey Mendell Parker",https://www.filmcrave.com/movie_page_main.php?id=41487,Unknown
"Visitor, The ( Stridulum )",37214,2.5,2,03/14/1980,English,"Horror, Sci-Fi",R,Giulio Paradisi,"Mel Ferrer, Glenn Ford, Lance Henriksen, John Huston, Shelley Winters, Joanne Nail",https://www.filmcrave.com/movie_page_main.php?id=41488,The soul of a young girl is the key to the future of the universe - both good and evil with fight across the reaches of space to get her power. --
Wrecked,28541,2.0,10,01/01/2011,English,Thriller,R,Michael Greenspan,"Adrien Brody, Caroline Dhavernas, Ryan Robbins, Adrian Holmes, Jacob Blair",https://www.filmcrave.com/movie_page_main.php?id=41489,A man wakes up following a car accident and must overcome overwhelming obstacles to survive. --
Precious Life ( Chaim Yakarim ),18773,2.7,3,09/03/2010,Hebrew,"Documentary, Drama",NR,Shlomi Eldar,Unknown,https://www.filmcrave.com/movie_page_main.php?id=41490,Unknown
Afghan Knights,35749,2.0,3,07/31/2007,English,"Adventure, Drama",R,Allan Harmon,"Steve Bacic, Michael Madsen, Colin Lawrence, Steven Cree Molison, Chris Kramer, Pete Antico",https://www.filmcrave.com/movie_page_main.php?id=41491,Unknown
Cameraman: The Life and Work of Jack Cardiff,11215,2.6,7,10/08/2010,English,Documentary,NR,Craig McCall,"Jack Cardiff, Martin Scorsese, Kirk Douglas, Lauren Bacall, Charlton Heston, Kim Hunter",https://www.filmcrave.com/movie_page_main.php?id=41492,Unknown
Consent ,28270,2.3,3,06/23/2010,English,Drama,NR,Ron Brown,"Peter Vack, Troian Avery Bellisario, Betsey Brown, Kate Burton, Brian Jordan Alvarez, Jeff McCarthy",https://www.filmcrave.com/movie_page_main.php?id=41493,Unknown
Reign of Assassins ( Jianyu ),33565,2.0,4,10/14/2010,Mandarin,Action,R,"Chao-Bin Su, John Woo","Michelle Yeoh, Woo-sung Jung, Barbie Hsu, Shawn Yue, Kelly Lin, Xueqi Wang",https://www.filmcrave.com/movie_page_main.php?id=41494,Unknown
Reporter,43044,1.7,3,01/16/2009,English,Documentary,NR,Eric Daniel Metzgar,Nicholas Kristof,https://www.filmcrave.com/movie_page_main.php?id=41495,Unknown
The Black List: Volume One,18709,2.7,3,01/01/2008,English,Documentary,NR,Timothy Greenfield-Sanders,"Kareem Abdul-Jabbar, Sean 'P. Diddy' Combs, Russell Simmons, Louis Gossett Jr., Colin Powell, Toni Morrison",https://www.filmcrave.com/movie_page_main.php?id=41496,Unknown
Involuntary ( De ofrivilliga ),25904,3.0,2,05/01/2009,Swedish,Drama,NR,Ruben Östlund,"Villmar Björkman, Linnea Cart-Lamy, Leif Edlund, Sara Eriksson, Lola Ewerlund, Olle Liljas",https://www.filmcrave.com/movie_page_main.php?id=41497,Unknown
Haywire,9567,2.4,97,01/20/2012,English,"Action, Thriller",R,Steven Soderbergh,"Gina Carano, Michael Fassbender, Channing Tatum, Ewan McGregor, Michael Douglas, Antonio Banderas",https://www.filmcrave.com/movie_page_main.php?id=41498,"A freelance black ops special agent is betrayed during a mission in Dublin. Now she has to elude international pursuit, make sure her family is safe and exact revenge on the people responsible. --"
Bibliothèque Pascal,22891,2.5,3,06/01/2010,Other,Drama,NR,Szabolcs Hajdu,"Orsolya Török-Illyés, Andi Vasluianu, Shamgar Amram, Razvan Vasilescu, Oana Pellea, Ildikó Antal",https://www.filmcrave.com/movie_page_main.php?id=41499,Unknown
10-20,35839,2.0,3,08/20/2010,English,Drama,NR,Terrisha Kearse,"Tony Baker, Jah Shams, Jennifer Rodriguez, Toy Connor, Denise Dowse, Londale Theus",https://www.filmcrave.com/movie_page_main.php?id=41500,Unknown
Ong Bak 3,15782,2.2,22,01/14/2011,Thai,Action,R,"Tony Jaa, Panna Rittikrai","Tony Jaa, Sorapong Chatree, Nirut Sirichanya",https://www.filmcrave.com/movie_page_main.php?id=41501,"Following directly after the events of Ong Bak 2 Tien faces near-death after being captured, but is saved just in time and returned to the Kana Khone villagers. There he learns peace through meditation but his respite is short-lived as a rival returns to face Tien in a culminating final battle. --"
Outside the Law ( Hors-la-loi ),12993,2.4,9,11/30/2010,French,"Action, Drama",NR,Rachid Bouchareb,"Jamel Debbouze, Roschdy Zem, Sami Bouajila, Chafia Boudraa, Bernard Blancan, Assaad Bouab",https://www.filmcrave.com/movie_page_main.php?id=41502,A family torn apart by WWII find themselves in very different situations when they all happen to meet up in the French capital and are drawn into the struggle to liberate Algeria from French rule following the war. --
Walkaway,43077,1.7,3,10/15/2010,English,"Comedy, Drama",NR,Shailja Gupta,"Manu Narayan, Samrat Chakrabarti, Sanjiv Jhaveri, Manish Dayal, Deepti Gupta, Pallavi Sharda",https://www.filmcrave.com/movie_page_main.php?id=41504,Unknown
Sweethearts of the Prison Rodeo,11765,2.8,4,09/17/2010,English,Documentary,NR,Bradley Beesley,"Danny Liles, Jamie Brooks, Brandy Witte, Crystal Herrington, Monty Baker, Rhonda Buffalo",https://www.filmcrave.com/movie_page_main.php?id=41505,'Sweethearts of the Prison Rodeo' goes behind prison walls to follow convict cowgirls on their journey to the 2007 Oklahoma State Penitentiary Rodeo.
Is It Just Me?,19768,2.3,5,10/01/2010,English,Romance,NR,J.C. Calciano,"Nicholas Downs, David Loren, Adam Huss, Michelle Laurent, Bob Rumnock, Bruce Gray",https://www.filmcrave.com/movie_page_main.php?id=41506,Unknown
Shaolin Mantis ( Tang lang ),49331,3.0,1,01/01/1984,Mandarin,"Action, Drama",NR,Chia-Liang Liu,"David Chiang, Lily Li, Chia Yung Liu, Cecilia Wong, Norman Chu, Ping Ha",https://www.filmcrave.com/movie_page_main.php?id=41507,Unknown
Barking Water,39846,1.8,3,01/17/2009,English,Drama,NR,Sterlin Harjo,"Casey Camp-Horinek, Richard Ray Whitman, Jon Proudstar, Aaron Riggs, Marcus Frejo, Laura Spencer",https://www.filmcrave.com/movie_page_main.php?id=41508,Unknown
After Sundown,14150,2.8,3,07/11/2006,English,"Action, Horror",R,"Christopher Abram, Michael W. Brown","Susana Gibb, Reece Rios, Natalie Jones, Christopher Abram, Michael W. Brown, Jake Billingsley",https://www.filmcrave.com/movie_page_main.php?id=41509,Unknown
Schlock! The Secret History of American Movies,31089,2.2,3,01/01/2001,English,"Documentary, Horror",NR,Ray Greene,"Peter Bogdanovich, Roger Corman, Vampira, Samuel Z. Arkoff, David F. Friedman, Harry H. Novak-",https://www.filmcrave.com/movie_page_main.php?id=41510,Unknown
Fools,27757,2.3,3,12/23/1970,English,Drama,PG,Tom Gries,"Jason Robards, Katharine Ross, Scott Hylands, Robert C. Ferro Jr., Mako, Mark Bramhall",https://www.filmcrave.com/movie_page_main.php?id=41511,Unknown
Queen of the Lot,3208,2.8,25,11/19/2010,English,"Comedy, Drama",R,Henry Jaglom,"Tanna Frederick, Noah Wyle, Christopher Rydell, Kathryn Grant, Zack Norman, Peter Bogdanovich",https://www.filmcrave.com/movie_page_main.php?id=41512,"An electronic ankle bracelet and being under house arrest aren’t about to stop up-and-coming actress Maggie Chase from the two things she craves the most: real fame and true love. With more ""Google points"" than her Iowa hometown, but far less than Angelina Jolie, Maggie is desperate to claw her way off the B-list of action/adventure pictures and into major movie stardom. With a team of handlers to spin her recent drunk driving arrests into tabloid gold and bad-boy movie star Dov Lambert on her arm, Maggie's star is on the rise. Things get complicated when a trip home to meet Dov's legendary family introduces Maggie to the world of Hollywood Royalty and to her boyfriend's brother, the black sheep of the family, a failed writer who can actually see who Maggie really is behind her ingénue facade, but who has dark secrets of his own..."
Giallo,33987,1.8,6,11/06/2009,English,"Crime, Horror",NR,Dario Argento,"Adrien Brody, Elsa Pataky, Emmanuelle Seigner, Robert Miano, Silvia Spross, Luis Molteni",https://www.filmcrave.com/movie_page_main.php?id=41513,Unknown
Nerdcore Rising,5089,3.1,4,03/09/2008,English,Documentary,NR,"Negin Farsad, Kim Gatewood","Damian Hess, 'Weird Al' Yankovic, Brian Posehn, Beefy, Brandon Patton, Prince Paul",https://www.filmcrave.com/movie_page_main.php?id=41514,Unknown
King of Paper Chasin',39895,1.8,3,10/15/2010,English,"Crime, Drama",R,La Monte Edwards,"D.L., Jason Rivera, Piarry Oriol, Joseph Somma, Dennis L.A. White, Omar Knight",https://www.filmcrave.com/movie_page_main.php?id=41515,"A drug dealer looks to get out of the game by becoming a serious mixtape artist but faces anger, betrayal and deception by those closest to him. --"
King of the Avanue,31332,2.2,3,09/17/2010,English,Thriller,R,Ryan Combs,"Ving Rhames, Simon Rex, Esai Morales, Erick Nathan, Elizabeth Di Prinzio, Eddie B. Smith",https://www.filmcrave.com/movie_page_main.php?id=41516,Unknown
Dreams and Shadows,51577,3.0,1,10/02/2009,English,"Drama, Fantasy",NR,Tamarat Makonnen,"James Russo, Shawn-Caulin Young, Londale Theus, Julie Clark, Yoshi Ando, Joseph Darden",https://www.filmcrave.com/movie_page_main.php?id=41517,Unknown
Mentor,51012,3.0,1,04/28/2006,English,Drama,R,David Langlitz,"Rutger Hauer, Matthew Davis, Dagmara Dominczyk, Susan Misner, Peter Scolari, Lynn Chen",https://www.filmcrave.com/movie_page_main.php?id=41518,Unknown
Eyes of the Chameleon,24391,2.3,4,04/13/2005,English,Horror,R,Ron Atkins,"Lawrence Bucher, Robert Scott Howard, Brian H. Scott, Lori Zetts, Mikos Zavros, Garvin Lee",https://www.filmcrave.com/movie_page_main.php?id=41519,Unknown
"Exodus of Charlie Wright, The ( Across the Line )",19168,2.3,6,01/01/2010,English,"Drama, Crime",NR,R. Ellis Frazier,"Aidan Quinn, Andy Garcia, Mario Van Peebles, Danny Pino, Claudia Ferri, Luke Goss",https://www.filmcrave.com/movie_page_main.php?id=41520,Unknown
The Last Play at Shea,45509,1.4,4,04/25/2010,English,Documentary,NR,"Paul Crowder, Jon Small","Alec Baldwin, Tony Bennett, Garth Brooks, Billy Joel, Paul McCartney, Steven Tyler",https://www.filmcrave.com/movie_page_main.php?id=41521,Unknown
Sergio,31266,2.2,3,01/01/2009,English,Documentary,NR,Greg Barker,Sergio Vieira de Mello,https://www.filmcrave.com/movie_page_main.php?id=41522,Unknown
I Knew It Was You: Rediscovering John Cazale,16042,2.4,6,01/16/2009,English,"Documentary, Biography",NR,Richard Shepard,"John Cazale, Francis Ford Coppola, Robert De Niro, Philip Seymour Hoffman, Sidney Lumet, Al Pacino",https://www.filmcrave.com/movie_page_main.php?id=41523,Unknown
Playing Columbine,22806,2.5,3,11/07/2007,English,Documentary,NR,Danny Ledonne,"Danny Ledonne, Hal Halpin, Brian Flemming, Richard Castaldo, Kevin DiNovis, Andrew Lanza",https://www.filmcrave.com/movie_page_main.php?id=41524,Unknown
Richard Garriott: Man on a Mission,45431,1.5,3,03/14/2010,English,Documentary,NR,Mike Woolf,"Richard Garriott, Helen Garriott, Owen Garriott, Robert Garriott, Sergey Brin, Mike Fincke",https://www.filmcrave.com/movie_page_main.php?id=41525,Unknown
The Legend of Pale Male,35860,2.0,3,11/24/2010,English,Documentary,NR,Frederic Lilien,Unknown,https://www.filmcrave.com/movie_page_main.php?id=41526,"After being absent from the New York City skies for nearly 100 years, a redtail hawk sparks the interest of birdwatchers and soon attracts people from all over the world. When ""Pale Male""'s nest is dismantled at his home in a posh 5th Avenue location, the protests begin igniting a media firestorm and an ending that could only happen in New York. --"
Release,14203,2.8,3,10/01/2010,English,Drama,NR,"Darren Flaxstone, Christian Martin","Daniel Brocklebank, Garry Summers, Bernie Hodges, Wayne Virgo, Simon Pearce, Dymphna Skehill",https://www.filmcrave.com/movie_page_main.php?id=41527,Unknown
Turn the River,8425,2.8,6,05/09/2008,English,Drama,R,Chris Eigeman,"Famke Janssen, Jaymie Dornan, Rip Torn, Matt Ross, Lois Smith, Marin Hinkle",https://www.filmcrave.com/movie_page_main.php?id=41528,"A woman who doesn't have visitation rights to her son keeps in touch with him by writing him letters and, occasionally, seeing him in secret. --"
Bad Batch,35829,2.0,3,04/20/2010,English,"Comedy, Drama",NR,Abe Schwartz,"J.R. Lemon, Lionel Sam, Abe Schwartz, Travis Shettel, Jessica Watkins",https://www.filmcrave.com/movie_page_main.php?id=41529,Unknown
The Arbor,28266,2.3,3,04/25/2010,English,"Documentary, Drama",NR,Clio Barnard,"Christine Bottomley, Natalie Gavin, Robert Emms, Neil Dudgeon, Manjinder Virk",https://www.filmcrave.com/movie_page_main.php?id=41530,Unknown
Strange Powers: Stephin Merritt and the Magnetic Fields,35852,2.0,3,10/27/2010,English,Documentary,NR,"Kerthy Fix, Gail O'Hara","Stephin Merritt, Claudia Gonson, Peter Gabriel, Ethan Cohn, Daniel Handler, Sam Davol",https://www.filmcrave.com/movie_page_main.php?id=41531,Unknown
The Magician,35713,2.0,3,09/29/2005,English,"Crime, Drama",NR,Scott Ryan,"Scott Ryan, Ben Walker, Massimiliano Andrighetto, Kane Mason, Nathaniel Lindsay, Adam Ryan",https://www.filmcrave.com/movie_page_main.php?id=41532,Unknown
After Porn Ends,20014,2.3,5,05/21/2012,English,Documentary,R,Bryce Wagoner,"Mary Carey, Asia Carrera, Luke Ford, Nina Hartley, Shelley Lubben, Crissy Moran",https://www.filmcrave.com/movie_page_main.php?id=41533,Unknown
Punching the Clown,29865,1.9,6,10/22/2010,English,Comedy,NR,Gregori Viens,"Henry Phillips, Ellen Ratner, Matthew Walker, Audrey Siegel, Guilford Adams, Evan Arnold",https://www.filmcrave.com/movie_page_main.php?id=41534,Unknown
The Taste of Relation,22874,2.5,3,03/08/2010,Hindi,"Drama, Family",NR,Mukesh Asopa,"Mukesh Asopa, Kamal Nandi, Aruna Bhatnagar, Tree Ryde, Swetalina Tripathy, Llyod Foster",https://www.filmcrave.com/movie_page_main.php?id=41535,Unknown
"Most Important Thing in Life Is Not Being Dead, The ( más importante de la vida es no haber muerto, Lo )",28288,2.3,3,10/14/2010,Spanish,"Comedy, Drama",NR,"Olivier Pictet, Marc Recuenco, Pablo Martín Torrado","Emilio Gutiérrez Caba, Mercè Montalà, Carles Arquimbau, Marián Aguilera, Albert Ausellé, Xavier Tor",https://www.filmcrave.com/movie_page_main.php?id=41536,Unknown
Fear Me Not ( Den du frygter ),15557,2.5,5,04/05/2009,Danish,"Drama, Thriller",NR,Kristian Levring,"Ulrich Thomsen, Paprika Steen, Emma Sehested Høeg, Lars Brygmann, Stine Stengade, Bodil Udsen",https://www.filmcrave.com/movie_page_main.php?id=41537,Unknown
En Route to Baghdad,22750,2.5,3,04/22/2005,English,"Documentary, Biography",NR,Simone Duarte,"Sérgio Vieira de Mello, Kofi Annan, Richard Holbrooke",https://www.filmcrave.com/movie_page_main.php?id=41538,Unknown
Kinshasa Symphony,35851,2.0,3,10/14/2010,German,Documentary,NR,"Martin Baer, Claus Wischmann",Unknown,https://www.filmcrave.com/movie_page_main.php?id=41539,Unknown
"enfant prodige, L'",35850,2.0,3,10/14/2010,French,Drama,NR,Luc Dionne,"Marc Béland, Lothaire Bluteau, Benoît Brière, Patrice Coquereau, Patrick Drolet, Françoise Faucher",https://www.filmcrave.com/movie_page_main.php?id=41540,Unknown
Rage of Honor,24816,2.1,6,02/01/1987,English,"Action, Drama",R,Gordon Hessler,"Shô Kosugi, Lewis Van Bergen, Robin Evans, Richard Wiley, Gerry Gibson, Charles Lucia",https://www.filmcrave.com/movie_page_main.php?id=41541,"A Japanese cop, Shiro, and his partner Ray are after a bunch of drug"
Nine Deaths of the Ninja,34311,1.9,4,04/01/1985,English,"Action, Drama",R,Emmett Alston,"Shô Kosugi, Brent Huff, Emilia Crow, Blackie Dammett, Regina Richardson, Vijay Amritraj",https://www.filmcrave.com/movie_page_main.php?id=41542,Unknown
Book of Swords,41709,2.3,2,11/01/2004,English,"Action, Drama",NR,Peter Allen,"Ho-Sung Pak, Liesl Lombardo, Richard Divizio, Taimak, Shaun Gayle, Kevin Ula Christie",https://www.filmcrave.com/movie_page_main.php?id=41543,Unknown
I Am,43075,1.7,3,10/10/2010,English,Drama,NR,John Ward,"Kate Bishop, Tomas Boykin, Christinna Chauncey, Courtney Duckworth, Jay Hindle, Stefan Hajek",https://www.filmcrave.com/movie_page_main.php?id=41544,Unknown
Justin Bieber: Never Say Never,23336,2.0,20,02/11/2011,English,Documentary,G,Jon Chu,"Justin Bieber, Miley Cyrus, Shawn Stockman, Wanya Morris, Nathan Morris",https://www.filmcrave.com/movie_page_main.php?id=41545,Documentary following Justin Bieber on his 2010 tour. --
The Garden of Eden,17470,2.4,5,12/10/2010,English,Drama,NR,John Irvin,"Jack Huston, Mena Suvari, Richard E. Grant, Caterina Murino, Carmen Maura, Matthew Modine",https://www.filmcrave.com/movie_page_main.php?id=41546,"Based on the Ernest Hemingway novel - a young couple take an extended honeymoon in Europe following WWI. The wife decides to test her husband's devotion, pushing the limits ever further especially when she introduces her sultry Italian friend into the mix. --"
No Strings Attached,7886,2.4,156,01/21/2011,English,"Comedy, Romance",R,Ivan Reitman,"Natalie Portman, Ashton Kutcher, Cary Elwes, Kevin Kline, Olivia Thirlby, Lake Bell",https://www.filmcrave.com/movie_page_main.php?id=41547,A man and woman enjoying a physical-only relationship find out that sex may not be enough to satisfy their more romantic urges. --
Deadland,40076,1.6,5,04/18/2009,English,"Action, Sci-Fi",R,Damon O'Steen,"Gary Weeks, Brian Tee, William Katt, Harrison Page, Chad Mathews, Cullen Douglas",https://www.filmcrave.com/movie_page_main.php?id=41548,A man crosses a post-apocalyptic nuclear-ravaged landscape a man searches for his missing wife. --
Aftershock ( Tangshan dadizhen ),8139,2.7,8,10/29/2010,Mandarin,"Drama, Historical",NR,Xiaogang Feng,"Jingchu Zhang, Daoming Chen, Chen Li, Guoqiang Zhang, Jin Chen, Fan Xu",https://www.filmcrave.com/movie_page_main.php?id=41549,"Shows the extraordinary lengths that a family will go through in the face of tragedy when China is rocked by the Tangshan Earthquake in 1976 that caused the deaths of 240,000 people. --"
The Promise: The Making of Darkness on the Edge of Town,35849,2.0,3,10/07/2010,English,Documentary,NR,Thom Zimny,"Bruce Springsteen, Danny Federici, Roy Bittan, Nils Lofgren, Patti Scialfa, Mike Appel",https://www.filmcrave.com/movie_page_main.php?id=41550,Unknown
Hush,8952,2.9,4,03/13/2009,English,"Horror, Thriller",NR,Mark Tonderai,"William Ash, Christine Bottomley, Andreas Wisniewski, Claire Keelan, Stuart McQuarrie, Robbie Gee",https://www.filmcrave.com/movie_page_main.php?id=41551,Zakes Abbott enters a deadly game of cat and mouse when his girlfriend is kidnapped from a motorway service station.
Air Marshal,28052,2.3,3,01/01/2003,English,Action,R,Alain Jakubowicz,"Dean Cochran, Alan Austin, Eli Danker, Tarri Markell, Kate Connor, Tim Thomerson",https://www.filmcrave.com/movie_page_main.php?id=41552,Unknown
Better Living Through Chemistry,31531,1.8,9,03/14/2014,English,"Comedy, Drama",NR,"Geoff Moore, David Posamentier","Olivia Wilde, Sam Rockwell, Michelle Monaghan, Jane Fonda, Ben Schwartz, Ken Howard",https://www.filmcrave.com/movie_page_main.php?id=41553,The everyday life of a small-town pharmacist quickly spirals out of control when he enters into an affair with a trophy wife.
Liverpool,43057,1.7,3,09/02/2009,Spanish,Drama,NR,Lisandro Alonso,"Juan Fernández, Nieves Cabrera, Giselle Irrazabal",https://www.filmcrave.com/movie_page_main.php?id=41554,A merchant sailor returns to his home in Tierra del Fuego after spending most of his life at sea.
Love and Mary,22784,2.5,3,03/11/2007,English,"Comedy, Romance",PG-13,Elizabeth Harrison,"Lauren German, Gabriel Mann, Whitney Able, Greg Benson, Bonnie Gallup, Mary Bonner Baker",https://www.filmcrave.com/movie_page_main.php?id=41555,Unknown
Bad Guys,51325,3.0,1,04/09/2008,English,"Action, Crime",NR,Rick Jacobson,"Quinton 'Rampage' Jackson, Kate del Castillo, Art LaFleur, Sherman Augustus, Danny Strong, Ray Sefo",https://www.filmcrave.com/movie_page_main.php?id=41556,Unknown
Unveiled,58055,2.0,1,08/03/1994,English,"Action, Drama",NR,William Cole,"Lisa Zane, Nick Chinlund, Whip Hubley, Martha Gehman, William Zane, Peter Berg",https://www.filmcrave.com/movie_page_main.php?id=41557,Unknown
W.C.,59480,2.0,1,11/13/2009,English,"Drama, Romance",NR,Liam O Mochain,"Liam O Mochain, Julia Wakeham, Adam Goodwin, Mary Murray, Julie Hale, Charlie Kranz",https://www.filmcrave.com/movie_page_main.php?id=41558,Unknown
One Way,51091,3.0,1,10/21/2006,English,"Crime, Thriller",NR,Reto Salimbeni,"Til Schweiger, Lauren Lee Smith, Sebastien Roberts, Stefanie von Pfetten, Michael Clarke Duncan, Eric Roberts",https://www.filmcrave.com/movie_page_main.php?id=41559,Unknown
The Haunted Boy: The Secret Diary of the Exorcist,39896,1.8,3,10/21/2010,English,"Documentary, Horror",NR,"Christopher Saint Booth, Philip Adrian Booth","Keith Age, Justin Goodrich, Eileen Dreyer, Christopher Saint Booth, Philip Adrian Booth, William Bradshaw",https://www.filmcrave.com/movie_page_main.php?id=41560,Unknown
Sp!t,28174,2.3,3,01/01/2008,English,Documentary,NR,Rotimi Rainwater,"Rosario Dawson, Mollie Angelheart, Carlos Andrés Gómez, Craig muMs Grant, Russell Simmons, Woody Harrelson",https://www.filmcrave.com/movie_page_main.php?id=41561,Unknown
Burned: Life in and Out of Texas Youth Prisons,22835,2.5,3,03/01/2009,English,"Documentary, Biography",NR,Emily Pyle,Unknown,https://www.filmcrave.com/movie_page_main.php?id=41562,Unknown
Down in Number 5,55352,1.5,2,08/01/2009,English,Drama,NR,Kim Spurlock,"Michael Meredith, Christopher Devlin, John Halstead, Valerie Blazek, W.G. Bunch, Carmen Fullmer",https://www.filmcrave.com/movie_page_main.php?id=41563,Unknown
Deep Gold,33184,2.0,4,01/31/2011,English,Action,NR,Michael Gleissner,"Bebe Pham, Laury Prudent, Kersten Hui, Michael Gleissner, Amelia Jackson-Gray, Kelsey Adams",https://www.filmcrave.com/movie_page_main.php?id=41564,"A woman breaks a freediving record and shortly after her boyfriend, an air force pilot, goes missing along with a plane full of gold. Teaming up with her sister, the two investigate the mystery and entangle themselves in a much deeper conspiracy.  --"
Harlem Hostel,28251,2.3,3,02/10/2010,English,"Comedy, Drama",NR,Nestor Miranda,"Julissa Bermudez, Celinez Bosque, Judy Courtland, Lloyd DeLeon, Danny A. Gonzales, Steven Leon",https://www.filmcrave.com/movie_page_main.php?id=41565,Unknown
How I Ended This Summer ( Kak ya provyol etim letom ),19255,2.3,7,04/03/2010,Russian,Drama,NR,Aleksei Popogrebsky,"Grigoriy Dobrygin, Sergei Puskepalis, Igor Chernevich, Ilya Sobolev, Artyom Tsukanov",https://www.filmcrave.com/movie_page_main.php?id=41566,Unknown
The Kids Grow Up,39899,1.8,3,10/29/2010,English,Documentary,NR,Doug Block,"Doug Block, Lucy Block",https://www.filmcrave.com/movie_page_main.php?id=41567,Unknown
What More Do I Want aka Come Undone ( Cosavogliodipiù ),28269,2.3,3,06/11/2010,Italian,Drama,NR,Silvio Soldini,"Alba Rohrwacher, Pierfrancesco Favino, Teresa Saponangelo, Giuseppe Battiston, Fabio Troiano, Monica Nappo",https://www.filmcrave.com/movie_page_main.php?id=41568,Unknown
Jaffa,18752,2.7,3,01/01/2010,Hebrew,Drama,NR,Keren Yedaya,"Dana Ivgy, Moni Moshonov, Ronit Elkabetz, Mahmud Shalaby, Hussein Yassin Mahajne, Dalia Beger",https://www.filmcrave.com/movie_page_main.php?id=41569,Unknown
Only When I Dance,9121,2.9,4,04/01/2009,Portuguese,Documentary,NR,Beadie Finzi,"Irlan Santos da Silva, Isabela Coracy Alves Nascimento Santos, Mariza Estrella",https://www.filmcrave.com/movie_page_main.php?id=41570,Unknown
Helena from the Wedding,21680,2.5,3,03/14/2010,English,Drama,NR,Joseph Infantolino,"Dagmara Dominczyk, Paul Fitzgerald, Dominic Fumusa, Gillian Jacobs, Melanie Lynskey, Jessica Hecht",https://www.filmcrave.com/movie_page_main.php?id=41571,A newlywed couple host a New Year's Eve party at their cabin but the arrival of an unexpected guest unravels their happy facade. --
"If I Want to Whistle, I Whistle ( Eu cand vreau sa fluier, fluier )",17747,2.4,5,09/04/2010,Other,Drama,NR,Florin Serban,"Pistireanu George, Ada Condeescu, Mihai Constantin, Clara Voda, Laurentiu Banescu",https://www.filmcrave.com/movie_page_main.php?id=41572,Unknown
Mullet,21249,3.3,2,06/28/2001,English,"Comedy, Drama",NR,David Caesar,"Ben Mendelsohn, Susie Porter, Andrew S. Gilbert, Belinda McClory, Tony Barry, Kris McQuade",https://www.filmcrave.com/movie_page_main.php?id=41573,Unknown
"Village of Shadows, The ( village des ombres, Le )",43079,1.7,3,10/29/2010,French,Thriller,NR,Fouad Benhammou,"Bárbara Goenaga, Christa Theret, Cyrille Thouvenin, Axel Kiener, Jochen Haegele, Jonathan Cohen",https://www.filmcrave.com/movie_page_main.php?id=41574,Unknown
Every Day,26482,2.0,11,01/31/2011,English,"Comedy, Drama",R,Richard Levine,"Carla Gugino, Liev Schreiber, Helen Hunt, Brian Dennehy, Eddie Izzard, Ezra Miller",https://www.filmcrave.com/movie_page_main.php?id=41575,A couple's relationship is going through a mid-life crisis. The must figure out how to keep strong while dealing with the many issues in their lives. --
Snow White and the Huntsman,4840,2.6,208,06/01/2012,English,"Adventure, Drama",PG-13,Rupert Sanders,"Chris Hemsworth, Kristen Stewart, Charlize Theron, Nick Frost, Sam Claflin, Ian McShane",https://www.filmcrave.com/movie_page_main.php?id=41576,An evil queen wants to kill the only woman in the kingdom said to be fairer in beauty than she: Snow White. But the huntsman sent to dispatch the fair maiden instead becomes her mentor and turns her into a warrior to fight for herself. --
Opposite Day,51575,3.0,1,10/01/2009,English,"Comedy, Family",G,R. Michael Givens,"French Stewart, Billy Unger, Ariel Winter, Pauly Shore, Colleen Crabtree, Dick Van Patten",https://www.filmcrave.com/movie_page_main.php?id=41577,Unknown
Tropico de Sangre,10851,3.0,3,08/27/2010,Spanish,Drama,NR,Juan Delancer,"Michelle Rodriguez, Juan Fernández, Sergio Carlo, Claudette Lali, Alexander Estrella, Luchy Estevez",https://www.filmcrave.com/movie_page_main.php?id=41578,Unknown
Wanderlust,12247,2.3,52,02/24/2012,English,Comedy,R,David Wain,"Jennifer Aniston, Malin Akerman, Paul Rudd, Ray Liotta, Lauren Ambrose, Justin Theroux",https://www.filmcrave.com/movie_page_main.php?id=41580,A high-stressed Manhattan couple find time to relax after joining the laid-back community of Elysium. But this free-wheeling lifestyle may cause more problems than is solves. --
Water for Elephants,3019,2.7,109,04/22/2011,English,Drama,PG-13,Francis Lawrence,"Robert Pattinson, Reese Witherspoon, Christoph Waltz, James Frain, Hal Holbrook, Paul Schneider",https://www.filmcrave.com/movie_page_main.php?id=41581,After the death of his parents a veterinary student gives up on school and joins a traveling circus as their personal vet. --
Source Code,1057,2.9,322,04/01/2011,English,"Drama, Sci-Fi",PG-13,Duncan Jones,"Jake Gyllenhaal, Michelle Monaghan, Vera Farmiga, Jeffrey Wright, Russell Peters, James A. Woods",https://www.filmcrave.com/movie_page_main.php?id=41582,A soldier takes part in an experimental procedure to solve a train bombing. His consciousness is transferred to the body of a commuter where he experiences the bombing over and over again until he can track down the culprit. --
What's Your Number?,12498,2.3,38,09/30/2011,English,Comedy,R,Mark Mylod,"Chris Evans, Zachary Quinto, Anna Faris, Chris Pratt, Andy Samberg, Mike Vogel",https://www.filmcrave.com/movie_page_main.php?id=41583,A woman looking for her one true love thinks she may have already found it... in one of the last twenty relationships she had. --
Larry Crowne,12184,2.3,58,07/01/2011,English,"Comedy, Drama",PG-13,Tom Hanks,"Tom Hanks, Julia Roberts, Rami Malek, Bryan Cranston, Wilmer Valderrama, Taraji P. Henson",https://www.filmcrave.com/movie_page_main.php?id=41584,"A man who has worked for the same big-box company all his life finds himself adrift after being downsized. He ends up back in college, where he bonds with an eclectic group of scooter-riding misfits. He also finds himself falling for his public-speaking teacher, a woman who is almost burned out herself, on teaching and love. --"
The Sitter,12984,2.3,56,12/09/2011,English,Comedy,R,David Gordon Green,"Jonah Hill, Ari Graynor, Erin Daniels, Method Man, D.W. Moffett, Max Records",https://www.filmcrave.com/movie_page_main.php?id=41585,"A college student on suspension reluctantly agrees to watch his next door neighbor's kids, but doesn't realize this decision will lead to one wild, unforgettable night. --"
The Darkest Hour,17458,2.1,40,12/25/2011,English,"Sci-Fi, Horror",PG-13,Chris Gorak,"Emile Hirsch, Max Minghella, Olivia Thirlby, Rachael Taylor, Joel Kinnaman, Dato Bakhtadze",https://www.filmcrave.com/movie_page_main.php?id=41586,A group of five young adults finds themselves fighting for survival in Russia following an alien invasion. --
The Help,209,3.2,349,08/10/2011,English,Drama,PG-13,Tate Taylor,"Emma Stone, Viola Davis, Octavia Spencer, Bryce Dallas Howard, Jessica Chastain, Allison Janney",https://www.filmcrave.com/movie_page_main.php?id=41587,"In 1960s Mississippi, a young woman returns to her small town determined to make it as a writer but when she begins interviewing black women who have spent their lives working for prominent families, it causes an uproar in the community. --"
Mr. Popper's Penguins,8689,2.4,73,06/17/2011,English,Comedy,PG,Mark Waters,"Jim Carrey, Carla Gugino, Angela Lansbury, Ophelia Lovibond, Madeline Carroll, Philip Baker Hall",https://www.filmcrave.com/movie_page_main.php?id=41588,"An ordinary businessman finds his life turned upside down when he inherits six penguins. As he transforms his life, and apartment, to accommodate his new charges, it begins to impact his professional life. --"
Beginners,2063,2.9,69,06/03/2011,English,Drama,R,Mike Mills,"Ewan McGregor, Christopher Plummer, Mélanie Laurent, Goran Visnjic, Bill Oberst Jr., Mary Page Keller",https://www.filmcrave.com/movie_page_main.php?id=41589,"A young man must deal with two bombshells that have been dropped by his elderly father: that he has terminal cancer, and that he has taken up with a young, male lover. --"
Colombiana,3629,2.7,114,08/26/2011,English,"Action, Drama",PG-13,Olivier Megaton,"Zoe Saldana, Graham McTavish, Callum Blue, Michael Vartan, Jordi Mollà, Lennie James",https://www.filmcrave.com/movie_page_main.php?id=41590,"After witnessing her parents murder as a young child, Bogota resident Cataleya Restrepo's life is changed and she grows up to be an assassin. While she takes jobs from her uncle by day, at night she works as a vigilante, with the ultimate goal of tracking down, and killing, the people responsible for her parents' death. --"
We Bought a Zoo,2697,2.8,95,12/23/2011,English,"Comedy, Drama",PG,Cameron Crowe,"Matt Damon, Thomas Haden Church, Elle Fanning, Scarlett Johansson, Carla Gallo, Patrick Fugit",https://www.filmcrave.com/movie_page_main.php?id=41591,A father moves his family to the country in order to rejuvenate a run-down Southern California zoo.  --
10 Years Later,31318,2.2,3,03/26/2010,English,"Comedy, Drama",NR,Aaron Michael Metchik,"Jake Hoffman, Rachel Boston, Kathleen Rose Perkins, Aaron Michael Metchik, Senta Moses, McKinley Freeman",https://www.filmcrave.com/movie_page_main.php?id=41592,Unknown
Courageous,4713,2.7,24,09/30/2011,English,Drama,PG-13,Alex Kendrick,"Alex Kendrick, Kevin Downes, Ken Bevel, Ben Davies, Rusty Martin, Rusty Martin, Sr.",https://www.filmcrave.com/movie_page_main.php?id=41593,"Four men put their lives on the line every day as officers of the law, balancing duty with family life. When tragedy strikes, it will bring out hope and fear and test their faith leading to a decision that will forever alter their lives. --"
Violet Tendencies,43071,1.7,3,04/26/2010,English,Comedy,NR,Casper Andreas,"Mindy Cohn, Marcus Patrick, Jesse Archer, Samuel Whitten, Casper Andreas, Kim Allen",https://www.filmcrave.com/movie_page_main.php?id=41594,Unknown
Batman: Under the Red Hood,1853,2.9,52,07/27/2010,English,"Animation, Crime",PG-13,Brandon Vietti,"Bruce Greenwood, Jensen Ackles, John Di Maggio, Neil Patrick Harris, Jason Isaacs, Gary Cole",https://www.filmcrave.com/movie_page_main.php?id=41595,"Gotham City's organized crime is under attack, but not from Batman, from a man called the Red Hood, whom Batman finds familiar.  --"
60 Spins Around the Sun,35651,2.0,3,01/01/2003,English,"Comedy, Documentary",NR,Laura Kightlinger,"Randy Credico, Larry David, Lewis Black, Nick DiPaolo, William Kunstler, Laura Mandel",https://www.filmcrave.com/movie_page_main.php?id=41596,Unknown
At Dawn We Die ( Tomorrow We Live ),47972,3.0,1,03/20/1943,English,"Drama, War",NR,George King,"John Clements, Godfrey Tearle, Hugh Sinclair, Greta Gynt, Judy Kelley, Yvonne Arnaud",https://www.filmcrave.com/movie_page_main.php?id=41597,Unknown
Inquest,34935,2.0,3,12/01/1939,English,"Crime, Mystery",NR,Roy Boulting,"Elizabeth Allan, Herbert Lomas, Hay Petrie, Barbara Everest, Olive Sloane, Philip Friend",https://www.filmcrave.com/movie_page_main.php?id=41598,Unknown
Murder Can Be Deadly,48437,3.0,1,04/09/1963,English,Thriller,NR,Lance Comfort,"Liz Fraser, Kenneth Griffith, Peter Reynolds, Tony Wickert, Craig Douglas, David Hemmings",https://www.filmcrave.com/movie_page_main.php?id=41599,Unknown
Life in Flight,51334,3.0,1,04/27/2008,English,Drama,NR,Tracey Hecht,"Amy Smart, Rashida Jones, Patrick Wilson, Zak Orth, David Lavine, Lynn Collins",https://www.filmcrave.com/movie_page_main.php?id=41600,Unknown
Kill Katie Malone,14464,2.6,4,10/10/2010,English,"Horror, Thriller",R,Carlos Ramos Jr.,"Masiela Lusha, Stephen Colletti, Lil J, Dean Cain, Sylvia Panacione, Danny Arroyo",https://www.filmcrave.com/movie_page_main.php?id=41601,"When three college friends pool their cash to buy a ""ghost"" in an online auction, they get far more than they bargained for when they release the vengeful spirit of an Irish serving girl intent on continuing her reign of terror. --"
Cool It,8433,2.8,6,11/12/2010,English,Documentary,PG,Ondi Timoner,Bjørn Lomborg,https://www.filmcrave.com/movie_page_main.php?id=41602,Bjørn Lomborg takes a different approach to global warming and the way to solve the issue. --
Bloodmoon,34320,1.9,4,03/22/1990,English,"Horror, Thriller",R,Alec Mills,"Leon Lissek, Christine Amor, Ian Williams, Helen Thomson, Craig Cronin, Hazel Howson",https://www.filmcrave.com/movie_page_main.php?id=41603,Unknown
Bloodfist,34318,1.9,4,09/22/1989,English,"Action, Sport",R,Terence H. Winkless,"Don 'The Dragon' Wilson, Joe Mari Avellana, Rob Kaman, Billy Blanks, Cris Aguilar, Michael Shaner",https://www.filmcrave.com/movie_page_main.php?id=41604,Unknown
Beneath the Blue,18750,2.7,3,01/01/2010,English,Drama,PG,Michael D. Sellers,"Paul Wesley, Caitlin Wachs, David Keith, Michael Ironside, Ivana Milicevic, George Harris",https://www.filmcrave.com/movie_page_main.php?id=41605,Unknown
Carlos,2638,3.1,9,05/19/2010,Spanish,"Biography, Crime",NR,Olivier Assayas,"Édgar Ramírez, Alexander Scheer, Alejandro Arroyo, Ahmad Kaabour, Talal El-Jordi, Juana Acosta",https://www.filmcrave.com/movie_page_main.php?id=41606,Mini-series based on the life of Venezuelan revolutionary Ilich Ramírez Sánchez and idealist and sociopath who founded a terrorist organization and went on to raid the 1975 OPEC meeting. --
Where Sleeping Dogs Lie,33466,2.0,4,10/01/1991,English,"Crime, Thriller",R,Charles Finch,"Dylan McDermott, Charles Finch, Sharon Stone, Tom Sizemore, Ron Karabatsos, Brett Cullen",https://www.filmcrave.com/movie_page_main.php?id=41607,Unknown
When a Man Falls,20988,2.4,4,03/10/2007,English,"Drama, Thriller",R,Ryan Eslinger,"Dylan Baker, Sharon Stone, Stacie Bono, Timothy Hutton, Pruitt Taylor Vince, David Williams",https://www.filmcrave.com/movie_page_main.php?id=41608,"The intertwining lives of three men reveal that each deal with his problems in different, self-destructive ways."
The Lodger,37698,2.5,2,01/23/2009,English,"Crime, Drama",R,David Ondaatje,"Alfred Molina, Hope Davis, Shane West, Donal Logue, Philip Baker Hall, Rachael Leigh Cook",https://www.filmcrave.com/movie_page_main.php?id=41609,Unknown
Book of Love,6929,3.0,4,01/18/2004,English,"Comedy, Drama",R,Alan Brown,"Frances O'Connor, Simon Baker, Gregory Smith, Bryce Dallas Howard, Ari Graynor, Joanna Adler",https://www.filmcrave.com/movie_page_main.php?id=41610,Unknown
This Very Moment ( Milchwald ),50577,3.0,1,10/01/2003,German,Drama,NR,Christoph Hochhäusler,"Miroslaw Baka, Horst-Günter Marx, Judith Engel, Sophie Charlotte Conrad, Leo Bruckmann, Magdalena Karczewska",https://www.filmcrave.com/movie_page_main.php?id=41611,Unknown
Helen,51377,3.0,1,08/29/2008,English,Drama,NR,"Joe Lawlor, Christine Molloy","Annie Townsend, Sandie Malia, Dennis Jobling, Sonia Saville, Danny Groenland, Sheila Hamilton",https://www.filmcrave.com/movie_page_main.php?id=41612,Unknown
"Misfortunates, The ( helaasheid der dingen, De )",45433,1.5,3,04/19/2010,Dutch,Drama,NR,Felix Van Groeningen,"Kenneth Vanbaeden, Valentijn Dhaenens, Koen De Graeve, Wouter Hendrickx, Johan Heldenbergh, Bert Haelvoet",https://www.filmcrave.com/movie_page_main.php?id=41613,Unknown
Role/Play,21039,2.4,4,07/11/2010,English,Drama,NR,Rob Williams,"Steve Callahan, Matthew Montgomery, David Pevsner, Brian Nolan, Matthew Stephen Herrick, Jim J. Bullock",https://www.filmcrave.com/movie_page_main.php?id=41614,Unknown
Take This Waltz,16377,2.2,18,06/29/2012,English,Drama,R,Sarah Polley,"Seth Rogen, Michelle Williams, Sarah Silverman, Luke Kirby, Aaron Abrams, Jennifer Podemski",https://www.filmcrave.com/movie_page_main.php?id=41615,"Margot has a seemingly happy marriage to her somewhat geeky cookbook-writing husband, but when she meets Daniel, the attraction is instant. When she learns he has moved in just across the street, she can only hold back her intense feelings so long. --"
The Twilight Saga: Breaking Dawn - Part 2,8744,2.4,106,11/16/2012,English,"Drama, Fantasy",PG-13,Bill Condon,"Robert Pattinson, Kristen Stewart, Taylor Lautner, Anna Kendrick, Dakota Fanning, Michael Sheen",https://www.filmcrave.com/movie_page_main.php?id=41616,The Twilight Saga concludes as the Cullens clan must rally other vampire clans to their cause after the birth of Renesmee brings up false charges and they must face the Volturi. --
Abduction,16261,2.1,61,09/23/2011,English,"Action, Thriller",PG-13,John Singleton,"Taylor Lautner, Lily Collins, Alfred Molina, Sigourney Weaver, Michael Nyqvist, Jason Isaacs",https://www.filmcrave.com/movie_page_main.php?id=41617,When Nathan discovers his baby picture amongst others on a missing persons
"String, The ( fil, Le )",17291,2.5,4,05/31/2010,French,Drama,NR,Mehdi Ben Attia,"Claudia Cardinale, Antonin Stahly-Vishwanadan, Salim Kechiouche, Driss Ramdi, Ramla Ayari, Ali Mrabet",https://www.filmcrave.com/movie_page_main.php?id=41618,Unknown
5 Days of War,16287,2.3,14,08/19/2011,English,"Drama, War",R,Renny Harlin,"Rupert Friend, Val Kilmer, Andy Garcia, Dean Cain, Emmanuelle Chriqui, Heather Graham",https://www.filmcrave.com/movie_page_main.php?id=41619,"An American journalist, his cameraman and a native Georgian are caught up in the war between Russia and Georgia. --"
Listen to Your Heart,9129,2.9,4,08/14/2010,English,"Drama, Romance",NR,Matt Thompson,"Alexia Rasmussen, Kent Moran, Cybill Shepherd, Shirley Knight, Frank Watson, Ernie Sabella",https://www.filmcrave.com/movie_page_main.php?id=41620,"Danny has a small apartment and smaller paycheck - but has an unwavering optimism, especially when it comes to his music career. When he meets Ariana, it is love at first site. She inspires his music despite the fact that hearing impairment means she can never experience that inspiration for herself. The two grow close, but her controlling mother has other plans. --"
Blind Spot,27424,2.3,3,02/06/1947,English,"Crime, Drama",NR,Robert Gordon,"Chester Morris, Constance Dowling, Steven Geray, James Bell, William Forrest, Sid Tomack",https://www.filmcrave.com/movie_page_main.php?id=41621,Unknown
Strangers,31252,2.2,3,01/17/2008,Hebrew,"Drama, Romance",NR,"Guy Nattiv, Erez Tadmor","Patrick Albenque, Lubna Azabal, Liron Levo, Mila Dekker, Abdallah El Akal, Dominique Lollia",https://www.filmcrave.com/movie_page_main.php?id=41622,"At the 2006 World Cup in Germany, Palestinian Rana (Lubna Azabal) and Israeli Eyal (Liron Levo) meet on the Berlin underground and soon fall in love. Taking place over six intense days, this film follows their emotional journey to connect and find happiness together. When Rana is suddenly called back home to Paris, Eyal must quickly decide whether he should continue to pursue the fledgling romance. --"
Jodhaa Akbar,7852,2.6,13,02/15/2008,Hindi,"Action, Biography",NR,Ashutosh Gowariker,"Hrithik Roshan, Aishwarya Rai, Sonu Sood, Poonam Sinha, Ila Arun, Suhasini Mulay",https://www.filmcrave.com/movie_page_main.php?id=41623,"What begins as a strategic alliance between two cultures becomes a genuine opportunity for true love in this epic romance set amid the opulence and glamour of the 16th century and directed by Ashutosh Gowariker. Jalaluddin Mohammad Akbar agrees to marry the Raja Bharmal's daughter, Jodhaa. But he never expected her stunning beauty, fierce intelligence and considerable charms to inspire him to win her heart. --"
Welcome to Hollywood,50016,3.0,1,10/01/1998,English,Comedy,R,"Tony Markes, Adam Rifkin","Adam Rifkin, Jane Jenkins, Scott Wolf, Peter Facinelli, David Andriole, Tony Markes",https://www.filmcrave.com/movie_page_main.php?id=41624,Unknown
Pickin' & Grinnin',31335,2.2,3,10/07/2010,English,Comedy,NR,Jon Gries,"Johnny Dowers, Garret Mathany, David E. Lane, Nicole Andrews, Robert Baker, Frances Bay",https://www.filmcrave.com/movie_page_main.php?id=41625,Unknown
And Soon the Darkness,11153,2.4,19,12/17/2010,English,"Horror, Thriller",R,Marcos Efron,"Karl Urban, Amber Heard, Odette Yustman, Gia Mantegna, Adriana Barraza, César Vianco",https://www.filmcrave.com/movie_page_main.php?id=41626,"Two American girls vacationing in Argentina get into a fight after a night of bar-hopping and one storms off. The next morning she returns only to find her friend missing. With the local police being of little help, and kidnapping epidemic hitting the city, she turns to man who seemingly wants to help but may be hiding something himself. --"
My Best Friend ( Mein liebster Feind - Klaus Kinski ),1899,3.1,11,11/03/1999,German,"Documentary, Biography",NR,Werner Herzog,"Werner Herzog, Klaus Kinski, Isabelle Adjani, Claudia Cardinale, Benino Moreno Placido, Eva Mattes",https://www.filmcrave.com/movie_page_main.php?id=41627,"From the time he was a teenager, Werner Herzog had a fascination with actor Klaus Kinski. When the two moved into an apartment later in life, Kinski flew into a rage and completely destroyed the bathroom. Thus a love-hate-respect developed between the two men and Herzog would cast Kinski in Aguirre, Wrath of God and more films - all the while, their turbulent relationship would continue. --"
Turtle: The Incredible Journey,9127,2.9,4,05/22/2010,English,Documentary,G,Nick Stringer,"Miranda Richardson, Daniel Braga",https://www.filmcrave.com/movie_page_main.php?id=41628,"Follows the path of a loggerhead turtle from the beaches of Florida, through the arctic North all the way to Africa only to return to the Florida beach to begin the process for the next generation - a trip shared by her ancient ancestors carried on today. --"
Barney's Version,8664,2.6,15,10/07/2010,English,Drama,NR,Richard J. Lewis,"Paul Giamatti, Minnie Driver, Dustin Hoffman, Rosamund Pike, Scott Speedman, Bruce Greenwood",https://www.filmcrave.com/movie_page_main.php?id=41629,"Barney Panofsky meets the woman of his dreams at his wedding, and it's not his bride."
Burning in the Sun,22870,2.5,3,02/12/2010,English,Documentary,NR,"Cambria Matlow, Morgan Robinson","Daniel Dembele, Mamadou Kouyate, Dr. Richard Komp, Carolina Barreto Cajina, Loriana Ricarelli Dembélé",https://www.filmcrave.com/movie_page_main.php?id=41630,Unknown
Public Speaking,21052,2.4,4,11/22/2010,English,Documentary,NR,Martin Scorsese,"Fran Lebowitz, Thelonious Monk, Toni Morrison, Conan O'Brien, William F. Buckley, Truman Capote",https://www.filmcrave.com/movie_page_main.php?id=41631,Unknown
Neal Cassady,51235,3.0,1,10/11/2007,English,"Biography, Drama",NR,Noah Buschel,"Tate Donovan, Amy Ryan, Glenn Fitzgerald, Chris Bauer, Hanna Hall, Josh Hamilton",https://www.filmcrave.com/movie_page_main.php?id=41632,Unknown
PVC-1,25872,3.0,2,08/28/2008,Spanish,"Drama, Thriller",NR,Spiros Stathoulopoulos,"Daniel Páez, Hugo Pereira, Alberto Sornoza, Merida Urquia",https://www.filmcrave.com/movie_page_main.php?id=41633,Unknown
Left Bank ( Linkeroever ),4421,3.0,6,09/20/2008,Dutch,"Drama, Horror",NR,Pieter Van Hees,"Eline Kuppens, Matthias Schoenaerts, Sien Eggers, Marilou Mermans, Frank Vercruyssen, Robbie Cleiren",https://www.filmcrave.com/movie_page_main.php?id=41634,Unknown
Wuthering Heights,10169,2.6,9,10/05/2012,English,"Drama, Romance",NR,Andrea Arnold,"Kaya Scodelario, James Howson, Nichola Burley, Oliver Milburn, James Northcote, Amy Wren",https://www.filmcrave.com/movie_page_main.php?id=41635,"Based on the novel by Emily Bronte: when a young, impoverished boy is taken in by the affluent Earnshaw family, he develops intense feelings for his young foster sister, Cathy.  --"
Southern Gothic,51308,3.0,1,03/10/2008,English,Horror,NR,Mark Young,"Yul Vazquez, William Forsythe, Jonathan Sachar, Nicole DuPort, Dani Englander, Emily Catherine Young",https://www.filmcrave.com/movie_page_main.php?id=41636,Unknown
Cortex,21297,3.3,2,04/18/2008,French,"Crime, Mystery",NR,Nicolas Boukhrief,"André Dussollier, Marthe Keller, Julien Boisselier, Chantal Neuwirth, Claire Nebout, Claude Perron",https://www.filmcrave.com/movie_page_main.php?id=41637,Unknown
The Kid: Chamaco,22895,2.5,3,08/06/2010,Spanish,Drama,NR,Miguel Necoechea,"Martin Sheen, Kirk Harris, Álex Perea, Danny Perea, Sofía Espinosa, Michael Madsen",https://www.filmcrave.com/movie_page_main.php?id=41638,Unknown
The Korean,28257,2.3,3,03/09/2010,English,Action,NR,Thomas Dixon,"Josiah D. Lee, David Early, Jack Erdie, Robert DiDonato, Paul Adamo, Rik Billock",https://www.filmcrave.com/movie_page_main.php?id=41639,Unknown
Safehouse,10488,2.7,5,08/20/2008,English,"Action, Crime",R,John Poague,"Thomas Calabro, Robert Miano, Johnny Alonso, Sheila Cutchlow, Jonathon Ruckman, Carolina Hoyos",https://www.filmcrave.com/movie_page_main.php?id=41640,Unknown
Safe House,11698,2.8,4,01/24/1999,English,Thriller,NR,Eric Steven Stahl,"Patrick Stewart, Kimberly Williams-Paisley, Hector Elizondo, Joy Kilpatrick, Craig Shoemaker, Julia Vera",https://www.filmcrave.com/movie_page_main.php?id=41641,Unknown
Franz Kafka's It's a Wonderful Life,49804,3.0,1,11/29/1995,English,"Biography, Comedy",NR,Peter Capaldi,"Richard E. Grant, Crispin Letts, Ken Stott, Elaine Collins, Phyllis Logan, Julie Cox",https://www.filmcrave.com/movie_page_main.php?id=41642,Unknown
Seven Gates,49866,3.0,1,01/01/1997,English,Comedy,NR,Richard D'Alessio,"David Huband, Richard Waugh, Peter Keleghan, Denny Kennedy, Mr. Biggins",https://www.filmcrave.com/movie_page_main.php?id=41643,Unknown
The Deal,49951,3.0,1,01/01/1998,English,Comedy,NR,Don Scardino,"Joe Grifasi, Larry Pine",https://www.filmcrave.com/movie_page_main.php?id=41644,Unknown
Mr. McAllister's Cigarette Holder,49695,3.0,1,01/01/1994,English,Drama,NR,John David Allen,"James Mayberry, Nora Heflin, Tim Ware, Grady Cousins, Barry Stoltze, Rick Andosca",https://www.filmcrave.com/movie_page_main.php?id=41645,Unknown
Bluberella,40118,1.6,5,01/01/2011,English,"Comedy, Action",R,Uwe Boll,"Michael Paré, Lindsay Hollister, Willam Belli, Natalia Guslistaya, Steffen Mennekes, Brendan Fletcher",https://www.filmcrave.com/movie_page_main.php?id=41646,"An overweight woman uses her size, and swords, to dispatch any who dare make fun of her. --"
The Muppets,1904,2.8,149,11/23/2011,English,"Comedy, Family",PG,James Bobin,"Emily Blunt, Jason Segel, Amy Adams, John Krasinski, Zach Galifianakis, Selena Gomez",https://www.filmcrave.com/movie_page_main.php?id=41647,"After learning their old studio is about to be destroyed by a greedy oil tycoon, the Muppets spring into action to save their old stomping grounds, with the help of a few new friends. --"
The Lion of Judah,19760,2.3,5,02/25/2011,English,Animation,PG,"Deryck Broom, Roger Hawkins","Ernest Borgnine, Leon Clingman, Georgina Cordova, Scott Eastwood, Michael Madsen, Samantha Gray",https://www.filmcrave.com/movie_page_main.php?id=41648,The story of Easter is woven into this animated tale about a group of farm animals trying to rescue their friend from the sacrificial altar.  --
The Assistants,11484,2.8,4,06/24/2009,English,Comedy,NR,Steve Morris,"Chris Conner, Michael Grant Terry, Kathleen Early, Reiko Aylesworth, Joe Mantegna, Jane Seymour",https://www.filmcrave.com/movie_page_main.php?id=41649,Unknown
The Trotsky,23458,2.2,6,05/05/2010,English,Comedy,NR,Jacob Tierney,"Jay Baruchel, Geneviève Bujold, Colm Feore, Michael Murphy, Saul Rubinek, Emily Hampshire",https://www.filmcrave.com/movie_page_main.php?id=41650,Unknown
Odilon Redon or The Eye Like a Strange Balloon Mounts Toward Infinity,49793,3.0,1,10/07/1995,English,Drama,NR,Guy Maddin,"Jim Keller, Brandy Bayes, Caelum Vatnsdal, Evan Richards, John Teunissen, Ron Eyolfson",https://www.filmcrave.com/movie_page_main.php?id=41651,Unknown
They Came to Play,14200,2.8,3,08/13/2010,English,Documentary,NR,Alex Rotaru,"Henri Robert Delbeau, Mark Fuller, Clark Griffith, Ken Iisaka, Slava Levin, Drew Mays",https://www.filmcrave.com/movie_page_main.php?id=41652,Unknown
Shooting Johnson Roebling,18700,2.7,3,06/04/2007,English,Comedy,NR,Christopher Burke,"Charles E. Gerber, Gabe Fazio, Gary Cowling, Stewart Steinberg, Johnny Norwell, Christopher Burke",https://www.filmcrave.com/movie_page_main.php?id=41653,Unknown
Cass,22823,2.5,3,08/01/2008,English,"Biography, Crime",NR,Jon S. Baird,"Nonso Anozie, Natalie Press, Leo Gregory, Gavin Brocker, Gemma Baker, Joe Egan",https://www.filmcrave.com/movie_page_main.php?id=41654,Unknown
Dancing Co-Ed,17588,2.4,5,09/29/1939,English,"Comedy, Romance",NR,S. Sylvan Simon,"Lana Turner, Richard Carlson, Artie Shaw, Ann Rutherford, Lee Bowman, Thurston Hall",https://www.filmcrave.com/movie_page_main.php?id=41655,Unknown
If You Could Say It in Words,28192,2.3,3,10/08/2008,English,Romance,NR,Nicholas Gray,"Marin Ireland, Alvin Keith, Gerry Lehane, Yvonne Woods, Suzanna Guzman, PaSean Wilson",https://www.filmcrave.com/movie_page_main.php?id=41656,Unknown
Cash and Curry,28273,2.3,3,07/19/2010,English,"Comedy, Crime",NR,Sarjit Bains,"Ameet Chana, Ronny Jhutti, Pooja Shah, Manish Patel, Jamie Bannerman, Richard Angol",https://www.filmcrave.com/movie_page_main.php?id=41657,Unknown
The White Stripes Under Great White Northern Lights,28277,2.3,3,08/05/2010,English,Documentary,NR,Emmett Malloy,"Jack White, Meg White",https://www.filmcrave.com/movie_page_main.php?id=41658,Unknown
Trade In,13650,2.8,3,01/01/2009,English,Comedy,NR,Jackie Lee James,"Christopher Mascarelli, Christina Jo'Leigh, Tiffany Shepis, Corey Haim, Ron Jeremy, Jason Moore",https://www.filmcrave.com/movie_page_main.php?id=41659,Unknown
Two Million Stupid Women,13669,2.8,3,02/27/2009,English,Comedy,NR,Jamie Neese,"Sarah Hall, Katy Stoll, Mark R. Gerson, Trevor Downie, Carolyn Cannon, Lauren Nathanson",https://www.filmcrave.com/movie_page_main.php?id=41660,Unknown
"Ecstasy of Gold ( Gunslingers, The )",17826,2.7,3,06/11/2009,English,Western,R,Adam Oxsen,"John Elliott, Narisa Suzuki, Brad Allen, Ben Hall, Jason Leyva, Abel Becerra",https://www.filmcrave.com/movie_page_main.php?id=41661,Unknown
Vagabond Lady,18060,2.7,3,05/03/1935,English,"Comedy, Romance",NR,Sam Taylor,"Robert Young, Evelyn Venable, Reginald Denny, Frank Craven, Berton Churchill, Ferdinand Gottschalk",https://www.filmcrave.com/movie_page_main.php?id=41662,Unknown
Soul Surfer,1496,2.9,76,04/08/2011,English,"Drama, Sport",PG,Sean McNamara,"Dennis Quaid, AnnaSophia Robb, Jeremy Sumpter, Helen Hunt, Carrie Underwood, Craig T. Nelson",https://www.filmcrave.com/movie_page_main.php?id=41663,"A young, female surfer battles back after suffering a near-fatal shark attack that results in the loss of an arm. --"
Meek's Cutoff,11939,2.4,19,04/08/2010,English,Western,NR,Kelly Reichardt,"Paul Dano, Bruce Greenwood, Shirley Henderson, Neal Huff, Zoe Kazan, Tommy Nelson",https://www.filmcrave.com/movie_page_main.php?id=41664,A group of settlers and their inept guide encounter harsh conditions while traveling through the Oregon desert in 1845. --
Dead Awake,33164,2.0,4,12/03/2010,English,"Fantasy, Mystery",R,Omar Naim,"Nick Stahl, Rose McGowan, Amy Smart, Ben Marten, Kim Grimaldi, Brian Lynner",https://www.filmcrave.com/movie_page_main.php?id=41665,A funeral parlor worker with a devastating past decides to fake his own
You Won't Miss Me,46940,1.3,3,11/12/2010,English,"Comedy, Drama",NR,Ry Russo-Young,"Stella Schnabel, David Anzuelo, Barlow Jacobs, Gina Abatemarco, Sarah Ball, Rene Ricard",https://www.filmcrave.com/movie_page_main.php?id=41666,Unknown
Making the Boys,8636,2.8,5,11/05/2010,English,Documentary,NR,Crayton Robey,"Edward Albee, Candis Cayne, William Friedkin, Edward I. Koch, Tony Kushner, Dominick Dunne",https://www.filmcrave.com/movie_page_main.php?id=41667,Unknown
A Gift for the Village,35840,2.0,3,09/01/2010,English,"Documentary, Biography",NR,"Tom Landon, Jenna Swann",Lisa Mullins,https://www.filmcrave.com/movie_page_main.php?id=41668,Unknown
Still Walking ( Aruitemo aruitemo ),2500,3.0,13,08/28/2009,Japanese,Drama,NR,Hirokazu Koreeda,"Hiroshi Abe, Yui Natsukawa, You, Kazuya Takahashi, Shohei Tanaka, Kirin Kiki",https://www.filmcrave.com/movie_page_main.php?id=41669,Unknown
Jews and Baseball: An American Love Story,14207,2.8,3,11/05/2010,English,"Documentary, Historical",NR,Peter Miller,"Sandy Koufax, Dustin Hoffman, Ron Howard, Larry King, Peter Levine, Roger Kahn",https://www.filmcrave.com/movie_page_main.php?id=41670,Unknown
British Agent,12619,2.6,5,09/15/1934,English,"Drama, Historical",NR,Michael Curtiz,"Leslie Howard, Kay Francis, William Gargan, Phillip Reed, Irving Pichel, J. Carrol Naish",https://www.filmcrave.com/movie_page_main.php?id=41671,Unknown
Thoroughbred,26818,2.3,3,05/05/2011,English,"Documentary, Sport",NR,Paul Wagner,Kathryn Walker,https://www.filmcrave.com/movie_page_main.php?id=41672,"A documentary that gives a behind-the-scenes look into the competitive, and potentially lucrative, world of horse racing: from the breeding shed to the winner's circle. --"
The Brazen Bull,13656,2.8,3,11/09/2010,English,Thriller,R,Douglas Elford-Argent,"Michael Madsen, Jennifer Tisdale, Rachel Hunter, wendolyn Garver, David Frank Fletcher Jr., Nils Allen Stewart",https://www.filmcrave.com/movie_page_main.php?id=41673,Unknown
Legendary Assassin ( Long nga ),28195,2.3,3,12/04/2008,Cantonese,"Action, Thriller",R,"Chung Chi Li, Jacky Wu","Jacky Wu, Celina Jade, Kara Hui, Zhan-Wen Keu, Noriko Aoyama, Lik-Sun Fong",https://www.filmcrave.com/movie_page_main.php?id=41674,"A female cop befriends a mysterious martial arts drifter, who turns out to be a deadly assassin."
Hell Harbor,23566,2.2,5,03/15/1930,English,"Drama, Romance",NR,Henry King,"Lupe Velez, Jean Hersholt, John Holland, Gibson Gowland, Harry Allen, Al St. John",https://www.filmcrave.com/movie_page_main.php?id=41675,Unknown
Orange,22908,2.5,3,11/26/2010,Other,"Drama, Romance",NR,Bhaskar,"Ram Charan Teja, Genelia D'Souza, Shazahn Padamsee, Brahmanandam, Sam Gaskin, Yasushi Asaya",https://www.filmcrave.com/movie_page_main.php?id=41676,Unknown
Tower Heist,6505,2.5,134,11/04/2011,English,"Comedy, Crime",PG-13,Brett Ratner,"Ben Stiller, Eddie Murphy, Casey Affleck, Matthew Broderick, Téa Leoni, Alan Alda",https://www.filmcrave.com/movie_page_main.php?id=41677,A group of working-class men all fall victim to the same ponzi scheme. They conspire to pull off a robbery of the high-rise of the man responsible for their predicament. --
"Somewhat Gentle Man, A ( En ganske snill mann )",9694,2.6,7,10/01/2010,Norwegian,"Comedy, Crime",NR,Hans Petter Moland,"Stellan Skarsgård, Bjørn Floberg, Gard B. Eidsvold, Jorunn Kjellsby, Bjørn Sundquist, Jon Øigarden",https://www.filmcrave.com/movie_page_main.php?id=41678,"After serving 12 years in prison for murder, Ulrik is releases and finds that dealing with his family is nearly as bad as dealing with his old gang. This somewhat gentle man will have his hands full, and his hair falling out, trying to remain calm. --"
Kalamity,24455,2.3,4,10/22/2010,English,Thriller,R,James M. Hausler,"Beau Garrett, Nick Stahl, Alona Tal, Robert Forster, Jonathan Jackson, Sammi Hanratty",https://www.filmcrave.com/movie_page_main.php?id=41679,"After a messy breakup with his girlfriend, Billy returns to his hometown and reconnects with his best friend only to find he has become withdrawn and paranoid - as he attempts to figure out what has changed him, he finds some things may be best left alone. --"
Thunder Soul,28278,2.3,3,08/10/2010,English,Documentary,PG,Mark Landsman,"Conrad ""Prof"" Johnson",https://www.filmcrave.com/movie_page_main.php?id=41680,"The jazz band Kashmere High School class of 1975 reunites to pay tribute to Conrad ""Prof"" Johnson, who turned a run-of-the-mill inner-city Houston band into a world-class funk powerhouse. --"
Flight of the Cardinal,35848,2.0,3,10/05/2010,English,Thriller,NR,Robert Gaston,"Ross Beschler, David Bonner, Claire Bowerman, Matthew Montgomery, Liz Douglas, Z. Joseph Guice",https://www.filmcrave.com/movie_page_main.php?id=41681,Unknown
Brighton Rock,15752,2.3,11,08/26/2011,English,"Crime, Drama",R,Rowan Joffe,"Helen Mirren, John Hurt, Andy Serkis, Sam Riley, Andrea Riseborough, Sean Harris",https://www.filmcrave.com/movie_page_main.php?id=41682,"Follows the downfall of Pinkie, a British delinquent as his plans fall apart and paranoia takes over.  --"
Fall Down Dead,35813,2.0,3,12/18/2009,English,Horror,R,Jon Keeyes,"Dominique Swain, Mehmet Günsür, Udo Kier, David Carradine, R. Keith Harris, Monica Barladeanu",https://www.filmcrave.com/movie_page_main.php?id=41683,Unknown
Today's Special,35859,2.0,3,11/19/2010,English,Comedy,NR,David Kaplan,"Dean Winters, Kevin Corrigan, Aasif Mandvi, Jess Weixler, Ajay Naidu, Kevin Breznahan",https://www.filmcrave.com/movie_page_main.php?id=41684,Unknown
The Grace Card,8055,2.7,8,02/25/2011,English,Drama,PG-13,David G. Evans,"Michael Joiner, Mike Higgenbottom, Louis Gossett Jr., Cindy Hodge, Joy Parmer Moore, Chris Thomas",https://www.filmcrave.com/movie_page_main.php?id=41685,"A story of forgiveness and redemption through the eyes of two police officers: One has been angry at life and God after his son died in an accident, eroding his family life and stalling his career; the other is an officer on the fast track with a loving family and who works as a part-time pastor. When they are partnered together, it will test faith and ultimately heal wounds. --"
Apollo 18,23150,2.0,46,09/02/2011,English,"Sci-Fi, Horror",PG-13,Gonzalo López-Gallego,"Warren Christie, Lloyd Owen",https://www.filmcrave.com/movie_page_main.php?id=41686,The real mission to space in the 1970s that NASA suddenly canceled - haven't you ever wondered why we've never gone back to the moon? --
Born to Be Wild,8484,2.6,15,04/08/2011,English,Documentary,G,David Lickley,"Morgan Freeman, Birute Galdikas, Daphne Sheldrick",https://www.filmcrave.com/movie_page_main.php?id=41687,The bond between animals and humans is explored in this documentary which chronicles the lives of a group of dedicated experts who help rescue and rehabilitate orphaned orangutans and elephants and return them back to the wild. --
Paranormal Activity 3,6391,2.5,104,10/21/2011,English,"Horror, Mystery",R,"Henry Joost, Ariel Schulman","Chloe Csengery, Jessica Tyler Brown, Christopher Nicholas Smith, Lauren Bittner, Dustin Ingram, Katie Featherston",https://www.filmcrave.com/movie_page_main.php?id=41688,A prequel to the first two films that show how Katie and her sister Kristi first encountered the demonic presence that will go on to terrorize their families. --
Hurry Tomorrow,55470,1.2,3,09/30/1975,English,Documentary,NR,Richard Cohen,Unknown,https://www.filmcrave.com/movie_page_main.php?id=41689,Unknown
Grand Canyon Adventure: River at Risk,29114,2.1,4,03/12/2008,English,"Documentary, Adventure",NR,Greg MacGillivray,"Robert Redford, Wade Davis, Nikki Kelly, Shana Watahomigie",https://www.filmcrave.com/movie_page_main.php?id=41690,Unknown
One Hour Fantasy Girl,51550,3.0,1,08/01/2009,English,"Drama, Mystery",NR,Edgar Michael Bravo,"Kelly-Ann Tursi, Jon Morgan Woodward, Joe Luckay, Paul D. Nguyen, Kalena Knox, Ann Hagemann",https://www.filmcrave.com/movie_page_main.php?id=41691,Unknown
Dolls,4276,2.8,19,05/22/1987,English,Horror,R,Stuart Gordon,"Ian Patrick Williams, Carolyn Purdy-Gordon, Carrie Lorraine, Guy Rolfe, Stephen Lee, Hilary Mason",https://www.filmcrave.com/movie_page_main.php?id=41692,"The plot revolves around one little girl who is trapped in an old mansion with her parents. The mansion is owned by an old toymaker who has a vast collection of dolls he crafted over the years.  As the night passes, terrible things begin to happen, and it soon becomes clear that the dolls are responsible."
Little Crumb ( Kruimeltje ),14089,2.8,3,01/14/2001,Dutch,"Drama, Comedy",NR,Maria Peters,"Ruud Feltkamp, Hugo Haenen, Eric van der Donk, Sacha Bulthuis, John Kraaykamp, Thekla Reuten",https://www.filmcrave.com/movie_page_main.php?id=41693,"Based on a popular Dutch children's book by Chris van Abkoude, this comedy-drama concerns Crumb, a much put-upon youngster whose poverty -stricken mother is forced to turn him over to the stern Mrs. Koster. However, Mrs. Koster proves to be a cruel taskmaster who insists Crumb bring her money before she'll feed him. Crumb's money-making schemes sometime cause him to run afoul of the police, and he has earned the enmity of most of the grownups around him when Mrs. Koster unexpectedly dies. To Crumb's surprise, he's taken in by Chris, the owner of a grocery store who develops a soft spot for the scruffy tyke. Crumb is happy, but his joy is short-lived when the market is destroyed in a fire; without a guardian, he is sent to an orphanage presided over by the mean-spirited Mr. Keyzer."
Carolina Cannonball,48240,3.0,1,01/28/1955,English,"Comedy, Musical",NR,Charles Lamont,"Judy Canova, Andy Clyde, Ross Elliott, Sig Ruman, Leon Askin, Jack Kruschen",https://www.filmcrave.com/movie_page_main.php?id=41694,Unknown
Left/Right,51627,3.0,1,12/01/2009,English,Comedy,NR,"Matthew Wolfe, Todd Wolfe","Matthew Wolfe, Caitlin Mulhern, Stephen David Calhoun, Sabra Berger, Charlie Yoder, Sean MacKenna",https://www.filmcrave.com/movie_page_main.php?id=41695,Unknown
Kawasaki's Rose ( Kawasakiho ruze ),42398,1.7,3,09/29/2010,Czech,Drama,NR,Jan Hrebejk,"Lenka Vlasáková, Milan Mikulcík, Martin Huba, Daniela Kolárová, Antonin Kratochvil, Anna Simonová",https://www.filmcrave.com/movie_page_main.php?id=41696,Unknown
Hard to Be Me,22873,2.5,3,03/07/2010,English,"Comedy, Drama",NR,Erik Cieslewicz,"Edward Robert Bach, Kendra North, Katie E. Jones, Michael Garvey, Megan Hurst, Doug Henderson",https://www.filmcrave.com/movie_page_main.php?id=41697,Unknown
Appleseed Saga: Ex Machina ( Ekusu makina ),6426,2.7,12,10/20/2007,Japanese,"Anime, Action",PG-13,Shinji Aramaki,"Ai Kobayashi, Kôichi Yamadera, Yûji Kishi, Kong Kuwata, Shinpachi Tsuji, Gara Takashima",https://www.filmcrave.com/movie_page_main.php?id=41698,Unknown
LennonNYC,18774,2.7,3,09/25/2010,English,Documentary,NR,Michael Epstein,"John Lennon, Yoko Ono",https://www.filmcrave.com/movie_page_main.php?id=41699,Unknown
Voices of a Distant Star ( Hoshi no koe ),5914,2.7,13,02/02/2003,Japanese,"Anime, Romance",NR,"Makoto Shinkai, Steven Foster","Mika Shinohara, Makoto Shinkai, Cynthia Martinez, Adam Conlon",https://www.filmcrave.com/movie_page_main.php?id=41700,Unknown
"Of Gods and Men ( hommes et des dieux, Des )",1176,3.1,18,02/25/2011,French,Drama,R,Xavier Beauvois,"Lambert Wilson, Michael Lonsdale, Olivier Rabourdin, Philippe Laudenbach, Jacques Herlin, Loïc Pichon",https://www.filmcrave.com/movie_page_main.php?id=41701,"The threat of terrorism in a small Algerian community forces of group of Trappist monks to make the tough decision to stay and help the people, and possibly sacrifice their lives, or leave and survive but risk their faith. --"
Come Undone ( Cosavogliodipiù ),29151,2.1,4,12/03/2010,Italian,Drama,NR,Silvio Soldini,"Alba Rohrwacher, Pierfrancesco Favino, Teresa Saponangelo, Giuseppe Battiston, Fabio Troiano, Monica Nappo",https://www.filmcrave.com/movie_page_main.php?id=41702,Unknown
The Be All and End All,51589,3.0,1,10/13/2009,English,"Comedy, Drama",NR,Bruce Webb,"Josh Bolt, Eugene Byrne, Kate Henry, Connor McIntyre, Liza Tarbuck, Bryony Seth",https://www.filmcrave.com/movie_page_main.php?id=41703,Unknown
Moneyball,476,3.1,266,09/23/2011,English,"Drama, Biography",PG-13,Bennett Miller,"Brad Pitt, Jonah Hill, Robin Wright, Philip Seymour Hoffman, Chris Pratt, Kathryn Morris",https://www.filmcrave.com/movie_page_main.php?id=41704,"The Oakland A's general manager Billy Beane is low on money but high on ideas. Using the assistance of computer-generated analysis for his draft, he hopes to put together a standout team on a modest budget. --"
Take Me Home Tonight,14956,2.2,54,03/04/2011,English,"Comedy, Drama",R,Michael Dowse,"Teresa Palmer, Anna Faris, Michelle Trachtenberg, Topher Grace, Michael Biehn, Chris Pratt",https://www.filmcrave.com/movie_page_main.php?id=41705,"An MIT grad has given up a lucrative and stable lab job to work as a lowly video clerk while he tries to figure out his life. A Labor Day weekend party approaches, along with the chance to land his dream girl while his best friend and twin sister deal with their own problems. --"
Rare Exports: A Christmas Tale,3269,2.8,27,12/03/2010,Finnish,"Comedy, Fantasy",NR,Jalmari Helander,"Per Christian Ellefsen, Peeter Jakobi, Tommi Korpela, Jorma Tommila, Onni Tommila, Jonathan Hutchings",https://www.filmcrave.com/movie_page_main.php?id=41706,"An archeological dig in Finland unearths the ""real"" Santa Claus and far from Jolly Old Saint Nick we all know. Soon after children start disappearing and a father and son are determined to stop him, before his elves can find him. --"
15 Till Midnight,28284,2.3,3,09/24/2010,English,"Action, Sci-Fi",NR,Wolfgang Meyer,"Brandon Slagle, Dee Martin, Devanny Pinn, Andrew Roth, Andrea Chen, Olivia Baseman",https://www.filmcrave.com/movie_page_main.php?id=41707,Unknown
'Bama Girl,22810,2.5,3,03/10/2008,English,Documentary,NR,Rachel Goslins,Jessica Thomas,https://www.filmcrave.com/movie_page_main.php?id=41708,Unknown
Saint Misbehavin': The Wavy Gravy Movie,35804,2.0,3,10/09/2009,English,Documentary,NR,Michelle Esrick,Unknown,https://www.filmcrave.com/movie_page_main.php?id=41709,Unknown
Cagin of Chrysaint,34553,2.0,3,10/01/2010,English,"Fantasy, Romance",NR,Dana Smith,"Carrie Leigh Harris, Brandon LaBue, Bryan Wesley Sellers, Scotty Whitehurst, Wesley O'Mary, Dina Cherise",https://www.filmcrave.com/movie_page_main.php?id=41710,"“She may not need a husband, but Chrysaint needs a king.”- Elisha."
'Hick' Town,35799,2.0,3,09/10/2009,English,Documentary,NR,George Hickenlooper,"John Hickenlooper, Michael Bloomberg, Al Gore, Hillary Rodham Clinton, Jimmy Carter, Rudolph W. Giuliani",https://www.filmcrave.com/movie_page_main.php?id=41711,Unknown
Slices of Life,28290,2.3,3,10/23/2010,English,"Horror, Sci-Fi",NR,Anthony G. Sumner,"Kaylee Williams, Jack Guasta, Toya Turner, Deneen Melody, Marv Blauvelt, Thurston Hill",https://www.filmcrave.com/movie_page_main.php?id=41712,Unknown
Guzaarish,7349,2.6,15,11/19/2010,Hindi,Drama,NR,Sanjay Leela Bhansali,"Aishwarya Rai, Hrithik Roshan, Aditya Roy Kapoor, Priyanka Bose, Shernaz Patel, Ash Chandler",https://www.filmcrave.com/movie_page_main.php?id=41713,Unknown
Eyes in the Dark,13674,2.8,3,04/25/2010,English,"Horror, Sci-Fi",NR,Bjorn Anderson,"Wayne Bastrup, Melissa Goad, John Symonds, Maureen Francisco, Telisa Steen, Melinda Ausserer",https://www.filmcrave.com/movie_page_main.php?id=41714,Unknown
...And Suddenly It's Murder! ( Crimen ),30811,2.2,3,01/23/1964,Italian,"Comedy, Crime",NR,Mario Camerini,"Alberto Sordi, Vittorio Gassman, Nino Manfredi, Dorian Gray, Franca Valeri, Georges Rivière",https://www.filmcrave.com/movie_page_main.php?id=41715,Unknown
Kamui ( Kamui gaiden ),12775,2.6,5,07/26/2010,Japanese,"Action, Drama",NR,Yoichi Sai,"Ken'ichi Matsuyama, Koyuki, Kaoru Kobayashi, Kôichi Satô, Hideaki Itô, Sei Ashina",https://www.filmcrave.com/movie_page_main.php?id=41716,Unknown
Merantau,9340,2.6,9,11/05/2009,Other,"Action, Drama",R,Gareth Evans,"Iko Uwais, Sisca Jessica, Christine Hakim, Mads Koudal, Yusuf Aulia, Laurent Buson",https://www.filmcrave.com/movie_page_main.php?id=41717,Unknown
Spin,37637,2.5,2,01/23/2007,English,"Action, Drama",R,Dan Neira,"Fernando Carrillo, Shalim Ortiz, Elika Crespo, Catalina Rodriguez, Kim Morgan Greene, David Selby",https://www.filmcrave.com/movie_page_main.php?id=41718,Unknown
Spin the Bottle,50178,3.0,1,05/04/2000,English,"Comedy, Drama",NR,Jamie Yerkes,"Heather Goldenhersh, Holter Graham, Mitchell Riggs, Kim Winter, Jessica Faller, Kristen Way",https://www.filmcrave.com/movie_page_main.php?id=41719,Unknown
Jolene,13083,2.4,11,10/29/2010,English,Drama,R,Dan Ireland,"Jessica Chastain, Dermot Mulroney, Chazz Palminteri, Rupert Friend, Michael Vartan, Denise Richards",https://www.filmcrave.com/movie_page_main.php?id=41720,Experience the life and lessons as an orphaned teen spends 10 year on a cross-country journey to find herself. Based on the story by E.L. Doctorow. --
Cane Toads: The Conquest,14864,2.6,4,01/26/2010,English,Documentary,PG,Mark Lewis,Unknown,https://www.filmcrave.com/movie_page_main.php?id=41721,Unknown
Street Days ( Quchis dgeebi ),35835,2.0,3,06/01/2010,Other,Drama,NR,Levan Koguashvili,"Guga Kotetishvili, Irakli Ramishvili, Giorgi Kipshidze, Gaga Chikhladze, Dato Kinghuradze, Paata Khetaguri",https://www.filmcrave.com/movie_page_main.php?id=41722,Unknown
Finder's Fee,47159,3.0,1,06/19/2001,English,"Drama, Thriller",R,Jeff Probst,"Erik Palladino, Ryan Reynolds, Dash Mihok, James Earl Jones, Carly Pope, Matthew Lillard",https://www.filmcrave.com/movie_page_main.php?id=41723,Unknown
The Wild Man of the Navidad,10605,3.0,3,04/24/2008,English,"Drama, Horror",NR,"Duane Graves, Justin Meeks","Jacob Bargsley, James Bargsley, Shannon Biggers, William Booth, Alex Garcia, Edmond Geyer",https://www.filmcrave.com/movie_page_main.php?id=41724,Unknown
One Good Turn,9909,2.7,6,10/31/1931,English,Comedy,NR,James W. Horne,"Stan Laurel, Oliver Hardy, Mary Carr, James Finlayson, Billy Gilbert, 'Snub' Pollard",https://www.filmcrave.com/movie_page_main.php?id=41725,"Two homeless men, Laurel and Hardy, work for food. --"
Night Owls,8350,2.8,6,01/04/1930,English,Comedy,NR,James Parrott,"Stan Laurel, Oliver Hardy, Edgar Kennedy, James Finlayson, Anders Randolf",https://www.filmcrave.com/movie_page_main.php?id=41726,A police officer gets Laurel and Hardy to burglarize the police chief's
The Hoose-Gow,20075,2.3,6,11/16/1929,English,Comedy,NR,James Parrott,"Stan Laurel, Oliver Hardy, Tiny Sandford, James Finlayson, Charlie Hall, Leo Willis",https://www.filmcrave.com/movie_page_main.php?id=41727,Laurel and Hardy get arrested and taken to a prison labor camp. --
Men O' War,15085,2.4,7,06/29/1929,English,"Comedy, Family",NR,Lewis R. Foster,"Stan Laurel, Oliver Hardy, James Finlayson, Anne Cornwall, Harry Bernard, Gloria Greer",https://www.filmcrave.com/movie_page_main.php?id=41728,Laurel and Hardy are two sailors on leave who meet two girls. --
Thicker than Water,10378,2.7,5,03/16/1935,English,Comedy,NR,James W. Horne,"Stan Laurel, Oliver Hardy, Daphne Pollard, James Finlayson, Allan Cavan, Grace Goodall",https://www.filmcrave.com/movie_page_main.php?id=41729,Hardy is in trouble with his wife after missing a payment on some
Poor Boy's Game,44645,2.0,2,03/14/2008,English,Drama,R,Clément Virgo,"Rossif Sutherland, Danny Glover, Flex Alexander, Greg Bryk, Laura Regan, Stephen McHattie",https://www.filmcrave.com/movie_page_main.php?id=41730,Unknown
Ollie Hopnoodle's Haven of Bliss,57659,2.0,1,08/06/1988,English,"Comedy, Family",NR,Dick Bartlett,"Jason Clarke Adams, Robert J. Colonna, Arnie Cox, Desmond Dhooge, Ross Eldridge, Dorothy Lyman",https://www.filmcrave.com/movie_page_main.php?id=41731,Unknown
The Pleasure Girls,56745,2.0,1,04/20/1966,English,Drama,NR,Gerry O'Hara,"Francesca Annis, Anneke Wills, Tony Tanner, Rosemary Nicols, Ian McShane, Klaus Kinski",https://www.filmcrave.com/movie_page_main.php?id=41732,Unknown
Hit List,23522,2.2,5,05/13/2011,English,"Comedy, Romance",PG-13,Minh Collins,"Shirly Brener, Joseph Lawrence, Andrea Evans, Bryce Johnson, Curtis Armstrong, John Savage",https://www.filmcrave.com/movie_page_main.php?id=41733,"When her anger management proves to be too much, Charlotte Murphy begins to keep a journal at the behest of her therapist. She then turns to the Internet for love, and after a string of unsuccessful matches finds a perfect match in Lyle. But Lyle isn't a typical boyfriend and when he finds Charlotte's journal he decides to prove how much he really loves her. --"
Regresa,35855,2.0,3,10/29/2010,Spanish,"Comedy, Romance",NR,Alejandro González Padilla,"Jaime Camil, Blanca Soto, Javier Tolosa, Mariana Peñalva, Daniela Schmidt, Mónica Huarte",https://www.filmcrave.com/movie_page_main.php?id=41734,"A woman with a workaholic husband is convinced he's having an affair and turns to hypnosis to get a better grasp on their relationship. When the therapy session is over, however, instead of reverting to her old self she believes she is a 15th century Basque princess engaged to a prince. --"
Dam999,35916,2.0,3,11/25/2011,English,"Drama, Thriller",NR,Sohan Roy,"Joshua Fredric Smith, Vinay, Megha Burman, Linda Arsenio, Vimala Raman, Jaala Pickering",https://www.filmcrave.com/movie_page_main.php?id=41735,"Like a dam holding back water, the characters in the film hold back their emotions but just as time and pressure can wear away at such a structure, so too can emotion wear down human barriers - and when it finally breaks the aftermath will truly change lives. --"
And Everything is Going Fine,11491,2.8,4,01/01/2010,English,Documentary,NR,Steven Soderbergh,Spalding Gray,https://www.filmcrave.com/movie_page_main.php?id=41736,"Spalding Gray turned the monologue into an art form, from his one-man account of making The Killing Fields in Swimming to Cambodia, to intimate looks into personal family recordings, Steven Soderbergh collects several accounts and weaves them into a story that captures the essence of Gray. --"
Johnny English Reborn,16711,2.1,34,10/21/2011,English,Comedy,PG,Oliver Parker,"Rowan Atkinson, Rosamund Pike, Dominic West, Gillian Anderson, Togo Igawa, Burn Gorman",https://www.filmcrave.com/movie_page_main.php?id=41737,The world's wackiest secret agent is back in the game when MI-7 learns of an assassination attempt against the Chinese premier - a path that leads from the KGB to the CIA - all the way back to MI-7. English will have to use every trick and gadget in his arsenal to prevent this global threat. --
Summer Wars ( Samâ wôzu ),970,3.0,46,11/20/2010,Japanese,"Anime, Adventure",PG,Mamoru Hosoda,"Ayumu Saitô, Nanami Sakuraba, Mitsuki Tanimura, Takahiro Yokokawa, Ryûnosuke Kamiki, Yôji Tanaka",https://www.filmcrave.com/movie_page_main.php?id=41738,"A shy math genius agrees to to take a job of escorting Natuski, a girl he"
Mumbai Dairies ( Dhobi Ghat ),24731,2.0,10,01/21/2011,Hindi,Drama,NR,Kiran Rao,"Aamir Khan, Kriti Malhotra, Prateik Babbar, Monica Dogra, Danish Hussain, Ashok Varma",https://www.filmcrave.com/movie_page_main.php?id=41739,Unknown
Once Upon a Mattress,18671,2.7,3,12/18/2005,English,"Comedy, Musical",PG,Kathleen Marshall,"Carol Burnett, Tracey Ullman, Matthew Morrison, Zooey Deschanel, Tom Smothers, Denis O'Hare",https://www.filmcrave.com/movie_page_main.php?id=41740,"Queen Aggravarian tries to keep her son, Dauntless, from getting married by making up very difficult tests for all his suitors, under the guise of needing to find him a ""true princess."" When Princess Winnifred comes, the queen decides to test her on her sensitivity (which she lacks) by putting a pea under twenty mattresses to see if she can feel it."
Vampire Journals,18556,2.7,3,02/25/1997,English,Horror,R,Ted Nicolaou,"Jonathon Morris, David Gunn, Kirsten Cerre, Starr Andreeff, Ilinca Goia, Constantin Barbulescu",https://www.filmcrave.com/movie_page_main.php?id=41741,A 19th century vampire stalks a more powerful vampire lord in his quest to gain revenge over the death of his mistress. In his search for the vampire lord in Eastern Europe he kills many of his servants and fellow vampires while cursing another to vampirism as well.
Death of a Ghost Hunter,34527,1.8,5,10/28/2007,English,"Horror, Thriller",NR,Sean Tretta,"Davina Joy, Sarah Lawton, Mike Marsh, William McMinn, Lindsay Page, Patti Tindall",https://www.filmcrave.com/movie_page_main.php?id=41742,A paranormal investigator determined to prove that there is life after death investigates the house where an unspeakable tragedy occurred.
Cedar Rapids,8787,2.4,65,02/11/2011,English,Comedy,R,Miguel Arteta,"Sigourney Weaver, Alia Shawkat, Ed Helms, John C. Reilly, Mike O'Malley, Anne Heche",https://www.filmcrave.com/movie_page_main.php?id=41743,"A small-town insurance agent who has settled into his humdrum life finds his life turned upside down when he attends an annual insurance convention in Cedar Rapids, IA. --"
Wolves of Wall Street,50481,3.0,1,12/31/2002,English,"Action, Horror",R,David DeCoteau,"Jeff Branson, Louise Lasser, William Gregory Lee, Eric Roberts, Elisa Donovan, Michael Bergin",https://www.filmcrave.com/movie_page_main.php?id=41744,Unknown
...And God Created Them ( Dios los cría... ),35495,2.0,3,03/19/1983,Spanish,"Comedy, Drama",NR,Jacobo Morales,"Pedro Juan Figueroa, Miguel Ángel Suárez, Chavito Marrero, Norma Candal, Jacobo Morales, Gladys Rodríguez",https://www.filmcrave.com/movie_page_main.php?id=41745,Unknown
Legend of the Fist: The Return of Chen Zhen ( Jing mo fung wan: Chen Zhen ),9762,2.5,19,04/22/2011,Cantonese,"Action, Historical",R,Wai-keung Lau,"Donnie Yen, Qi Shu, Anthony Wong Chau-Sang, Yasuaki Kurata, Karl Dominik, Ryu Kohata",https://www.filmcrave.com/movie_page_main.php?id=41746,Seven years ago Chen Zhen was shot after discovering who was behind his teacher's murder in Shanghai. Yet he did not die and returns to infiltrate the local mob while fighting crime by night as a caped fighter. He will not stop until everyone responsible has been dealt with. --
Seres: Genesis,43078,1.7,3,10/29/2010,Spanish,"Action, Sci-Fi",NR,Angel Mario Huerta,"Gonzalo Vega, Manuel Balbi, Alejandra Barros, Humberto Busto, Arturo Delgado, Luisa Guerrero",https://www.filmcrave.com/movie_page_main.php?id=41747,A team from Owel Tec investigates a series of paranormal activities that may be tied to an alien invasion. --
Waiting for Forever,8193,2.5,24,02/10/2010,English,Romance,PG-13,James Keach,"Rachel Bilson, Nikki Blonsky, Blythe Danner, Matthew Davis, Richard Jenkins, Jaime King",https://www.filmcrave.com/movie_page_main.php?id=41748,"A Hollywood-set romantic tale of a guy who is content to live his life without a job yet with the love of his life, a young actress."
When a Man Comes Home ( En mand kommer hjem ),51217,3.0,1,09/14/2007,Danish,Comedy,NR,Thomas Vinterberg,"Thomas Bo Larsen, Brigitte Christensen, Oliver Møller-Knauer, Ronja Mannov Olesen, Helene Reingaard Neumann, Morten Grunwald",https://www.filmcrave.com/movie_page_main.php?id=41749,Unknown
Rooms for Tourists ( Habitaciones para turistas ),50913,3.0,1,10/20/2005,Spanish,"Crime, Horror",NR,Adrián García Bogliano,"Jimena Krouco, Elena Siritto, Mariela Mujica, Brenda Vera, Victoria Witemburg, Alejandro Lise",https://www.filmcrave.com/movie_page_main.php?id=41750,Unknown
Getting Played,51033,3.0,1,06/13/2006,English,"Comedy, Romance",PG-13,David Silberg,"Vivica A. Fox, Bill Bellamy, Carmen Electra, Stacey Dash, Kathy Najimy, Joe Torry",https://www.filmcrave.com/movie_page_main.php?id=41751,"Three beautiful women decide, on a bet, to select and seduce a total stranger."
Gifted Hands: The Ben Carson Story,25892,3.0,2,02/07/2009,English,Drama,NR,Thomas Carter,"Cuba Gooding Jr., Angela Dawe, Kimberly Elise, Danny Goldring, Zac Douglass, Gregory Dockery II",https://www.filmcrave.com/movie_page_main.php?id=41752,A frustrated young boy with problems in school overcomes the obstacles in his life to become a world-renowned neurosurgeon.
Good Fences,32572,2.8,2,02/03/2003,English,"Comedy, Drama",R,Ernest R. Dickerson,"Danny Glover, Whoopi Goldberg, Mo'Nique, Ryan Michelle Bathe, Marie Cruz, Zachary Simmons Glover",https://www.filmcrave.com/movie_page_main.php?id=41753,"A black family finds the American dream may become an American nightmare. In the 1970s Attorney Tom Spader has won a huge case and, now in the limelight, moves from a mixed-lower-to-middle clash town to a posh Greenwich, CT neighborhood. --"
Duck,32706,2.8,2,02/04/2008,English,Drama,PG-13,Nicole Bettauer,"Philip Baker Hall, Carol Mansell, Larry Cedar, Starletta DuPois, Noel Gugliemi, Gary Kasper",https://www.filmcrave.com/movie_page_main.php?id=41754,A lonely man finds and bonds with a duck
Objectified,11752,2.8,4,03/14/2009,English,Documentary,NR,Gary Hustwit,"Paola Antonelli, Hella Jongerius, Fiona Raby, Naoto Fukasawa, Karim Rashid, Marc Newson",https://www.filmcrave.com/movie_page_main.php?id=41755,Unknown
Kill the Irishman,8051,2.5,37,03/11/2011,English,"Action, Crime",R,Jonathan Hensleigh,"Val Kilmer, Christopher Walken, Linda Cardellini, Ray Stevenson, Vinnie Jones, Vincent D'Onofrio",https://www.filmcrave.com/movie_page_main.php?id=41756,"Based on the life of Danny Greene, an Irish criminal who joined up with the Cleveland mob in the 1970s. --"
Encounters,50817,3.0,1,04/15/2005,English,Drama,NR,Pat Kelman,"Nicky Brown, Heather Coombs, David Kershaw, Deborah Jeffrey, Alexandra London-Thompson, Jonathan Reason",https://www.filmcrave.com/movie_page_main.php?id=41757,Unknown
Kill Everyone,51606,3.0,1,11/01/2009,English,"Comedy, Horror",NR,"Richard Tobin Jr., Michael Vallier II","Richard Tobin Jr., Caitlin Robert, Najwa Rosdi, Kaitlyn Bouchard, Ryan Tully, Jason Kindschy",https://www.filmcrave.com/movie_page_main.php?id=41758,Unknown
Jackie's Back!,50072,3.0,1,06/14/1999,English,Comedy,NR,Robert Townsend,"Jenifer Lewis, Tim Curry, Whoopi Goldberg, Tom Arnold, Loretta Devine, Kathy Najimy",https://www.filmcrave.com/movie_page_main.php?id=41759,"Jackie Washington, the forgotten 70's sex kitten, has re-emerged from her latest bout with obscurity to reclaim her fame in this hilarious ""mockumentary."" See Jackie's checkered past unfold as celebrities from share their unexpurgated memories of this over-the-hill diva from hell!"
Irresistible,11534,2.8,4,04/18/2006,English,"Drama, Thriller",R,Ann Turner,"Susan Sarandon, Sam Neill, Emily Blunt, Charles 'Bud' Tingwell, William McInnes, Georgie Parker",https://www.filmcrave.com/movie_page_main.php?id=41760,Unknown
Naked Hearts,45073,1.5,3,05/10/1916,English,Drama,NR,Rupert Julian,"Zoe Rae, Francelia Billington, Gordon Griffith, Rupert Julian, Jack Holt, George Hupp",https://www.filmcrave.com/movie_page_main.php?id=41761,Unknown
Honor Thy Name,38926,1.8,3,08/06/1916,English,Drama,NR,Charles Giblyn,"Louise Glaum, Frank Keenan, Charles Ray, George Fisher, Blanche White, Aggie Herring",https://www.filmcrave.com/movie_page_main.php?id=41762,Unknown
Little Mary Sunshine,29977,2.2,3,03/03/1916,English,Drama,NR,Henry King,"Marie Osborne, Henry King, Marguerite Nichols, Andrew Arbuckle, Mollie McConnell",https://www.filmcrave.com/movie_page_main.php?id=41763,Unknown
Tom Sawyer,38930,1.8,3,12/10/1917,English,"Adventure, Comedy",NR,William Desmond Taylor,"Jack Pickford, George Hackathorne, Alice Marvin, Edythe Chapman, Robert Gordon, Clara Horton",https://www.filmcrave.com/movie_page_main.php?id=41764,Unknown
The Son-of-a-Gun,17959,2.7,3,02/02/1919,English,Western,NR,Gilbert M. 'Broncho Billy' Anderson,"Gilbert M. 'Broncho Billy' Anderson, Joy Lewis, Fred Church, Frank Whitson, A.E. Witting, Mattie Witting",https://www.filmcrave.com/movie_page_main.php?id=41765,Unknown
The Ruse,13659,2.8,3,07/15/1915,English,Western,NR,"William Clifford, William S. Hart","William S. Hart, Clara Williams, John Davidson, Fanny Midgley, Gertrude Claire",https://www.filmcrave.com/movie_page_main.php?id=41766,Unknown
An Arizona Wooing,21751,2.5,3,05/04/1915,English,Western,NR,Tom Mix,"Tom Mix, Louella Maxam, Pat Chrisman, William Brunton, Sid Jordan",https://www.filmcrave.com/movie_page_main.php?id=41767,Unknown
Derby Day,17970,2.7,3,11/18/1923,English,"Comedy, Family",NR,Robert F. McGowan,"Charles A. Bachman, Allen 'Farina' Hoskins, Joe Cobb, Ernest Morrison, Mickey Daniels, Mary Kornman",https://www.filmcrave.com/movie_page_main.php?id=41768,Unknown
The Sun Down Limited,34674,2.0,3,09/21/1924,English,"Comedy, Family",NR,Robert F. McGowan,"Joe Cobb, Jackie Condon, Mickey Daniels, Allen 'Farina' Hoskins, Mary Kornman, Andy Samuel",https://www.filmcrave.com/movie_page_main.php?id=41769,Unknown
Official Officers,26984,2.3,3,06/30/1925,English,"Comedy, Family",NR,Robert F. McGowan,"Joe Cobb, Jackie Condon, Mickey Daniels, Allen 'Farina' Hoskins, Johnny Downs, Jack Gavin",https://www.filmcrave.com/movie_page_main.php?id=41770,Unknown
"Mary, Queen of Tots",17975,2.7,3,08/23/1925,English,"Comedy, Family",NR,Robert F. McGowan,"Joe Cobb, Jackie Condon, Allen 'Farina' Hoskins, Mary Kornman, Lyle Tayo, May Beatty",https://www.filmcrave.com/movie_page_main.php?id=41771,Unknown
The Fourth Alarm,34691,2.0,3,09/12/1926,English,"Comedy, Family",NR,Robert F. McGowan,"George B. French, Charles A. Bachman, Ham Kinsey, Ed Brandenburg, Sam Lufkin, Gene Morgan",https://www.filmcrave.com/movie_page_main.php?id=41772,Unknown
Olympic Games,38647,1.8,4,09/11/1927,English,"Comedy, Family",NR,Robert A. McGowan,"Joe Cobb, Jackie Condon, Allen 'Farina' Hoskins, Bobby 'Wheezer' Hutchins, Jean Darling, Mildred Kornman",https://www.filmcrave.com/movie_page_main.php?id=41773,Unknown
Spook Spoofing,42184,1.6,4,01/14/1928,English,"Comedy, Family",NR,Robert F. McGowan,"Joe Cobb, Jackie Condon, Allen 'Farina' Hoskins, Bobby 'Wheezer' Hutchins, Jean Darling, Mildred Kornman",https://www.filmcrave.com/movie_page_main.php?id=41774,Unknown
The Chaperone,20285,2.1,18,02/18/2011,English,"Comedy, Family",PG-13,Stephen Herek,"Paul Levesque, Kevin Corrigan, José Zúñiga, Ashley Taylor, Kevin Rankin, Jake Austin Walker",https://www.filmcrave.com/movie_page_main.php?id=41775,"A renowned wheelman leaves his life of crime behind to bond with his daughter and make up with his ex-wife. His buddies recruit him for a final job, but he bails out at the last moment, leaving the crew without a getaway. Instead he drives the bus for his daughter's field trip, but his bank-robbing friends aren't about to let him get off easy. --"
Still Green,32750,2.8,2,05/15/2009,English,Drama,NR,Jon Artigo,"Sarah Jones, Ryan Kelley, Douglas Spain, Noah Segan, Paul Costa, Brandon Meyer",https://www.filmcrave.com/movie_page_main.php?id=41776,Unknown
My Sucky Teen Romance,51667,3.0,1,03/15/2011,English,Comedy,NR,Emily Hagins,"Tina Rodriguez, Lauren Lee, Devin Bonnée, Tony Vespe, John Gholson, Patrick Delgado",https://www.filmcrave.com/movie_page_main.php?id=41777,Unknown
Lost Dream,51498,3.0,1,05/07/2009,English,Drama,NR,Asif Ahmed,"Michael Welch, Shaun Sipos, Sarah Foret, Katie Stuart, Aisha Hinds, Jeremy London",https://www.filmcrave.com/movie_page_main.php?id=41778,Unknown
Falling Star ( Goyband ),10841,3.0,3,07/01/2009,English,Comedy,NR,Christopher Grimm,"Adam Pascal, Amy Davidson, Natasha Lyonne, Erik Liberman, Benjamin Bauman, Elena Franklin",https://www.filmcrave.com/movie_page_main.php?id=41779,Unknown
"Long Ride from Hell, A ( Vivo per la tua morte )",48734,3.0,1,02/25/1970,Italian,Western,R,Camillo Bazzoni,"Steve Reeves, Wayde Preston, Guido Lollobrigida, Mimmo Palmara, Silvana Venturelli, Nello Pazzafini",https://www.filmcrave.com/movie_page_main.php?id=41780,Unknown
In Our Name,10853,3.0,3,12/10/2010,English,Drama,NR,Brian Welsh,"Bill Fellows, Joanne Froggatt, John Henshaw, Drew Horsley, Andrew Knott, Janine Leigh",https://www.filmcrave.com/movie_page_main.php?id=41781,Unknown
Shadowland,39903,1.8,3,11/30/2010,English,"Horror, Thriller",R,Wyatt Weed,"Caitlin McIntosh, Jason Contini, Carlos Antonio León, Dale D. Moore, Don McLendon, Robert Nolan Clark",https://www.filmcrave.com/movie_page_main.php?id=41782,Unknown
The Forbidden City,55528,1.0,3,10/06/1918,English,"Drama, Romance",NR,Sidney Franklin,"Norma Talmadge, Thomas Meighan, E. Alyn Warren, Michael Rayle, L. Rogers Lytton, Reid Hamilton",https://www.filmcrave.com/movie_page_main.php?id=41783,Unknown
Hood to Coast,23739,2.2,5,01/11/2011,English,Documentary,NR,"Christoph Baaden, Marcie Hume","Margaret Lily Andres, Jason Baldwin, Rachel Larsen, Jenny Macy",https://www.filmcrave.com/movie_page_main.php?id=41784,Documentary that follows several teams at they compete in the world's largest relay event that combines the determination of a marathon experience with the exuberance of a road trip. --
Fade to Black,29106,2.1,4,03/30/2007,English,"Mystery, Thriller",R,Oliver Parker,"Danny Huston, Diego Luna, Paz Vega, Christopher Walken, Anna Galiena, Violante Placido",https://www.filmcrave.com/movie_page_main.php?id=41785,Unknown
Certifiably Jonathan,29467,1.9,7,02/11/2011,English,Comedy,NR,James David Pasternak,"Jonathan Winters, Robin Williams, Howie Mandel, Nora Dunn, Sarah Silverman, Tim Conway",https://www.filmcrave.com/movie_page_main.php?id=41786,Unknown
Giulia Doesn't Date at Night ( Giulia non esce la sera ),25893,3.0,2,02/27/2009,Italian,"Drama, Thriller",NR,Giuseppe Piccioni,"Valerio Mastandrea, Valeria Golino, Sonia Bergamasco, Lidia Vitale, Chiara Nicola, Paolo Sassanelli",https://www.filmcrave.com/movie_page_main.php?id=41787,Unknown
"Ghost River ( vie promise, La )",35676,2.0,3,03/05/2004,French,Drama,NR,Olivier Dahan,"Isabelle Huppert, Pascal Greggory, Maud Forget, Fabienne Babe, André Marcon, Louis-Do de Lencquesaing",https://www.filmcrave.com/movie_page_main.php?id=41788,Unknown
11-11-11,26480,1.9,20,11/10/2011,English,"Horror, Thriller",PG-13,Darren Lynn Bousman,"Michael Landes, Timothy Gibbs, Denis Rafter, Wendy Glenn, Lluís Soler, Brendan Price",https://www.filmcrave.com/movie_page_main.php?id=41789,"On the 11th day of the 11th month in 2011, a being from another world with use the 11th gate of Heaven to enter our world. --"
Limitless,1556,2.8,307,03/18/2011,English,Thriller,PG-13,Neil Burger,"Robert De Niro, Bradley Cooper, Abbie Cornish, Anna Friel, Johnny Whitworth, Robert John Burke",https://www.filmcrave.com/movie_page_main.php?id=41790,"A man thinks he has solved all his problems when an untested, top-secret drug makes him smarter, leading to financial and social success. But he never considered the side effects or the people who want to keep the drug to remain a secret. --"
"Alien Girl, The ( Chuzhaya )",14881,2.6,4,12/17/2010,Russian,"Action, Drama",NR,Anton Bormatov,"Natalia Romanycheva, Evgeni Tkachuk, Kirill Poluhin, Anatoli Otradnov, Aleksandr Golubkov, Evgeny Mundun",https://www.filmcrave.com/movie_page_main.php?id=41791,Unknown
"Strange Case of Angelica, The ( Estranho Caso de Angélica, O )",29149,2.1,4,10/03/2010,Portuguese,Drama,NR,Manoel de Oliveira,"Pilar López de Ayala, Ricardo Trêpa, Filipe Vargas, Leonor Silveira, Ana Maria Magalhães, Luís Miguel Cintra",https://www.filmcrave.com/movie_page_main.php?id=41792,"A photographer is called upon by a wealthy hotel owner to take photographs of his deceased daughter. Yet through the camera, she appears alive again, and the photographer becomes entranced while losing touch with the world around him. --"
Ghost Town,15073,2.4,7,11/11/1988,English,"Horror, Western",NR,Richard Governor,"Franc Luz, Catherine Hickland, Jimmie F. Skaggs, Penelope Windust, Bruce Glover, Zitto Kazann",https://www.filmcrave.com/movie_page_main.php?id=41793,Unknown
Ghost Town Gold,30239,2.2,3,10/26/1936,English,Western,NR,Joseph Kane,"Robert Livingston, Ray Corrigan, Max Terhune, Kay Hughes, LeRoy Mason, Burr Caruth",https://www.filmcrave.com/movie_page_main.php?id=41794,Unknown
Certified Copy ( Copie conforme ),2491,2.9,19,03/11/2011,French,Drama,NR,Abbas Kiarostami,"Juliette Binoche, William Shimell, Jean-Claude Carrière, Agathe Natanson, Gianna Giachetti, Adrian Moore",https://www.filmcrave.com/movie_page_main.php?id=41795,An author and French antiques dealer meet in Tuscany about his latest book and the two set off on a journey that explores their relationship. --
Win Win,2851,2.8,53,03/18/2011,English,Comedy,R,Thomas McCarthy,"Paul Giamatti, Melanie Lynskey, Amy Ryan, Jeffrey Tambor, Bobby Cannavale, Burt Young",https://www.filmcrave.com/movie_page_main.php?id=41796,"An attorney who doubles as a wrestling coach comes across a star athlete through questionable dealings. He thinks this will be a boon for not only his coaching, but create a windfall for his family... that is until the boy's mother shows up from rehab and destroys his well-laid plans. --"
October ( Octubre ),46939,1.3,3,09/29/2010,Spanish,Drama,NR,"Daniel Vega Vidal, Diego Vega Vidal","Bruno Odar, Gabriela Velásquez, Carlos Gassols, María Carbajal, Sheryl Sánchez, Víctor Prada",https://www.filmcrave.com/movie_page_main.php?id=41797,Unknown
Kings Ransom,29863,1.9,6,10/06/2009,English,"Documentary, Sport",NR,Peter Berg,"Peter Berg, Wayne Gretzky, Walter Gretzky, Jim Matheson, Bob Miller, Luc Robitaille",https://www.filmcrave.com/movie_page_main.php?id=41798,"When Wayne Gretzky was traded from the Edmonton Oilers to the L.A. Kings it rocked the hockey world - as well as ignite rumors and outrage following the ""Great One"". --"
The Band That Wouldn't Die,24439,2.3,4,10/13/2009,English,"Documentary, Sport",NR,Barry Levinson,Robert Irsay,https://www.filmcrave.com/movie_page_main.php?id=41799,"When the Baltimore Colts left for Indiana, the famed band kept the spirit alive - and through sheer will and perseverance, kept playing until the eventual return of football to the city in the form of the Ravens. --"
Small Potatoes: Who Killed the USFL?,21022,2.4,4,10/20/2009,English,"Documentary, Sport",NR,Michael Tollin,"Burt Reynolds, Donald Trump, Jim Kelly, Lee Corso, Rick Neuheisel, Steve Young",https://www.filmcrave.com/movie_page_main.php?id=41800,"Formed in 1983, the upstart USFL played football in the spring, recruited respectable players and decent TV ratings all while creating their own atmosphere. But as their popularity rose, they expanded, and a wealthy mogul stepped in with his own ideas and as the USFL and NFL butted head, it led to a courtroom showdown that essentially ended the leagues days - but the question remains, who killed the USFL? --"
Muhammad and Larry,12766,2.6,5,10/27/2009,English,"Documentary, Sport",NR,"Bradley Kaplan, Albert Maysles","Muhammad Ali, Larry Holmes, Albert Maysles, David Maysles",https://www.filmcrave.com/movie_page_main.php?id=41801,Unknown
Without Bias,29466,1.9,7,11/03/2009,English,"Documentary, Sport",NR,Kirk Fraser,"Len Bias, Jay Bias, James Bias, Eric Bias, Charles 'Lefty' Driesell, Marion Barry Jr.",https://www.filmcrave.com/movie_page_main.php?id=41802,Unknown
The Legend of Jimmy the Greek,15562,2.5,5,11/10/2009,English,"Documentary, Sport",NR,Fritz Mitchell,"Jimmy ""The Greek"" Snyder, Brent Musburger, Phylis George, Irv Cross, Dan Rather, Frank Deford",https://www.filmcrave.com/movie_page_main.php?id=41803,Unknown
The U,6867,2.8,6,12/12/2009,English,"Documentary, Sport",NR,"Billy Corben, Alfred Spellman","Howard Schnellenberger, Jimmy Johnson, Dennis Erickson, Michael Irvin, Alonzo Highsmith, Benny Blades",https://www.filmcrave.com/movie_page_main.php?id=41804,Unknown
Winning Time: Reggie Miller vs. The New York Knicks,15566,2.5,5,03/14/2010,English,"Documentary, Sport",NR,Dan Klores,"Reggie Miller, Cheryl Miller, Spike Lee, Patrick Ewing, Donnie Walsh, Larry Brown",https://www.filmcrave.com/movie_page_main.php?id=41805,Unknown
Guru of Go,21033,2.4,4,04/03/2010,English,"Documentary, Sport",NR,Bill Couturié,"Paul Westhead, Hank Gathers, Bo Kimble, Magic Johnson, Derrick Gathers",https://www.filmcrave.com/movie_page_main.php?id=41806,Unknown
No Crossover: The Trial of Allen Iverson,10497,2.7,5,04/13/2010,English,"Documentary, Sport",NR,Steve James,Allen Iverson,https://www.filmcrave.com/movie_page_main.php?id=41807,Unknown
Silly Little Game,6947,3.0,4,04/20/2010,English,"Documentary, Sport",NR,"Lucas Jansen, Adam Kurland","Jennifer Appel, Dan Okrent, Lee Eisenberg, Peter Gethers, Glen Waggoner, Valerie Salembier",https://www.filmcrave.com/movie_page_main.php?id=41808,The story of the men (and mandatory woman) who began the first Baseball Rotisserie League - the original fantasy sport - which would one day spawn a $2 billion dollar industry. --
Run Ricky Run,8513,2.8,5,04/27/2010,English,"Documentary, Sport",NR,"Sean Pamphilon, Royce Toni","Ricky Williams, Mike Ditka, Mike Wallace, Sandy Williams, Errick Williams, Marc Halpern",https://www.filmcrave.com/movie_page_main.php?id=41809,Examines the career and life of controversial NFL star Ricky Williams.
The 16th Man,33191,2.0,4,05/04/2010,English,"Documentary, Sport",NR,Cliff Bestall,"Morgan Freeman, Nelson Mandela, Francois Pienaar, Linga Moonsamy",https://www.filmcrave.com/movie_page_main.php?id=41810,Unknown
Straight Outta L.A.,21036,2.4,4,05/11/2010,English,"Documentary, Sport",NR,Ice Cube,"Ice Cube, Al Davis, Russell Simmons, Howie Long, Snoop Dogg, Ice-T",https://www.filmcrave.com/movie_page_main.php?id=41811,Unknown
"June 17, 1994",20006,2.3,5,06/16/2010,English,"Documentary, Sport",NR,Brett Morgen,"O.J. Simpson, Arnold Palmer, Patrick Ewing, Ken Griffey Jr., Pat Riley, Tom Brokaw",https://www.filmcrave.com/movie_page_main.php?id=41812,Unknown
The Two Escobars,9432,2.6,8,06/22/2010,Spanish,"Documentary, Sport",NR,"Jeff Zimbalist, Michael Zimbalist","Andres Escobar, Pablo Escobar, Chonto Herrera, Francisco Maturana, René Higuita, Pamela Cascardo",https://www.filmcrave.com/movie_page_main.php?id=41813,"Follows the intertwining (though not blood relation) lives of drug kingpin Pablo Escobar and Colombian soccer star Andres Escobar - culminating in Andres' disastrous ""own goal"" against the U.S. at the 1994 World Cup in Los Angeles - a mistake that ultimately cost him his life. --"
The Birth of Big Air,17290,2.5,4,04/24/2010,English,"Documentary, Sport",NR,Jeff Tremaine,"Mat Hoffman, Tony Hawk, Jaci Hoffman, Joni Hoffman, Eddie Fiola, Mike Escamilla",https://www.filmcrave.com/movie_page_main.php?id=41814,Unknown
Jordan Rides the Bus,12776,2.6,5,08/24/2010,English,"Documentary, Sport",NR,Ron Shelton,"Michael Jordan, Terry Francona, Phil Jackson, Jerry Reinsdorf, David Falk, Steve Kerr",https://www.filmcrave.com/movie_page_main.php?id=41815,"In 1993, following the death of his father, Michael Jordan stunned the sports world when he announced he was leaving pro basketball to try his hand at another sport (and honor the memory of his father) - baseball. The documentary follows that decision - and the possible motivation behind it. --"
Little Big Men,17293,2.5,4,08/31/2010,English,"Documentary, Sport",NR,Al Szymanski,"Bob Costas, Jim McKay, Tom Seaver, Cody Webster",https://www.filmcrave.com/movie_page_main.php?id=41816,"In 1982, the Kirkland, Washington little league team upset five-time consecutive champion Taiwan to win the little league world series. Suddenly a group of relatively unknown kids became national celebrities and for one, pitcher Cody Webster, the attention was not just overwhelming, but shaped his entire future. --"
Into the Wind,14873,2.6,4,09/28/2010,English,"Documentary, Sport",NR,Steve Nash,"Terry Fox, Betty Fox, Darrell Fox, Rolly Fox, Taylor Kitsch, Douglas Coupland",https://www.filmcrave.com/movie_page_main.php?id=41817,"Three years after losing his right leg to cancer, Terry Fox set out with a singular vision: the run the equivalent of a marathon each day, until he ran across Canada, with the hope of raising money for cancer. What starts off as an anonymous voyage quickly captures the hearts of a nation, and though he could have sought fame and fortune, all Fox wanted was to bring awareness to cancer research. --"
Four Days in October,5901,2.9,7,10/05/2010,English,"Documentary, Sport",NR,Gary Waksman,"Bronson Arroyo, Curt Schilling, David Ortiz, Johnny Damon, Pedro Martinez, Lenny Clarke",https://www.filmcrave.com/movie_page_main.php?id=41818,"The Boston Red Sox were down three games in the 2004 American League Championship Series and looked to once again fall victim to the 86-year-old ""curse"" but then something happened and in four days the Red Sox pulled off a modern sports miracle on top of memorable performances, stunning plays and an accomplishment that finally gave fans what they had so long been waiting for: a victory and vindication.  --"
Unmatched,35841,2.0,3,09/14/2010,English,"Documentary, Sport",NR,"Lisa Lax, Nancy Stern","Chris Evert, Martina Navratilova",https://www.filmcrave.com/movie_page_main.php?id=41819,Unknown
Once Brothers,21047,2.4,4,10/12/2010,English,"Documentary, Sport",NR,Michael Tolajian,"Vlade Divac, Drazen Petrovic, Magic Johnson, Clyde Drexler, Larry Bird, Toni Kukoc",https://www.filmcrave.com/movie_page_main.php?id=41820,Unknown
The Best That Never Was,17748,2.4,5,11/09/2010,English,"Documentary, Sport",NR,Jonathan Hock,"Marcus Dupree, Anthony Mackie, Barry Switzer, Mick Cornett, Fred Akers, Randy Vataha",https://www.filmcrave.com/movie_page_main.php?id=41821,Unknown
Pony Excess,9695,2.6,7,11/09/2010,English,"Documentary, Sport",NR,Thaddeus D. Matula,Unknown,https://www.filmcrave.com/movie_page_main.php?id=41822,"Takes a look back at the scandal that rocked college football in the mid 80's. Southern Methodist University, the most talented team in the country, was caught paying players and suffered the so-called ""death penalty."" A great film that takes a look at that scandal and shows just how little the college football world has learned in the two decades since. --"
One Night in Vegas,24454,2.3,4,09/07/2010,English,"Documentary, Sport",NR,Reggie Rock Bythewood,"Mike Tyson, Bruce Seldon, Tupac Shakur, Suge Knight, Mickey Rourke",https://www.filmcrave.com/movie_page_main.php?id=41823,Unknown
The House of Steinbrenner,29144,2.1,4,09/21/2010,English,"Documentary, Sport",NR,Barbara Kopple,"George Steinbrenner, Joe Torre, Jennifer Steinbrenner, Hal Steinbrenner, Joe Girardi, Yogi Berra",https://www.filmcrave.com/movie_page_main.php?id=41824,Unknown
Tim Richmond: To the Limit,6697,2.9,5,10/19/2010,English,"Documentary, Sport",NR,Rory Karpf,"Tim Richmond, Richard Petty, Greg Louganis, Kyle Petty, Darrell Waltrip, A.J. Foyt",https://www.filmcrave.com/movie_page_main.php?id=41825,Unknown
Fernando Nation,10501,2.7,5,10/26/2010,English,"Documentary, Sport",NR,Cruz Angeles,"Fernando Valenzuela, Tommy Lasorda, Oscar De La Hoya, Bobby Valentine, Mike Scioscia, Orel Hershiser",https://www.filmcrave.com/movie_page_main.php?id=41826,"Fernando Valenzuela came on the scene just after Dodger Stadium caused an uproar in the Latino community by building on the Chavez Ravine. A 19-year-old unknown, from a tiny Sonoran desert village, he wasn't built like a pitcher. But the pudgy pitcher had a unique style and a wicked screwball that would lead to packed stadiums and a 1981 rookie year for the record books - and for a time, a nation would catch Fernando Fever. --"
Marion Jones: Press Pause,29640,2.0,5,11/02/2010,English,"Documentary, Sport",NR,John Singleton,"Marion Jones, John Singleton, Kelly Naqi, Nolan Richardson, Edwin Moses, Ron Rapoport",https://www.filmcrave.com/movie_page_main.php?id=41827,Unknown
Breeders,29577,2.0,5,05/01/1986,English,"Horror, Sci-Fi",R,Tim Kincaid,"Teresa Farley, Lance Lewman, Frances Raines, Natalie O'Connell, Amy Brentano, LeeAnne Baker",https://www.filmcrave.com/movie_page_main.php?id=41828,"An otherworldly perpetrator has been attacking female virgins in Manhattan. As Dr. Pace and Detective Andriotti work together to identify the strange organic materials found on the women, the victims begin arising in a trance and leaving the hospital."
Bare Fists,34635,2.0,3,05/05/1919,English,Western,NR,John Ford,"Harry Carey, Betty Schade, Joe Harris, Vester Pegg, Mollie McConnell, Anna Mae Walthall",https://www.filmcrave.com/movie_page_main.php?id=41829,Unknown
If I Were King,21778,2.5,3,08/09/1920,English,Drama,NR,J. Gordon Edwards,"William Farnum, Betty Ross Clarke, Fritz Leiber, Walter Law, Henry Carvill, Claude Payton",https://www.filmcrave.com/movie_page_main.php?id=41830,Unknown
Earthbound,21779,2.5,3,08/11/1920,English,Drama,NR,T. Hayes Hunter,"Wyndham Standing, Naomi Childers, Billie Cotton, Mahlon Hamilton, Flora Revalles, Alec B. Francis",https://www.filmcrave.com/movie_page_main.php?id=41831,Unknown
Evangeline,30004,2.2,3,08/19/1919,English,Drama,NR,Raoul Walsh,"Miriam Cooper, Alan Roscoe, Spottiswoode Aitken, James A. Marcus, Paul Weigel, William A. Wellman",https://www.filmcrave.com/movie_page_main.php?id=41833,Unknown
Neptune's Daughter,21744,2.5,3,04/25/1914,English,Fantasy,NR,Herbert Brenon,"Annette Kellerman, William E. Shay, William Welsh, Mrs. Allen Walker, Herbert Brenon, Edmund Mortimer",https://www.filmcrave.com/movie_page_main.php?id=41834,Unknown
Nénette,34390,1.9,4,04/30/2010,French,Documentary,NR,Nicolas Philibert,Unknown,https://www.filmcrave.com/movie_page_main.php?id=41835,"Nénette is a 40-year-old Parisian star, an orangutan that has lived most of her life behind zoo walls. The documentary focuses on her and her surroundings in everyday life, only occasionally getting a glimpse of the visitors and zoo keepers. --"
Up from the Depths,30929,2.2,3,06/01/1979,English,Horror,R,Charles B. Griffith,"Sam Bottoms, Susanne Reed, Virgil Frye, Kedric Wolfe, Charles Howerton, Denise Hayes",https://www.filmcrave.com/movie_page_main.php?id=41837,Unknown
Demon of Paradise,49425,3.0,1,01/01/1987,English,"Horror, Thriller",R,Cirio H. Santiago,"Kathryn Witt, William Steis, Laura Banks, Frederick Bailey, Leslie Scarborough, Henry Strzalkowski",https://www.filmcrave.com/movie_page_main.php?id=41838,Unknown
Lost Boys: The Thirst,20183,2.2,7,10/12/2010,English,"Action, Horror",R,Dario Piana,"Corey Feldman, Casey B. Dolan, Tanit Phoenix, Jamison Newlander, Seb Castang, Felix Mosse",https://www.filmcrave.com/movie_page_main.php?id=41839,A pair of siblings fights off evil vampires. One becomes a half-vampire
Pot Zombies,50764,3.0,1,01/01/2005,English,"Comedy, Horror",NR,Justin Powers,"Starla Anderson, Melody Cottrell, Brian Frederick, Patrick Knoles, Matt Powers, Misty Matthews",https://www.filmcrave.com/movie_page_main.php?id=41840,Unknown
Mrs. Harris,50973,3.0,1,02/25/2006,English,"Drama, Thriller",NR,Phyllis Nagy,"Annette Bening, Ben Kingsley, Cloris Leachman, Lawrence O'Donnell, Frank Whaley, Frances Fisher",https://www.filmcrave.com/movie_page_main.php?id=41841,Unknown
Motives 2,51171,3.0,1,05/01/2007,English,Thriller,R,Aaron Courseault,"Brian J. White, Vivica A. Fox, Sean Blakemore, Mel Jackson, Bone Crusher, Dwayne Boyd",https://www.filmcrave.com/movie_page_main.php?id=41842,Unknown
Book of Blood,13292,2.4,8,09/22/2009,English,"Horror, Fantasy",R,John Harrison,"Jonas Armstrong, Sophie Ward, Clive Russell, Paul Blair, Romana Abercromby, Simon Bamford",https://www.filmcrave.com/movie_page_main.php?id=41843,Unknown
Incendies,491,3.2,34,04/22/2011,French,Drama,R,Denis Villeneuve,"Lubna Azabal, Mélissa Désormeaux-Poulin, Maxim Gaudette, Rémy Girard, Abdelghafour Elaaziz, Allen Altman",https://www.filmcrave.com/movie_page_main.php?id=41844,"Based on the play by Wajdi Mouawad, a mother's dying wish sends twins"
Saving Grace B. Jones,24753,2.1,6,09/23/2011,English,"Drama, Thriller",R,Connie Stevens,"Tatum O'Neal, Michael Biehn, Penelope Ann Miller, Evie Thompson, Joel Gretsch, Piper Laurie",https://www.filmcrave.com/movie_page_main.php?id=41845,Set in the 1950s a couples' life is thrown into chaos when the husband's sister comes to live with them after leaving an asylum. --
Arthur,13210,2.2,61,04/08/2011,English,Comedy,PG-13,Jason Winer,"Russell Brand, Jennifer Garner, Helen Mirren, Nick Nolte, Greta Gerwig, Luis Guzmán",https://www.filmcrave.com/movie_page_main.php?id=41846,Remake of the 1981 comedy with Russell Brand in the lead role: A drunken playboy must choose between love and money when he falls for a woman that his family disapproves. --
Wrath of the Titans,9304,2.4,118,03/30/2012,English,"Action, Fantasy",PG-13,Jonathan Liebesman,"Sam Worthington, Rosamund Pike, Liam Neeson, Toby Kebbell, Ralph Fiennes, Édgar Ramírez",https://www.filmcrave.com/movie_page_main.php?id=41847,"Ten years following his defeat of the Kraken, Perseus is living the quiet"
Around June,20542,2.4,4,10/10/2008,English,"Drama, Fantasy",NR,James Savoca,"Samaire Armstrong, Brad William Henke, Jon Gries, Oscar H. Guerrero, Michael A. Goorjian, David Fine",https://www.filmcrave.com/movie_page_main.php?id=41848,Unknown
The Gymnast,51001,3.0,1,04/11/2006,English,"Drama, Romance",NR,Ned Farr,"Dreya Weber, Addie Yungmee, John Lee Ames, Andrew Ableson, David De Simone, Allison Mackie",https://www.filmcrave.com/movie_page_main.php?id=41849,Unknown
Black Death,5617,2.6,53,10/16/2010,English,"Drama, Horror",R,Christopher Smith,"Sean Bean, David Warner, Eddie Redmayne, Carice van Houten, Kimberley Nixon, Tim McInnerny",https://www.filmcrave.com/movie_page_main.php?id=41850,As the first outbreak of the Bubonic Plague ravages England a young monk is sent on a mission to investigate a small village that people are coming back from the dead. --
Horrors of War,50987,3.0,1,03/25/2006,English,"Action, Horror",NR,"Peter John Ross, John Whitney","Jon Osbeck, Joe Lorenzo, Daniel Alan Kiely, Sean Velie, Jason Morris, Louie Cowan",https://www.filmcrave.com/movie_page_main.php?id=41851,Unknown
I Like You,28260,2.3,3,03/31/2010,English,"Comedy, Drama",NR,Jamie Heinrich,"Mike Benna, Parker Peterson, Brian Boush, Terry Whistler, Monte McCann, Dave Seoane",https://www.filmcrave.com/movie_page_main.php?id=41852,Unknown
The Absent,40119,1.6,5,01/07/2011,English,"Horror, Thriller",NR,Sage Bannick,"Sam Ball, Bryan Kirkwood, Denny Kirkwood, Jennifer Blanc, Jesse Gullion, Yvonne Zima",https://www.filmcrave.com/movie_page_main.php?id=41853,"A high school science teacher begins a relationship with a student and soon realizes his mistake - when his twin brother is releases from prison and learns of the trouble, he will do everything he can to make sure the secret stays buried. --"
Insidious,2287,2.8,238,04/01/2011,English,"Horror, Fantasy",PG-13,James Wan,"Patrick Wilson, Rose Byrne, Barbara Hershey, Angus Sampson, Ty Simpkins, Andrew Astor",https://www.filmcrave.com/movie_page_main.php?id=41854,"A couple and their three children move into a new home only to find themselves in a battle with vengeful spirits. After one of their children falls into a coma, they call on a team of ghost hunters and a psychic to drive out the evil before losing their child to ""the further"". --"
Cold Weather,15076,2.3,12,02/04/2011,English,"Drama, Mystery",NR,Aaron Katz,"Cris Lankenau, Trieste Kelly Dunn, Raúl Castillo, Robyn Rikoon, Jeb Pearson, Brendan McFadden",https://www.filmcrave.com/movie_page_main.php?id=41855,A would-be forensics slacker with a penchant for Sherlock Holmes finds himself in the middle of a true mystery when he moves in with his sister back in Portland and his ex-girlfriend goes missing. --
Twelve Thirty,38816,1.8,4,01/14/2011,English,Drama,NR,Jeff Lipsky,"Jonathan Groff, Mamie Gummer, Karen Young, Halley Feiffer, Barbara Barrie, Rebecca Schull",https://www.filmcrave.com/movie_page_main.php?id=41856,Unknown
The Hobbit,8495,2.5,30,11/27/1977,English,"Animation, Fantasy",NR,"Jules Bass, Arthur Rankin Jr.","Orson Bean, Richard Boone, Hans Conried, John Huston, Otto Preminger, Brother Theodore",https://www.filmcrave.com/movie_page_main.php?id=41857,This animated take on the classic tale about Bilbo Baggins and his quest that leads to the Ring of Power.
Anne of Green Gables,1153,3.1,18,02/17/1986,English,"Drama, Family",G,Kevin Sullivan,"Megan Follows, Colleen Dewhurst, Richard Farnsworth, Patricia Hamilton, Marilyn Lightstone, Jonathan Crombie",https://www.filmcrave.com/movie_page_main.php?id=41858,"Anne Shirley, a talkative, red-headed orphan is sent by mistake to live with a spinster and her brother on scenic Prince Edward Island, Canada. But Anne's warm-hearted enthusiasm and irrepressible imagination gradually win them over."
The Gingerdead Man,31200,2.2,3,11/08/2005,English,"Comedy, Horror",NR,Charles Band,"Gary Busey, Robin Sydney, Ryan Locke, Larry Cedar, Alexia Aleman, Jonathan Chase",https://www.filmcrave.com/movie_page_main.php?id=41859,A deranged psychopath returns from the grave in the form of a delicious but deadly treat.
Gingerdead Man 2: Passion of the Crust,51359,3.0,1,07/04/2008,English,"Comedy, Horror",NR,Silvia St. Croix,"Michelle Bauer, Bruce Dent, Travis Dixon, Joseph Porter, Kelsey Sanders, Junie Hoang",https://www.filmcrave.com/movie_page_main.php?id=41860,Unknown
The Special Relationship,8838,2.6,11,05/29/2010,English,"Drama, Historical",NR,Richard Loncraine,"Michael Sheen, Dennis Quaid, Hope Davis, Helen McCrory, Adam Godley, Mark Bazeley",https://www.filmcrave.com/movie_page_main.php?id=41861,HBO Films presents a dramatization of UK's Prime Minister Tony Blair and his relationship with President Bill Clinton during the national and world events of the late 90s.  --
Bad,20995,2.4,4,09/08/2007,English,"Drama, Family",NR,Vincenzo Giammanco,"Remy Thorne, Jennifer Davis, Nancy Cronig, Kyle Dietz, Kenlyn Kanouse, Ed Zajac",https://www.filmcrave.com/movie_page_main.php?id=41862,Unknown
Ice Age: Continental Drift,4334,2.6,113,07/13/2012,English,"Animation, Adventure",PG,"Steve Martino, Mike Thurmeier","Ray Romano, Queen Latifah, John Leguizamo, Denis Leary, Wanda Sykes, Chris Wedge",https://www.filmcrave.com/movie_page_main.php?id=41863,"Manny, Diego, and Sid are caught on an iceberg/ship as their continent is set adrift. Finding pirates and sea creatures along the way, the friends will have to figure out how to make things work in a whole new world. --"
Phil Ochs: There But for Fortune,9130,2.9,4,01/05/2011,English,"Documentary, Biography",NR,Kenneth Bowser,"Phil Ochs, Joan Baez, Christopher Hitchens, Tom Hayden",https://www.filmcrave.com/movie_page_main.php?id=41864,"Documentary exploring Phil Ochs, a musician who may have been overshadowed by his contemporaries, but whose music still resonates today despite his elusive commercial success. --"
The Victim,12346,2.5,8,06/04/2011,English,Thriller,NR,Michael Biehn,"Michael Biehn, Jennifer Blanc, Ryan Honey, Danielle Harris, Denny Kirkwood, Amy Honey",https://www.filmcrave.com/movie_page_main.php?id=41865,A woman escapes from two attackers who have raped and murdered her friend and stumbles upon a man who prefers the solitude of his cabin to dealing with civilization. Yet this chance encounter is only the beginning of a chaotic journey that will question the ideals of humanity. --
A Kiss of Chaos,28256,2.3,3,02/21/2010,English,"Crime, Drama",NR,Ricardo Sean Thompson,"Judy Marte, Manny Perez, Michael Rivera, Adam Rodriguez, Paul Calderon, Kelvin Coffey",https://www.filmcrave.com/movie_page_main.php?id=41866,Unknown
The Resident,17796,2.2,15,11/03/2010,English,"Drama, Thriller",NR,Antti Jokinen,"Jeffrey Dean Morgan, Hilary Swank, Christopher Lee, Lee Pace, Peggy Miley, Michael Massee",https://www.filmcrave.com/movie_page_main.php?id=41867,"Recently separated from her husband and seeking to start a new life in the city, single doctor Juliet rents a spacious apartment in Brooklyn and finds herself beset on all sides by a mysterious, unseen force of evil.Is there a rational explanation behind the unsettling events unfolding all around Juliet, or could it be that she is being pursued by forces beyond human comprehension?"
Ragdoll,50124,3.0,1,12/21/1999,English,Horror,R,Ted Nicolaou,"Russell Richardson, Jennia Fredrique, William Stanford Davis, Tarnell Poindexter, Bill Davis, Danny Wooten",https://www.filmcrave.com/movie_page_main.php?id=41868,Unknown
Say I Do,2718,3.0,11,09/16/2006,English,"Drama, Romance",NR,Ron Vignone,"David Bel Ayche, Samuel Bliss Cooper, Don O. Knowlton, Rebecca Rosenak, Pamela Moore Somers, Benjamin Koldyke",https://www.filmcrave.com/movie_page_main.php?id=41869,"The wedding day is finally here. The most important day of your life. What could go wrong? Ride along with Ben and Sydney and their bridal party (best man, maid of honor and their snappy limo driver) and see how happily-ever-after takes on a couple of new meanings. --"
Scooby-Doo! The Mystery Begins,13148,2.4,17,09/13/2009,English,"Comedy, Family",PG,Brian Levant,"Kate Melton, Hayley Kiyoko, Robbie Amell, Nick Palatas, Frank Welker, Leah James",https://www.filmcrave.com/movie_page_main.php?id=41870,"Shaggy, Daphne, Fred & Velma are just regular high school kids, until one day when they accidentally destroy the school's US flag. This leads them to detention, where they encounter ghosts. Unfortunately, no one believes them which leaves it to them to unmask the villain. Along the way, they find a stray great dane, that goes by the name Scooby-Doo. He also helps them in their first mystery ever!"
The Back Nine,11077,2.5,11,04/01/2009,English,Documentary,NR,Ron Vignone,Jon Fitzgerald,https://www.filmcrave.com/movie_page_main.php?id=41871,Unknown
Enter the Phoenix ( Da lao ai mei li ),50655,3.0,1,04/08/2004,Cantonese,"Action, Comedy",NR,Stephen Fung,"Daniel Wu, Eason Chan, Karen Mok, Stephen Fung, Chapman To, Kar-Ying Law",https://www.filmcrave.com/movie_page_main.php?id=41872,Unknown
Break Ke Baad,28574,2.0,7,11/26/2010,Hindi,"Comedy, Drama",NR,Danish Aslam,"Deepika Padukone, Imran Khan, Sharmila Tagore, Shahana Goswami, Lillete Dubey, Navin Nischol",https://www.filmcrave.com/movie_page_main.php?id=41873,Unknown
Khelein Hum Jee Jaan Sey,33566,2.0,4,12/03/2010,Hindi,"Action, Drama",NR,Ashutosh Gowariker,"Abhishek Bachchan, Deepika Padukone, Sikander Kher, Maninder Singh, Feroz Wahid Khan, Shreyas Pandit",https://www.filmcrave.com/movie_page_main.php?id=41874,Unknown
Radio Bikini,33458,2.0,4,06/10/1988,English,"Documentary, Historical",NR,Robert Stone,"Kilon Bauno, John Smitherman",https://www.filmcrave.com/movie_page_main.php?id=41875,Unknown
13 Moons,16692,2.3,8,08/30/2002,English,Comedy,R,Alexandre Rockwell,"Jennifer Beals, Elizabeth Bracco, Steve Buscemi, Peter Dinklage, David Proval, Peter Stormare",https://www.filmcrave.com/movie_page_main.php?id=41876,Unknown
Emmanuelle Goes to Cannes,11048,2.6,8,01/01/1980,French,Drama,R,Jean-Marie Pallardy,"Olinka Hardiman, Gabriel Pontello, Zeta Whitehouse, Paola Farrow, Glynis Whitman, Giuseppe Curia",https://www.filmcrave.com/movie_page_main.php?id=41877,Unknown
Dustbin Baby,35780,2.0,3,12/21/2008,English,Drama,NR,Juliet May,"Dakota Blue Richards, Juliet Stevenson, David Haig, Chris Ryman, Poppy Lee Friar, Lizzy Clark",https://www.filmcrave.com/movie_page_main.php?id=41878,Unknown
Burning Palms,23340,2.2,6,01/14/2011,English,"Comedy, Drama",R,Christopher B. Landon,"Zoe Saldana, Jamie Chung, Rosamund Pike, Lake Bell, Shannen Doherty, Nick Stahl",https://www.filmcrave.com/movie_page_main.php?id=41879,"In L.A. five tales intertwine and taboos are shattered as each story leads to a dark, comical fate. --"
Repo Chick,13566,2.5,6,09/08/2009,English,Comedy,NR,Alex Cox,"Jaclyn Jonet, Miguel Sandoval, Xander Berkeley, Rosanna Arquette, Karen Black, Danny Arroyo",https://www.filmcrave.com/movie_page_main.php?id=41880,Unknown
After Our Separation ( Kimi to wakarete ),47341,3.0,1,04/01/1933,Japanese,Drama,NR,Mikio Naruse,"Mitsuko Yoshikawa, Akio Isono, Sumiko Mizukubo, Reikichi Kawamura, Ryuko Fuji, Yoko Fujita",https://www.filmcrave.com/movie_page_main.php?id=41882,Unknown
"Flunky, Work Hard! ( Koshiben gambare )",47292,3.0,1,08/08/1931,Japanese,Unknown,NR,Mikio Naruse,"Tokio Seki, Seiichi Kato, Isamu Yamaguchi, Tomoko Naniwa, Hideo Sugawara, Shizue Akiyama",https://www.filmcrave.com/movie_page_main.php?id=41883,Unknown
"Stepchild, The ( Nasanunaka )",13769,2.8,3,12/16/1932,Japanese,Drama,NR,Mikio Naruse,"Yoshiko Okada, Shinyo Nara, Yukiko Tsukuba, Toshiko Kojima, Fumiko Katsuragi, Joji Oka",https://www.filmcrave.com/movie_page_main.php?id=41884,Unknown
Each Night I Dream ( Yogoto no yume ),36344,2.5,2,06/08/1933,Japanese,Drama,NR,Mikio Naruse,"Sumiko Kurishima, Tatsuo Saitô, Teruko Kojima, Jun Arai, Mitsuko Yoshikawa, Kenji Oyama",https://www.filmcrave.com/movie_page_main.php?id=41885,Unknown
WUSA,11645,2.8,4,08/19/1970,English,Drama,PG-13,Stuart Rosenberg,"Paul Newman, Joanne Woodward, Anthony Perkins, Laurence Harvey, Pat Hingle, Bruce Cabot",https://www.filmcrave.com/movie_page_main.php?id=41886,Unknown
Riot,19315,2.3,7,01/15/1969,English,Drama,R,Buzz Kulik,"Jim Brown, Gene Hackman, Mike Kellin, Gerald S. O'Loughlin, Ben Carruthers, Clifford David",https://www.filmcrave.com/movie_page_main.php?id=41887,A desperate group of convicts stage a minor riot to divert attention in an escape attempt.
Let the Game Begin,28311,2.3,3,03/01/2011,English,"Comedy, Drama",NR,Amit Gupta,"Thomas Ian Nicholas, Adam Rodriguez, Lisa Ray, Stephen Baldwin, Michael Madsen, Natasha Henstridge",https://www.filmcrave.com/movie_page_main.php?id=41888,"Tripp is an average guy who has a great business plan and brings his cousin Rowan along for the ride. Rowan has skills - skills that help in business and attracting women, and Tripp is a fast learner. Tripp is also married, and soon he must decides what is more important: the game or true love. --"
Detroit Metal City ( Detoroito Metaru Shiti ),31579,2.8,2,08/23/2008,Japanese,Drama,NR,Toshio Lee,"Ken'ichi Matsuyama, Yoshihiko Hosoda, Ryûji Akiyama, Rosa Katô, Yasuko Matsuyuki, Adeyto",https://www.filmcrave.com/movie_page_main.php?id=41889,"Negishi Souichi (Ken’ichi Matsuyama) leaves his family’s farm in Oita Prefecture for the bright lights of Tokyo. There he is forced to swap his taste in trendy pop music for the totally out-of-character death metal, taking on the role of vocalist in the trio Death Metal City and adopting the name Johannes Krauser II. --"
Stuck!,12125,2.6,6,10/15/2009,English,Drama,NR,Steve Balderson,"Karen Black, Susan Traylor, Starina Johnson, Jane Wiedlin, Mink Stole, Pleasant Gehman",https://www.filmcrave.com/movie_page_main.php?id=41890,Unknown
The Time That Remains,8140,2.7,8,01/07/2011,Hebrew,"Drama, Historical",NR,Elia Suleiman,"Ali Suliman, Elia Suleiman, Saleh Bakri, Avi Kleinberger, Amer Hlehel, Menashe Noy",https://www.filmcrave.com/movie_page_main.php?id=41891,One man's journey using the backdrop of the history of Israel from its formation in 1948 through present day. --
The Heart Specialist,29642,2.0,5,01/14/2011,English,"Comedy, Drama",R,Dennis Cooper,"Wood Harris, Zoe Saldana, Brian J. White, Mya, Kenneth Choi, Scott Paulin",https://www.filmcrave.com/movie_page_main.php?id=41892,"A suave, womanizing Harvard Medical graduate seems set in his ways. Then he accepts an internship under Dr. Sidney Zachary in Florida, who is bound to change his habits. --"
The Ron Clark Story,51055,3.0,1,08/13/2006,English,"Biography, Drama",NR,Randa Haines,"Matthew Perry, Jerry Callaghan, Ernie Hudson, Patricia Benedict, Judith Buchan, Melissa De Sousa",https://www.filmcrave.com/movie_page_main.php?id=41893,Unknown
Ticking Clock,12379,2.4,19,01/04/2011,English,"Action, Thriller",R,Ernie Barbarash,"Cuba Gooding Jr., Neal McDonough, Austin Abrams, Yancey Arias, Danielle Nicolet, Veronica Berry",https://www.filmcrave.com/movie_page_main.php?id=41894,"A journalist investigates the crime of his girlfriend's murder, which leads him to a young boy. --"
Accuracy of Death ( Suwîto rein: Shinigami no seido ),10619,3.0,3,04/01/2008,Japanese,"Comedy, Drama",NR,Masaya Kakei,"Takeshi Kaneshiro, Manami Konishi, Sumiko Fuji, Ken Mitsuishi, Takuya Ishida, Mitsuru Fukikoshi",https://www.filmcrave.com/movie_page_main.php?id=41895,"Adapted from the bestselling novel by Kotaro Isaka “The Accuracy of Death”. Chiba (Takeshi Kaneshiro) appears seven days before a person dies an unexpected death. His job is to observe the person for seven days, and then decide either to ‘execute’ or ‘pass over’. Getting his work quickly out of the way, he goes to the listening booth of a CD shop and indulges in his favorite pastime, listening to ‘humanity’s greatest invention’: music. --"
White Oak,34658,2.0,3,12/18/1921,English,Western,NR,Lambert Hillyer,"William S. Hart, Vola Vale, Alexander Gaden, Robert Walker, Bert Sprotte, Chief Standing Bear",https://www.filmcrave.com/movie_page_main.php?id=41896,Unknown
4.3.2.1.,13284,2.4,10,06/02/2010,English,"Crime, Thriller",NR,"Noel Clarke, Mark Davis","Emma Roberts, Noel Clarke, Ophelia Lovibond, Tamsin Egerton, Shanika Warren-Markland, Ashley Bashy Thomas",https://www.filmcrave.com/movie_page_main.php?id=41897,Gritty British crime-drama in which four girls are under threat to find diamonds when facing kids from the street.
Bad Writing,39905,1.8,3,12/10/2010,English,"Documentary, Comedy",NR,Vernon Lott,Vernon Lott,https://www.filmcrave.com/movie_page_main.php?id=41898,Unknown
From Beginning to End ( Do Começo ao Fim ),23736,2.2,5,05/26/2010,Portuguese,Drama,NR,Aluisio Abranches,"Júlia Lemmertz, Fábio Assunção, Jean Pierre Noher, Louise Cardoso, João Gabriel Vasconcellos, Rafael Cardoso",https://www.filmcrave.com/movie_page_main.php?id=41899,Unknown
Wreck-It Ralph,311,3.1,229,11/02/2012,English,Animation,PG,Rich Moore,"John C. Reilly, Jack McBrayer, Sarah Silverman, Jane Lynch, Alan Tudyk, Adam Carolla",https://www.filmcrave.com/movie_page_main.php?id=41900,"An 8-bit bad guy longs to be the hero, so to earn the medal he rightfully deserves, he game jumps to the new first-person shooter Heroes Duty but just when success is at hand, he wrecks things and winds up in the candy-coated racing game sugar rush where he reluctantly teams up with glitch named Vanellope and finds out being a true hero means a lot more than just having a medal. --"
Tornado Alley,39917,1.8,3,03/18/2011,English,Documentary,Unknown,George Casey,"Sean Casey, Josh Worman",https://www.filmcrave.com/movie_page_main.php?id=41901,"Fans of the ""Storm Chasers"" reality series will finally get to see the documentary that Sean Casey has been working on that showcases the awesome power of tornadoes. --"
Good Morning Heartache ( Riprendimi ),44640,2.0,2,01/17/2008,Italian,Comedy,NR,Anna Negri,"Alba Rohrwacher, Marco Foschi, Valentina Lodovini, Stefano Fresi, Alessandro Averone, Marina Rocco",https://www.filmcrave.com/movie_page_main.php?id=41902,Unknown
Red Like the Sky ( Rosso come il cielo ),51303,3.0,1,03/02/2008,Italian,Drama,NR,Cristiano Bortone,"Francesco Campobasso, Luca Capriotti, Marco Cocci, Simone Colombari, Alessandro Fiori, Simone Gullì",https://www.filmcrave.com/movie_page_main.php?id=41903,Unknown
Takedown ( Transparency ),18766,2.7,3,04/16/2010,English,"Drama, Thriller",R,Raul Inglis,"Lou Diamond Phillips, Estella Warren, Deborah Kara Unger, Aaron Pearl, Jordana Largy, Kendall Cross",https://www.filmcrave.com/movie_page_main.php?id=41904,A security guard wracked by guilt and emotional fallout after the death of
Half Moon,28285,2.3,3,10/01/2010,English,Horror,NR,Jason Toler,"Tori Black, Marek Matousek, Torey D. Sutton",https://www.filmcrave.com/movie_page_main.php?id=41905,"A city is gripped by fear as a murderer targets prostitutes. Rose isn't about to let fear get to her, as she accepts a plum job but when she meets the ""perfect"" man, she begins to think he may be the killer... or something far worse. --"
Kinyarwanda,19176,2.3,6,12/02/2011,English,"Drama, Romance",NR,Alrick Brown,"Edouard Bamporiki, Cassandra Freeman, Marc Gwamaka, Zaninka Hadidja, Mutsari Jean, Cleophas Kabasita",https://www.filmcrave.com/movie_page_main.php?id=41906,"During the Rwandan genocide many neighbors and friends turned against one another, many resulting in death. Yet some chose the opposite path, crossing the line not out of hatred or self-preservation, but to save and protect one another. --"
Dear Lemon Lima,11002,2.6,8,03/04/2011,English,Comedy,PG-13,Suzi Yoonessi,"Melissa Leo, Meaghan Martin, Elaine Hendrix, Vanessa Marano, Beth Grant, Zane Huett",https://www.filmcrave.com/movie_page_main.php?id=41907,An annual school competition leads one awkward Alaskan teen on a path to discover her Yup'ik heritage. --
Carancho,6778,2.8,6,11/12/2010,Spanish,"Crime, Drama",NR,Pablo Trapero,"Ricardo Darín, Martina Gusman, Carlos Weber, José Luis Arias, Loren Acuña, Gabriel Almirón",https://www.filmcrave.com/movie_page_main.php?id=41908,Unknown
"Housemaid, The ( Hanyo - 2010 )",7742,2.6,16,10/15/2010,Korean,Thriller,NR,Sang-soo Im,"Do-yeon Jeon, Jung-Jae Lee, Seo-Hyeon Ahn, Seo Woo, Yeo-Jong Yun",https://www.filmcrave.com/movie_page_main.php?id=41909,Unknown
Me and My Pal,33258,2.0,4,04/22/1933,English,Comedy,NR,Charley Rogers,"Stan Laurel, Oliver Hardy, James Finlayson",https://www.filmcrave.com/movie_page_main.php?id=41910,"Mr. Hardy is to be married, and so Mr. Laurel has a wedding present for"
Doubling for Romeo,26954,2.3,3,10/23/1921,English,Comedy,NR,Clarence G. Badger,"Will Rogers, Sylvia Breamer, Raymond Hatton, Sidney Ainsworth, Al Hart, John Cossar",https://www.filmcrave.com/movie_page_main.php?id=41911,Unknown
Buried Treasure,23989,2.3,4,04/10/1921,English,"Adventure, Fantasy",NR,George D. Baker,"Marion Davies, Norman Kerry, Anders Randolf, Edith Shayne, Earl Schenck, John Charles",https://www.filmcrave.com/movie_page_main.php?id=41912,Unknown
Footfalls,17965,2.7,3,09/08/1921,English,Mystery,NR,Charles Brabin,"Tyrone Power Sr., Tom Douglas, Estelle Taylor, Gladden James",https://www.filmcrave.com/movie_page_main.php?id=41913,Unknown
Hamlet,42436,1.7,3,11/08/1921,German,Drama,NR,"Svend Gade, Heinz Schall","Asta Nielsen, Paul Conradi, Mathilde Brandt, Eduard von Winterstein, Heinz Stieda, Hans Junkermann",https://www.filmcrave.com/movie_page_main.php?id=41914,Unknown
Molly O',34657,2.0,3,11/20/1921,English,Comedy,NR,F. Richard Jones,"Mabel Normand, George Nichols, Anna Dodge, Albert Hackett, Eddie Gribbon, Jack Mulhall",https://www.filmcrave.com/movie_page_main.php?id=41915,Unknown
Scrap Iron,34652,2.0,3,05/01/1921,English,Drama,NR,Charles Ray,"Charles Ray, Lydia Knott, Vera Steadman, Tom Wilson, Tom O'Brien, Stanton Heck",https://www.filmcrave.com/movie_page_main.php?id=41916,Unknown
The Conquering Power,21791,2.5,3,07/08/1921,English,Drama,NR,Rex Ingram,"Alice Terry, Rudolph Valentino, Ralph Lewis, Carrie Daumery, Bridgetta Clark, Mark Fenton",https://www.filmcrave.com/movie_page_main.php?id=41917,Unknown
The Gilded Lily,30020,2.2,3,03/06/1921,English,Drama,NR,Robert Z. Leonard,"Mae Murray, Lowell Sherman, Jason Robards Sr., Charles K. Gerrard, Leonora von Ottinger",https://www.filmcrave.com/movie_page_main.php?id=41918,Unknown
One Day,6538,2.5,62,08/19/2011,English,"Comedy, Romance",PG-13,Lone Scherfig,"Anne Hathaway, Jim Sturgess, Patricia Clarkson, Romola Garai, Amanda Fairbank-Hynes, Jodie Whittaker",https://www.filmcrave.com/movie_page_main.php?id=41919,Follows the lives of Dexter and Em only one day out of each year: the date the two ended up sleeping together after college graduation. --
In a Better World ( Hævnen ),3747,2.9,15,09/24/2010,Danish,Drama,R,Susanne Bier,"Mikael Persbrandt, Trine Dyrholm, Ulrich Thomsen, William Jøhnk Nielsen, Markus Rygaard, Wil Johnson",https://www.filmcrave.com/movie_page_main.php?id=41920,Unknown
"Edge, The ( Kray )",14872,2.6,4,09/23/2010,Russian,"Adventure, Drama",NR,Aleksei Uchitel,"Vladimir Mashkov, Yulia Peresild, Anjorka Strechel, Sergey Garmash, Yuri Stepanov, Aleksandr Bashirov",https://www.filmcrave.com/movie_page_main.php?id=41921,Unknown
Winter in Wartime ( Oorlogswinter ),14866,2.6,4,02/12/2010,Dutch,"Drama, Historical",R,Martin Koolhoven,"Martijn Lakemeier, Yorick van Wageningen, Jamie Campbell Bower, Raymond Thiry, Melody Klaver, Anneke Blok",https://www.filmcrave.com/movie_page_main.php?id=41922,Unknown
Sheeba ( Crab Orchard ),50981,3.0,1,03/15/2006,English,"Drama, Family",NR,Michael J. Jacobs,"Edward Asner, Dylan Patton, Ruby Handler, Betsy Zajko, Robin Christian, Sierra Peters",https://www.filmcrave.com/movie_page_main.php?id=41923,Unknown
"My Necklace, Myself",51363,3.0,1,07/11/2008,English,Fantasy,NR,Bryan Caron,"Julia Witschger, Christiana Minga, Derek Majewski, Deanna Lynn Walsh, J.G. Franklin, Norman Black",https://www.filmcrave.com/movie_page_main.php?id=41924,Unknown
A President to Remember,14836,2.6,4,04/01/2008,English,Documentary,NR,Robert Drew,"Alec Baldwin, John F. Kennedy, Jacqueline Kennedy",https://www.filmcrave.com/movie_page_main.php?id=41925,Unknown
Vidal Sassoon: The Movie,35831,2.0,3,04/23/2010,English,Documentary,NR,Craig Teper,"Vidal Sassoon, Ronnie Sassoon, Mary Quant",https://www.filmcrave.com/movie_page_main.php?id=41926,Unknown
Rubber,11155,2.4,33,09/01/2010,English,"Comedy, Horror",NR,Quentin Dupieux,"Roxane Mesquida, Stephen Spinella, Ethan Cohn, David Bowe, Remy Thorne, Thomas F. Duffy",https://www.filmcrave.com/movie_page_main.php?id=41927,"A tire possesses the power of telepathy, and soon goes on a violent, head-exploding frenzy after becoming obsessed with a woman. A county sheriff is on the trail of the rubber menace and vows to stop it. --"
Mother's Day,9735,2.5,16,09/23/2010,English,"Comedy, Horror",R,Darren Lynn Bousman,"Patrick John Flueger, Rebecca De Mornay, Warren Kole, Jaime King, Deborah Ann Woll, Matt O'Leary",https://www.filmcrave.com/movie_page_main.php?id=41928,"The ultimate dysfunctional family return to their home, sweet home to terrorize the current occupants and their friends. --"
Midway to Heaven,42292,1.6,4,02/04/2011,English,"Comedy, Family",PG,Michael Flynn,"Michelle Money, Kirby Heyborne, Curt Doussett, Melanie Nelson, Brittany Peltier, Priscilla Poland",https://www.filmcrave.com/movie_page_main.php?id=41929,Unknown
"Butcher, the Chef, and the Swordsman, The ( Dao Jian Xiao )",29644,2.0,5,03/17/2011,Mandarin,"Action, Comedy",PG-13,Wuershan,"Masanobu Ando, You Benchang, Liu Xiaoye, Ashton Xu, Kitty Zhang Yuqi",https://www.filmcrave.com/movie_page_main.php?id=41930,"When five of the most powerful swords are melted down, they wind up as a blade to a common cleaver - yet this is not ordinary utensil and the film follows the stories of three people who come to possess the cursed instrument and the havoc it deals. --"
Poetry ( Shi ),1296,3.1,22,09/25/2010,Korean,Drama,NR,Chang-dong Lee,"Jeong-hie Yun, Nae-sang Ahn, Da-wit Lee, Hira Kim, Yong-taek Kim",https://www.filmcrave.com/movie_page_main.php?id=41931,A woman with early-onset Alzheimer's disease uncovers a devastating family
"Sorry, Thanks",51466,3.0,1,03/14/2009,English,Comedy,NR,Dia Sokol,"Wiley Wiggins, Kenya Miles, Andrew Bujalski, Donovan Baddley, Ia Hernandez, Alyssa Campbell",https://www.filmcrave.com/movie_page_main.php?id=41932,Unknown
A Map for Saturday,45408,1.5,3,03/16/2007,English,Documentary,NR,Brook Silva-Braga,"Scott Erikson, Kate McNair, Brook Silva-Braga, Rebecca Filmer, Christian Wessinger, Sabrina Hezinger",https://www.filmcrave.com/movie_page_main.php?id=41933,Unknown
"Thirteen Assassins, The ( Jûsan-nin no shikaku )",6662,2.9,5,12/07/1963,Japanese,"Adventure, Action",NR,Eiichi Kudo,"Chiezo Kataoka, Kô Nishimura, Ryôhei Uchida, Isao Natsuyagi, Kanjûrô Arashi, Kotaro Satomi",https://www.filmcrave.com/movie_page_main.php?id=41934,Unknown
"When We Leave ( Fremde, Die )",16045,2.4,6,04/24/2010,German,Drama,NR,Feo Aladag,"Sibel Kekilli, Nizam Schiller, Derya Alabora, Settar Tanriogen, Tamer Yigit, Florian Lukas",https://www.filmcrave.com/movie_page_main.php?id=41935,Unknown
Frankenweenie,1742,2.9,93,10/05/2012,English,"Animation, Comedy",PG,Tim Burton,"Winona Ryder, Catherine O'Hara, Martin Short, Martin Landau, Atticus Shaffer, Robert Capron",https://www.filmcrave.com/movie_page_main.php?id=41936,Director Tim Burton spins a tale on why beloved pets should not be brought back to life.
The End: British Gangsters,28281,2.3,3,09/01/2010,English,"Documentary, Crime",NR,Nicola Collins,"Victor Dark, Les Falco, Bobby Reading, Jimmy Tibbs",https://www.filmcrave.com/movie_page_main.php?id=41937,Unknown
Searchers 2.0,21050,2.4,4,10/26/2010,English,"Comedy, Drama",R,Alex Cox,"Del Zamora, Jaclyn Jonet, Sy Richardson, Roger Corman, Leonard Maltin, Zahn McClarnon",https://www.filmcrave.com/movie_page_main.php?id=41938,Unknown
Brotherhood,29317,1.9,8,02/18/2011,English,Drama,R,Will Canon,"Trevor Morgan, Jon Foster, Lou Taylor Pucci, Arlen Escarpeta, Jesse Steccato, Jennifer Sipes",https://www.filmcrave.com/movie_page_main.php?id=41939,A fraternity pledge ends up on the wrong end of a bullet when an initiation ritual goes wrong. He's soon caught up in a dangerous decision - one that pits brotherhood against doing the right thing. --
Pin,2462,3.0,16,12/04/1991,English,Horror,NR,Sandor Stern,"David Hewlett, Cynthia Preston, Terry O'Quinn, Bronwen Mantel, John Pyper-Ferguson, Helene Udy",https://www.filmcrave.com/movie_page_main.php?id=41940,Leon and Ursula are brought up by a distant father and cold mother - their
Game of Death II ( Si wang ta ),10201,2.5,13,11/11/1981,Cantonese,"Action, Mystery",R,See-Yuen Ng,"Bruce Lee, Jang Lee Hwang, Roy Chiao, Hoi Sang Lee, Tai Chung Kim",https://www.filmcrave.com/movie_page_main.php?id=41941,Unknown
Rage ( Rabia ),28276,2.3,3,08/01/2010,Spanish,"Romance, Thriller",NR,Sebastián Cordero,"Icíar Bollaín, Concha Velasco, Martina García, Àlex Brendemühl, Gustavo Sánchez Parra, Xabier Elorriaga",https://www.filmcrave.com/movie_page_main.php?id=41942,Unknown
Bill Cunningham New York,16389,2.4,7,03/16/2011,English,"Documentary, Biography",NR,Richard Press,"Bill Cunningham, Tom Wolfe, Anna Wintour, Carmen Dell'Orefice, Annette De la Renta, Josef Astor",https://www.filmcrave.com/movie_page_main.php?id=41943,"Bill Cunningham may enjoy two columns in the New York Times, but the 80-year-old, fashion-obsessed photographer remains relatively unknown, until now. --"
Open Season 3,16743,2.2,23,01/01/2011,English,Animation,PG,Cody Cameron,"Matthew W. Taylor, Diedrich Bader, John Cygan, Charlie Bright, Georgia Engel, Cody Cameron",https://www.filmcrave.com/movie_page_main.php?id=41944,Unknown
Thick as Thieves,23242,2.1,8,01/28/1999,English,"Crime, Drama",R,Scott Sanders,"Alec Baldwin, Andre Braugher, Michael Jai White, Rebecca De Mornay, Bruce Greenwood, Khandi Alexander",https://www.filmcrave.com/movie_page_main.php?id=41946,Unknown
Made in Brooklyn,22907,2.5,3,11/17/2010,English,"Comedy, Drama",NR,"Gregory Alosio, Sharon Angela, Jeff Mazzola, Luca Palanca, Joe Tabb","Luca Palanca, Peter Dobson, Kathrine Narducci, Richard Portnow, Joe Tabb, Michael Rispoli",https://www.filmcrave.com/movie_page_main.php?id=41947,Unknown
"Nest, The ( Nid de guêpes )",50387,3.0,1,03/06/2002,French,"Crime, Thriller",R,Florent Emilio Siri,"Samy Naceri, Benoît Magimel, Nadia Farès, Pascal Greggory, Sami Bouajila, Richard Sammel",https://www.filmcrave.com/movie_page_main.php?id=41948,"Samy Naceri, Benoit Magimel, Nadia Fares, Pascal Greggory and Sami Bouajila star as the ruthless members of three warring gangs who end up hiding out in the same warehouse. Although it's gargantuan, the place isn't nearly big enough for all their egos, grudges and baggage. Everyone's jostling for control, and worse, they're all armed with weapons to ensure they wind up at the top of the bloody heap. Who will end up in the seat of power?"
Scrambled Wives,26947,2.3,3,03/01/1921,English,Comedy,NR,Edward H. Griffith,"Marguerite Clark, Pierre Gendron, Ralph Bunker, Florence Martin, Virginia Lee, Alice Mann",https://www.filmcrave.com/movie_page_main.php?id=41949,Unknown
Air Panic,50543,3.0,1,06/03/2003,English,"Drama, Thriller",R,Bob Misiorowski,"Rodney Rowland, Kristanna Loken, Alexander Enberg, Ted Shackelford, Barbara Carrera, Tucker Smallwood",https://www.filmcrave.com/movie_page_main.php?id=41950,Unknown
Sons of the Saddle,39017,1.8,3,08/03/1930,English,Western,NR,Harry Joe Brown,"Ken Maynard, Doris Hill, Joseph W. Girard, Carroll Nye, Francis Ford, Harry Todd",https://www.filmcrave.com/movie_page_main.php?id=41951,Unknown
"Great Duel, The ( Dai satsujin )",2923,3.2,5,01/01/1964,Japanese,"Action, Drama",NR,Eiichi Kudo,"Tôru Abe, Mikijiro Hira, Yoshio Inaba, Chiezo Kataoka, Choichiro Kawarazaki, Nami Munakata",https://www.filmcrave.com/movie_page_main.php?id=41952,Unknown
Apaches of Athens ( Oi apahides ton Athinon ),39015,1.8,3,01/01/1930,Greek,"Comedy, Drama",NR,Dimitris Gaziadis,"Petros Epitropakis, Mery Sagianou-Katseli, Stella Hristoforidou, Marika Mantineiou, Georgios Hristoforidis, Yannis Prineas",https://www.filmcrave.com/movie_page_main.php?id=41953,Unknown
They Chose China,22769,2.5,3,04/05/2006,English,Documentary,NR,Shui-Bo Wang,"Shui-Bo Wang, Della Adams, Lin Adams, Meide Qian, Richard Tenneson, Howard Adams",https://www.filmcrave.com/movie_page_main.php?id=41954,A documentary about US soldiers that were captured during the Korean War and voluntarily chose to stay and live in China.
Fighters of the Saddle,34170,1.9,4,08/12/1929,English,Western,NR,Robert J. Horner,"Art Acord, Peggy Montgomery, John Lowell, Tom Bay, Jack Ponder, Betty Carter",https://www.filmcrave.com/movie_page_main.php?id=41955,Unknown
Duel of the Century ( Liu Xiao Feng zhi jue zhan qian hou ),32315,2.8,2,01/01/1981,Mandarin,Action,NR,Yuen Chor,"Tony Liu, Li Ching, Piao Chin, Fai Wong Lam, Tien Hsiang Lung, Chih-Ching Yang",https://www.filmcrave.com/movie_page_main.php?id=41956,"Swordsman Lu Hsiao-Feng attempts to determine why two other swordsmen have agreed to a duel at the Forbidden City, even though both men are held in high regard. In the process of his investigation, Lu encounters treachery, doubles, hidden identities, and a plot against the emperor himself.  --"
O'Malley of the Mounted,17963,2.7,3,02/06/1921,English,Western,NR,Lambert Hillyer,"William S. Hart, Eva Novak, Leo Willis, Alfred Allen, Bert Sprotte, Antrim Short",https://www.filmcrave.com/movie_page_main.php?id=41957,Unknown
Barbie as the Island Princess,8819,2.6,12,09/18/2007,English,"Animation, Family",NR,Greg Richardson,"Kelly Sheridan, Melissa Lyons, Alessandro Juliani, Christopher Gaze, Steve Marvel, Gary Chalk",https://www.filmcrave.com/movie_page_main.php?id=41958,Unknown
Stark Mad,14525,2.6,4,02/02/1929,English,"Action, Crime",NR,Lloyd Bacon,"H.B. Warner, Louise Fazenda, Jacqueline Logan, Henry B. Walthall, Claude Gillingwater, John Miljan",https://www.filmcrave.com/movie_page_main.php?id=41959,Unknown
Revenge of the Bridesmaids,13571,2.5,6,07/18/2010,English,"Comedy, Romance",NR,James Hayman,"Raven-Symoné, Joanna Garcia, Beth Broderick, David Clayton Rogers, Chryssie Whitehead, Virginia Williams",https://www.filmcrave.com/movie_page_main.php?id=41960,"Raven-Symoné and Joanna Garcia star in this comic romp as two pals who return to their hometown only to discover that their mortal enemy (Virginia Williams) is now engaged to their best friend's ex-boyfriend. Naturally, the girls aren't going to take this lying down. In the interest of true love, the pair conspires to halt the impending wedding and reunite the real lovebirds ... even if it means employing all manner of trickery and deceit."
Why Bring That Up?,46794,1.3,3,10/04/1929,English,"Comedy, Drama",NR,George Abbott,"Charles Mack, George Moran, Evelyn Brent, Harry Green, Bert Swor, Freeman Wood",https://www.filmcrave.com/movie_page_main.php?id=41961,Unknown
"Sweet and the Bitter, The ( dolce e l'amaro, Il )",31567,2.8,2,09/05/2007,Italian,Drama,NR,Andrea Porporati,"Luigi Lo Cascio, Donatella Finocchiaro, Vincenzo Amato, Arianna Barbanera, Tony Gambino, Gaetano Bruno",https://www.filmcrave.com/movie_page_main.php?id=41962,Unknown
A Texas Cowboy,55439,1.2,3,12/21/1929,English,Western,NR,J.P. McGowan,"Bob Steele, Edna Aslin, J.P. McGowan, Grace Stevens, Bud Osborne, Alfred Hewston",https://www.filmcrave.com/movie_page_main.php?id=41963,Unknown
Cado dalle nubi,24920,3.0,2,11/27/2009,Italian,Comedy,NR,Gennaro Nunziante,"Checco Zalone, Giulia Michelini, Gigi Angelillo, Ivana Lotito, Ludovica Modugno, Raul Cremona",https://www.filmcrave.com/movie_page_main.php?id=41964,Unknown
Lady of the Pavements,23562,2.2,5,01/22/1929,English,Drama,NR,D.W. Griffith,"Lupe Velez, Jetta Goudal, Albert Conti, George Fawcett, William Boyd, Henry Armetta",https://www.filmcrave.com/movie_page_main.php?id=41965,Unknown
The Chicken in the Case,26945,2.3,3,01/01/1921,English,Unknown,NR,Victor Heerman,"Owen Moore, Vivia Ogden, Teddy Sampson, Edgar Nelson, Katherine Perry, Linus Aaberg",https://www.filmcrave.com/movie_page_main.php?id=41966,Unknown
Kaboom,6559,2.6,17,10/06/2010,English,"Comedy, Sci-Fi",NR,Gregg Araki,"Haley Bennett, Thomas Dekker, Chris Zylka, Roxane Mesquida, Juno Temple, Kelly Lynch",https://www.filmcrave.com/movie_page_main.php?id=41967,Unknown
The Hard Hombre,18001,2.7,3,09/30/1931,English,Western,NR,Otto Brower,"Hoot Gibson, Lina Basquette, Mathilde Comont, G. Raymond Nye, Jessie Arnold, Jack Byron",https://www.filmcrave.com/movie_page_main.php?id=41968,Unknown
Lucky Terror,39126,1.8,3,02/20/1936,English,Western,NR,Alan James,"Hoot Gibson, Charles Hill, Lona Andre, George Chesebro, Robert McKenzie, Jack Rockwell",https://www.filmcrave.com/movie_page_main.php?id=41969,Unknown
The Pocatello Kid,18007,2.7,3,12/06/1931,English,Western,NR,Phil Rosen,"Ken Maynard, Marceline Day, Richard Cramer, Charles King, Lew Meehan, Tarzan",https://www.filmcrave.com/movie_page_main.php?id=41970,Unknown
Branded Men,34754,2.0,3,11/08/1931,English,"Western, Romance",NR,Phil Rosen,"Ken Maynard, June Clyde, Irving Bacon, Billy Bletcher, Charles King, Tarzan",https://www.filmcrave.com/movie_page_main.php?id=41971,Unknown
The Miracle Rider,38666,1.8,4,04/12/1935,English,Western,NR,"B. Reeves Eason, Armand Schaefer","Tom Mix, Joan Gale, Charles Middleton, Robert Frazer, Niles Welch, Jason Robards Sr.",https://www.filmcrave.com/movie_page_main.php?id=41972,Unknown
The Passionate Pilgrim,34650,2.0,3,01/02/1921,English,"Drama, Crime",NR,Robert G. Vignola,"Matt Moore, Mary Newcomb, Julia Swayne Gordon, Tom Guise, Frankie Mann, Rubye De Remer",https://www.filmcrave.com/movie_page_main.php?id=41973,Unknown
Border Romance,34167,1.9,4,05/25/1929,English,"Crime, Musical",NR,Richard Thorpe,"Armida, Don Terry, Marjorie Kane, Victor Potel, Wesley Barry, Nita Martan",https://www.filmcrave.com/movie_page_main.php?id=41974,Unknown
Jesse James Under the Black Flag,30019,2.2,3,03/01/1921,English,"Historical, Western",NR,Franklin B. Coates,"Jesse James Jr., Franklin B. Coates, Diana Reed, Jack Neil, Harry Hall, Marguerite Hungerford",https://www.filmcrave.com/movie_page_main.php?id=41975,Unknown
Tangled Trails,21795,2.5,3,12/01/1921,English,"Action, Crime",NR,Charles Bartlett,"Neal Hart, Violet Palmer, Gladys Hampton, Jean Barry, Jules Cowles, Edward Roseman",https://www.filmcrave.com/movie_page_main.php?id=41976,Unknown
White and Unmarried,34653,2.0,3,05/29/1921,English,Comedy,NR,Tom Forman,"Thomas Meighan, Jacqueline Logan, Grace Darmond, Walter Long, Lloyd Whitlock, Frederick Vroom",https://www.filmcrave.com/movie_page_main.php?id=41977,Unknown
Delinquent Parents,47778,3.0,1,07/15/1938,English,Drama,NR,Nick Grinde,"Doris Weston, Maurice Murphy, Helen MacKellar, Morgan Wallace, Theodore von Eltz, Terry Walker",https://www.filmcrave.com/movie_page_main.php?id=41978,Unknown
The Shark Master,30025,2.2,3,08/28/1921,English,Drama,NR,Fred LeRoy Granville,"Frank Mayo, Doris Deane, Herbert Fortier, Oliver Cross, May Collins, Bowditch M. Turner",https://www.filmcrave.com/movie_page_main.php?id=41979,Unknown
The Great Divide,30101,2.2,3,09/15/1929,English,Western,NR,Reginald Barker,"Dorothy Mackaill, Ian Keith, Myrna Loy, Lucien Littlefield, Creighton Hale, George Fawcett",https://www.filmcrave.com/movie_page_main.php?id=41980,Unknown
The Oklahoma Kid,39011,1.8,3,11/01/1929,English,Western,NR,J.P. McGowan,"Bob Custer, Vivian Bay, J.P. McGowan, Tom Bay, Henry Roquemore, Walter Patterson",https://www.filmcrave.com/movie_page_main.php?id=41981,Unknown
The Witching Hour,26948,2.3,3,04/10/1921,English,"Mystery, Drama",NR,William Desmond Taylor,"Elliott Dexter, Winter Hall, Ruth Renick, Robert Cain, A. Edward Sutherland, Mary Alden",https://www.filmcrave.com/movie_page_main.php?id=41982,Unknown
The Phantom in the House,34728,2.0,3,10/20/1929,English,"Crime, Drama",NR,Phil Rosen,"Ricardo Cortez, Nancy Welford, Henry B. Walthall, Grace Valentine, Jack Curtis, Thomas A. Curran",https://www.filmcrave.com/movie_page_main.php?id=41983,Unknown
A Lady Surrenders,14530,2.6,4,10/06/1930,English,"Drama, Romance",NR,John M. Stahl,"Conrad Nagel, Rose Hobart, Genevieve Tobin, Basil Rathbone, Edgar Norton, Carmel Myers",https://www.filmcrave.com/movie_page_main.php?id=41984,Unknown
Little Johnny Jones,45111,1.5,3,11/17/1929,English,"Comedy, Drama",NR,Mervyn LeRoy,"Edward Buzzell, Alice Day, Edna Murphy, Robert Edeson, Wheeler Oakman, Ray Turner",https://www.filmcrave.com/movie_page_main.php?id=41985,Unknown
The Charlatan,34166,1.9,4,04/14/1929,English,Thriller,NR,George Melford,"Holmes Herbert, Margaret Livingston, Rockliffe Fellowes, Philo McCullough, Anita Garvin, Crauford Kent",https://www.filmcrave.com/movie_page_main.php?id=41986,Unknown
Three Word Brand,30029,2.2,3,10/16/1921,English,Western,NR,Lambert Hillyer,"William S. Hart, Jane Novak, S.J. Bingham, George C. Pearce, J. Gordon Russell, Collette Forbes",https://www.filmcrave.com/movie_page_main.php?id=41987,Unknown
Prisoners of Love,21785,2.5,3,01/16/1921,English,"Drama, Romance",NR,Arthur Rosson,"Betty Compson, Ralph Lewis, Claire McDowell, Clara Horton, Emory Johnson, Kate Toncray",https://www.filmcrave.com/movie_page_main.php?id=41988,Unknown
A Royal Romance,27032,2.3,3,03/17/1930,English,"Comedy, Drama",NR,Erle C. Kenton,"William Collier Jr., Pauline Starke, Clarence Muse, Ann Brody, Eugenie Besserer, Walter P. Lewis",https://www.filmcrave.com/movie_page_main.php?id=41989,Unknown
Under Texas Skies,34737,2.0,3,11/15/1930,English,Western,NR,J.P. McGowan,"Bob Custer, Natalie Kingston, Bill Cody, Tom London, Lane Chandler, Bob Roper",https://www.filmcrave.com/movie_page_main.php?id=41990,Unknown
Riders of the North,17995,2.7,3,04/05/1931,English,"Western, Romance",NR,J.P. McGowan,"Bob Custer, Blanche Mehaffey, Eddie Dunn, Will Walling, Frank Rice, George Regas",https://www.filmcrave.com/movie_page_main.php?id=41991,Unknown
The Legend of Provence,29964,2.2,3,12/01/1913,English,Drama,NR,Eugene Moore,"Maude Fealy, James Cruze, Lila Chester, Carey L. Hastings",https://www.filmcrave.com/movie_page_main.php?id=41992,Unknown
"I Kiss Your Hand Madame ( Ich küsse Ihre Hand, Madame )",18021,2.7,3,08/27/1932,German,Drama,NR,Robert Land,"Harry Liedtke, Marlene Dietrich, Pierre de Guingand, Charles Puffy, Richard Tauber",https://www.filmcrave.com/movie_page_main.php?id=41993,Unknown
Inside The Lines,47273,3.0,1,07/05/1930,English,Drama,NR,Roy Pomeroy,"Betty Compson, Ralph Forbes, Montagu Love, Ivan F. Simpson, Reginald Sharland, Betty Carter",https://www.filmcrave.com/movie_page_main.php?id=41994,Unknown
The Girl Said No,20598,2.4,4,03/15/1930,English,"Comedy, Romance",NR,Sam Wood,"William Haines, Leila Hyams, Polly Moran, Marie Dressler, Ralph Bushman, Clara Blandick",https://www.filmcrave.com/movie_page_main.php?id=41995,Unknown
Are You Listening?,47309,3.0,1,04/24/1932,English,Drama,NR,Harry Beaumont,"William Haines, Madge Evans, Anita Page, Karen Morley, Neil Hamilton, Wallace Ford",https://www.filmcrave.com/movie_page_main.php?id=41996,Unknown
The Return of the Rat,24004,2.3,4,01/01/1929,English,"Crime, Romance",NR,Graham Cutts,"Ivor Novello, Isabel Jeans, Mabel Poulton, Gordon Harker, Marie Ault, Bernard Nedell",https://www.filmcrave.com/movie_page_main.php?id=41997,Unknown
Queen of the Turf ( Silks and Saddles ),45083,1.5,3,01/01/1921,English,Western,NR,John K. Wells,"Agnes Vernon, Robert MacKinnon, John Cosgrove, John Faulkner, Tal Ordell, Evelyn Johnson",https://www.filmcrave.com/movie_page_main.php?id=41998,Unknown
The Medicine Man,21860,2.5,3,06/15/1930,English,"Comedy, Romance",NR,Scott Pembroke,"Jack Benny, Betty Bronson, E. Alyn Warren, Eva Novak, Billy Butts, Adolph Milar",https://www.filmcrave.com/movie_page_main.php?id=41999,Unknown
"Banner of 1821, The ( To lavaro tou '21 )",26545,2.1,5,01/01/1929,Greek,"Drama, Historical",NR,Kostas Leloudas,"Lea Lelouda, Manos Katrakis, Dimitris Batis, Georgios Mougios, Nikos Georgalas, Pavlos Katapodis",https://www.filmcrave.com/movie_page_main.php?id=42000,Unknown
Kismet,24024,2.3,4,10/30/1930,English,"Fantasy, Romance",NR,John Francis Dillon,"Otis Skinner, Loretta Young, David Manners, Sidney Blackmer, Mary Duncan, Montagu Love",https://www.filmcrave.com/movie_page_main.php?id=42001,Unknown
The Idle Rich,13479,2.5,6,06/15/1929,English,Comedy,NR,William C. de Mille,"Conrad Nagel, Bessie Love, Leila Hyams, Robert Ober, James Neill, Edythe Chapman",https://www.filmcrave.com/movie_page_main.php?id=42002,Unknown
C.O.D.,39058,1.8,3,08/22/1932,English,"Crime, Mystery",NR,Michael Powell,"Garry Marsh, Hope Davey, Arthur Stratton, Sybil Grove, Roland Culver, Peter Gawthorne",https://www.filmcrave.com/movie_page_main.php?id=42003,Unknown
Godless Men,21783,2.5,3,11/01/1920,English,Drama,NR,Reginald Barker,"Russell Simpson, Jim Mason, Helene Chadwick, John Bowers, Alec B. Francis, Bob Kortman",https://www.filmcrave.com/movie_page_main.php?id=42004,Unknown
The Battle of Love,29973,2.2,3,12/19/1914,English,Drama,NR,Unknown,"Francis X. Bushman, Ruth Stonehouse, Rapley Holmes, Thomas Commerford, Lillian Drew, Harry Dunkinson",https://www.filmcrave.com/movie_page_main.php?id=42005,Unknown
"Dr. Black, Mr. Hyde",17088,2.5,4,01/01/1976,English,Horror,R,William Crain,"Bernie Casey, Rosalind Cash, Marie O'Henry, Ji-Tu Cumbuka, Milt Kogan, Stu Gilliam",https://www.filmcrave.com/movie_page_main.php?id=42006,Unknown
Pals of the Prairie,45110,1.5,3,07/01/1929,English,"Adventure, Romance",NR,Louis King,"Buzz Barton, Frank Rice, Thomas G. Lingham, Natalie Joyce, Duncan Renaldo, Milburn Morante",https://www.filmcrave.com/movie_page_main.php?id=42007,Unknown
"Home, Sweet Home",45071,1.5,3,05/17/1914,English,"Biography, Drama",NR,D.W. Griffith,"Henry B. Walthall, Josephine Crowell, Lillian Gish, Dorothy Gish, Mae Marsh, Robert Harron",https://www.filmcrave.com/movie_page_main.php?id=42008,Unknown
Five and Ten,42490,1.7,3,06/13/1931,English,Drama,NR,Robert Z. Leonard,"Marion Davies, Leslie Howard, Richard Bennett, Irene Rich, Douglass Montgomery, Mary Duncan",https://www.filmcrave.com/movie_page_main.php?id=42009,Unknown
The Mysterious Island,16877,2.5,4,10/05/1929,English,"Adventure, Romance",NR,Lucien Hubbard,"Lionel Barrymore, Jacqueline Gadsden, Lloyd Hughes, Montagu Love, Harry Gribbon, Gibson Gowland",https://www.filmcrave.com/movie_page_main.php?id=42010,Unknown
R.S.V.P.,45085,1.5,3,12/05/1921,English,Comedy,NR,Charles Ray,"Charles Ray, Florence Oberle, Harry Myers, Tom McGuire, Jean Calhoun, R. Henry Grey",https://www.filmcrave.com/movie_page_main.php?id=42011,Unknown
Children of the Night,38640,1.8,4,06/26/1921,English,Comedy,NR,John Francis Dillon,"William Russell, Ruth Renick, Maurice 'Lefty' Flynn, Edmund Burns, Arthur Thalasso, Clarence Wilson",https://www.filmcrave.com/movie_page_main.php?id=42012,Unknown
Discarded Lovers ,34759,2.0,3,01/03/1932,English,Mystery,NR,Fred C. Newmeyer,"Natalie Moorhead, Russell Hopton, J. Farrell MacDonald, Barbara Weeks, Jason Robards Sr., Roy D'Arcy",https://www.filmcrave.com/movie_page_main.php?id=42013,Unknown
Bamboozled,21773,2.5,3,01/01/1919,English,Comedy,NR,N/A,"Fred Rains, Stan Paskin, Agnes Healy",https://www.filmcrave.com/movie_page_main.php?id=42014,Unknown
The Sound of Insects: Record of a Mummy,35862,2.0,3,12/24/2010,English,Documentary,NR,Peter Liechti,"Peter Mettler, lexander Tschernek",https://www.filmcrave.com/movie_page_main.php?id=42015,Unknown
Prowl,15622,2.4,8,01/28/2011,English,Horror,R,Patrik Syversen,"Ruta Gedmintas, Joshua Bowman, Courtney Hope, Bruce Payne, Jamie Blackley, George Oliver",https://www.filmcrave.com/movie_page_main.php?id=42016,"A small-town girl with aspirations for the big city hits the road with her friends, but before they can get to Chicago, their car breaks down. A truck driver offers them a ride and they accept, only to find the foreboding cargo and a one-way trip to a human hunting ground. --"
On the Shoulders of Giants,29643,2.0,5,02/11/2011,English,Documentary,NR,Deborah Morales,"Kareem Abdul-Jabbar, Spike Lee, Jamie Foxx, Sammuel L. Jackson, Maya Angelou",https://www.filmcrave.com/movie_page_main.php?id=42017,Kareem Abdul-Jabbar goes back in time to reintroduce us to the Harlem Renaissance - when jazz was the soul and basketball the heartbeat. The time that inspired him to greatness - thanks to the Harlem Rens - the greatest basketball team you never heard of. --
Peep World,28693,2.1,4,10/01/2010,English,Comedy,NR,Barry W. Blaustein,"Michael C. Hall, Sarah Silverman, Rainn Wilson, Ben Schwartz, Judy Greer, Taraji P. Henson",https://www.filmcrave.com/movie_page_main.php?id=42018,Unknown
Elevator,17501,2.4,5,01/01/2011,English,Thriller,NR,Stig Svendsen,"Christopher Backus, Anita Briem, John Getz, Shirley Knight, Michael Mercurio, Amanda Pace",https://www.filmcrave.com/movie_page_main.php?id=42019,Nine people are trapped together in a Wall Street elevator and one of them has a bomb. --
4192: The Crowning of the Hit King,5472,3.3,3,11/05/2010,English,"Documentary, Biography",NR,Terry Lukemire,"Marty Brennaman, Pete Rose, J.K. Simmons, Tony Perez, Mike Schmidt",https://www.filmcrave.com/movie_page_main.php?id=42020,Unknown
Rhineland,51198,3.0,1,07/25/2007,English,"Drama, War",NR,Chris Grega,"Derek Simmons, Paul Wendell, Travis Estes, Brock Roberts, Robert Nolan Clark, James Gianoulakis",https://www.filmcrave.com/movie_page_main.php?id=42021,Unknown
Alvin and the Chipmunks: Chip-Wrecked,13633,2.3,36,12/16/2011,English,"Animation, Family",G,Mike Mitchell,"Jason Lee, Justin Long, Christina Applegate, Matthew Gray Gubler, David Cross, Amy Poehler",https://www.filmcrave.com/movie_page_main.php?id=42022,A cruise ship mishap lands the Chipmunks and Chippettes on a deserted tropical paradise... or so they think until learning the island isn't as deserted as they thought. --
Troubadours,23459,2.2,6,02/02/2011,English,"Documentary, Biography",NR,Morgan Neville,"Carole King, James Taylor, David Crosby, Elton John, Kris Kristofferson, Bonnie Raitt",https://www.filmcrave.com/movie_page_main.php?id=42023,Carole King and James Taylor are considered two of the most respected and pioneering singer/songwriters. Troubadours explores the emerging California scene in the 1960s-70s at L.A.'s Troubadour Club and the music that came out of it. --
Prometheus,1359,2.8,310,06/08/2012,English,"Sci-Fi, Horror",R,Ridley Scott,"Michael Fassbender, Noomi Rapace, Charlize Theron, Logan Marshall-Green, Guy Pearce, Idris Elba",https://www.filmcrave.com/movie_page_main.php?id=42024,"After discovering clues to the origin of mankind, a team of explorers finds themselves on a mission spanning across the universe and leading up to a battle that could determine the fate of the human race. --"
Pelican Blood,44681,2.0,2,11/08/2009,English,Drama,NR,Karl Golden,"Harry Treadaway, Emma Booth, Arthur Darvill, Christopher Fulford, Oona Chaplin, Emma Clifford",https://www.filmcrave.com/movie_page_main.php?id=42025,Unknown
The 5th Quarter,23910,2.3,4,03/31/2011,English,Sport,PG-13,Rick Bieber,"Ryan Merriman, Aidan Quinn, Andie MacDowell, Andrea Powell, Michael Harding, Jillian Batherson",https://www.filmcrave.com/movie_page_main.php?id=42026,Based on a true story: when his brother Luke dies in a tragic car accident Jon Abbate takes up his football jersey number and leads the Wake Forest Demon Deacons to their most successful season in school history. --
The Last Lions,11324,2.6,7,02/18/2011,English,Documentary,PG,Dereck Joubert,"Jeremy Irons, Beverly Joubert, Dereck Joubert",https://www.filmcrave.com/movie_page_main.php?id=42027,"Documentary that explores the plight of African lions, whose numbers have dwindled from 500,000 nearly 50 years ago to around 20,000 today. --"
Ceremony,23129,2.1,11,04/08/2011,English,Comedy,R,Max Winkler,"Uma Thurman, Michael Angarano, Lee Pace, Rebecca Mader, Jake M. Johnson, Reece Thompson",https://www.filmcrave.com/movie_page_main.php?id=42028,"A young man is willing to do anything to win the heart of an older woman, even if it means crashing her wedding. --"
Played,51104,3.0,1,11/02/2006,English,"Crime, Thriller",R,Sean Stanek,"Gabriel Byrne, Patrick Bergin, Vinnie Jones, Val Kilmer, Bruno Kirby, Anthony LaPaglia",https://www.filmcrave.com/movie_page_main.php?id=42029,Unknown
Anna Karenina,26821,2.3,3,10/07/1914,Russian,Drama,NR,Vladimir Gardin,"Mariya Germanova, Vladimir Shaternikov, Mikhail Tamarov, Zoya Barantsevich, Vladimir Kvanin, V. Obolensky",https://www.filmcrave.com/movie_page_main.php?id=42030,Unknown
Ernest Goes to School,28555,1.9,18,12/14/1994,English,"Comedy, Family",PG,Coke Sams,"Jim Varney, Linda Kash, Bill Byrge, Sarah Chalke, Will Sasso, Duncan Fraser",https://www.filmcrave.com/movie_page_main.php?id=42031,Jim Varney's recurring dim-bulb character Ernest P. Worrell returns in this film as a school bus driver seeking to obtain a high school diploma.
False Colors,46777,1.3,3,12/17/1914,English,Drama,NR,Phillips Smalley,"Phillips Smalley, Lois Weber, Dixie Carr, Adele Farrington, Charles Marriott, Courtenay Foote",https://www.filmcrave.com/movie_page_main.php?id=42032,Unknown
Ernest in the Army,43164,1.4,7,02/24/1998,English,"Family, Comedy",PG,John R. Cherry III,"Jim Varney, Hayley Tyson, David Müller, Christo Davids, Jeffrey Pillars, Duke Ernsberger",https://www.filmcrave.com/movie_page_main.php?id=42033,"When Ernest joins the Army reserves, he has no intention of actually fighting. But the newly-minted Pvt. Worrell is in for an awfully big surprise. His unit is soon dispatched on a peacekeeping mission in the Persian Gulf, and the future of the world depends on Ernest's competency."
Justice,42411,1.7,3,03/02/1914,English,"Crime, Drama",NR,Frank Wilson,"Alec Worcester, Alma Taylor, Stewart Rome, Harry Royston, Ruby Belasco, Jamie Darling",https://www.filmcrave.com/movie_page_main.php?id=42034,Unknown
Ernest Goes to Africa,34510,1.8,5,01/01/1997,English,"Family, Comedy",PG,John R. Cherry III,"Jim Varney, Linda Kash, Jamie Bartlett, Claire Marshall, Washington Xisolo, Robert Whitehead",https://www.filmcrave.com/movie_page_main.php?id=42035,Ernest inadvertently steals a pair of precious African diamonds and fastens them to a yo-yo to make a gift for a waitress he has a crush on. Little does he know that his actions have stoked the ire of an African prince who's now plotting to kidnap Ernest's sweetheart and drag her back with him across the Atlantic.
Yes or No,42427,1.7,3,06/28/1920,English,Drama,NR,Roy William Neill,"Norma Talmadge, Frederick Burton, Lowell Sherman, Lionel Adams, Rockliffe Fellowes, Natalie Talmadge",https://www.filmcrave.com/movie_page_main.php?id=42036,Unknown
Carbon Nation,21049,2.4,4,10/22/2010,English,"Documentary, Family",NR,Peter Byck,"Richard Branson, Bill Kurtis, Lester R. Brown, Greg Franta, Amory B. Lovins, R. James Woolsey",https://www.filmcrave.com/movie_page_main.php?id=42037,Unknown
Love in Magic (Yenaesoolsa),34573,2.0,3,05/20/2005,Korean,"Comedy, Romance",NR,Se-Hwan Cheon,"Seong-guk Choi, Jeong-hun Yeon, Mi-lyeong Jo, Jin-hie Park, Yun-a Oh, Mi-lyeong Jo",https://www.filmcrave.com/movie_page_main.php?id=42038,"Ji-hoon is a famous magician. He’s also a ladies man. The city is his stage, or rather his hunting ground. Every night he’s out looking for a new lady, and he rarely goes home alone. But Ji-hoon’s womanizing ways are about to land him in some serious trouble. One night when he’s dragged yet another girl to yet another hotel room, he suddenly gets a call from his friend, who has stumbled over some hidden camera footage on the internet of a couple having sex in a hotel. Why is that so interesting? Well, the guy is Ji-hoon! --"
The Duke Steps Out,19832,2.3,5,03/16/1929,English,"Comedy, Drama",NR,James Cruze,"William Haines, Joan Crawford, Karl Dane, Tenen Holtz, Edward J. Nugent, Jack Roper",https://www.filmcrave.com/movie_page_main.php?id=42039,Unknown
200 Pounds Beauty ( Minyeo-neun goerowo ),20451,2.4,4,10/10/2008,Korean,"Comedy, Romance",NR,Yong-hwa Kim,"Ah-jung Kim, Jin-mo Ju, Han-wi Lee, Hyeon-sook Kim, Yong-geon Kim, Dong-il Song",https://www.filmcrave.com/movie_page_main.php?id=42040,"Hanna is a lip sync vocalist for Ammy, the famous Korean pop singer. Though Hanna is always ignored due to her appearance, she has always been a bright and happy girl until Ammy humiliated her in front of Sang-jun, the one she secretly admired. Finally, she made a life-changing decision: to have a major cosmetic surgery. With this move, will her unrequited love be returned? --"
The Journey's End,30023,2.2,3,07/17/1921,English,Drama,NR,Hugo Ballin,"Mabel Ballin, George Bancroft, Wyndham Standing, Georgette Bancroft, John T. Dillon",https://www.filmcrave.com/movie_page_main.php?id=42041,Unknown
Orgasm Inc.,17867,2.7,3,11/01/2009,English,Documentary,NR,Elizabeth Canner,"Andrilla Chakrabarti, Nan Cochran, John Griesemer",https://www.filmcrave.com/movie_page_main.php?id=42042,Extraordinary behind-the-scenes access reveals a drug company's fevered race to develop the first FDA-approved Viagra for women - and offers a humorous but sobering look inside the cash-fueled pharmaceutical industry.
Amphetamine,35828,2.0,3,04/08/2010,Cantonese,Drama,NR,Scud,"Byron Pang, Thomas Price, Winnie Leung, Linda So, Simon Tam, Li Hua Peng",https://www.filmcrave.com/movie_page_main.php?id=42043,Unknown
The Concert,21788,2.5,3,02/20/1921,English,"Comedy, Romance",NR,Victor Schertzinger,"Lewis Stone, Myrtle Stedman, Raymond Hatton, Mabel Julienne Scott, Gertrude Astor, Russ Powell",https://www.filmcrave.com/movie_page_main.php?id=42044,Unknown
Death Bell ( Gosa ),10542,3.0,3,08/06/2008,Korean,"Horror, Thriller",NR,Yoon Hong-Seung,"Beom-su Lee, Gyu-ri Nam, Shin-ae Yu, Bum Kim, Do-hyeoni Lee, Sung Jin",https://www.filmcrave.com/movie_page_main.php?id=42045,"On the eve of the dreaded university entrance examinations, the lives of 24 of the smartest and brightest students at one high school, are on the line. Locked inside a classroom and nowhere to escape, a television monitor broadcasts a terrified Hae-yeong, the top student at the high school, tied up and seated on a chair inside an aquarium that slowly begins to fill with water. A voice from the monitor announces if the 24 cannot finish the exam administered within the allotted time given, Hae-yeong will die and so will everyone held captive inside the classroom. Thus begins the examination that will determine whether they live or die. --"
Popatopolis,20001,2.3,5,06/10/2009,English,Documentary,NR,Clay Westervelt,"Jim Wynorski, Julie K. Smith, Julie Strain, Monique Parent, Lloyd Kaufman, Roger Corman",https://www.filmcrave.com/movie_page_main.php?id=42046,Unknown
Monogamy,33630,1.9,7,03/11/2011,English,Drama,Unknown,Dana Adam Shapiro,"Chris Messina, Rashida Jones, Meital Dohan, Zak Orth, Ivan Martin, Madison Arnold",https://www.filmcrave.com/movie_page_main.php?id=42047,"A wedding photographer, bored with his conventional job, starts a side business as a ""gumshoot"" - being paid to stalk people with his camera. When he becomes obsessed with one of his clients, it makes him face a harsh reality about his life and current relationship. --"
J. Edgar,5993,2.6,71,11/09/2011,English,"Biography, Drama",R,Clint Eastwood,"Leonardo DiCaprio, Naomi Watts, Josh Lucas, Ed Westwick, Lea Thompson, Judi Dench",https://www.filmcrave.com/movie_page_main.php?id=42048,J. Edgar Hoover was one of the most prominent faces of law enforcement for 50 years in the United States. He held power most men can only dream of and secrets that could have destroyed him. --
Elektra Luxx,16366,2.3,14,03/11/2011,English,Comedy,R,Sebastian Gutierrez,"Carla Gugino, Adrianne Palicki, Emmanuelle Chriqui, Malin Akerman, Joseph Gordon-Levitt, Christine Lakin",https://www.filmcrave.com/movie_page_main.php?id=42049,"Porn star Elektra Luxx decides to leave the industry when she discovers she's pregnant. Finding a job teaching sex classes to housewives, she finds out that leaving the past behind isn't that easy as everyone from a twin sister to a best-selling author throw her life into chaos. --"
A Little Bit of Heaven,11349,2.4,25,05/04/2012,English,"Comedy, Romance",PG-13,Nicole Kassell,"Kate Hudson, Kathy Bates, Lucy Punch, Gael García Bernal, Whoopi Goldberg, Rosemarie DeWitt",https://www.filmcrave.com/movie_page_main.php?id=42050,"A woman dying of cancer keeps her heart locked away but when she finds a man who finally breaks through her barriers, she finds the threat of love may be even stronger than death itself. --"
Even the Rain ( También la lluvia ),1657,3.2,9,10/14/2010,Spanish,"Historical, Drama",NR,Icíar Bollaín,"Gael García Bernal, Luis Tosar, Karra Elejalde, Raúl Arévalo, Cassandra Ciangherotti, Juan Carlos Aduviri",https://www.filmcrave.com/movie_page_main.php?id=42051,"A Spanish director on a tight budget decides to film his biopic on Christopher Columbus in Bolivia, in order to hire local actors on the cheap. Everything seems to be going smoothly, until a battle erupts over the privatization of the water supply - and one of his lead actors leads the protest movement. --"
3 Backyards,35818,2.0,3,01/24/2010,English,Drama,R,Eric Mendelsohn,"Embeth Davidtz, Edie Falco, Elias Koteas, Rachel Resheff, Kathryn Erbe, Dana Eskelson",https://www.filmcrave.com/movie_page_main.php?id=42052,Verenigde Staten Drama 85 minuten geregisseerd door Eric Mendelsohn
Abraham Lincoln: Vampire Hunter,8059,2.4,111,06/22/2012,English,"Horror, Thriller",R,Timur Bekmambetov,"Benjamin Walker, Mary Elizabeth Winstead, Dominic Cooper, Alan Tudyk, Rufus Sewell, Anthony Mackie",https://www.filmcrave.com/movie_page_main.php?id=42053,"After the death of his mother at the hands of vampires, Abraham Lincoln vows to hunt down the undead bloodsuckers and the slave-owners who help them. --"
"Double Hour, The ( doppia ora, La )",34442,1.8,5,04/15/2011,Italian,"Drama, Mystery",NR,Giuseppe Capotondi,"Kseniya Rappoport, Filippo Timi, Antonia Truppo, Gaetano Bruno, Fausto Russo Alesi, Michele Di Mauro",https://www.filmcrave.com/movie_page_main.php?id=42054,A Slovenian woman working as a maid uses a dating service meets a security guard and the chemistry is immediate. This great love comes to a sudden and tragic end but the story goes on...  --
Tahaan,51508,3.0,1,05/28/2009,Hindi,Drama,NR,Santosh Sivan,"Victor Banerjee, Purav Bhandare, Rahul Bose, Ankush Dubey, Rasika Dugal, Rahul Khanna",https://www.filmcrave.com/movie_page_main.php?id=42055,Unknown
Bereavement,17468,2.4,5,03/04/2011,English,"Crime, Horror",R,Stevan Mena,"Alexandra Daddario, Michael Biehn, Spencer List, John Savage, Peyton List, Valentina de Angelis",https://www.filmcrave.com/movie_page_main.php?id=42056,"A prequel to Stevan Mena's debut film, Malevolence: A young boy is"
When The Levees Broke: A Requiem in Four Acts,1620,3.2,10,08/16/2006,English,Documentary,NR,Spike Lee,"Spike Lee, Al Sharpton, Sean Penn, Jay Asevedo, Shelton 'Shakespeare' Alexander, Wynton Marsalis",https://www.filmcrave.com/movie_page_main.php?id=42057,"Spike Lee presents an unflinching, artistic, gritty look at the aftermath of Hurricane Katrina and the U.S. government's response. --"
Immigration Tango,41854,2.3,2,02/18/2011,English,Comedy,R,David Burton Morris,"Elika Portnoy, McCaleb Burnett, Carlos Leon, Ashley Wolfe, Avery Sommers, Beth Glover",https://www.filmcrave.com/movie_page_main.php?id=42058,"Two couples - one American, one foreign, put their relationships to the test when they switch partners and get married for green cards. --"
Yoga Hakwon,26845,2.3,3,08/20/2009,Korean,Horror,NR,Jae-yeon Yun,"Su-yeon Cha, Yoo Jin, Hye-na Kim, Ha-Na Hwang, In-gi Jeong, Hye-sang Lee",https://www.filmcrave.com/movie_page_main.php?id=42059,"A woman who has lost her job to a young rival visits a mysterious, intensive yoga course at the behest of a changed friend. When she arrives with four other women, the actress-turned-trainer enforces a strict regimen and a set of rules - breaking either results in swift and brutal consequences. --"
"Kiss Me, Kill Me ( Kilme )",51613,3.0,1,11/05/2009,Korean,"Adventure, Comedy",NR,Yang Jong-Hyun,"Choon-il Han, Jeon Hanssen, Mun-seok Jang, Hye-jeong Kang, Seong-oh Kim, Yeon-soo Kim",https://www.filmcrave.com/movie_page_main.php?id=42060,Unknown
Speed Scandal ( Kwasok scandle ),51416,3.0,1,12/03/2008,Korean,"Comedy, Drama",NR,Hyeong-Cheol Kang,"Tae-hyun Cha, Kyeong-min Hong, Seok-hyeon Hwang, Won-jung Jeong, Ji-Gyu Lim, Seung-dae Lim",https://www.filmcrave.com/movie_page_main.php?id=42061,"Nam Hyun Soo was once a popular teen idol and worshiped liked a god. Although in his mid-thirties, he’s still a sought-after celebrity and hosts a popular radio show. One day a young, single mom named Jung Nam sends her story to his radio show. Her stories about longing to connect with a father she’s never met grips the nation and sends ratings through the roof. When Hyun Soo confronts Jung Nam, and her 7 year-old boy, Gi Dong they invade Hyun Soo’s home and his radio station, claiming that Hyun Soo is her long-lost father. Hyun Soo does what he can to salvage the situation. --"
Hansel & Gretel ( Henjel gwa Geuretel ),11754,2.8,4,05/27/2009,Korean,"Fantasy, Horror",NR,Pil-Sung Yim,"Jeong-myeong Cheon, Shim Eun-kyung, Young-nam Jang, Ji-hee Jin, Kyeong-ik Kim, Hee-soon Park",https://www.filmcrave.com/movie_page_main.php?id=42062,Unknown
"Frozen Flower, A ( Ssang-hwa-jeom )",21697,2.5,3,10/11/2009,Korean,"Drama, Historical",NR,Ha Yu,"Jin-mo Ju, Ji-hyo Song, In-seong Jo, In-beom Ko, Tae-won Kwon, Ju-hwan Lim",https://www.filmcrave.com/movie_page_main.php?id=42063,"A historical drama set in the Koryo dynasty (based on a true story) and focused on the twisted, eventually tragic love triangle between a king, his male bodyguard and the queen. --"
Pilgrim's Progress,2928,3.2,5,01/01/2008,English,Drama,NR,Danny Carrales,"Daniel Kruse, Jeremiah Guelzo, Hugh McLean, Reid Dalton, Rodney Harter, Adam Salvia",https://www.filmcrave.com/movie_page_main.php?id=42064,"Pilgrim's Progress is based upon a book written in the mid 1600's. A man named Christian discovers a day of destruction, and must find the narrow path leading to the Celestial city, and lift the burden of the world off his back."
Vanishing on 7th Street,19587,2.1,32,01/07/2011,English,"Horror, Mystery",R,Brad Anderson,"Hayden Christensen, John Leguizamo, Thandie Newton, Jacob Latimore, Taylor Groothuis, Jordan Trovillion",https://www.filmcrave.com/movie_page_main.php?id=42065,"A power outage leaves Detroit in darkness, but when a group of individuals find themselves together it becomes something much more dangerous: everyone is gone, leaving clothes and vehicles behind. As the remaining light dwindles, the group finds themselves in a tavern, fending off the darkness with the little light they have left. --"
We Are What We Are ( Somos lo que hay ),16046,2.4,6,11/13/2010,Spanish,"Drama, Horror",R,Jorge Michel Grau,"Paulina Gaitan, Daniel Giménez Cacho, Adrián Aguirre, Miriam Balderas, Francisco Barreiro, Carmen Beato",https://www.filmcrave.com/movie_page_main.php?id=42066,A family must fend for themselves in the city after their fathers dies... things are complicated by the fact they were raised as cannibals. --
"Lavoe ( Singer, The )",18790,2.7,3,02/14/2011,English,Drama,NR,Anthony Felton,"Raúl Carbonell, Patricia Manterola, Joana Vargas, Luis Jose Lopez, Renoly Santiago, Jaime Sánchez",https://www.filmcrave.com/movie_page_main.php?id=42067,"A drama / biography based on the story of Hector Lavoe, a salsa singer from Ponce Puerto. --"
Blood Out,29641,2.0,5,01/01/2011,English,Action,R,Jason Hewitt,"Val Kilmer, Luke Goss, AnnaLynne McCord, Vinnie Jones, 50 Cent, Ed Quinn",https://www.filmcrave.com/movie_page_main.php?id=42068,"When city detectives refuse to help with his investigation into his brothers gang murder, a small-town sheriff goes undercover into this dangerous world to find the killers and dispense his own justice. --"
Bureaucracy,51555,3.0,1,08/27/2009,English,"Crime, Drama",NR,Mark Perreault,"Jack Robinson, David Simon, Kaitlyn Black, Jane Shepherd, Christine Haeberman, Myles McLane",https://www.filmcrave.com/movie_page_main.php?id=42069,Unknown
Gamera vs. Zigra ( Gamera tai Shinkai kaijû Jigura ),5281,3.0,5,07/17/1971,Japanese,Sci-Fi,NR,Noriaki Yuasa,"Kôji Fujiyama, Reiko Kasahara, Isamu Saeki, Yasushi Sakagami, Eiko Yanami, Mikiko Tsubouchi",https://www.filmcrave.com/movie_page_main.php?id=42070,Unknown
"Hidden Love ( amour caché, L' )",21307,3.3,2,01/01/2009,French,Drama,NR,Alessandro Capone,"Isabelle Huppert, Greta Scacchi, Mélanie Laurent, Giorgio Lupano, Olivier Gourmet, Jean-Michel Larre",https://www.filmcrave.com/movie_page_main.php?id=42071,"Danielle is a 47-year-old Parisian that has been admitted to a private clinic after her third suicide attempt. There she has taken a vow of inviolable silence but is persuaded by a woman psychiatrist to open up. Soon Danielle finds the words to explain the reasons behind her state of unease: an isolated and difficult childhood, a rushed marriage, a non-desired pregnancy and an erratic mother-daughter relationship. --"
Atlas Shrugged: Part I,17434,2.2,15,04/15/2011,English,"Drama, Mystery",PG-13,Paul Johansson,"Paul Johansson, Taylor Schilling, Jon Polito, Matthew Marsden, Ethan Cohn, Michael Lerner",https://www.filmcrave.com/movie_page_main.php?id=42072,"Part 1 of a trilogy based on the 1957 Ayn Rand novel: Dagny Taggart is a powerful executive in the railroad business, but watches as the government's increasing control over industry causes a strain on business, and ultimately society itself as the countries great minds withdraw their support and go into hiding. --"
Scrapbook,50186,3.0,1,06/01/2000,English,"Drama, Horror",NR,Eric Stanze,"Emily Haack, Tommy Biondo, Todd Tevlin, Elizabeth Hammock, Sam Maiden Jr., Angelia Sanderson",https://www.filmcrave.com/movie_page_main.php?id=42073,"Leonard is a psychopath who documents his ""life story"" with a scrapbook of his many atrocities and forces his victims to personally write out their individual ordeals. When Leonard abducts Clara, she too must add her agony to the pages. Beaten and locked up like an animal, Clara's only hope for survival is to communicate with Leonard through her writing in his cherished scrapbook."
Habit,7571,3.2,3,11/14/1997,English,"Drama, Horror",NR,Larry Fessenden,"Larry Fessenden, Meredith Snaider, Aaron Beall, Patricia Coleman, Heather Woodbury, Jesse Hartman",https://www.filmcrave.com/movie_page_main.php?id=42074,"When Sam meets Anna, his alcoholic delusions lead him to believe she is a vampire. His dilemma becomes a struggle with sanity, truth and fiction, all the while straining his relationships with friends and family."
Sleeping Dogs Lie,32618,2.8,2,02/28/2005,English,"Mystery, Drama",NR,Stuart Lessner,"Brad Wilk, Edward Asner, Maynard James Keenan, Peter Looney, Chelsea Field, Ione Inoke",https://www.filmcrave.com/movie_page_main.php?id=42075,Unknown
China White Serpentine,50569,3.0,1,09/01/2003,English,"Drama, Horror",NR,"Robin Garrels, Eric Stanze","D.J. Vivona, Eli DeGeer, Amanda Booth, Jason Allen Wolfe, Rachel Lewis, William Clifton",https://www.filmcrave.com/movie_page_main.php?id=42076,Unknown
Taboo,50372,3.0,1,01/14/2002,English,"Horror, Mystery",R,Max Makowski,"Nick Stahl, Eddie Kaye Thomas, January Jones, Amber Benson, Lori Heuring, Derek Hamilton",https://www.filmcrave.com/movie_page_main.php?id=42077,Unknown
Truth About Demons,35627,2.0,3,01/12/2001,English,"Horror, Thriller",NR,Glenn Standring,"Karl Urban, Katie Wolfe, Jonathon Hendry, Sally Stockwell, Tony MacIver, Mel Johnston",https://www.filmcrave.com/movie_page_main.php?id=42078,Unknown
"Ape, The ( Apan )",25926,3.0,2,10/23/2009,Swedish,"Drama, Thriller",NR,Jesper Ganslandt,"Olle Sarri, Niclas Gillis, Lena Carlsson, Sean Pietrulewicz, Françoise Joyce, Lennart Andersson",https://www.filmcrave.com/movie_page_main.php?id=42079,Unknown
Around the Corner,27036,2.3,3,04/25/1930,English,"Comedy, Drama",NR,Bert Glennon,"George Sidney, Charles Murray, Joan Peers, Charles Delaney, Larry Kent, Jesse De Vorska",https://www.filmcrave.com/movie_page_main.php?id=42080,Unknown
Down with Weapons ( Ned Med Vaabnene ),29799,1.9,6,08/14/1914,Danish,"Drama, War",NR,Holger-Madsen,"Philip Bech, Augusta Blad, Alf Blutecher, Olaf Fønss, Johanne Fritz-Petersen Blom, Birger von Cotta-Schønberg",https://www.filmcrave.com/movie_page_main.php?id=42081,Unknown
In the Days of the Thundering Herd,34151,1.9,4,11/30/1914,English,Western,NR,Colin Campbell,"Tom Mix, Bessie Eyton, Wheeler Oakman, Red Wing",https://www.filmcrave.com/movie_page_main.php?id=42082,Unknown
Going to Congress,17971,2.7,3,05/25/1924,English,Comedy,NR,Rob Wagner,"Will Rogers, Molly Thompson, Marie Mosquini, William Gillespie",https://www.filmcrave.com/movie_page_main.php?id=42083,Unknown
"Ireland, a Nation",26890,2.3,3,09/23/1914,English,"Drama, Historical",NR,Walter MacNamara,"Barry O'Brien, Patrick Ennis, Dominick Reilly, Barney Magee",https://www.filmcrave.com/movie_page_main.php?id=42084,Unknown
Little Lord Fauntleroy,34604,2.0,3,06/22/1914,English,Drama,NR,F. Martin Thornton,"H. Agar Lyons, Fred Eustace, Gerald Royston, Jane Wells, Frank Stather, Harry Edwards",https://www.filmcrave.com/movie_page_main.php?id=42085,Unknown
Rip Van Winkle,38918,1.8,3,11/09/1914,English,"Drama, Fantasy",NR,N/A,"Thomas Jefferson, Clarette Clare, Harry Blakemore, Daisy Jefferson, Wallace Scott, William Cavanaugh",https://www.filmcrave.com/movie_page_main.php?id=42086,Unknown
Rose of the Rancho,21748,2.5,3,11/15/1914,English,"Adventure, Romance",NR,Cecil B. DeMille,"Bessie Barriscale, Jane Darwell, Dick La Reno, Jack W. Johnston, Monroe Salisbury, James Neill",https://www.filmcrave.com/movie_page_main.php?id=42087,Unknown
A Small Town Idol,21787,2.5,3,02/13/1921,English,Comedy,NR,"Erle C. Kenton, Mack Sennett","Ben Turpin, James Finlayson, Phyllis Haver, Bert Roach, Al Cooke, Marie Prevost",https://www.filmcrave.com/movie_page_main.php?id=42088,Unknown
At the End of the World,26952,2.3,3,08/14/1921,English,"Drama, Romance",NR,Penrhyn Stanlaws,"Betty Compson, Milton Sills, Casson Ferguson, Mitchell Lewis, Spottiswoode Aitken, Joseph Kilgour",https://www.filmcrave.com/movie_page_main.php?id=42089,Unknown
Beyond,42435,1.7,3,09/04/1921,English,Drama,NR,William Desmond Taylor,"Ethel Clayton, Charles Meredith, Earl Schenck, Fontaine La Rue, Winifred Kingston, Lillian Rich",https://www.filmcrave.com/movie_page_main.php?id=42090,Unknown
Burn 'Em Up Barnes,34654,2.0,3,08/01/1921,English,Adventure,NR,"George Beranger, Johnny Hines","Johnny Hines, Edmund Breese, George Fawcett, Betty Carpenter, J. Barney Sherry, Matthew Betz",https://www.filmcrave.com/movie_page_main.php?id=42091,Unknown
Prayers for Bobby,3418,3.1,6,01/21/2009,English,"Biography, Drama",NR,Russell Mulcahy,"Sigourney Weaver, Henry Czerny, Ryan Kelley, Austin Nichols, Carly Schroeder, Dan Butler",https://www.filmcrave.com/movie_page_main.php?id=42092,Unknown
Ranchero,39926,1.8,3,05/06/2011,English,Drama,Unknown,Richard Kaponas,"Roger Gutierrez, Brian Eric Johnson, Christina Woods, Danny Trejo, Ruth Livier, Jade Gordon",https://www.filmcrave.com/movie_page_main.php?id=42093,A first-generation Mexican-American with big dreams leaves his life as a rancher behind and moves to L.A. where he soon finds that the glitz and glamor he expected replaced by harsh reality. --
Dressed,29153,2.1,4,02/04/2011,English,"Documentary, Biography",NR,David John Swajeski,"Nary Manivong, Pila Manivong, Amanda Fields, Fern Mallis, Robert Verdi, Simon Doonan",https://www.filmcrave.com/movie_page_main.php?id=42094,Unknown
Secret Origin: The Story of DC Comics,23738,2.2,5,11/09/2010,English,"Documentary, Historical",NR,Mac Carter,"Ryan Reynolds, Zack Snyder, Frank Miller, Bryan Singer, George Reeves, David Cronenberg",https://www.filmcrave.com/movie_page_main.php?id=42095,Documentary narrated by Ryan Reynolds discussing the history of our favorite superheroes.
Enchantment,46782,1.3,3,10/30/1921,English,Comedy,NR,Robert G. Vignola,"Marion Davies, Forrest Stanley, Edith Shayne, Tom Lewis, Arthur Rankin, Corinne Barker",https://www.filmcrave.com/movie_page_main.php?id=42096,Unknown
Every Woman's Problem,42432,1.7,3,03/19/1921,English,Drama,NR,Willis Robards,"Dorothy Davenport, Willis Robards, Maclyn King, Wilson Du Bois",https://www.filmcrave.com/movie_page_main.php?id=42097,Unknown
Fool's Paradise,26957,2.3,3,12/09/1921,English,Romance,NR,Cecil B. DeMille,"Dorothy Dalton, Conrad Nagel, Mildred Harris, Theodore Kosloff, John Davidson, Julia Faye",https://www.filmcrave.com/movie_page_main.php?id=42098,Unknown
Footlights,21792,2.5,3,09/01/1921,English,Drama,NR,John S. Robertson,"Elsie Ferguson, Reginald Denny, Marc McDermott, Octavia Handworth",https://www.filmcrave.com/movie_page_main.php?id=42099,Unknown
Love of Perdition ( Amor de Perdição ),30030,2.2,3,11/09/1921,Portuguese,"Drama, Romance",NR,George Pallu,"Pato Moniz, António Pinheiro, Brunilde Júdice, Irene Grave, Samuel Dinis, Alfredo Ruas",https://www.filmcrave.com/movie_page_main.php?id=42100,Unknown
Scooby-Doo! Curse of the Lake Monster,8073,2.7,9,10/16/2010,English,"Adventure, Comedy",PG,Brian Levant,"Robbie Amell, Hayley Kiyoko, Kate Melton, Frank Welker, Nick Palatas, Ted McGinley",https://www.filmcrave.com/movie_page_main.php?id=42101,"Scooby & the Gang travel to Daphne's uncles country club. Unfortunately, strange things start happening when mysterious creatures begin terrorizing the country club. Now it's up to Mystery Inc. to discover the person is behind the events."
Hunt to Kill,24663,2.1,7,11/09/2010,English,Action,R,Keoni Waxman,"Eric Roberts, Steve Austin, Michael Hogan, Gil Bellows, Gary Daniels, Marie Avgeropoulos",https://www.filmcrave.com/movie_page_main.php?id=42102,Unknown
Nun of That,51481,3.0,1,04/10/2009,English,Action,NR,Richard Griffin,"Sarah Nicklin, Alexandra Cipolla, Shanette Wilson, Michael Reed, Lloyd Kaufman, Ruth Sullivan",https://www.filmcrave.com/movie_page_main.php?id=42103,Unknown
Rise,28697,2.1,4,02/17/2011,English,"Documentary, Sport",NR,Nancy Stern,"Brian Boitano, Patricia Clarkson, Dakota Fanning, Peggy Fleming, Scott Hamilton, Michelle Kwan",https://www.filmcrave.com/movie_page_main.php?id=42104,"On Feb. 17th, 1961 the plane carrying the U.S. World Figure Skating Team to the World Championships in Prague crashed, killing all on board. RISE is a documentary that both commemorates this tragedy on the 50th anniversary of the event, but also celebrates the enduring legacy of the sport of figure skating. --"
Haunted,41923,2.3,2,10/21/2013,English,Horror,R,Steven M. Smith,"Bruce Payne, Giles Alderson, Jon-Paul Gates, Steven M. Smith, Victoria Pritchard, Roy Smith",https://www.filmcrave.com/movie_page_main.php?id=42105,Unknown
"Little White Lies ( petits mouchoirs, Les )",17764,2.4,5,08/24/2012,French,"Comedy, Drama",NR,Guillaume Canet,"François Cluzet, Marion Cotillard, Benoît Magimel, Gilles Lellouche, Jean Dujardin, Laurent Lafitte",https://www.filmcrave.com/movie_page_main.php?id=42106,"A group of friends who gather for an annual beach house celebration suddenly find themselves opening up and really venting their frustrations, hidden feelings and secrets when one of their group barely survives an accident just before the trip. --"
The Windmill Movie,31281,2.2,3,06/17/2009,English,Documentary,NR,Alexander Olch,"Wallace Shawn, Richard P. Rogers, Bob Balaban, Susan Meiselas",https://www.filmcrave.com/movie_page_main.php?id=42107,Unknown
Mother Lode,20877,2.4,4,09/23/1982,English,Adventure,PG,Charlton Heston,"Charlton Heston, Nick Mancuso, Kim Basinger, John Marley, Dale Wilson, Rocky Zantolas",https://www.filmcrave.com/movie_page_main.php?id=42108,Unknown
Girl Walks Into a Bar,19544,2.2,10,03/11/2011,English,"Comedy, Drama",R,Sebastian Gutierrez,"Carla Gugino, Zachary Quinto, Josh Hartnett, Danny DeVito, Rosario Dawson, Emmanuelle Chriqui",https://www.filmcrave.com/movie_page_main.php?id=42109,"A dentist, an assassin and one soon-to-be dead wife - but plans change, and suddenly a group of strangers from cops and ex-cons to strippers and bartenders, become caught up as they race through ten bars on one wild L.A. night --"
Living Downstream,35881,2.0,3,04/03/2011,English,Documentary,NR,Chanda Chevannes,"Sandra Steingraber, Tyrone Hayes, Rachel Carson, Stéphane Lair, Linda Birnbaum",https://www.filmcrave.com/movie_page_main.php?id=42110,"Documentary based on the book by ecologist and cancer survivor Sandra Steingraber, Ph.D. that explores the relationship between cancer and the environment. --"
Drive,320,3.1,374,09/16/2011,English,"Action, Drama",R,Nicolas Winding Refn,"Ryan Gosling, Carey Mulligan, Christina Hendricks, Ron Perlman, Bryan Cranston, Albert Brooks",https://www.filmcrave.com/movie_page_main.php?id=42111,A stuntman-turned-wheelman must use all his skills to survive after a botched job results in a contract on his head. --
What Women Want,22918,2.5,3,02/03/2011,Mandarin,"Comedy, Romance",NR,Daming Chen,"Andy Lau, Li Gong, Kelly Hu, Osric Chau, Russell Wong, Jing Hu",https://www.filmcrave.com/movie_page_main.php?id=42112,"A Chinese remake of the 2000 comedy in which a man suddenly gains the ability to read the thoughts of women and uses it to his advantage, but is soon questioning if it's a something wonderful or a curse. --"
The Greenhorns,18775,2.7,3,10/01/2010,English,"Documentary, Biography",NR,Severine von Tscharner Fleming,Severine von Tscharner Fleming,https://www.filmcrave.com/movie_page_main.php?id=42113,Unknown
To Die Like a Man ( Morrer Como Um Homem ),42282,1.6,4,09/01/2009,Portuguese,"Drama, Fantasy",NR,João Pedro Rodrigues,"Chandra Malatitch, John Jesus Romão, Ivo Barroso, Gonçalo Ferreira De Almeida, Miguel Loureiro, Francisco Peres",https://www.filmcrave.com/movie_page_main.php?id=42114,Unknown
Stake Land,7890,2.5,40,04/22/2011,English,Horror,R,Jim Mickle,"Danielle Harris, Kelly McGillis, Connor Paolo, Michael Cerveris, Bonnie Dennison, Adam Scarimbolo",https://www.filmcrave.com/movie_page_main.php?id=42115,"In a dark future, vampire-like creatures are making their way north across America, devouring everything in their path. A hunter and an orphan are trying to make it to New Eden, a monster-free zone, while battling the creatures - and cults - that stand in their way. --"
The Beast Pageant,39887,1.8,3,09/26/2010,English,"Adventure, Fantasy",NR,"Albert Birney, Jon Moses","Ron Bauerle, Samantha Bennettlepel, Chelsea Bonagura, Janice Dowd, Jon Eaton, Nancy Ensman",https://www.filmcrave.com/movie_page_main.php?id=42116,Unknown
Into Eternity,39908,1.8,3,02/02/2011,Swedish,Documentary,NR,Michael Madsen,"Timo Äikäs, Carl Reinhold Bråkenhjelm, Mikael Jensen, Berit Lundqvist, Wendla Paile, Esko Roukola",https://www.filmcrave.com/movie_page_main.php?id=42117,"A documentary about the nuclear waste repository in Olkiluoto, Finland and what nuclear storage may mean for future generations if not properly implemented. --"
Earthwork,35806,2.0,3,10/25/2009,English,Drama,NR,Chris Ordal,"John Hawkes, Bruce MacVittie, Chris Bachand, Christie Dobson, Scott Allegrucci, Zach Grenier",https://www.filmcrave.com/movie_page_main.php?id=42118,Unknown
The Crater Lake Monster,20856,2.4,4,03/01/1977,English,"Horror, Sci-Fi",PG,William R. Stromberg,"Richard Cardella, Glen Roberts, Mark Siegel, Bob Hyman, Richard Garrison, Kacey Cobb",https://www.filmcrave.com/movie_page_main.php?id=42119,"A meteor that crashed into Oregon's Crater Lake unearths a dinosaur egg. The heat from the meteor causes the egg to hatch, and the emerging dinosaur takes to snacking on the locals."
The Last Godfather,33664,1.9,7,04/01/2011,English,Comedy,PG-13,Hyung-rae Shim,"Harvey Keitel, Jason Mewes, Blake Clark, Jon Polito, Michael Rispoli, Jocelin Donahue",https://www.filmcrave.com/movie_page_main.php?id=42120,"Despite some mental issues, Younggu is groomed to be the successor to his father's mafia family. After being framed for kidnapping a rival bosses' daughter, his handler must help him to prevent an all-out war between the families. --"
Circo,14199,2.8,3,06/01/2010,Spanish,"Documentary, Drama",NR,Aaron Schock,Tino Ponce,https://www.filmcrave.com/movie_page_main.php?id=42121,Tino Ponce operates a struggling traveling circus in Mexico while trying to hold his family together. --
I Saw the Devil ( Akmareul boatda ),848,3.0,83,03/04/2011,Korean,"Crime, Drama",NR,Ji-woon Kim,"Byung-hun Lee, Gook-hwan Jeon, Ho-jin Jeon, San-ha Oh, Yoon-seo Kim, Min-sik Choi",https://www.filmcrave.com/movie_page_main.php?id=42122,"After his pregnant fiance is viciously murdered by a serial killer, a detective plots an elaborate and intricate revenge plot for the man responsible. --"
Adult Behavior ( Vuxna människor),37450,2.5,2,09/24/1999,Swedish,Comedy,NR,"Felix Herngren, Fredrik Lindström","Felix Herngren, Karin Bjurström, Cecilia Ljung, Mikael Persbrandt, Källa Bie, Fredrik Lindström",https://www.filmcrave.com/movie_page_main.php?id=42123,Unknown
"New Land, The ( Nybyggarna )",7084,2.8,8,10/26/1973,Swedish,"Drama, Western",PG,Jan Troell,"Max von Sydow, Liv Ullmann, Eddie Axberg, Pierre Lindstedt, Allan Edwall, Monica Zetterlund",https://www.filmcrave.com/movie_page_main.php?id=42124,Unknown
What Becomes of the Broken Hearted?,34512,1.8,5,05/27/1999,English,Drama,NR,Ian Mune,"Temuera Morrison, Julian Arahanga, Taungaroa Emile, Nancy Brunning, Eru Potaka Dewes, Clint Eruera",https://www.filmcrave.com/movie_page_main.php?id=42125,Unknown
Four Shades of Brown ( Fyra nyanser av brunt ),19980,2.3,5,10/14/2004,Swedish,"Comedy, Drama",NR,Tomas Alfredson,"Robert Gustafsson, Maria Kulle, Karl Linnertorp, Jonas Inde, Johan Rheborg, Karin Holmberg",https://www.filmcrave.com/movie_page_main.php?id=42126,Unknown
Falkenberg Farewell ( Farväl Falkenberg ),22786,2.5,3,03/16/2007,Swedish,Drama,NR,Jesper Ganslandt,"John Axel Eriksson, Holger Eriksson, David Johnson, Jesper Ganslandt, Jörgen Svensson, Rolf Sundberg",https://www.filmcrave.com/movie_page_main.php?id=42127,Unknown
"King of Ping Pong, The ( Ping-pongkingen )",20388,2.4,4,01/18/2008,Swedish,Drama,NR,Jens Jonsson,"Jerry Johansson, Hampus Johansson, Georgi Staykov, Ann-Sofie Nurmi, Frederik Nilsson, Alicia Stewén",https://www.filmcrave.com/movie_page_main.php?id=42128,Unknown
Devil's Playground,33574,2.0,4,09/01/2011,English,"Action, Horror",Unknown,Mark McQueen,"Jaime Murray, Danny Dyer, MyAnna Buring, Sean Pertwee, Craig Fairbrass, Colin Salmon",https://www.filmcrave.com/movie_page_main.php?id=42129,"Drug testing on 30,000 has lead to deadly side effects: people have turned into zombies. One pregnant woman is immune, so a mercenary is sent to track her down in hopes of finding a cure.  --"
StreetDance 3D,16489,2.4,7,05/21/2010,English,Drama,PG-13,"Max Giwa, Dania Pasquini","Charlotte Rampling, Rachel McDowall, George Sampson, Eleanor Bron, Nichola Burley, Frank Harper",https://www.filmcrave.com/movie_page_main.php?id=42130,A London street dance crew must work with the Royal Dance School ballet dancers in order to use rehearsal space needed to hone their skills to win the upcoming Street Dance Championships.
Private Lies,58682,2.0,1,02/28/2001,German,Drama,R,Sherry Horman,"Martina Gedeck, John Corbett, Vyto Ruginis, Marianne Sägebrecht, Rosemarie Fendel, Margaret Colin",https://www.filmcrave.com/movie_page_main.php?id=42131,A young German (Martina Gedeck) tries to maintain a calm facade while her marriage to an American (Vyto Ruginis) falls apart and another man (John Corbett) falls in love with her.
Redemption: The Stan Tookie Williams Story,50644,3.0,1,03/03/2004,English,"Drama, Crime",R,Vondie Curtis-Hall,"Jamie Foxx, Lynn Whitfield, Lee Thompson Young, Brenden Jefferson, Brenda Bazinet, CCH Pounder",https://www.filmcrave.com/movie_page_main.php?id=42132,Unknown
Reversible Errors,50683,3.0,1,05/23/2004,English,"Crime, Drama",NR,Mike Robe,"William H. Macy, Tom Selleck, Monica Potter, Felicity Huffman, James Rebhorn, Shemar Moore",https://www.filmcrave.com/movie_page_main.php?id=42133,"A corporate lawyer's interest in a decade-old murder case is piqued by a new confession that could clear the convicted killer, who sits on death row."
Quality Street,16872,2.5,4,11/01/1927,English,"Comedy, Drama",NR,Sidney Franklin,"Marion Davies, Conrad Nagel, Helen Jerome Eddy, Flora Finch, Margaret Seddon, Marcelle Corday",https://www.filmcrave.com/movie_page_main.php?id=42134,Unknown
The Bend,28316,2.3,3,04/08/2011,English,Drama,NR,Jennifer Kierans,"Adam Butcher, Sophie Traub, Tommy Lioutas, Peter Keleghan, Leah Pinsent, Ryan Kennedy",https://www.filmcrave.com/movie_page_main.php?id=42135,Three friends decide to break in to their old school and recreate prom night in order to commemorate the death of one of their brothers - who lost his life following the actual prom years before. --
Love Me and the World is Mine,28761,2.1,4,03/04/1928,English,"Comedy, Drama",NR,Ewald André Dupont,"Mary Philbin, Norman Kerry, Betty Compson, Henry B. Walthall, Mathilde Brundage, Charles Sellon",https://www.filmcrave.com/movie_page_main.php?id=42136,Unknown
Cat Run,34062,1.7,12,04/01/2011,English,"Action, Comedy",R,John Stockwell,"Paz Vega, Alphonso McAuley, Janet McTeer, Scott Mechlowicz, Christopher McDonald, D.L. Hughley",https://www.filmcrave.com/movie_page_main.php?id=42137,"A high-end escort becomes privy to a government cover-up and before she can spill her secret, an assassin is sent after her. All that stands between her and certain death are a pair of young, inexperienced detectives. --"
Potiche,10206,2.6,9,03/18/2011,French,Comedy,R,François Ozon,"Catherine Deneuve, Gérard Depardieu, Fabrice Luchini, Karin Viard, Judith Godrèche, Jérémie Renier",https://www.filmcrave.com/movie_page_main.php?id=42138,"Set in the swinging' 70s in France, a woman must take over her husband's umbrella business following a sudden illness. --"
Cannes Man,32433,2.8,2,05/01/1996,English,"Comedy, Drama",R,Richard Martini,"Francesco Quinn, Rebecca Broussard, Lloyd Kaufman, Seymour Cassel, Randal Kleiser, Johnny Depp",https://www.filmcrave.com/movie_page_main.php?id=42139,Unknown
51,21672,2.5,3,02/26/2011,English,"Horror, Sci-Fi",R,Jason Connery,"Rachel Miner, Jason London, Bruce Boxleitner, Vanessa Branch, John Shea, Beau Brasso",https://www.filmcrave.com/movie_page_main.php?id=42140,"Following public pressure, the government decides  to allow reporters limited access to the secret military facility Area 51. When an extraterrestrial prisoner learns of this, an uprising is ordered and it becomes a matter of survival for the unlucky humans involved. --"
Black Oak Conspiracy,41370,2.3,2,05/12/1977,English,"Action, Drama",R,Bob Kelljan,"Jesse Vint, Seymour Cassel, Robert F. Lyons, Karen Carlson, Albert Salmi, Janus Blythe",https://www.filmcrave.com/movie_page_main.php?id=42141,Unknown
Midnight in Paris,686,3.0,234,05/20/2011,English,"Comedy, Romance",PG-13,Woody Allen,"Rachel McAdams, Owen Wilson, Marion Cotillard, Adrien Brody, Michael Sheen, Kathy Bates",https://www.filmcrave.com/movie_page_main.php?id=42142,A family travels to Paris for business where the relationship of a young couple comes into focus when they are forced to look into a life beyond their own. --
I Will Follow,40087,1.6,5,03/11/2011,English,Drama,NR,Ava DuVernay,"Salli Richardson-Whitfield, Tracie Thoms, Omari Hardwick, Michole Briana White, Beverly Todd, Dijon Talton",https://www.filmcrave.com/movie_page_main.php?id=42143,"After her aunt dies following an illness, we follow a day in the life of a grieving woman as she prepares to move out of the house. Twelve visitors - from family and friends, to total strangers, give her the strength to move on. --"
Dylan Dog: Dead of Night,21579,2.0,26,04/29/2011,English,"Horror, Mystery",PG-13,Kevin Munroe,"Brandon Routh, Peter Stormare, Sam Huntington, Taye Diggs, Anita Briem, Kurt Angle",https://www.filmcrave.com/movie_page_main.php?id=42144,"A New Orleans detective specializing in the paranormal, along with his undead sidekick, take a case for a client that pits them against vampires, werewolves and hell itself. --"
The Secret War of Harry Frigg,16416,2.4,7,02/29/1968,English,"Comedy, War",NR,Jack Smight,"Paul Newman, Sylva Koscina, Andrew Duggan, Tom Bosley, John Williams, Charles Gray",https://www.filmcrave.com/movie_page_main.php?id=42145,Unknown
McHale's Navy,39557,1.8,3,06/01/1964,English,"Comedy, War",NR,Edward Montagne,"Ernest Borgnine, Tim Conway, Joe Flynn, Bob Hastings, Gary Vinson, Gavin MacLeod",https://www.filmcrave.com/movie_page_main.php?id=42146,Unknown
The Hawaiians,15471,2.5,5,06/17/1970,English,Drama,PG,Tom Gries,"Charlton Heston, Tina Chen, Geraldine Chaplin, Mako, John Phillip Law, Alec McCowen",https://www.filmcrave.com/movie_page_main.php?id=42147,Unknown
Hotel,17048,2.5,4,01/19/1967,English,Drama,PG,Richard Quine,"Rod Taylor, Catherine Spaak, Karl Malden, Melvyn Douglas, Merle Oberon, Richard Conte",https://www.filmcrave.com/movie_page_main.php?id=42148,Unknown
Banshee!!!,51397,3.0,1,11/05/2008,English,"Horror, Action",NR,Colin Theys,"Ashley Bates, Kevin Shea, Troy Walcott, Kerry McGann, Cristina Santiago, Greg Nutcher",https://www.filmcrave.com/movie_page_main.php?id=42149,Unknown
Way of the Puck,39890,1.8,3,10/01/2010,English,"Documentary, Sport",NR,Eric D. Anderson,"Mark Robbins, Michael Rosen, Tim Weissman, Andy Yevish, Lou Marinoff",https://www.filmcrave.com/movie_page_main.php?id=42150,Unknown
Mysteries of Lisbon ( Mistérios de Lisboa ),5624,2.9,6,10/10/2010,Portuguese,"Drama, Mystery",NR,Raoul Ruiz,"Léa Seydoux, Melvil Poupaud, Clotilde Hesme, Catarina Wallenstein, Maria João Bastos, Malik Zidi",https://www.filmcrave.com/movie_page_main.php?id=42151,"A young orphan, a wealthy business man and a jealous countess embark on a journey of discovery that takes them across France, Italy, Portugal and Brazil where they interact with many intriguing people. --"
I Love You Goodbye,51631,3.0,1,12/25/2009,Other,Drama,NR,Laurice Guillen,"Gabby Concepcion, Angelica Panganiban, Derek Ramsay, Kim Chiu, Joross Gamboa, Joem Bascon",https://www.filmcrave.com/movie_page_main.php?id=42152,Unknown
Cheats,18620,2.7,3,11/01/2002,English,Comedy,PG-13,Andrew Gurland,"Trevor Fehrman, Griffin Dunne, Elden Henson, Mary Tyler Moore, David Krumholtz, Martin Starr",https://www.filmcrave.com/movie_page_main.php?id=42153,"While other kids at the elite North Point Academy spend countless hours studying, Handsome Davis sees it as nothing more than a system of control over your mind. That's why Handsome and his three best friends Sammy, Victor and the cribsheet genius Applebee have banded together and found ways to cheat on their tests all through their school years. Everything had been going along smoothly until the gang entered their final year of high school and the stakes were upped by the school's principal, Mrs. Stark. If they get caught cheating again Stark will make a note in their permanent records and possibly kill their chances of getting into college. But can Handsome convince his pals to pull off one last, great cheat with him and outsmarting Stark and the system, even if it means possibly destroying their friendships?"
Mr. Bones,5424,3.3,3,11/30/2001,English,Comedy,PG,Gray Hofmeyr,"Leon Schuster, David Ramsey, Faizon Love, Robert Whitehead, Jane Benney, Adam Woolf",https://www.filmcrave.com/movie_page_main.php?id=42154,Unknown
Mr. Bones 2: Back from the Past,7669,3.2,3,11/27/2008,English,Comedy,NR,Gray Hofmeyr,"Leeanda Reddy, Kaseran Pillay, Meren Reddy, Keith Gengadoo, Leon Schuster, Tongayi Chirisa",https://www.filmcrave.com/movie_page_main.php?id=42155,Unknown
Red State,9362,2.4,70,03/05/2011,English,"Horror, Thriller",R,Kevin Smith,"Stephen Root, John Goodman, Michael Angarano, Nicholas Braun, Kaylee DeFer, Ronnie Connell",https://www.filmcrave.com/movie_page_main.php?id=42156,Teens answering an invitation for sex online instead wind up at the mercy of a group of fundamentalists who have some twisted plans of their own. --
Old Cats,28286,2.3,3,10/08/2010,Spanish,Drama,NR,"Pedro Peirano, Sebastián Silva","Bélgica Castro, Claudia Celedón, Catalina Saavedra, Alejandro Sieveking, Alicia Rodríguez",https://www.filmcrave.com/movie_page_main.php?id=42157,Unknown
Curling,28283,2.3,3,09/14/2010,French,Drama,NR,Denis Côté,"Emmanuel Bilodeau, Philomène Bilodeau, Sophie Desmarais, Muriel Dutil, Yves Trudel, Johanne Haberlin",https://www.filmcrave.com/movie_page_main.php?id=42158,Unknown
"Murder of General Gryaznov, The ( Arsena Jorjiashvili )",34655,2.0,3,10/01/1921,Other,"Action, Drama",NR,Ivane Perestiani,"Mikheil Chiaureli, Ivane Perestiani, Alisa Qiqodze, Nino Dolidze, Elisabed Cherqezishvili, N. Yachmenev",https://www.filmcrave.com/movie_page_main.php?id=42159,Unknown
The OId Nest,30022,2.2,3,06/28/1921,English,Drama,NR,Reginald Barker,"T.D. Crittenden, Mary Alden, Nick Cogley, Fanny Stockbridge, Laura La Varnie, Edward Peil Jr.",https://www.filmcrave.com/movie_page_main.php?id=42160,Unknown
The Little Minister,38948,1.8,3,12/25/1921,English,Drama,NR,Penrhyn Stanlaws,"Betty Compson, George Hackathorne, Edwin Stevens, Nigel Barrie, Will Walling, Guy Oliver",https://www.filmcrave.com/movie_page_main.php?id=42161,Unknown
The Iron Trail,38947,1.8,3,10/30/1921,English,Adventure,NR,Roy William Neill,"Wyndham Standing, Thurston Hall, Reginald Denny, Alma Tell, Harlan Knight, Betty Carpenter",https://www.filmcrave.com/movie_page_main.php?id=42162,Unknown
The Lost Romance,42434,1.7,3,05/08/1921,English,Drama,NR,William C. de Mille,"Jack Holt, Lois Wilson, Fontaine La Rue, Conrad Nagel, Michael D. Moore, Mayme Kelso",https://www.filmcrave.com/movie_page_main.php?id=42163,Unknown
The Man from Lost River,21794,2.5,3,11/01/1921,English,"Drama, Romance",NR,Frank Lloyd,"House Peters, Fritzi Brunette, Allan Forrest, James Gordon, Monte Collins, Milla Davenport",https://www.filmcrave.com/movie_page_main.php?id=42164,Unknown
The Oath,30021,2.2,3,04/10/1921,English,Drama,NR,Raoul Walsh,"Miriam Cooper, Robert Fischer, Conway Tearle, Henry Clive, Ricca Allen, Anna Q. Nilsson",https://www.filmcrave.com/movie_page_main.php?id=42165,Unknown
The Black Panther's Cub,38946,1.8,3,05/15/1921,English,Drama,NR,Emile Chautard,"Florence Reed, Norman Trevor, Henry Stephenson, Paul Doucet, Don Merrifield, Henry Carvill",https://www.filmcrave.com/movie_page_main.php?id=42166,Unknown
The Blasphemer,30028,2.2,3,10/15/1921,English,Drama,NR,O.E. Goebel,"George Howard, Augusta Anderson, Irving Cummings",https://www.filmcrave.com/movie_page_main.php?id=42167,"Presented by the Catholic Art Association, the film follows a man who proclaims belief in neither God or the devil and is punished for his hubris until finding redemption through faith. --"
The Barbarian,26950,2.3,3,04/20/1921,English,Drama,NR,Donald Crisp,"Monroe Salisbury, George Berrell, J. Barney Sherry, Elinor Hancock, Jane Novak, Anne Cudahy",https://www.filmcrave.com/movie_page_main.php?id=42168,Unknown
The Arizona Kid,20599,2.4,4,04/27/1930,English,Western,NR,Alfred Santell,"Warner Baxter, Carole Lombard, Theodore von Eltz, Hank Mann, Mona Maris, Wilfred Lucas",https://www.filmcrave.com/movie_page_main.php?id=42169,Unknown
Sweethearts on Parade,42480,1.7,3,09/28/1930,English,"Comedy, Musical",NR,Marshall Neilan,"Alice White, Lloyd Hughes, Marie Prevost, Kenneth Thomson, Ray Cooke, Wilbur Mack",https://www.filmcrave.com/movie_page_main.php?id=42170,Unknown
Behind Closed Doors,26546,2.1,5,02/24/1929,English,"Adventure, Crime",NR,Roy William Neill,"Virginia Valli, Gaston Glass, Otto Matieson, Andrés de Segurola, Fanny Midgley, Torben Meyer",https://www.filmcrave.com/movie_page_main.php?id=42171,Unknown
Code of the West,34729,2.0,3,11/01/1929,English,Western,NR,J.P. McGowan,"Bob Custer, Vivian Bay, Bobby Dunn, Martin Cichy, Cliff Lyons, Bud Osborne",https://www.filmcrave.com/movie_page_main.php?id=42172,Unknown
The Fighting Terror,21847,2.5,3,08/01/1929,English,Action,NR,J.P. McGowan,"Bob Custer, Hazel Mills, Bud Osborne, Hank Bell, J.P. McGowan, Adabelle Driver",https://www.filmcrave.com/movie_page_main.php?id=42173,Unknown
Tied to a Chair,31292,2.2,3,10/02/2009,English,Comedy,NR,Michael Bergmann,"Bonnie Loren, Mario Van Peebles, Robert Gossett, Garry Pastore, Pamela Shaw, Alfredo Narciso",https://www.filmcrave.com/movie_page_main.php?id=42174,Unknown
Super,7864,2.5,61,04/01/2011,English,"Comedy, Action",R,James Gunn,"Rainn Wilson, Ellen Page, Liv Tyler, Kevin Bacon, Michael Rooker, Gregg Henry",https://www.filmcrave.com/movie_page_main.php?id=42175,"After his wife leaves him for a drug-dealing scumbag, Frank D'Arbo decides that his miserable life has meaning after all and he transforms into the Crimson Bolt. He metes out justice, in increasingly psychopathic fashion, to those he feels deserve punishment. --"
"Purple Sea aka Sea Purple, The ( Viola di mare )",28272,2.3,3,07/09/2010,Italian,"Drama, Historical",NR,Donatella Maiorca,"Valeria Solarino, Isabella Ragonese, Ennio Fantastichini, Giselda Volodi, Maria Grazia Cucinotta, Lucrezia Lante della Rovere",https://www.filmcrave.com/movie_page_main.php?id=42176,Unknown
White Irish Drinkers,19752,2.2,7,03/25/2011,English,Drama,R,John Gray,"Karen Allen, Geoffrey Wigdor, Nick Thurston, Michael Drayer, Stephen Lang, Peter Riegert",https://www.filmcrave.com/movie_page_main.php?id=42177,A young man looking for a way out of his Brooklyn neighborhood reluctantly joins his brother on a heist involving a theater robbing on the night of a Rolling Stones concert. --
The Ides of March,2723,2.8,120,10/07/2011,English,Drama,R,George Clooney,"Ryan Gosling, George Clooney, Marisa Tomei, Evan Rachel Wood, Philip Seymour Hoffman, Paul Giamatti",https://www.filmcrave.com/movie_page_main.php?id=42178,Based on Beau Willimon's play: A fresh-faced idealist learns how to play dirty when he starts on the campaign trail for a presidential candidate. --
A Better Life,3456,2.9,18,06/24/2011,English,Drama,PG-13,Chris Weitz,"Demián Bichir, Nancy Lenehan, Joaquín Cosio, Tim Griffin, Rolando Molina, Tom Schanley",https://www.filmcrave.com/movie_page_main.php?id=42179,A father toils in the gardens of the rich and powerful while trying to keep his son away from both dangerous gangs and the INS. --
Snow Flower and the Secret Fan,19532,2.2,9,07/15/2011,English,"Drama, Historical",PG-13,Wayne Wang,"Bingbing Li, Vivian Wu, Hugh Jackman, Gianna Jun, Archie Kao, Wu Jiang",https://www.filmcrave.com/movie_page_main.php?id=42180,"Two stories play out generations apart: In 19th century China, two girls who have become laotong - essentially lifetime companions, develop a secret code to communicate with each other using a silk fan. In present-day China two women who have grown apart over the years discover the ancient fan and must decipher its meaning and save a crumbling relationship. --"
50/50,371,3.1,279,09/30/2011,English,"Comedy, Drama",R,Jonathan Levine,"Joseph Gordon-Levitt, Bryce Dallas Howard, Seth Rogen, Anna Kendrick, Anjelica Huston, Marie Avgeropoulos",https://www.filmcrave.com/movie_page_main.php?id=42181,"A young man is diagnosed with a rare form of spinal cancer and decides to fight for his life with the help his friend, mother and a young therapist. --"
Walking on Water,29103,2.1,4,01/10/2007,English,"Documentary, Sport",NR,Nic McLean,"Ryan Jennings, Luke Davis",https://www.filmcrave.com/movie_page_main.php?id=42182,Unknown
Double Identity,41833,2.3,2,12/08/2009,English,"Crime, Thriller",R,Dennis Dimster,"Val Kilmer, Izabella Miko, Julian Wadham, Hristo Shopov, Valentin Ganev, Zahary Baharov",https://www.filmcrave.com/movie_page_main.php?id=42183,An American doctor helps a mysterious woman escape from her would-be assailant and becomes a victim of mistaken identity. --
Everyday Sunshine: The Story of Fishbone,20396,2.4,4,06/01/2010,English,Documentary,NR,"Lev Anderson, Chris Metzler","Norwood Fisher, Ice-T, Flea, Angelo Moore, Gwen Stefani, Branford Marsalis",https://www.filmcrave.com/movie_page_main.php?id=42184,Unknown
G.I. Joe: Retaliation,15022,2.2,53,03/28/2013,English,"Action, Adventure",PG-13,Jon Chu,"Channing Tatum, Dwayne Johnson, Ray Stevenson, Adrianne Palicki, Ray Park, Byung-hun Lee",https://www.filmcrave.com/movie_page_main.php?id=42185,Zartan and his minions have managed to co-op some of the most influential world leaders to further their nefarious plans. It's up the G.I. Joes to stop Zartan before his plans bear fruit. --
Bellflower,10144,2.5,17,08/05/2011,English,"Action, Drama",R,Evan Glodell,"Evan Glodell, Jessie Wiseman, Tyler Dawson, Rebekah Brandes, Vincent Grashaw, Keghan Hurst",https://www.filmcrave.com/movie_page_main.php?id=42186,"Two friends spend their time preparing for a post-apocalyptic world by building flamethrowers and other weapons of mass destruction - hoping that their ""gang"" Mother Medusa will rule this world. Things take a different turn when one falls hard for a young woman who enters their lives. --"
Henry's Crime,23157,2.1,9,04/08/2011,English,Comedy,R,Malcolm Venville,"Keanu Reeves, Judy Greer, Vera Farmiga, James Caan, Peter Stormare, Fisher Stevens",https://www.filmcrave.com/movie_page_main.php?id=42187,"After becoming an unwitting accomplice to a bank robbery, regular guy Henry is sentenced after failing to identify the actual robbers. While in prison, he concocts a plan with a veteran con man to commit the crime he was originally sentenced for; things are complicated when he falls in love. --"
Champion,11720,2.8,4,03/12/2005,English,Documentary,NR,Joe Eckardt,"Danny Trejo, Robert Rodriguez, Antonio Banderas, Dennis Hopper, Steve Buscemi, Jessica Alba",https://www.filmcrave.com/movie_page_main.php?id=42188,Documentary on Danny Trejo.
Dabangg,5298,2.7,28,09/10/2010,Hindi,"Comedy, Romance",NR,Abhinav Kashyap,"Salman Khan, Sonakshi Sinha, Arbaaz Khan, Vinod Khanna, Om Puri, Dimple Kapadia",https://www.filmcrave.com/movie_page_main.php?id=42189,Unknown
"Mr. Scarface ( padroni della città, I )",49115,3.0,1,09/01/1977,Italian,"Comedy, Crime",R,Fernando Di Leo,"Jack Palance, Edmund Purdom, Vittorio Caprioli, Peter Berling, Al Cliver, Harry Baer",https://www.filmcrave.com/movie_page_main.php?id=42190,Unknown
Wretches & Jabberers,22923,2.5,3,04/01/2011,English,"Documentary, Biography",NR,Gerardine Wurzburg,"Larry Bissonnette, Tracy Thresher",https://www.filmcrave.com/movie_page_main.php?id=42191,Documentary about two adults who have coped with autism and now tour the country to change the prevailing attitude many people have about the disability. --
10 Questions for the Dalai Lama,18676,2.7,3,05/01/2006,English,Documentary,NR,Rick Ray,"The Dalai Lama, Tenzin Tethong",https://www.filmcrave.com/movie_page_main.php?id=42192,Unknown
Fubar: Balls to the Wall ( Fubar II ),12777,2.6,5,10/01/2010,English,Comedy,R,Michael Dowse,"David Lawrence, Paul Spence, Rose Martin, Matthew Brennan, Andrew Sparacino, Lori D'Amour Heidt",https://www.filmcrave.com/movie_page_main.php?id=42193,Unknown
Summer in Genoa,6639,2.9,5,11/07/2008,English,"Drama, Romance",R,Michael Winterbottom,"Colin Firth, Hope Davis, Willa Holland, Catherine Keener, Perla Haney-Jardine, Kyle Griffin",https://www.filmcrave.com/movie_page_main.php?id=42194,Unknown
Breaking Up is Hard to Do,28740,2.1,4,06/26/2010,English,"Drama, Romance",NR,Tabari Sturdivant,"Demetria McKinney, Kendrick Cross, Che Broadway, Tasia Grant, Dawnisha Halfkenny, Arle Michel",https://www.filmcrave.com/movie_page_main.php?id=42195,Unknown
Submarine,3088,2.8,50,06/03/2011,English,"Comedy, Drama",R,Richard Ayoade,"Craig Roberts, Noah Taylor, Paddy Considine, Yasmin Paige, Sally Hawkins, Darren Evans",https://www.filmcrave.com/movie_page_main.php?id=42196,A teen vows two things before his next birthday: to love his virginity and
Satan Hates You,10850,3.0,3,07/10/2010,English,Horror,NR,James Felix McKenney,"Don Wood, Christine Spencer, Angus Scrimm, Reggie Bannister, Larry Fessenden, Michael Berryman",https://www.filmcrave.com/movie_page_main.php?id=42197,Unknown
Pom Wonderful Presents: The Greatest Movie Ever Sold,16749,2.2,13,04/22/2011,English,"Documentary, Comedy",PG-13,Morgan Spurlock,Morgan Spurlock,https://www.filmcrave.com/movie_page_main.php?id=42198,"Morgan Spurlock, using the power of advertising, branding and product placement, makes a documentary about the ways that advertising, branding and product placement is now taken as a part of life and how movies, television and every other available media slips it in however they can. --"
When Harry Tries to Marry ,22926,2.5,3,04/22/2011,English,"Comedy, Romance",PG-13,Nayan Padrai,"Rahul Rai, Stefanie Estes, Freishia Bomanbehram, Osvaldo Hernandez, Caitlin Gold, Grant Kretchik",https://www.filmcrave.com/movie_page_main.php?id=42199,"After his parents divorce, Harry is determined not to be trapped in a relationship bound for divorce. He seeks advice from his match-making uncle, who sets him on a path towards a traditional arranged marriage, but when he starts to fall for his friend Theresa, he must decide which relationship he will stick with. --"
Man of Steel,2642,2.7,223,06/14/2013,English,"Action, Fantasy",PG-13,Zack Snyder,"Henry Cavill, Diane Lane, Kevin Costner, Amy Adams, Michael Shannon, Russell Crowe",https://www.filmcrave.com/movie_page_main.php?id=42200,"Kal-El was sent away from his doomed home planet of Krypton by his father. After crash landing on Earth, he is found by the Kent family and they raise him as their own, Clark Kent, teaching him their values. Realising he has great power among humans, Clark must now face up to his first grave challenge, General Zod, who led a rebellion on his home planet."
Dr. Seuss' The Lorax,4924,2.6,99,03/02/2012,English,Animation,PG,"Ken Daurio, Cinco Paul, Chris Renaud","Zac Efron, Ed Helms, Danny DeVito, Taylor Swift, Betty White, Rob Riggle",https://www.filmcrave.com/movie_page_main.php?id=42201,Based on the book by Dr. Seuss - A tale of greed vs. environmentalism as a young man leaves his industrialized city in order to show his girlfriend a tree and seeks out the Once-ler who tells his tragic tale of Thneeds and the Lorax who tried to stop him. --
Korkoro,25927,3.0,2,11/01/2009,French,Drama,NR,Tony Gatlif,"Marc Lavoine, Marie-Josée Croze, James Thiérrée, Mathias Laliberté, Carlo Brandt, George Babluani",https://www.filmcrave.com/movie_page_main.php?id=42202,Unknown
Dreams ( Ahlaam ),29104,2.1,4,01/26/2007,Arabic,Drama,NR,Mohamed Al Daradji,"Aseel Adel, Bashir Al Majid, Mohamed Hashim, Talib Al-Furati, Azhaar Mamoodi, Kaheel Khalid",https://www.filmcrave.com/movie_page_main.php?id=42203,Unknown
"Athlete, The ( Atletu )",14865,2.6,4,02/11/2010,Other,"Biography, Drama",NR,"Davey Frankel, Rasselas Lakew","Rasselas Lakew, Dag Malmberg, Ruta Gedmintas, Abba Waka Dessalegn",https://www.filmcrave.com/movie_page_main.php?id=42204,"The story of Abebe Bikila - an Ethiopian who stunned the Olympic world by becoming the first African to win a gold medal - and the becoming the first person to win consecutive gold medals in the marathon. But his tale takes a tragic turn when an accident leaves him paralyzed from the waist down - but even though his body is broken, his spirit is not, and his journey takes him to the Paralympics and beyond. --"
American Faust: From Condi to Neo-Condi,28218,2.3,3,07/01/2009,English,Documentary,NR,Sebastian Doggart,Condoleezza Rice,https://www.filmcrave.com/movie_page_main.php?id=42205,Unknown
"Woman's Face, A ( En kvinnas ansikte )",9644,2.6,7,09/08/1939,Swedish,Drama,NR,Gustaf Molander,"Ingrid Bergman, Tore Svennberg, Anders Henrikson, Georg Rydeberg, Gunnar Sjöberg, Hilda Borgström",https://www.filmcrave.com/movie_page_main.php?id=42206,Unknown
Munyurangabo,17276,2.5,4,05/29/2009,Other,Drama,NR,Lee Isaac Chung,"Jeff Rutagengwa, Eric Ndorunkundiye, Jean Marie Vianney Nkurikiyinka, Jean Pierre Harerimana, Narcicia Nyirabucyeye, Edouard B. Uwayo",https://www.filmcrave.com/movie_page_main.php?id=42207,Unknown
Exodus Fall,22927,2.5,3,04/30/2011,English,Drama,Unknown,"Ankush Kohli, Chad Waterhouse","Jesse James, Rosanna Arquette, Adrien Finkel, Devon Graye, Leo Rossi, Alexander Carroll",https://www.filmcrave.com/movie_page_main.php?id=42208,"With their father dead and their mother an abusive threat, two teens take off after their autistic brother is taken away and embark on a life-changing journey. --"
"Secret World of Arrietty, The ( Kari-gurashi no Arietti )",455,3.1,114,02/17/2012,Japanese,"Anime, Fantasy",G,Hiromasa Yonebayashi,"Will Arnett, Bridgit Mendler, David Henrie, Carol Burnett, Amy Poehler, Peter Jason",https://www.filmcrave.com/movie_page_main.php?id=42209,"Studio Ghibli takes on the classic tale of The Borrowers: The 4-inch tall Clock family live in secret, borrowing items from human residences to make their home. However, things change when daughter Arrietty is discovered. --"
Everyday is a Holiday ( Chaque jour est une fête ),29141,2.1,4,03/27/2010,Arabic,Drama,NR,Dima El-Horr,"Hiam Abbass, Manal Khader, Raia Haidar, Fadi Abi Samra, Berj Fazalian, Nabil Abou Mrad",https://www.filmcrave.com/movie_page_main.php?id=42210,Unknown
71: Into the Fire ( Pohwasogeuro ),11942,2.6,6,07/30/2010,Korean,War,NR,John H. Lee,"Seung-won Cha, Sang-woo Kwone, Seung Hyun Choi, Seung-woo Kim, David Lee McInnis, Tae-ju Park",https://www.filmcrave.com/movie_page_main.php?id=42211,"As the Korean war heats up, a group of student-soldiers defend a middle school. --"
Cinema Verite,10993,2.6,8,04/23/2011,English,Drama,NR,"Shari Springer Berman, Robert Pulcini","Diane Lane, Tim Robbins, Thomas Dekker, James Gandolfini, Patrick Fugit, Kathleen Quinlan",https://www.filmcrave.com/movie_page_main.php?id=42212,Shows what happens behind the scenes when an American family puts their lives on the air for reality TV. --
The Human Resources Manager,39913,1.8,3,03/04/2011,Hebrew,Drama,NR,Eran Riklis,"Mark Ivanir, Reymond Amsalem, Gila Almagor, Noah Silver, Guri Alfi, Julian Negulesco",https://www.filmcrave.com/movie_page_main.php?id=42213,Unknown
Hipsters ( Stilyagi ),51394,3.0,1,11/01/2008,Russian,"Drama, Musical",NR,Valeriy Todorovskiy,"Anton Shagin, Oksana Akinshina, Evgeniya Khirivskaya, Ekaterina Vilkova, Maksim Matveev, Igor Voynarovskiy",https://www.filmcrave.com/movie_page_main.php?id=42214,Unknown
Hidden Diary ( Mères et filles ),51605,3.0,1,11/01/2009,French,Drama,NR,Julie Lopes-Curval,"Catherine Deneuve, Marina Hands, Marie-Josée Croze, Michel Duchaussoy, Jean-Philippe Écoffey, Romano Orzari",https://www.filmcrave.com/movie_page_main.php?id=42215,Unknown
"Leo's Room ( cuarto de Leo, El )",35817,2.0,3,01/20/2010,Spanish,Drama,NR,Enrique Buchichio,"Martín Rodríguez, Cecilia Cósero, Gerardo Begérez, Arturo Goetz, Mirella Pascual, Rafael Soliwoda",https://www.filmcrave.com/movie_page_main.php?id=42216,Unknown
The Big Bang,21568,2.1,13,05/13/2011,English,"Mystery, Thriller",R,Tony Krantz,"Antonio Banderas, Sienna Guillory, Thomas Kretschmann, William Fichtner, Sam Elliott, Delroy Lindo",https://www.filmcrave.com/movie_page_main.php?id=42217,A private detective on the case of a missing stripper finds his job overly complicated when all the people he's investigating wind up dead. --
Our Idiot Brother,8482,2.4,69,08/26/2011,English,Comedy,R,Jesse Peretz,"Paul Rudd, Elizabeth Banks, Zooey Deschanel, Emily Mortimer, Steve Coogan, Hugh Dancy",https://www.filmcrave.com/movie_page_main.php?id=42218,"After being released from prison, free-spirited idealist Ned, along with his closes friend - his dog Willie Nelson - crashes the lives of his three sisters. --"
Piranha 3DD,19713,2.1,29,06/01/2012,English,Horror,R,John Gulager,"Katrina Bowden, Christopher Lloyd, Danielle Panabaker, Ving Rhames, David Koechner, Gary Busey",https://www.filmcrave.com/movie_page_main.php?id=42219,"After ravaging Lake Victoria, a killer swarm of piranha set their sites on a popular water park. --"
I Don't Know How She Does It,24710,1.9,20,09/16/2011,English,"Comedy, Romance",PG-13,Douglas McGrath,"Sarah Jessica Parker, Christina Hendricks, Pierce Brosnan, Olivia Munn, Greg Kinnear, Kelsey Grammer",https://www.filmcrave.com/movie_page_main.php?id=42220,Financial Executive Kate Reddy does everything she can to support her husband and two kids by balancing her family life with her high-powered career. --
The Three Musketeers,9560,2.4,76,10/21/2011,English,"Action, Romance",PG-13,Paul W.S. Anderson,"Milla Jovovich, Orlando Bloom, Juno Temple, Logan Lerman, Christoph Waltz, Matthew Macfadyen",https://www.filmcrave.com/movie_page_main.php?id=42221,"When he learns of a plot against the French throne, young hero D'Artagnan seeks out the three legendary Musketeers. Yet the three former swash-bucklers have seen better days, but to stop a duplicitous agent from seizing power and throwing Europe into chaos, they will once again stand proud and fight.  --"
The Fab Five,13573,2.5,6,03/13/2011,English,"Sport, Documentary",NR,Jason Hehir,"Jalen Rose, Juwan Howard, Jimmy A. King, Steve Fisher, Ice Cube, Eric Riley",https://www.filmcrave.com/movie_page_main.php?id=42222,Unknown
The Street Stops Here,22877,2.5,3,03/31/2010,English,"Documentary, Sport",NR,Kevin Shaw,"Harry Lennix, Bob Hurley, Bobby Hurley, Danny Hurley, Dwayne Tiny Morton, Dominic Cheek",https://www.filmcrave.com/movie_page_main.php?id=42223,Unknown
The Trip,4435,2.7,33,06/10/2011,English,Comedy,NR,Michael Winterbottom,"Steve Coogan, Margo Stilley, Rob Brydon, Claire Keelan, Paul Popplewell, Dolya Gavanski",https://www.filmcrave.com/movie_page_main.php?id=42224,"The Observer offers actor Steve Coogan a chance to tour the country's finest restaurants - and he takes it as the perfect opportunity to impress his girlfriend. Unfortunately for him, she backs out and her substitute is his friend, and eternal tormentor, Rob Brydon. --"
Honey ( Bal ),6948,3.0,4,03/25/2011,Turkish,Drama,NR,Semih Kaplanoglu,"Bora Altas, Erdal Besikçioglu, Tülin Özen, Ayse Altay, Alev Uçarer, Özkan Akcay",https://www.filmcrave.com/movie_page_main.php?id=42225,Unknown
Road to Nowhere,24752,2.1,6,11/03/2010,English,"Romance, Thriller",R,Monte Hellman,"Shannyn Sossamon, Tygh Runyan, Dominique Swain, Cliff De Young, Waylon Payne, Rob Kolar",https://www.filmcrave.com/movie_page_main.php?id=42226,A passionate filmmaker directing a true-crime story finds himself getting deeper and deeper into the story to the point where reality and fiction become intertwined. He becomes obsessed with the unknown actress he has cast and delves into her past while trying to unravel the mystery behind the crime. --
Meet Monica Velour,29806,1.9,6,04/08/2011,English,"Comedy, Drama",R,Keith Bearden,"Kim Cattrall, Dustin Ingram, Brian Dennehy, Keith David, Jee Young Han, Jamie Tisdale",https://www.filmcrave.com/movie_page_main.php?id=42227,"When awkward teen Tobe meets up with a former porn star he admires, it starts up an unlikely friendship as he struggles to fit in and she struggles with being a single mom and paying the bills. --"
Gamebox 1.0,34519,1.8,5,01/01/2004,English,"Sci-Fi, Fantasy",PG-13,"David Hillenbrand, Scott Hillenbrand","Nate Richert, Danielle Fishel, Patrick Kilpatrick, Patrick Cavanaugh, Robert Tena, Patrick Renna",https://www.filmcrave.com/movie_page_main.php?id=42228,"After his girlfriend is shot and killed by a police officer, a despondent video-game tester finds refuge in a new 3D game system. Yet he soon finds this game is unlike any other, and is soon caught between the video game and reality and the only way out is to win the game. --"
Mundane History ( Jao nok krajok ),24456,2.3,4,12/13/2010,Thai,Drama,NR,Anocha Suwichakornpong,"Arkanae Cherkam, Paramej Noiam, Anchana Ponpitakthepkij, Phakpoom Surapongsanuruk",https://www.filmcrave.com/movie_page_main.php?id=42229,"Explores the relationship between a man paralyzed from the waist down, his father and a male nurse who cares for him. Though he at first reluctant to connect to anyone, slowly, he opens up to emotions, heals the relationship with his father and comes to accept his physical limitations. --"
Rapt,31325,2.2,3,05/22/2010,French,Drama,NR,Lucas Belvaux,"Yvan Attal, Anne Consigny, André Marcon, Françoise Fabian, Alex Descas, Michel Voïta",https://www.filmcrave.com/movie_page_main.php?id=42230,Unknown
"Robber, The ( Räuber, Der )",17295,2.5,4,09/27/2010,German,"Biography, Crime",NR,Benjamin Heisenberg,"Andreas Lust, Franziska Weisz, Florian Wotruba, Johann Bednar, Markus Schleinzer, Peter Vilnai",https://www.filmcrave.com/movie_page_main.php?id=42231,Based on the true story of Johann Rettenberger - a long-distance runner who found his adrenaline rush in robbing banks. --
The Penitent Man,14198,2.8,3,05/28/2010,English,"Drama, Sci-Fi",NR,Nicholas Gyeney,"Lance Henriksen, Lathrop Walker, Andrew Keegan, Melissa Roberts, Adrien Gamache, Nicholas Gyeney",https://www.filmcrave.com/movie_page_main.php?id=42232,Unknown
Make Believe,24448,2.3,4,06/01/2010,English,Documentary,NR,J. Clay Tweel,"Ed Alonzo, Gay Blackstone, Joe Diamond, Eric Giliam, Lance Burton, Hideo Hara",https://www.filmcrave.com/movie_page_main.php?id=42233,Unknown
"Over the Hill Band, The ( Meisjes )",21056,2.4,4,02/25/2011,French,"Comedy, Drama",NR,Geoffrey Enthoven,"Barbara Sarafian, Greg Timmermans, Lucas van den Eijnde, Jurgen Delnaet, François Beukelaers, Marilou Mermans",https://www.filmcrave.com/movie_page_main.php?id=42234,Unknown
Humans Versus Zombies,29740,1.9,10,06/01/2011,English,"Horror, Sci-Fi",NR,Brian T. Jaynes,"Madison Burge, Christine Quinn, Jonah Priour, Melissa Carnell, Chip Joslin, Rheagan Wallace",https://www.filmcrave.com/movie_page_main.php?id=42235,"A summer break for students leads to an outbreak of a deadly virus that turns their hometown into ground zero for a zombie epidemic. A local conspiracy nut/campus security guard leads the few uninfected survivors on a quest to locate more humans, and just maybe a cure to the zombie plague. --"
Daydream Nation,11248,2.5,10,05/06/2011,English,"Drama, Romance",R,Michael Goldbach,"Kat Dennings, Reece Thompson, Josh Lucas, Andie MacDowell, Rachel Blanchard, Natasha Calis",https://www.filmcrave.com/movie_page_main.php?id=42236,A big city girl relocated to a small town finds herself caught up in a love triangle between a teacher and a stoner classmate. --
Setup,19493,2.2,9,01/01/2011,English,"Action, Crime",R,Mike Gunther,"Bruce Willis, Ryan Phillippe, Jenna Dewan, James Remar, 50 Cent, Randy Couture",https://www.filmcrave.com/movie_page_main.php?id=42237,"A potential diamond heist brings together a group of friends, but when it turns out to be more dangerous than they bargained for, it may tear them apart. --"
Opa!,51592,3.0,1,10/16/2009,English,Comedy,PG-13,Udayan Prasad,"Matthew Modine, Richard Griffiths, Agni Scott, Alki David, Shuler Hensley, Hristos Valavanidis",https://www.filmcrave.com/movie_page_main.php?id=42238,Unknown
Puddle Cruiser,16022,2.4,6,01/01/1996,English,"Comedy, Drama",R,Jay Chandrasekhar,"Jay Chandrasekhar, Kevin Heffernan, Steve Lemme, Paul Soter, Erik Stolhanske, Kayren Butler",https://www.filmcrave.com/movie_page_main.php?id=42239,"Set in Coburn university, the movie centers around Felix Bean's relationship with Suzanne, who has been designated Matt and Grogan's defense in a trial after being caught breaking into the Cafeteria. While Felix and his friends have a good time, he's having trouble with Suzanne. An independent comedy set in the style of ""Clerks""."
Flying Dagger ( Shen Jing Dao yu Fei Tian Mao ),25614,3.0,2,01/01/1995,Cantonese,"Fantasy, Comedy",NR,Yen-ping Chu,"Tony Leung Ka Fai, Sharla Cheung, Jacky Cheung, Maggie Cheung, Jimmy Lin, Gloria Yip",https://www.filmcrave.com/movie_page_main.php?id=42240,"A pair of bounty hunters (Big Dagger and Little Dagger, Tony Leung Ka Fai and Jimmy Lin) have a running rivalry with a pair of female bounty hunters (Big and Little Bewitchment, Sharla Cheung Man and Gloria Yip) They have to team up to hunt down notorious thief Nine-Tails Fox (Jacky Cheung) and his wife Flying Cat (Maggie Cheung). Once it is discovered that Nine-Tails Fox has been framed, they all team up to defeat the real villains. Low brow but still clever martial arts comedy, with bizarre villains and goofy wire-fu maneuvers, plus a disembodied hand shamelessly lifted from ""The Addams Family"". --"
Reykjavik Whale Watching Massacre,46605,1.8,2,11/06/2009,English,Horror,R,Júlíus Kemp,"Pihla Viitala, Nae, Terence Anderson, Miranda Hennessy, Aymen Hamdouchi, Carlos Takeshi",https://www.filmcrave.com/movie_page_main.php?id=42241,Unknown
Jade Tiger ( Pai yu lao hu ),24280,2.3,4,05/07/1977,Mandarin,"Action, Adventure",NR,Yuen Chor,"Lung Ti, Feng Ku, Lily Li, Yao Hsiao, Mei Sheng Fan, Lieh Lo",https://www.filmcrave.com/movie_page_main.php?id=42242,"A retainer of the Chao clan has beheaded the clan's leader to gain favor with the notorious Tang clan. The son of the Chao leader seeks revenge, but finds himself deep in a game of deception and twisted loyalties. Must he betray those he loves to find vengeance? --"
Broadway to Cheyenne ,21904,2.5,3,09/10/1932,English,Western,NR,Harry L. Fraser,"Rex Bell, Marceline Day, Matthew Betz, Huntley Gordon, Roy D'Arcy, Robert Ellis",https://www.filmcrave.com/movie_page_main.php?id=42243,Unknown
Broadway Scandals,42473,1.7,3,11/10/1929,English,"Comedy, Drama",NR,George Archainbaud,"Sally O'Neil, Jack Egan, Carmel Myers, Tom O'Brien, J. Barney Sherry, John Hyams",https://www.filmcrave.com/movie_page_main.php?id=42244,Unknown
Broadway Babies,24783,2.1,6,06/30/1929,English,"Drama, Musical",NR,Mervyn LeRoy,"Alice White, Marion Byron, Sally Eilers, Charles Delaney, Tom Dugan, Bodil Rosing",https://www.filmcrave.com/movie_page_main.php?id=42245,Unknown
Courtin' Wildcats,33246,2.0,4,12/22/1929,English,Western,NR,Jerome Storm,"Hoot Gibson, Eugenia Gilbert, Monte Montague, Joseph W. Girard, Jim Farley, Harry Todd",https://www.filmcrave.com/movie_page_main.php?id=42246,Unknown
Melody of the Heart ( Melodie des Herzens ),39018,1.8,3,08/30/1930,German,Drama,NR,Hanns Schwarz,"Dita Parlo, Willy Fritsch, Gerö Mály, Marosa Simon, János Körmendy, Juliska Ligeti",https://www.filmcrave.com/movie_page_main.php?id=42247,Unknown
Red Hot Speed,33240,2.0,4,01/27/1929,English,Comedy,NR,Joseph Henabery,"Reginald Denny, Alice Day, Charles Byer, Tom Ricketts, DeWitt Jennings, Fritzi Ridgeway",https://www.filmcrave.com/movie_page_main.php?id=42248,Unknown
Riders of the Rio Grande,30103,2.2,3,09/27/1929,English,"Adventure, Romance",NR,J.P. McGowan,"Bob Custer, Edna Aslin, Horace B. Carpenter, Kip Cooper, Bob Erickson, Martin Cichy",https://www.filmcrave.com/movie_page_main.php?id=42249,Unknown
The Donovan Affair,28766,2.1,4,04/11/1929,English,"Action, Comedy",NR,Frank Capra,"Jack Holt, Dorothy Revier, William Collier Jr., Agnes Ayres, John Roche, Fred Kelsey",https://www.filmcrave.com/movie_page_main.php?id=42250,Unknown
"Downpour, The ( I bora )",45487,1.4,4,01/01/1929,Greek,"Drama, Romance",NR,Dimitris Gaziadis,"Edmond First, Aliki Ieronymou, Periklis Hristoforidis, Dita Parlo, Dimitris Tsakiris",https://www.filmcrave.com/movie_page_main.php?id=42251,Unknown
Unmasked,42474,1.7,3,12/15/1929,English,Mystery,NR,Edgar Lewis,"Robert Warwick, Milton Krims, Sam Ash, Charles Slattery, Sue Conroy, Lyons Wickland",https://www.filmcrave.com/movie_page_main.php?id=42252,Unknown
Untamed Justice,28765,2.1,4,01/22/1929,English,"Action, Crime",NR,Harry S. Webb,"Virginia Brown Faire, Gaston Glass, David Torrence, Philo McCullough, Alice Lake, Tom London",https://www.filmcrave.com/movie_page_main.php?id=42253,Unknown
Harvest,39872,1.8,3,03/19/2010,English,Drama,R,Marc Meyers,"Robert Loggia, Jack Carpenter, Victoria Clark, Arye Gross, Peter Friedman, Peter Appel",https://www.filmcrave.com/movie_page_main.php?id=42254,Unknown
The Fighting Roosevelts,38933,1.8,3,01/19/1919,English,"Biography, Drama",NR,William Nigh,"Francis J. Noonan, Herbert Bradshaw, E.J. Ratcliffe",https://www.filmcrave.com/movie_page_main.php?id=42255,Unknown
"Cigarette Girl from Moscow, The ( Papirosnitsa ot Mosselproma )",21816,2.5,3,12/02/1924,Russian,"Comedy, Romance",NR,Yuri Zhelyabuzhsky,"Yuliya Solntseva, Igor Ilyinsky, Anna Dmokhovskaya, Nikolai Tsereteli, Leonid Baratov, M. Tsybulsky",https://www.filmcrave.com/movie_page_main.php?id=42256,Unknown
"Parson's Widow, The ( Prästänkan )",20589,2.4,4,04/07/1929,Swedish,"Comedy, Drama",NR,Carl Theodor Dreyer,"Greta Almroth, Einar Röd, Hildur Carlberg, Olav Aukrust, Kurt Welin, Mathilde Nielsen",https://www.filmcrave.com/movie_page_main.php?id=42257,Unknown
They Caught the Ferry ( De nåede færgen ),31902,2.8,2,05/12/1948,Danish,Unknown,NR,Carl Theodor Dreyer,Joseph Koch,https://www.filmcrave.com/movie_page_main.php?id=42258,Unknown
Thorvaldsen,30569,2.2,3,01/26/1949,Danish,Documentary,NR,Carl Theodor Dreyer,Ib Koch-Olsen,https://www.filmcrave.com/movie_page_main.php?id=42259,Unknown
"Faithful Heart, The ( Coeur fidèle )",38951,1.8,3,01/01/1923,French,Drama,NR,Jean Epstein,"Léon Mathot, Gina Manès, Edmond Van Daële, Claude Benedict, Madame Maufroy, Marie Epstein",https://www.filmcrave.com/movie_page_main.php?id=42260,Unknown
"Rasputin, the Black Monk",34620,2.0,3,10/05/1917,English,"Biography, Drama",NR,Arthur Ashley,"Montagu Love, Henry Hull, June Elvidge, Arthur Ashley, Violet Axzelle, Irving Cummings",https://www.filmcrave.com/movie_page_main.php?id=42261,Unknown
The Big Chance,21936,2.5,3,08/29/1933,English,"Action, Crime",NR,Albert Herman,"John Darrow, Merna Kennedy, Natalie Moorhead, Mickey Rooney, Matthew Betz, Hank Mann",https://www.filmcrave.com/movie_page_main.php?id=42262,Unknown
Phantom Thunderbolt,30162,2.2,3,03/05/1933,English,Western,NR,Alan James,"Ken Maynard, Frances Lee, Frank Rice, William Gould, Bob Kortman, Frank Beal",https://www.filmcrave.com/movie_page_main.php?id=42263,Unknown
"Man from Nowhere, The ( Ajeossi )",1338,3.0,30,10/01/2010,Korean,"Crime, Thriller",R,Jeong-beom Lee,"Bin Won, Sae-ron Kim, Hyo-seo Kim",https://www.filmcrave.com/movie_page_main.php?id=42264,Unknown
Triangle: Remembering the Fire,35880,2.0,3,03/21/2011,English,Documentary,NR,Daphne Pinkerson,"Tovah Feldshuh, Suzanne Pred Bass, Erica Lansner, Alfred E. Smith IV, Leigh Benin, Susan Harris",https://www.filmcrave.com/movie_page_main.php?id=42265,"In just under 18 minutes, a horrific fire killed 146 workers - mostly immigrant women and teenage girls - at the Triangle Waist Company in New York. The March 25, 1911 disaster led to a historic shift in that workers, not the business, were represented by the government and changed the fate of middle class America. --"
Killdozer,46276,1.8,2,02/02/1974,English,"Horror, Sci-Fi",NR,Jerry London,"Clint Walker, Carl Betz, Neville Brand, James Wainwright, Robert Urich, James A. Watson Jr.",https://www.filmcrave.com/movie_page_main.php?id=42266,A bulldozer gets possessed and goes around running people over. --
The Boiling Point,27080,2.3,3,11/12/1932,English,Western,NR,George Melford,"Hoot Gibson, Helen Foster, Wheeler Oakman, Skeeter Bill Robbins, Billy Bletcher, George 'Gabby' Hayes",https://www.filmcrave.com/movie_page_main.php?id=42267,Unknown
Frontier Justice,34856,2.0,3,10/01/1936,English,"Western, Action",NR,Robert F. McGowan,"Hoot Gibson, Jane Barnes, Richard Cramer, Roger Williams, John Elliott, Franklyn Farnum",https://www.filmcrave.com/movie_page_main.php?id=42268,Unknown
Dandy Dick,34821,2.0,3,03/01/1935,English,Comedy,NR,William Beaudine,"Will Hay, Nancy Burne, Esmond Knight, Davy Burnaby, Mignon O'Doherty, Syd Crossley",https://www.filmcrave.com/movie_page_main.php?id=42269,Unknown
Night Mayor,39057,1.8,3,08/19/1932,English,Drama,NR,Benjamin Stoloff,"Lee Tracy, Evalyn Knapp, Don Dillaway, Eugene Pallette, Vince Barnett, Warren Hymer",https://www.filmcrave.com/movie_page_main.php?id=42270,Unknown
Trust,6014,2.6,31,04/01/2011,English,Drama,R,David Schwimmer,"Catherine Keener, Clive Owen, Jason Clarke, Viola Davis, Liana Liberato, Chris Henry Coffey",https://www.filmcrave.com/movie_page_main.php?id=42271,A suburban family is thrown into upheaval when a daughter's online
"Oyster Princess, The aka My Lady Margarine ( Austernprinzessin, Die )",15742,2.3,11,06/26/1919,German,Comedy,NR,Ernst Lubitsch,"Victor Janson, Ossi Oswalda, Harry Liedtke, Julius Falkenstein, Max Kronert, Curt Bois",https://www.filmcrave.com/movie_page_main.php?id=42272,Unknown
Prescott Kid ,30193,2.2,3,11/18/1934,English,Western,NR,David Selman,"Tim McCoy, Sheila Bromley, Joe Sawyer, Stephen Chase, Hooper Atchley, Walter Brennan",https://www.filmcrave.com/movie_page_main.php?id=42273,Unknown
The Hobbit: The Battle of Five Armies,2883,2.8,115,12/17/2014,English,"Adventure, Fantasy",PG-13,Peter Jackson,"Benedict Cumberbatch, Ian McKellen, Martin Freeman, Lee Pace, Luke Evans, Richard Armitage",https://www.filmcrave.com/movie_page_main.php?id=42274,"As the Dwarven party led by Thorin Oakenshield finally reclaims their kingdom of Erebor, the vast treasure draws out now only the wrath of Smaug but also the army of men and elves, who want the fortune for their own. --"
True Legend ( Su Qi-Er ),35887,2.0,3,05/13/2011,Mandarin,"Action, Historical",R,Woo-ping Yuen,"Man Cheuk Chiu, Xun Zhou, Michelle Yeoh, Xiaogang Feng, Andy On, Jay Chou",https://www.filmcrave.com/movie_page_main.php?id=42275,"Su Qi-Er was a successful general who retired to a peaceful family life and opened his own martial arts school. When his treacherous brother kidnaps his son and leaves him for dead, his wife and a reclusive doctor nurse him back to health - Su vows to perfect his technique in order to rebuild his shattered life. --"
The Expendables 2,5537,2.6,131,08/17/2012,English,"Action, Thriller",R,Simon West,"Sylvester Stallone, Jason Statham, Jean-Claude Van Damme, Dolph Lundgren, Bruce Willis, Arnold Schwarzenegger",https://www.filmcrave.com/movie_page_main.php?id=42276,"Mr. Church once again approaches the crew for a job that should be a walk in the park for the seasoned mercs. Yet when one of their own falls, the group vows revenge, even if it means putting their lives on the line behind enemy lines and facing an dangerous, unexpected foe. --"
Garbage,13683,2.8,3,05/07/2013,English,"Comedy, Drama",NR,Phil Volken,"Daryl Hannah, Michael Madsen, William Baldwin, Alanna Ubach, Steven Bauer, Jed Rees",https://www.filmcrave.com/movie_page_main.php?id=42277,Two friends working garbage pickup in Hollywood find themselves in the spotlight after rescuing a Best Supporting Actor Oscar from the trash. --
Everything Must Go,7538,2.5,50,05/13/2011,English,"Comedy, Drama",R,Dan Rush,"Will Ferrell, Rebecca Hall, Michael Peña, Stephen Root, Laura Dern, Glenn Howerton",https://www.filmcrave.com/movie_page_main.php?id=42278,A relapsed alcoholic loses his family and his job so he does what he thinks is best: puts everything on his front lawn in attempt to start over again.  --
Dark Shadows,7174,2.4,162,05/11/2012,English,"Comedy, Fantasy",PG-13,Tim Burton,"Johnny Depp, Eva Green, Michelle Pfeiffer, Helena Bonham Carter, Bella Heathcote, Jackie Earle Haley",https://www.filmcrave.com/movie_page_main.php?id=42279,"After being cursed with vampirism by a witch, and buried alive for nearly two centuries, Barnabas Collins returns home... only to find his once-grand mansion in near ruins and his dysfunctional decedents in nearly as bad of shape. --"
Bloodrayne: The Third Reich,43173,1.4,11,11/05/2010,English,"Action, Comedy",NR,Uwe Boll,"Michael Paré, Natassia Malthe, Clint Howard, Brendan Fletcher, Willam Belli, Natalia Guslistaya",https://www.filmcrave.com/movie_page_main.php?id=42280,"Rayne is fighting with the resistance under the second world war. During a raid on a german train she get hurt, loose control and drain a German officer. When she learns that he survives and worse has turned, Rayne must clean up her mess and kill him no matter the cost.  --"
TT3D: Closer to the Edge,2931,3.2,5,04/22/2011,English,Documentary,NR,Richard De Aragues,"Guy Martin, Ian Hutchinson, John McGuinness, Michael Dunlop, Keith Amor, Bruce Anstey",https://www.filmcrave.com/movie_page_main.php?id=42281,"The Isle of Man Tourist Trophy is the ultimate, and most deadly, motorcycle race in the world. It tests a rider mentally and physically - and some cannot take the toll. This documentary examines both legends and the current crop of riders who brave this test and their reasons behind riding. --"
Footprints,17865,2.7,3,04/15/2011,English,"Drama, Mystery",NR,Steven Peros,"Sybil Temtchine, H.M. Wynant, Pippa Scott, John Brickner, Catherine Bruhier, Charley Rossman",https://www.filmcrave.com/movie_page_main.php?id=42282,"An amnesiac woman wakes up facedown on the footsteps in front of Graumans Chinese Theatre and spends the rest of the day retracing her steps across Hollywood Boulevard, and interacting with the colorful characters she finds, in an attempt to learn her identity. --"
Passion Play,36072,1.7,7,05/06/2010,English,"Drama, Thriller",R,Mitch Glazer,"Mickey Rourke, Megan Fox, Bill Murray, Kelly Lynch, Jerry Sawyers, Rhys Ifans",https://www.filmcrave.com/movie_page_main.php?id=42283,"A washed up jazz musician, a dangerous gangster and a beautiful woman working in a carnival sideshow form an unlikely love triangle in the throwback to classic noir films. --"
The Last Mountain,28332,2.3,3,06/03/2011,English,Documentary,PG,Bill Haney,Robert Kennedy Jr.,https://www.filmcrave.com/movie_page_main.php?id=42284,A small but determined group of citizens stand up against powerful coal companies to stop the dangerous practice of mountain top removal in this documentary. --
Shark Night 3D,17462,2.1,27,09/02/2011,English,"Horror, Thriller",PG-13,David R. Ellis,"Sara Paxton, Alyssa Diaz, Dustin Milligan, Chris Carmack, Katharine McPhee, Sinqua Walls",https://www.filmcrave.com/movie_page_main.php?id=42285,A vacation to a Louisiana Gulf lake house turns into a bloodbath when a group of fresh-water sharks decides to make it their new feeding ground. --
The Way,2414,2.9,25,10/07/2011,English,"Adventure, Comedy",PG-13,Emilio Estevez,"Emilio Estevez, Martin Sheen, James Nesbitt, Deborah Kara Unger, Joaquim de Almeida, Yorick van Wageningen",https://www.filmcrave.com/movie_page_main.php?id=42286,"A grieving father is joined by three companions as he travels the ""El camino de Santiago"" from France to Spain to find the spot where his estranged son died. --"
The Big Year,5164,2.7,36,10/14/2011,English,Comedy,PG,David Frankel,"Jim Parsons, Owen Wilson, Rosamund Pike, Jack Black, Rashida Jones, Steve Martin",https://www.filmcrave.com/movie_page_main.php?id=42287,Three competitors face off in a prestigious annual event: birdwatching to catch site of the rarest specimens in North America. --
In Time,4092,2.6,175,10/28/2011,English,"Sci-Fi, Thriller",PG-13,Andrew Niccol,"Justin Timberlake, Olivia Wilde, Amanda Seyfried, Matt Bomer, Cillian Murphy, Brendan Miller",https://www.filmcrave.com/movie_page_main.php?id=42288,"Mankind has figured out how to turn off the aging gene. To avoid overpopulation time had become the new currency and the rich are now near immortal while the rest of the people must barter to extend their lives. When a poor man comes into a wealth of time, he comes under the watchful eye of the corrupted ""Time Keepers"" and must now figure out how to avoid them to enjoy his sudden extended life. --"
The Possession,9579,2.4,47,08/31/2012,English,"Horror, Thriller",PG-13,Ole Bornedal,"Jeffrey Dean Morgan, Kyra Sedgwick, Madison Davenport, Grant Show, Natasha Calis, Rob LaBelle",https://www.filmcrave.com/movie_page_main.php?id=42289,A yard sale yields a prize for a young girl in the form on an antique box - but turns out to be more than she bargained for when he also comes with a vengeful spirit. The parents rush to find a way to break the curse before they lose their child. --
Beneath the Darkness,20297,2.1,14,01/06/2012,English,Thriller,PG-13,Martin Guigui,"Dennis Quaid, Tony Oller, Aimee Teegarden, Stephen Lunsford, Devon Werkheiser, Brett Cullen",https://www.filmcrave.com/movie_page_main.php?id=42290,A group of friends witnesses a murder but the culprit happens to be a local hero. They must expose the man for what he is before they become his next victims. --
Cougar Hunting,40141,2.3,2,04/22/2011,English,Comedy,R,Robin Blazak,"Matt Prokop, Randy Wayne, Jillian Murray, Robin Blazak, Lara Flynn Boyle, Vanessa Angel",https://www.filmcrave.com/movie_page_main.php?id=42291,Unknown
The Hunger Games,600,2.9,472,03/23/2012,English,"Drama, Sci-Fi",PG-13,Gary Ross,"Jennifer Lawrence, Josh Hutcherson, Liam Hemsworth, Elizabeth Banks, Woody Harrelson, Stanley Tucci",https://www.filmcrave.com/movie_page_main.php?id=42292,"Based on the best-selling novel by Suzanne Collins - in a dystopic future where the United States, now called Panem, is divided into 12 districts, each year the Capital holds the Hunger Games. Two young tributes from each district must fight to the death and viewing is mandatory. When Katniss Everdeen takes her sisters place as a tribute, it will catapult her and fellow tribute Peeta Mellark into a dark, dangerous world where they will have to use every advantage in order to survive.   --"
Suspicion,11490,2.8,4,11/11/2011,English,"Drama, Thriller",NR,David Dilley,"Suzanne May, Brad Blaisdell, Aidan Bristow, Carlos Larkin, Kathleen Benner, David Novak",https://www.filmcrave.com/movie_page_main.php?id=42293,A dying ex-mob member puts a college girl's life in danger when they begin meeting in public. --
Their Eyes Were Dry,31371,2.2,3,05/09/2011,Hebrew,"Documentary, Drama",NR,Brandon Assanti,"Tzipi Maimon-Bokris, Marjorie Bohbot, Amiram Levin, Shalom Ma'arati, Shlomo Bohbot, Shimon Maimon",https://www.filmcrave.com/movie_page_main.php?id=42294,Unknown
9000 Needles,39911,1.8,3,02/22/2011,English,"Documentary, Drama",NR,Doug Dearth,"Devin Dearth, Doug Dearth",https://www.filmcrave.com/movie_page_main.php?id=42295,"Devin Dearth is a picture of the American dream: successful businessman, loving family, devout Christian - but it is all brought down after a sudden stroke leaves him partially paralyzed and unable to support his family. When the conventional health care system is unable to help him, he takes a different approach for rehabilitation in Tianjin, China. --"
Beyond Gay: The Politics of Pride,31319,2.2,3,03/26/2010,English,"Documentary, Biography",NR,Bob Christie,Ken Coolen,https://www.filmcrave.com/movie_page_main.php?id=42296,Unknown
Muay Thai Fighter ( Chaiya ),32722,2.8,2,09/18/2008,Thai,"Action, Drama",R,Kongkiat Khomsiri,"Don Ferguson, Samart Payakarun, Sonthaya Chitmanee, Akara Amarttayakul, David La Haye, Prawit Kittichantheera",https://www.filmcrave.com/movie_page_main.php?id=42297,Unknown
Louder Than a Bomb,15569,2.5,5,07/30/2010,English,Documentary,NR,"Greg Jacobs, Jon Siskel","Kevin Coval, Adam Gottlieb, Elizabeth Graf, James Sloan, Peter Kahn, Robbie Q. Telfer",https://www.filmcrave.com/movie_page_main.php?id=42298,"Follows a group of Chicago teens as they prepare and then compete in the world's largest youth slam poetry competition. All the joy, tension and heartbreak is presented as the teens bare their souls on stage. --"
An Invisible Sign,34068,1.8,8,05/06/2011,English,Drama,PG-13,Marilyn Agrelo,"Jessica Alba, Bailee Madison, J.K. Simmons, Chris Messina, Sonia Braga, John Shea",https://www.filmcrave.com/movie_page_main.php?id=42299,A young girl who turned to math to help cope with her father's illness now teaches the subject as an adult and uses the subject to help her students through their own problems. --
Seven Days in Utopia,13100,2.4,11,09/02/2011,English,"Drama, Sport",G,Matt Russell,"Melissa Leo, Robert Duvall, Lucas Black, Deborah Ann Woll, Brian Geraghty, Joseph Lyle Taylor",https://www.filmcrave.com/movie_page_main.php?id=42300,"When the first pro outing for a talented young golfer turns into disaster, he removes himself from the pressure of the game and it leads him unexpectedly to the small town of Utopia, Texas. There he finds an eccentric rancher who is more than meets the eye and whose profound world view will cause him to question his past and his future. --"
Honey 2,15634,2.4,8,08/01/2011,English,"Comedy, Drama",PG-13,Bille Woodruff,"Katerina Graham, Seychelle Gabriel, Mario López, Audrina Patridge, Randy Wayne, Lonette McKee",https://www.filmcrave.com/movie_page_main.php?id=42301,"After a stint in juvenile detention, a dancer finds a better use for her"
Transcendent Man,39910,1.8,3,02/03/2011,English,Documentary,NR,Robert Barry Ptolemy,"Raymond Kurzweil, Colin Powell, William Shatner, Sonya Kurzweil, Peter Diamandis, Kevin Kelly",https://www.filmcrave.com/movie_page_main.php?id=42302,Unknown
GasHole,31323,2.2,3,04/18/2010,English,Documentary,NR,"Scott Roberts, Jeremy Wagener","Joshua Jackson, Peter Gallagher, George W. Bush, Mark Kirk, Dylan Roberts, Jimmy Carter",https://www.filmcrave.com/movie_page_main.php?id=42303,"GasHole is a documentary about the history of oil prices and the future of alternative fuels. The film, narrated by Peter Gallagher, features interviews with a wide range of viewpoints from US Department of Energy Officials, Congressional leaders: both Democrat and Republican, alternative fuel producers, alternative fuel consumers (such as actor Joshua Jackson), professors of economics and"
"First Beautiful Thing, The ( prima cosa bella, La )",14883,2.6,4,04/15/2011,Italian,"Comedy, Drama",NR,Paolo Virzì,"Valerio Mastandrea, Micaela Ramazzotti, Stefania Sandrelli, Claudia Pandolfi, Marco Messeri, Fabrizia Sacchi",https://www.filmcrave.com/movie_page_main.php?id=42304,Unknown
"Love, Wedding, Marriage",21609,2.1,13,06/03/2011,English,Comedy,PG-13,Dermot Mulroney,"Mandy Moore, Kellan Lutz, Jessica Szohr, Jane Seymour, James Brolin, Michael Weston",https://www.filmcrave.com/movie_page_main.php?id=42305,"A happy newlywed, and marriage counselor, has a crisis of career and relationship when she finds out her parents are getting divorced. --"
Bedways,22892,2.5,3,06/03/2010,German,"Drama, Romance",NR,Rolf Peter Kahl,"Miriam Mayet, Matthias Faust, Lana Cooper, Laura Tonke, Arno Frisch, Moritz Ross",https://www.filmcrave.com/movie_page_main.php?id=42306,Unknown
The Music Never Stopped,13338,2.4,8,01/20/2011,English,Drama,PG,Jim Kohlberg,"J.K. Simmons, Julia Ormond, Lou Taylor Pucci, Mía Maestro, Tammy Blanchard, Cara Seymour",https://www.filmcrave.com/movie_page_main.php?id=42307,A father who has not had contact with his son in twenty years is reunited
"Princess of Montpensier, The ( princesse de Montpensier, La )",8954,2.9,4,04/15/2011,French,"Drama, Historical",NR,Bertrand Tavernier,"Mélanie Thierry, Lambert Wilson, Gaspard Ulliel, Grégoire Leprince-Ringuet, Raphaël Personnaz, Anatole de Bodinat",https://www.filmcrave.com/movie_page_main.php?id=42308,Unknown
Frankenfish,46514,1.8,2,10/09/2004,English,"Comedy, Horror",R,Mark A.Z. Dippé,"Tory Kittles, K.D. Aubert, China Chow, Donna Biscoe, Reggie Lee, Matthew Rauch",https://www.filmcrave.com/movie_page_main.php?id=42309,"Down in the bayou things are a stirring. In the backwaters of the Louisiana swap the body of a half eater local is found and medical examiner Sam Rivers is called in to investigate. What could have been the culprit of such a vicious attack; alligator, shark or something much more menacing?"
The Elephant in the Living Room,9126,2.9,4,02/11/2010,English,Documentary,PG,Michael Webber,"Tim Harrison, Terry Brumfield, Casey Craig, Pat Craig, Raymond Little, Scott Shoemaker",https://www.filmcrave.com/movie_page_main.php?id=42310,Unknown
Bag It,3431,3.1,6,04/10/2010,English,"Documentary, Drama",NR,Suzan Beraza,"Jeb Berrier, David Chameides, Anne Reeser",https://www.filmcrave.com/movie_page_main.php?id=42311,"One, simple resolution to stop using plastic bags at the grocery store leads to a life-altering change in one man's life and shows just how plastic our society has become. --"
Armadillo,7979,2.7,10,11/12/2010,Danish,"Documentary, War",NR,Janus Metz Pedersen,"Janus Metz Pedersen, Lars Skree",https://www.filmcrave.com/movie_page_main.php?id=42312,"Janus Metz Pedersen directs this documentary following a group of Danish soldiers to Armadillo, an army base in the southern Afghan province of Helmand. Situated less than a kilometer away from Taliban positions, Pedersen captures the tense moments during six months in the soldiers' lives. --"
Golden Harvest,56063,2.0,1,09/22/1933,English,Drama,NR,Ralph Murphy,"Richard Arlen, Chester Morris, Genevieve Tobin, Roscoe Ates, Julie Haydon, Elizabeth Patterson",https://www.filmcrave.com/movie_page_main.php?id=42313,Unknown
Battlefield Baseball ( Jigoku Kôshien ),8414,2.8,6,11/04/2003,Japanese,"Action, Horror",NR,Yûdai Yamaguchi,"Tak Sakaguchi, Atsushi Itô, Hideo Sakaki, Shôichirô Masumoto, Alex Revan, Kanae Uotani",https://www.filmcrave.com/movie_page_main.php?id=42314,Baseball and zombies. --
"Tomorrow, When the War Began",7250,2.6,19,11/04/2010,English,"Action, Drama",R,Stuart Beattie,"Caitlin Stasey, Rachel Hurd-Wood, Lincoln Lewis, Deniz Akdeniz, Phoebe Tonkin, Chris Pang",https://www.filmcrave.com/movie_page_main.php?id=42315,A group of Australian teens on a camping trip notice an abundance of
Illégal,31359,2.2,3,03/25/2011,French,Drama,NR,Olivier Masset-Depasse,"Anne Coesens, Alexandre Gontcharov, Milo Masset-Depasse, Natalia Belokonskaya, Olga Zhdanova, Tomasz Bialkowski",https://www.filmcrave.com/movie_page_main.php?id=42316,Unknown
Alabama Moon,20180,2.2,7,03/18/2011,English,Family,PG,Tim McCanlies,"John Goodman, Jimmy Bennett, Clint Howard, Colin Ford, Billy Unger, Gabriel Basso",https://www.filmcrave.com/movie_page_main.php?id=42317,The unexpected death of his survivalist father causes and 11-year-old boy raised in the wilderness to face the true wilds of the modern world. --
Trick of the Witch,43262,1.5,4,03/04/2011,English,Horror,NR,Chris Morrissey,"Share Cherrie, Owen Alabado, Shay Alexis, Renae Boult, Micah Mora, Jovanny Venegas",https://www.filmcrave.com/movie_page_main.php?id=42318,Unknown
Mad Mad Wagon Party,35837,2.0,3,08/17/2010,English,"Comedy, Western",NR,Dwight Brooks,"George Kennedy, Cathy Rankin, Slade Hall, Shane Dean, Rosalie Michaels, Jose Rosete",https://www.filmcrave.com/movie_page_main.php?id=42319,Unknown
Clash ( Bay Rong ),35830,2.0,3,04/23/2010,Vietnamese,Action,NR,Le Thanh Son,"Hieu Hien, Thanh Van Ngo, Hoang Phuc Nguyen, Johnny Nguyen, Lam Minh Thang",https://www.filmcrave.com/movie_page_main.php?id=42320,Unknown
Nostalgia for the Light ( Nostalgia de la luz ),11920,2.5,9,03/17/2011,Spanish,"Documentary, Drama",NR,Patricio Guzmán,"Gaspar Calas, Lautaro Núñez, George Preston, Victor González, Luís Henríquez, Violeta Berrios",https://www.filmcrave.com/movie_page_main.php?id=42321,Unknown
Strongman,38817,1.8,4,01/25/2011,English,Documentary,NR,Zachary Levy,Stanley Pleskun,https://www.filmcrave.com/movie_page_main.php?id=42322,Unknown
The Heart is a Drum Machine,29133,2.1,4,10/12/2009,English,Documentary,NR,Christopher Pomerenke,"Fairuza Balk, George Clinton, Wayne Coyne, Juliette Lewis, Wes Borland, Jason Schwartzman",https://www.filmcrave.com/movie_page_main.php?id=42323,"Documentary featuring scholars, actors and musicians talking about music and what it means to them."
Meeting Spencer,28238,2.3,3,01/01/2010,English,Comedy,R,Malcolm Mowbray,"Caroline Aaron, Julian Bailey, Jesse Plemons, John Prudhont, Ralph P. Martin, Mark Harelik",https://www.filmcrave.com/movie_page_main.php?id=42324,A director with a series of Hollywood flops decides to relaunch his career on Broadway in New York. Yet he's in for a rough time when he runs into his old flame and a struggling actor that leads to one wild night. --
Square Grouper,24461,2.3,4,03/01/2011,English,Documentary,R,Billy Corben,Unknown,https://www.filmcrave.com/movie_page_main.php?id=42325,Unknown
Sharks in Venice,46583,1.8,2,12/14/2008,English,"Action, Horror",R,Danny Lerner,"Stephen Baldwin, Vanessa Johansson, Hilda van der Meulen, Giacomo Gonnella, Ivaylo Geraskov, Atanas Srebrev",https://www.filmcrave.com/movie_page_main.php?id=42326,Unknown
Om Shanti Om,5874,2.7,13,11/09/2007,Hindi,"Comedy, Drama",NR,Farah Khan,"Shah Rukh Khan, Arjun Rampal, Kiron Kher, Shreyas Talpade, Deepika Padukone, Bindu",https://www.filmcrave.com/movie_page_main.php?id=42327,"""Om Shanti Om"" is a romantic saga of a boy next door, Om Prakash"
Now & Later,23524,2.2,5,02/18/2011,English,Drama,NR,Philippe Diaz,"Luis Fernandez-Gil, Adrian Quinonez, Shari Solanis, Marcellina Walker, James Wortham",https://www.filmcrave.com/movie_page_main.php?id=42328,"A disgraced banked on the run begins a passionate relationship with an illegal immigrant in L.A. Although their relationship is quite physical, they also share their views on everything from politics to philosophy. --"
8 Murders a Day,43178,1.5,4,02/18/2011,English,Documentary,NR,Charlie Minn,"Howard Campbell, Molly Molloy, Daniel Borunda, Darren Hunt, Tony Payan, Paul Cicala",https://www.filmcrave.com/movie_page_main.php?id=42329,Unknown
Titanic II,40041,1.6,7,08/24/2010,English,"Action, Adventure",NR,Shane Van Dyke,"Shane Van Dyke, Marie Westbrook, Bruce Davison, Brooke Burns, Michelle Glavan, D.C. Douglas",https://www.filmcrave.com/movie_page_main.php?id=42330,Unknown
Eden of the East the Movie I: The King of Eden ( Higashi no Eden Gekijoban I: The King of Eden ),12127,2.6,6,11/28/2009,Japanese,"Anime, Mystery",NR,Kenji Kamiyama,"Christine M. Auten, John Burgmeier, Leah Clark, Rei Igarashi, Hayato Taya, Saori Hayami",https://www.filmcrave.com/movie_page_main.php?id=42331,Unknown
"Lula, the Son of Brazil ( Lula, o Filho do Brasil )",20008,2.3,5,05/13/2011,Portuguese,Drama,NR,"Fábio Barreto, Marcelo Santiago","Rui Ricardo Diaz, Juliana Baroni, Glória Pires, Cléo Pires, Lucélia Santos, Marcos Cesana",https://www.filmcrave.com/movie_page_main.php?id=42332,Unknown
"amour fou, L'",29290,2.0,6,05/13/2011,French,Documentary,NR,Pierre Thoretton,"Yves Saint-Laurent, Pierre Bergé, Betty Catroux, Loulou De La Falaise, Jack Lang, Catherine Deneuve",https://www.filmcrave.com/movie_page_main.php?id=42333,Documentary that explores the relationship between fashion designer Yves Saint-Laurent and Pierre Berge. --
Eyes of Youth,30006,2.2,3,11/30/1919,English,Drama,NR,Albert Parker,"Clara Kimball Young, Gareth Hughes, Pauline Starke, Sam Sothern, Rudolph Valentino, Edmund Lowe",https://www.filmcrave.com/movie_page_main.php?id=42334,Unknown
Sold for Marriage,29978,2.2,3,04/16/1916,English,"Drama, Romance",NR,Christy Cabanne,"Lillian Gish, Frank Bennett, Walter Long, Allan Sears, Pearl Elmore, Curt Rehfeld",https://www.filmcrave.com/movie_page_main.php?id=42335,Unknown
The Greatest Thing in Life,17958,2.7,3,12/22/1918,English,"Drama, Romance",NR,D.W. Griffith,"David Butler, Lillian Gish, Robert Harron, Peaches Jackson, Adolph Lestina, Elmo Lincoln",https://www.filmcrave.com/movie_page_main.php?id=42336,Unknown
Scarlet Days,34639,2.0,3,11/09/1919,English,"Romance, Western",NR,D.W. Griffith,"Richard Barthelmess, Eugenie Besserer, Carol Dempster, Clarine Seymour, Ralph Graves, George Fawcett",https://www.filmcrave.com/movie_page_main.php?id=42337,Unknown
Kid Boots,38979,1.8,3,10/04/1926,English,"Comedy, Romance",NR,Frank Tuttle,"Eddie Cantor, Clara Bow, Billie Dove, Lawrence Gray, Natalie Kingston, Malcolm Waite",https://www.filmcrave.com/movie_page_main.php?id=42338,Unknown
Hard Rock Harrigan,27137,2.3,3,07/01/1935,English,"Drama, Romance",NR,David Howard,"George O'Brien, Irene Hervey, Fred Kohler, Dean Benton, Frank Rice, Victor Potel",https://www.filmcrave.com/movie_page_main.php?id=42339,Unknown
The Secret Game,34623,2.0,3,12/03/1917,English,Drama,NR,William C. de Mille,"Sessue Hayakawa, Jack Holt, Florence Vidor, Mayme Kelso, Raymond Hatton, Charles Ogle",https://www.filmcrave.com/movie_page_main.php?id=42340,Unknown
Branding Broadway,29996,2.2,3,12/15/1918,English,"Comedy, Western",NR,William S. Hart,"William S. Hart, Seena Owen, Arthur Shirley, Andrew Robson, Lew Short",https://www.filmcrave.com/movie_page_main.php?id=42341,Unknown
The Secret of the Loch,30183,2.2,3,05/01/1934,English,"Adventure, Fantasy",NR,Milton Rosmer,"Seymour Hicks, Nancy O'Neal, Gibson Gowland, Frederick Peisley, Eric Hales, Ben Field",https://www.filmcrave.com/movie_page_main.php?id=42342,Unknown
"Men, Women, and Money",38936,1.8,3,06/15/1919,English,Drama,NR,George Melford,"Ethel Clayton, James Neill, Jane Wolfe, Lew Cody, Zasu Pitts, Sylvia Ashton",https://www.filmcrave.com/movie_page_main.php?id=42343,Unknown
Romola,45087,1.5,3,12/06/1924,English,"Drama, Historical",NR,Henry King,"Lillian Gish, Dorothy Gish, William Powell, Ronald Colman, Charles Lane, Herbert Grimwood",https://www.filmcrave.com/movie_page_main.php?id=42344,Unknown
The Oil Raider,18050,2.7,3,11/01/1934,English,"Adventure, Romance",NR,Spencer Gordon Bennet,"Buster Crabbe, Gloria Shea, George Irving, Max Wagner, Emmett Vogan, Harold Minjir",https://www.filmcrave.com/movie_page_main.php?id=42345,Unknown
The Contender,30407,2.2,3,05/10/1944,English,"Crime, Drama",NR,Sam Newfield,"Buster Crabbe, Arline Judge, Julie Gibson, Donald Mayo, Glenn Strange, Milton Kibbee",https://www.filmcrave.com/movie_page_main.php?id=42346,Unknown
The Masquerader,39079,1.8,3,09/03/1933,English,Drama,NR,Richard Wallace,"Ronald Colman, Elissa Landi, Juliette Compton, David Torrence, Claude King, Halliwell Hobbes",https://www.filmcrave.com/movie_page_main.php?id=42347,Unknown
I Sing for You Alone ( Tre uomini in frack ),42516,1.7,3,04/02/1933,Italian,Drama,NR,Mario Bonnard,"Tito Schipa, Eduardo De Filippo, Fred Pasquali, Peppino De Filippo, Simone Vaudry, Assia Noris",https://www.filmcrave.com/movie_page_main.php?id=42348,Unknown
The Ivory-Handled Gun,42549,1.7,3,11/11/1935,English,Western,NR,Ray Taylor,"Buck Jones, Charlotte Wynters, Walter Miller, Frank Rice, Carl Stockdale, Joseph W. Girard",https://www.filmcrave.com/movie_page_main.php?id=42349,Unknown
Forbidden Music ( Land Without Music ),34918,2.0,3,12/26/1938,English,Comedy,NR,Walter Forde,"Richard Tauber, Diana Napier, Jimmy Durante, June Clyde, Derrick De Marney, George Hayes",https://www.filmcrave.com/movie_page_main.php?id=42350,Unknown
The False Faces,38934,1.8,3,02/16/1919,English,Drama,NR,Irvin Willat,"Henry B. Walthall, Mary Anderson, Lon Chaney, Milton Ross, Thornton Edwards, William Bowman",https://www.filmcrave.com/movie_page_main.php?id=42351,Unknown
The Moonstone,30189,2.2,3,08/20/1934,English,Mystery,NR,Reginald Barker,"David Manners, Phyllis Barry, Gustav von Seyffertitz, Jameson Thomas, Charles Irwin, Elspeth Dudgeon",https://www.filmcrave.com/movie_page_main.php?id=42352,Unknown
Peacock Alley,16878,2.5,4,01/10/1930,English,"Drama, Romance",NR,Marcel De Sano,"Mae Murray, George Barraud, Jason Robards Sr., Richard Tucker, William L. Thorne, Phillips Smalley",https://www.filmcrave.com/movie_page_main.php?id=42353,Unknown
The Little Princess,34622,2.0,3,11/11/1917,English,Drama,NR,Marshall Neilan,"Mary Pickford, Norman Kerry, Katherine Griffith, Anne Schaefer, Zasu Pitts, W.E. Lawrence",https://www.filmcrave.com/movie_page_main.php?id=42354,Unknown
Broken Dreams,27100,2.3,3,10/20/1933,English,Drama,NR,Robert G. Vignola,"Randolph Scott, Martha Sleeper, Beryl Mercer, Joseph Cawthorn, Buster Phelps, Charlotte Merriam",https://www.filmcrave.com/movie_page_main.php?id=42355,Unknown
Roar of the Dragon,30136,2.2,3,07/08/1932,English,"Adventure, Romance",NR,Wesley Ruggles,"Richard Dix, Gwili Andre, Edward Everett Horton, Arline Judge, Zasu Pitts, Dudley Digges",https://www.filmcrave.com/movie_page_main.php?id=42356,Unknown
Undead or Alive: A Zombedy,24406,2.3,4,03/10/2007,English,"Comedy, Horror",R,Glasgow Phillips,"Chris Coppola, Matt Besser, Chris Kattan, James Denton, Lew Alexander, Leslie Jordan",https://www.filmcrave.com/movie_page_main.php?id=42357,Unknown
April Blossoms ( Blossom Time ),45147,1.5,3,01/26/1937,English,"Musical, Romance",NR,Paul L. Stein,"Richard Tauber, Jane Baxter, Carl Esmond, Athene Seyler, Paul Graetz, Charles Carson",https://www.filmcrave.com/movie_page_main.php?id=42358,Unknown
Manhattan Madness,29981,2.2,3,10/01/1916,English,Comedy,NR,Allan Dwan,"Douglas Fairbanks, Jewel Carmen, George Beranger, Ruth Darling, Eugene Ormonde, Macey Harlam",https://www.filmcrave.com/movie_page_main.php?id=42359,Unknown
The Rider of the Law,30212,2.2,3,11/01/1935,English,"Adventure, Comedy",NR,Robert N. Bradbury,"Bob Steele, Gertrude Messinger, Si Jenks, Lloyd Ingraham, John Elliott, Earl Dwire",https://www.filmcrave.com/movie_page_main.php?id=42360,Unknown
The Pal from Texas,18139,2.7,3,11/01/1939,English,Western,NR,Harry S. Webb,"Bob Steele, Claire Rochelle, Josef Swickard, Betty Mack, Ted Adams, Carleton Young",https://www.filmcrave.com/movie_page_main.php?id=42361,Unknown
Overland Mail,30319,2.2,3,11/16/1939,English,Western,NR,Robert F. Hill,"Addison Randall, Vince Barnett, Jean Joyce, Tristram Coffin, George Cleveland, Dennis Moore",https://www.filmcrave.com/movie_page_main.php?id=42362,Unknown
Human Targets,36327,2.5,2,01/10/1932,English,Western,NR,J.P. McGowan,"Buzz Barton, Pauline Parker, Ralph Bushman, Edmund Cobb, Franklyn Farnum, Ted Adams",https://www.filmcrave.com/movie_page_main.php?id=42363,Unknown
Western Mail ,25241,3.0,2,02/13/1942,English,"Comedy, Crime",NR,Robert Emmett Tansey,"Tom Keene, Frank Yaconelli, LeRoy Mason, Jean Trent, Fred Kohler Jr., Prince",https://www.filmcrave.com/movie_page_main.php?id=42364,Unknown
Code of the Fearless,47815,3.0,1,01/05/1939,English,Western,NR,Bernard B. Ray,"Fred Scott, Claire Rochelle, John Merton, Walter McGrail, George Sherwood, Donald Gallaher",https://www.filmcrave.com/movie_page_main.php?id=42365,Unknown
Songs and Saddles,10685,3.0,3,06/01/1938,English,"Adventure, Musical",NR,Harry L. Fraser,"Gene Austin, Lynne Berkeley, Henry Roquemore, Walter Wills, Ted Claire, Joan Brooks",https://www.filmcrave.com/movie_page_main.php?id=42366,Unknown
Outlaw Express,22028,2.5,3,06/17/1938,English,"Adventure, Romance",NR,George Waggner,"Bob Baker, Cecilia Callejo, Don Barclay, LeRoy Mason, Nina Campana, Carlyle Moore Jr.",https://www.filmcrave.com/movie_page_main.php?id=42367,Unknown
Western Trails,39169,1.8,3,06/01/1938,English,"Action, Adventure",NR,George Waggner,"Bob Baker, Marjorie Reynolds, John Ridgely, Carlyle Moore Jr., Forrest Taylor, Franco Corsaro",https://www.filmcrave.com/movie_page_main.php?id=42368,Unknown
Rough Riding Rhythm,27194,2.3,3,08/15/1937,English,Western,NR,J.P. McGowan,"Kermit Maynard, Beryl Wallace, Ralph Peters, Olin Francis, Betty Mack, Curley Dresden",https://www.filmcrave.com/movie_page_main.php?id=42369,Unknown
Gun Grit,47579,3.0,1,05/28/1936,English,Western,NR,William Berke,"Jack Perrin, Ethel Beck, David Sharpe, Roger Williams, Ralph Peters, Frank Hagney",https://www.filmcrave.com/movie_page_main.php?id=42370,Unknown
Hair-Trigger Casey,27155,2.3,3,03/01/1936,English,"Action, Crime",NR,Harry L. Fraser,"Jack Perrin, Betty Mack, Ed Cassidy, Fred 'Snowflake' Toones, Hal Taliaferro, Starlight the Horse",https://www.filmcrave.com/movie_page_main.php?id=42371,Unknown
Judy Moody and the Not Bummer Summer,31529,1.8,9,06/10/2011,English,Comedy,PG,John Schultz,"Heather Graham, Jordana Beatty, Preston Bailey, Jaleel White, Cameron Boyce, Taylar Hender",https://www.filmcrave.com/movie_page_main.php?id=42372,A third-grader with with a big imagination plans on the most thrill-packed summer of her life with the help of her brother and aunt. --
Mia and the Migoo ( Mia et le Migou ),29154,2.1,4,03/25/2011,French,"Animation, Family",PG,Jacques-Rémy Girerd,"Dany Boon, Matthew Modine, Miou-Miou, Wallace Shawn, Amanda Misquez, Pierre Richard",https://www.filmcrave.com/movie_page_main.php?id=42373,"Young Mia has a premonition about her father and rushes to save him and encounters a mysterious creature along the way that will not only help her on the quest, but will help save the earth itself.  --"
Carmel,35864,2.0,3,01/01/2011,English,Drama,Unknown,Lawrence Roeck,"Josh Hutcherson, Hayden Panettiere, Tricia Helfer, Alfred Molina, Lauren Bacall, Billy Boyd",https://www.filmcrave.com/movie_page_main.php?id=42374,Unknown
Jaws of Justice,28804,2.1,4,12/04/1933,English,Western,NR,Spencer Gordon Bennet,"Kazan the Wonder Dog, Jack Perrin, Robert Walker, Ruth Sullivan, Lafe McKee, Gene Toler",https://www.filmcrave.com/movie_page_main.php?id=42375,Unknown
Below the Border,46834,1.3,3,01/30/1942,English,Western,NR,Howard Bretherton,"Buck Jones, Tim McCoy, Raymond Hatton, Linda Brent, Dennis Moore, Charles King",https://www.filmcrave.com/movie_page_main.php?id=42376,Unknown
Riders of the West,22087,2.5,3,08/21/1942,English,Western,NR,Howard Bretherton,"Buck Jones, Tim McCoy, Raymond Hatton, Sarah Padden, Harry Woods, Christine McIntyre",https://www.filmcrave.com/movie_page_main.php?id=42377,Unknown
West of the Law,42638,1.7,3,10/02/1942,English,Western,NR,Howard Bretherton,"Buck Jones, Tim McCoy, Raymond Hatton, Evelyn Cook, Harry Woods, Jack Daley",https://www.filmcrave.com/movie_page_main.php?id=42378,Unknown
The Gunman from Bodie,18152,2.7,3,09/26/1941,English,Western,NR,Spencer Gordon Bennet,"Buck Jones, Tim McCoy, Raymond Hatton, Christine McIntyre, Dave O'Brien, Max Waizmann",https://www.filmcrave.com/movie_page_main.php?id=42379,Unknown
Monsieur Beaucaire,38956,1.8,3,08/11/1924,English,"Drama, Romance",NR,Sidney Olcott,"Rudolph Valentino, Bebe Daniels, Lois Wilson, Doris Kenyon, Lowell Sherman, Paulette Duval",https://www.filmcrave.com/movie_page_main.php?id=42380,Unknown
Lost in the Stratosphere,42538,1.7,3,11/15/1934,English,"Comedy, Drama",NR,Melville W. Brown,"William Cagney, Edward J. Nugent, June Collyer, Edmund Breese, Lona Andre, Frank McGlynn Sr.",https://www.filmcrave.com/movie_page_main.php?id=42381,Unknown
"Phantom Fiend, The ( Lodger, The )",39111,1.8,3,04/19/1935,English,"Crime, Romance",NR,Maurice Elvey,"Ivor Novello, Elizabeth Allan, A.W. Baskcomb, Barbara Everest, Jack Hawkins, Shayle Gardner",https://www.filmcrave.com/movie_page_main.php?id=42382,Unknown
The Water Gipsies,39060,1.8,3,11/07/1932,English,Drama,NR,Maurice Elvey,"Ann Todd, Sari Maritza, Ian Hunter, Peter Hannen, Richard Bird, Frances Doble",https://www.filmcrave.com/movie_page_main.php?id=42383,Unknown
The Man from Hell's Edges,21896,2.5,3,06/15/1932,English,Western,NR,Robert N. Bradbury,"Bob Steele, Nancy Drexel, Julian Rivero, Robert Homans, George 'Gabby' Hayes, Gilbert Holmes",https://www.filmcrave.com/movie_page_main.php?id=42384,Unknown
Riders of Black Mountain,39213,1.8,3,11/11/1940,English,"Western, Action",NR,Sam Newfield,"Tim McCoy, Pauline Haddon, Rex Lease, Ralph Peters, Julian Rivero, Edward Peil Sr.",https://www.filmcrave.com/movie_page_main.php?id=42385,Unknown
The Man from Guntown,34836,2.0,3,08/15/1935,English,Western,NR,Ford Beebe,"Tim McCoy, Billie Seward, Wheeler Oakman, Robert McKenzie, Rex Lease, Eva McKenzie",https://www.filmcrave.com/movie_page_main.php?id=42386,Unknown
The Texas Marshal,27278,2.3,3,07/13/1941,English,"Action, Western",NR,Sam Newfield,"Tim McCoy, Art Davis, Kay Leslie, Karl Hackett, Edward Peil Sr., Charles King",https://www.filmcrave.com/movie_page_main.php?id=42387,Unknown
The Fighting Renegade,47847,3.0,1,09/01/1939,English,Western,NR,Sam Newfield,"Tim McCoy, Joyce Bryant, Ben Corbett, Ted Adams, Budd Buster, Dave O'Brien",https://www.filmcrave.com/movie_page_main.php?id=42388,Unknown
Ghost Patrol,39131,1.8,3,08/03/1936,English,"Crime, Romance",NR,Sam Newfield,"Tim McCoy, Claudia Dell, Walter Miller, Wheeler Oakman, James P. Burtis, Lloyd Ingraham",https://www.filmcrave.com/movie_page_main.php?id=42389,Unknown
Lightning Carson Rides Again,47794,3.0,1,10/10/1938,English,Western,NR,Sam Newfield,"Tim McCoy, Joan Barclay, Ted Adams, Bob Terry, Slim Whitaker, Forrest Taylor",https://www.filmcrave.com/movie_page_main.php?id=42390,Unknown
Bulldog Courage,27149,2.3,3,12/30/1935,English,Western,NR,Sam Newfield,"Tim McCoy, Joan Woodbury, Paul Fix, Eddie Buzard, John Cowell, Karl Hackett",https://www.filmcrave.com/movie_page_main.php?id=42391,Unknown
Aces and Eights,34847,2.0,3,06/06/1936,English,"Western, Crime",NR,Sam Newfield,"Tim McCoy, Luana Walters, Rex Lease, Wheeler Oakman, J. Frank Glendon, Charles Stevens",https://www.filmcrave.com/movie_page_main.php?id=42392,Unknown
Frontier Crusader,27257,2.3,3,06/15/1940,English,Western,NR,Sam Newfield,"Tim McCoy, Dorothy Short, Lou Fulton, Karl Hackett, Ted Adams, John Merton",https://www.filmcrave.com/movie_page_main.php?id=42393,Unknown
Down the Wyoming Trail,34927,2.0,3,06/14/1939,English,"Action, Romance",NR,Albert Herman,"Tex Ritter, Mary Brodel, Bobby Larson, Charles King, Bob Terry, White Flash",https://www.filmcrave.com/movie_page_main.php?id=42394,Unknown
Tombstone Canyon,31699,2.8,2,12/25/1932,English,Western,NR,Alan James,"Ken Maynard, Cecilia Parker, Sheldon Lewis, Frank Brownlee, Jack Clifford, George Gerwing",https://www.filmcrave.com/movie_page_main.php?id=42395,Unknown
The White Sister,30037,2.2,3,09/05/1923,English,"Drama, Romance",NR,Henry King,"Lillian Gish, Ronald Colman, Gail Kane, J. Barney Sherry, Charles Lane, Juliette La Violette",https://www.filmcrave.com/movie_page_main.php?id=42396,Unknown
The Man from Oklahoma,30069,2.2,3,08/04/1926,English,Western,NR,"Forrest Sheldon, Harry S. Webb","Jack Perrin, Josephine Hill, Lew Meehan, Lafe McKee, Martin Turner, Edmund Cobb",https://www.filmcrave.com/movie_page_main.php?id=42397,Unknown
Sammy's Adventures: The Secret Passage ( Sammy's avonturen: De geheime doorgang ),24662,2.1,7,08/04/2010,English,"Animation, Adventure",Unknown,Ben Stassen,"Isabelle Fuhrman, Melanie Griffith, Yuri Lowenthal, Anthony Anderson, Gemma Arterton, Ed Begley Jr.",https://www.filmcrave.com/movie_page_main.php?id=42398,"Follows the adventures of Sammy the turtle - one of the last to hatch in 1959, but using his wits and bravery, he makes it to the ocean and spends the next 50 years traveling the world. --"
Higher Ground,6044,2.8,8,08/26/2011,English,Drama,R,Vera Farmiga,"Vera Farmiga, Donna Murphy, John Hawkes, Dagmara Dominczyk, Bill Irwin, Joshua Leonard",https://www.filmcrave.com/movie_page_main.php?id=42399,"Follows the journey of one woman across three decades as she explores her faith, love and trust - in fellow man and with God. --"
Socialism ( Film socialisme ),23338,2.2,6,05/01/2011,French,Drama,NR,Jean-Luc Godard,"Catherine Tanvier, Christian Sinniger, Jean-Marc Stehlé, Patti Smith, Robert Maloubier, Alain Badiou",https://www.filmcrave.com/movie_page_main.php?id=42400,Unknown
That's What I Am,11112,2.5,11,04/28/2011,English,Comedy,PG,Michael Pavone,"Ed Harris, Molly Parker, Amy Madigan, Randy Orton, Chase Ellison, Daniel Roebuck",https://www.filmcrave.com/movie_page_main.php?id=42401,A boy who will do anything to avoid conflict in junior high is teamed up by a popular teacher with the school's most notorious social outcast for a project. --
Sarah's Key ( Elle s'appelait Sarah ),5995,2.7,14,07/22/2011,French,Drama,PG-13,Gilles Paquet-Brenner,"Kristin Scott Thomas, Mélusine Mayance, Niels Arestrup, Frédéric Pierrot, Aidan Quinn, Michel Duchaussoy",https://www.filmcrave.com/movie_page_main.php?id=42402,"A journalist researching a story on the 1942 Jewish deportation in France finds finds a connection with Sarah Strazynski, a young girl who lived in her father-in-law's apartment during this dark period. --"
Dirty Girl,8780,2.6,12,10/07/2011,English,Drama,R,Abe Sylvia,"Juno Temple, Milla Jovovich, Mary Steenburgen, William H. Macy, Jeremy Dozier, Tim McGraw",https://www.filmcrave.com/movie_page_main.php?id=42403,A group of outcasts run away from their school on a road trip to California in search of meaning to their lives. --
The Violent Kind,23457,2.2,6,01/25/2010,English,"Action, Horror",R,"Mitchell Altieri, Phil Flores","Cory Knauf, Taylor Cole, Bret Roberts, Christina Prousalis, Tiffany Shepis, Nick Tagas",https://www.filmcrave.com/movie_page_main.php?id=42404,Rowdy bikers find their partying cut short by a malevolent force and a gang of equally rough Rockabilly types who may already be dead.
Fort Bowie,32128,2.8,2,02/01/1958,English,Western,NR,Howard W. Koch,"Ben Johnson, Jan Harrison, Kent Taylor, Maureen Hingert, Peter Mamakos, Larry Chance",https://www.filmcrave.com/movie_page_main.php?id=42405,Unknown
The Nesting,24296,2.3,4,05/01/1981,English,Horror,R,Armand Weston,"Robin Groves, John Carradine, Gloria Grahame, Christopher Loomis, Bill Rowley, Michael David Lally",https://www.filmcrave.com/movie_page_main.php?id=42406,Unknown
The Fifth Commandment,51374,3.0,1,08/22/2008,English,"Comedy, Crime",R,Jesse V. Johnson,"Rick Yune, Roger Yuan, Dania Ramirez, Keith David, Bokeem Woodbine, Booboo Stewart",https://www.filmcrave.com/movie_page_main.php?id=42407,Unknown
All Night,42417,1.7,3,11/30/1918,English,"Comedy, Drama",NR,Paul Powell,"Carmel Myers, Rudolph Valentino, Charles Dorian, Mary Warren, William Dyer, Wadsworth Harris",https://www.filmcrave.com/movie_page_main.php?id=42408,Unknown
Woman,26918,2.3,3,10/27/1918,English,"Drama, War",NR,Maurice Tourneur,"Warren Cook, Florence Billings, Ethel Hallor, Henry West, Flora Revalles, Paul Clerget",https://www.filmcrave.com/movie_page_main.php?id=42409,Unknown
Hit-the-Trail Holliday,29989,2.2,3,06/09/1918,English,Comedy,NR,Marshall Neilan,"George M. Cohan, Marguerite Clayton, Robert Broderick, Pat O'Malley, Richard Barthelmess, Russell Bassett",https://www.filmcrave.com/movie_page_main.php?id=42410,Unknown
There Goes the Bride,21926,2.5,3,03/01/1933,English,"Comedy, Musical",NR,Albert de Courville,"Owen Nares, Jessie Matthews, Carol Goodner, Charles Carson, Barbara Everest, Basil Radford",https://www.filmcrave.com/movie_page_main.php?id=42411,Unknown
The Phantom Express,38966,1.8,3,11/01/1925,English,"Action, Crime",NR,John G. Adolfi,"Ethel Shannon, David Butler, Frankie Darro, George Periolat, George Siegmann, William H. Tooker",https://www.filmcrave.com/movie_page_main.php?id=42412,Unknown
Lightnin' Bill Carson,6803,3.0,4,04/15/1936,English,Western,NR,Sam Newfield,"Tim McCoy, Lois January, Rex Lease, Harry Worth, Karl Hackett, John Merton",https://www.filmcrave.com/movie_page_main.php?id=42413,Unknown
The Lion Man,39124,1.8,3,01/01/1936,English,Adventure,NR,John P. McCarthy,"Jon Hall, Kathleen Burke, Ted Adams, Jimmy Aubrey, Richard Carlyle, Finis Barton",https://www.filmcrave.com/movie_page_main.php?id=42414,Unknown
Empty Saddles,27172,2.3,3,12/20/1936,English,Western,NR,Lesley Selander,"Buck Jones, Louise Brooks, Harvey Clark, Charles Middleton, Lloyd Ingraham, Frank Campeau",https://www.filmcrave.com/movie_page_main.php?id=42415,Unknown
The Haunted Bedroom,38935,1.8,3,05/25/1919,English,"Drama, Horror",NR,Fred Niblo,"Enid Bennett, Dorcas Matthews, Jack Nelson, Lloyd Hughes, William Conklin, Harry Archer",https://www.filmcrave.com/movie_page_main.php?id=42416,Unknown
The Fighting Fool,21884,2.5,3,01/20/1932,English,Western,NR,Lambert Hillyer,"Tim McCoy, Marceline Day, William V. Mong, Robert Ellis, Arthur Rankin, Dorothy Granger",https://www.filmcrave.com/movie_page_main.php?id=42417,Unknown
The Potential Inside,35843,2.0,3,09/24/2010,English,"Action, Drama",NR,Scotty Curlee,"Jeremiah Bishop, Michael Cuddire, Scotty Curlee, Ransford Doherty, Kera O'Bryon, Sophia Watson",https://www.filmcrave.com/movie_page_main.php?id=42418,Unknown
Bloodworth,13574,2.5,6,05/20/2011,English,"Drama, Romance",R,Shane Dax Taylor,"Val Kilmer, Kris Kristofferson, Hilary Duff, Reece Thompson, Dwight Yoakam, Frances Conroy",https://www.filmcrave.com/movie_page_main.php?id=42419,"After 40 years of rambling and womanizing, E.F. Bloodworth returns to his home to find his children grown and angry, his wife a husk and only a grandson who understands him. --"
Out the Gate,18786,2.7,3,01/13/2011,English,"Action, Crime",NR,"Stevie Johnson, Qmillion","Paul Campbell, Oliver Samuels, Shelli Boone, Everton Dennis, Renee Darmiento, Charlie Dillon",https://www.filmcrave.com/movie_page_main.php?id=42420,"After his home life in Jamaica takes a turn for the worse, Everton leaves that life behind, determined to find success in the music business in America. The Hollywood life isn't always glamorous, but he manages to find success and love only to have everything threatened when a local LA Don decides he is owed. --"
The Perfect Host,5936,2.6,38,07/01/2011,English,Thriller,R,Nick Tomnay,"David Hyde Pierce, Clayne Crawford, Nathaniel Parker, Helen Reddy, Megahn Perry, Joseph Will",https://www.filmcrave.com/movie_page_main.php?id=42421,A criminal on the run manages to sneak into a dinner party but he soon becomes aware he may have crashed the wrong party when the host turns out to be more dangerous than he could ever be. --
The Bourne Legacy,4159,2.6,143,08/10/2012,English,Action,PG-13,Tony Gilroy,"Jeremy Renner, Edward Norton, Rachel Weisz, Joan Allen, Oscar Isaac, Scott Glenn",https://www.filmcrave.com/movie_page_main.php?id=42422,"Following events of the Bourne Ultimatum, CIA operative Aaron Cross must deal with the consequences of Jason Bourne's actions as he comes to realize the plot goes much deeper than just one man. --"
"Silent House, The ( casa muda, La )",11060,2.6,8,01/27/2011,Spanish,"Drama, Horror",NR,Gustavo Hernández,"Florencia Colucci, Abel Tripaldi, Gustavo Alonso, María Salazar",https://www.filmcrave.com/movie_page_main.php?id=42423,"A woman and her father are repairing an isolated house soon to be put up for sale, but a sense of foreboding soon becomes apparent and when a loud noise draws her father upstairs, she stays downstairs and soon realizes the house may not let her go. --"
Life in a Day,5614,2.7,20,07/24/2011,English,Documentary,PG-13,Kevin Macdonald,"Cindy Baer, Drake Shannon, Caryn Waechter, Matthew Irving, Moica, Ester Brymova",https://www.filmcrave.com/movie_page_main.php?id=42424,"A time capsule in the form of a documentary - from all over the world filmmakers capture one day, July 24, 2010, to serve as what it was like to live during those 24 hours. --"
Another Earth,3385,2.8,57,07/22/2011,English,Drama,PG-13,Mike Cahill,"William Mapother, Brit Marling, Jordan Baker, Flint Beverage, Robin Taylor, Diane Ciesla",https://www.filmcrave.com/movie_page_main.php?id=42425,"Against the backdrop of a second planet (dubbed Earth 2) appearing in the night sky, a night out for an MIT student leads to consequences for her and an accomplished composer. --"
"Come on, Cowboys",34878,2.0,3,05/24/1937,English,Western,NR,Joseph Kane,"Robert Livingston, Ray Corrigan, Max Terhune, Maxine Doyle, Willie Fung, Edward Peil Sr.",https://www.filmcrave.com/movie_page_main.php?id=42426,Unknown
The Bold Caballero,34862,2.0,3,12/01/1936,English,"Romance, Western",NR,Wells Root,"Robert Livingston, Heather Angel, Sig Ruman, Ian Wolfe, Robert Warwick, Emily Fitzroy",https://www.filmcrave.com/movie_page_main.php?id=42427,Unknown
"Four Musketeers, The ( vier Musketiere, Die )",34841,2.0,3,11/08/1935,German,Drama,NR,Heinz Paul,"Fritz Kampers, Paul Westermeier, Erhard Siedel, Hans Brausewetter, Hermann Speelmans, Werner Schott",https://www.filmcrave.com/movie_page_main.php?id=42428,Unknown
Love's Prisoner,30002,2.2,3,06/08/1919,English,"Crime, Drama",NR,John Francis Dillon,"Olive Thomas, Joe King, William V. Mong, Harvey Clark, Dolly Dare, Louis Durham",https://www.filmcrave.com/movie_page_main.php?id=42429,Unknown
The Silent Code,13790,2.8,3,11/01/1935,English,Western,NR,Stuart Paton,"Kane Richmond, Blanche Mehaffey, J.P. McGowan, Joseph W. Girard, Barney Furey, Pat Harmon",https://www.filmcrave.com/movie_page_main.php?id=42430,Unknown
Man's Best Friend,34816,2.0,3,01/01/1935,English,"Adventure, Drama",NR,"Edward A. Kull, Thomas Storey","Douglas Haig, Frank Brownlee, Mary MacLaren, Patricia Chapman, Lightning",https://www.filmcrave.com/movie_page_main.php?id=42431,Unknown
Rustler's Paradise,30206,2.2,3,05/01/1935,English,Western,NR,Harry L. Fraser,"Harry Carey, Gertrude Messinger, Edmund Cobb, Carmen Bailey, Theodore Lorch, Roger Williams",https://www.filmcrave.com/movie_page_main.php?id=42432,Unknown
Cavalier of the West,18005,2.7,3,11/15/1931,English,"Romance, Western",NR,John P. McCarthy,"Harry Carey, Carmen Laroux, Kane Richmond, Carlotta Monti, George 'Gabby' Hayes, Ted Adams",https://www.filmcrave.com/movie_page_main.php?id=42433,Unknown
Wagon Trail,46813,1.3,3,04/09/1935,English,"Action, Western",NR,Harry L. Fraser,"Harry Carey, Gertrude Messinger, Edward Norris, Roger Williams, Earl Dwire, Chuck Morrison",https://www.filmcrave.com/movie_page_main.php?id=42434,Unknown
Ghost Town,27153,2.3,3,02/15/1936,English,Western,NR,Harry L. Fraser,"Harry Carey, David Sharpe, Ruth Findlay, Jane Novak, Lee Shumway, Ed Cassidy",https://www.filmcrave.com/movie_page_main.php?id=42435,Unknown
Leap Year,30041,2.2,3,04/27/1924,English,Comedy,NR,James Cruze,"Roscoe 'Fatty' Arbuckle, Lucien Littlefield, Mary Thurman, John McKinnon, Clarence Geldart, Harriet Hammond",https://www.filmcrave.com/movie_page_main.php?id=42436,Unknown
The Wagon Master,34727,2.0,3,09/08/1929,English,Western,NR,Harry Joe Brown,"Ken Maynard, Edith Roberts, Tom Santschi, Jack Hanlon, Al Ferguson, Bobby Dunn",https://www.filmcrave.com/movie_page_main.php?id=42437,Unknown
"Crying Woman, The ( llorona, La )",27139,2.3,3,07/19/1935,Spanish,"Horror, Mystery",NR,Ramón Peón,"Ramón Pereda, Virginia Zurí, Carlos Orellana, Adriana Lamar, Esperanza del Real, Alberto Martí",https://www.filmcrave.com/movie_page_main.php?id=42438,Unknown
Headin' for the Rio Grande,30247,2.2,3,12/20/1936,English,Western,NR,Robert N. Bradbury,"Tex Ritter, Eleanor Stewart, Syd Saylor, Warner Richmond, Charles King, Earl Dwire",https://www.filmcrave.com/movie_page_main.php?id=42439,Unknown
Down to Earth,17952,2.7,3,08/16/1917,English,"Comedy, Romance",NR,John Emerson,"Douglas Fairbanks, Eileen Percy, Gustav von Seyffertitz, Charles McHugh, Charles K. Gerrard, William H. Keith",https://www.filmcrave.com/movie_page_main.php?id=42440,Unknown
No Limit,30211,2.2,3,10/28/1935,English,"Comedy, Musical",NR,Monty Banks,"George Formby, Florence Desmond, Howard Douglas, Beatrix Fielden-Kaye, Peter Gawthorne, Alf Goddard",https://www.filmcrave.com/movie_page_main.php?id=42441,Unknown
Heritage of the Desert ( When the West Was Young ),21909,2.5,3,09/30/1932,English,"Romance, Western",NR,Henry Hathaway,"Randolph Scott, Sally Blane, J. Farrell MacDonald, David Landau, Gordon Westcott, Guinn 'Big Boy' Williams",https://www.filmcrave.com/movie_page_main.php?id=42442,Unknown
Heritage of the Desert,47836,3.0,1,06/23/1939,English,Western,NR,Lesley Selander,"Donald Woods, Evelyn Venable, Russell Hayden, Robert Barrat, Sidney Toler, C. Henry Gordon",https://www.filmcrave.com/movie_page_main.php?id=42443,Unknown
Lost and Won,29983,2.2,3,01/21/1917,English,Drama,NR,Frank Reicher,"Marie Doro, Elliott Dexter, Carl Stockdale, Mayme Kelso, Robert Gray",https://www.filmcrave.com/movie_page_main.php?id=42444,Unknown
Convention Girl ,34839,2.0,3,10/31/1935,English,"Comedy, Drama",NR,Luther Reed,"Rose Hobart, Weldon Heyburn, Sally O'Neil, Herbert Rawlinson, Shemp Howard, Lucille Mendez",https://www.filmcrave.com/movie_page_main.php?id=42445,Unknown
Her Kingdom of Dreams,30005,2.2,3,09/21/1919,English,"Drama, Romance",NR,Marshall Neilan,"Anita Stewart, Spottiswoode Aitken, Frank Currier, Mahlon Hamilton, Thomas Holding, Kathlyn Williams",https://www.filmcrave.com/movie_page_main.php?id=42446,Unknown
Bill Cracks Down,18098,2.7,3,03/22/1937,English,"Drama, Romance",NR,William Nigh,"Grant Withers, Beatrice Roberts, Ranny Weeks, Judith Allen, William Newell, Pierre Watkin",https://www.filmcrave.com/movie_page_main.php?id=42447,Unknown
West is West ,29899,2.2,3,11/02/2010,English,"Comedy, Drama",NR,Andy DeEmmony,"Aqib Khan, Om Puri, Linda Bassett, Robert Pugh, Thomas Russell, Jimi Mistry",https://www.filmcrave.com/movie_page_main.php?id=42448,Unknown
All-Star Superman,11857,2.4,20,02/22/2011,English,"Animation, Action",PG-13,Sam Liu,"James Denton, Christina Hendricks, Anthony LaPaglia, Edward Asner, Steve Blum, Linda Cardellini",https://www.filmcrave.com/movie_page_main.php?id=42449,"Superman finds himself dying due to an overdose of solar radiation due to the scheming of Lex Luthor. In his time remaining, Superman sets out to prepare the world to go on without him, but must eventually deal with Luthor's final, most deadly plan. --"
The Apache Kid's Escape,17992,2.7,3,11/22/1930,English,Western,NR,Robert J. Horner,"Jack Perrin, Fred Church, Josephine Hill, Virginia Ashcroft, Bud Osborne, Fred Burns",https://www.filmcrave.com/movie_page_main.php?id=42450,Unknown
Adventures of Texas Jack,21942,2.5,3,03/03/1934,English,"Action, Western",NR,Victor Adamson,"Hal Taliaferro, Victor Adamson, Jay Wilsey, Victoria Vinton, Duke R. Lee, Bartlett A. Carre",https://www.filmcrave.com/movie_page_main.php?id=42451,Unknown
Gambling with Souls,21990,2.5,3,09/01/1936,English,"Crime, Drama",NR,Elmer Clifton,"Martha Chapin, Wheeler Oakman, Bryant Washburn, Gay Sheridan, Vera Steadman, Edward Keane",https://www.filmcrave.com/movie_page_main.php?id=42452,Unknown
Officer 13,30152,2.2,3,12/15/1932,English,"Crime, Drama",NR,George Melford,"Monte Blue, Lila Lee, Charles Delaney, Robert Ellis, Mickey Rooney, Frances Rich",https://www.filmcrave.com/movie_page_main.php?id=42453,Unknown
The County Chairman,42540,1.7,3,01/11/1935,English,"Comedy, Drama",NR,John G. Blystone,"Will Rogers, Evelyn Venable, Kent Taylor, Louise Dresser, Mickey Rooney, Berton Churchill",https://www.filmcrave.com/movie_page_main.php?id=42454,Unknown
