title,overall_rank,average_rating,theatrical_release_date,language,genre,mpaa_rating,director,actors,url,plot
"Love, Kennedy",53244,3.0,06/02/2017,English,Drama,PG,T.C. Christensen,"Heather Beers, Shona Kay, Jasen Wade, Tatum Chiniquy, Scarlett Hazen, Yvonne D Bennett",https://www.filmcrave.com/movie_page_main.php?id=58455,"Based on the true story of Kennedy Hansen - a normal, loving child who begins to suffer from falling bouts. It takes years, but her condition is uncovered as Juvenile Batten Disease, a terminal illness with no cure. Kennedy reaches her 16th birthday, and the end of her life, but the story doesn't stop there, and what comes after is the true testament of her character. --"
200 Degrees,59871,2.0,06/06/2017,English,Thriller,NR,Giorgio Serafini,"Eric Balfour, LaDon Drummond, Kristin Cochell, Larry Wade Carrell, Joe Grisaffi, Johnny Sinclair",https://www.filmcrave.com/movie_page_main.php?id=58456,Unknown
Battle of the Sexes,4030,2.9,09/22/2017,English,"Biography, Sport",PG-13,"Jonathan Dayton, Valerie Faris","Emma Stone, Steve Carell, Elisabeth Shue, Andrea Riseborough, Natalie Morales, Alan Cumming",https://www.filmcrave.com/movie_page_main.php?id=58457,"In 1973 two titans of tennis came together to prove if women could truly compete with men. World's women champion Billie Jean King took on ex-men's champion (and serial hustler) Bobby Riggs in what was first billed as a stunt but went on to change the course of not just tennis, but sports in general. --"
Fashionista,59770,2.0,09/25/2016,English,"Drama, Mystery",NR,Simon Rumley,"Amanda Fuller, Ethan Embry, Eric Balfour, Alex Essoe, Alexandria DeBerry, Jemma Evans",https://www.filmcrave.com/movie_page_main.php?id=58458,Unknown
The Hippopotamus,38064,2.5,01/14/2017,English,Comedy,NR,John Jencks,"Matthew Modine, Russell Tovey, Adrian Bouchet, Fiona Shaw, Roger Allam, Emily Berrington",https://www.filmcrave.com/movie_page_main.php?id=58459,Unknown
Saint George ( S\xc3\xa3o Jorge ),52861,3.0,10/23/2016,Portuguese,Drama,NR,Marco Martins,"Nuno Lopes, Mariana Nunes, David Semedo, Jos\xc3\xa9 Raposo, Beatriz Batarda, Jean-Pierre Martins",https://www.filmcrave.com/movie_page_main.php?id=58460,Unknown
That's Not Me,52996,3.0,02/01/2017,English,Comedy,NR,Gregory Erdstein,"Alice Foulcher, Isabel Lucas, Richard Davies, Belinda Misevski, Rowan Davie, Andrew S. Gilbert",https://www.filmcrave.com/movie_page_main.php?id=58461,Unknown
The 1000 Eyes of Dr. Maddin,52657,3.0,06/04/2016,English,Documentary,NR,Yves Montmayeur,"Guy Maddin, Udo Kier, Kenneth Anger, Stephen Quay, Timothy Quay, Isabella Rossellini",https://www.filmcrave.com/movie_page_main.php?id=58462,Unknown
Aisha,59751,2.0,05/24/2016,Other,Drama,NR,Chande Omar,"Godliver Gordian, Juma Madenge, Flora Nicholas, Adarusi Walii",https://www.filmcrave.com/movie_page_main.php?id=58463,Unknown
All the Birds Have Flown South,52678,3.0,06/10/2016,English,Thriller,NR,"Joshua H. Miller, Miles B. Miller","Joey Lauren Adams, Dallas Roberts, Paul Sparks, Natalie Canerday, Graham Gordy, Harley Burks",https://www.filmcrave.com/movie_page_main.php?id=58464,Unknown
Park,53141,3.0,04/14/2017,Greek,Drama,NR,Sofia Exarchou,"Dimitris Kitsos, Dimitra Vlagopoulou, Thomas Bo Larsen, Enuki Gvenatadze, Lena Kitsopoulou, Yorgos Pandeleakis",https://www.filmcrave.com/movie_page_main.php?id=58465,Unknown
"Stopover, The ( Voir du pays )",52943,3.0,01/09/2017,French,Drama,NR,"Delphine Coulin, Muriel Coulin","Soko, Ariane Labed, Ginger Rom\xc3\xa0n, Karim Leklou, Andreas Konstantinou, Makis Papadimitriou",https://www.filmcrave.com/movie_page_main.php?id=58466,Unknown
"Wedding Ring, The ( Zin'naariya! )",59849,2.0,04/13/2017,Other,"Drama, Romance",NR,Rahmatou Ke\xc3\xafta,"A\xc3\xafchatou Lamine Fofana, A\xc3\xafchatou Moussa, Magaajyia Silberfeld",https://www.filmcrave.com/movie_page_main.php?id=58467,Unknown
Game of Death,28384,2.3,03/20/2017,English,"Horror, Thriller",NR,"Sebastien Landry, Laurence Morais-Lagace","Sam Earle, Victoria Diamond, Emelia Hellman, Catherine Saindon, Erniel Baez Duenas, Nick Serino",https://www.filmcrave.com/movie_page_main.php?id=58468,Unknown
Holy Air,59856,2.0,04/20/2017,Arabic,Comedy,NR,Shady Srour,"Samuel Calderon, La\xc3\xabtitia E\xc3\xafdo, Shady Srour",https://www.filmcrave.com/movie_page_main.php?id=58469,Unknown
King of the Belgians,52941,3.0,01/08/2017,English,"Comedy, Drama",NR,"Peter Brosens, Jessica Woodworth","Peter Van den Begin, Lucie Debay, Titus De Voogdt, Bruno Georis, Goran Radakovic, Pieter van der Houwen",https://www.filmcrave.com/movie_page_main.php?id=58470,Unknown
Okja,1803,3.0,06/28/2017,Korean,"Adventure, Drama",NR,Bong Joon Ho,"Tilda Swinton, Paul Dano, Seo-Hyun Ahn, Hee-Bong Byun, Steven Yeun, Lily Collins",https://www.filmcrave.com/movie_page_main.php?id=58471,Unknown
Porto,53078,3.0,03/12/2017,English,"Drama, Romance",NR,Gabe Klinger,"Anton Yelchin, Lucie Lucas, Paulo Calatr\xc3\xa9, Fran\xc3\xa7oise Lebrun, Florie Auclerc-Vialens, Aude P\xc3\xa9pin",https://www.filmcrave.com/movie_page_main.php?id=58472,Unknown
The Reagan Show,59876,2.0,06/30/2017,English,Documentary,NR,"Sierra Pettengill, Pacho Velez","Ronald Reagan, Nancy Reagan, Mikhail Gorbachev, George Bush, David Gergen, Barbara Walters",https://www.filmcrave.com/movie_page_main.php?id=58473,Unknown
The Cheshire Murders,25942,3.0,07/22/2013,English,"Documentary, Crime",NR,"Kate Davis, David Heilbroner","Marilyn Bartoli, Deb Biggins, Michael Daluz, Jeremiah Donovan, Bob Farr, William Gerace",https://www.filmcrave.com/movie_page_main.php?id=58474,This documentary chronicles the events that occurred the night Jennifer Hawke-Petit and
Ludwig II,32750,2.8,12/26/2012,German,"Biography, Drama",NR,"Marie Noelle, Peter Sehr","Sabin Tambrea, Sebastian Schipper, Hannah Herzsprung, Edgar Selge, Friedrich M\xc3\xbccke, Samuel Finzi",https://www.filmcrave.com/movie_page_main.php?id=58475,"The life of Ludwig II, the last King of Bavaria, from his teenage years to his mysterious"
This is Not What I Expected,10896,3.0,05/05/2017,Mandarin,"Comedy, Drama",NR,Derek Hui,"Takeshi Kaneshiro, Yi-zhou Sun, Tony Yo-ning Yang, Dongyu Zhou, Zhang Guozhu, Ming Xi",https://www.filmcrave.com/movie_page_main.php?id=58476,Unknown
Enter The Warriors Gate,21045,2.4,05/05/2017,English,"Action, Fantasy",PG-13,Matthias Hoene,"Mark Chao, Ni Ni, Dave Bautista, Sienna Guillory, Uriah Shelton, Francis Chun-Yu Ng",https://www.filmcrave.com/movie_page_main.php?id=58477,Unknown
Handsome: A Netflix Mystery Movie,53199,3.0,05/05/2017,English,"Comedy, Mystery",NR,Jeff Garlin,"Jeff Garlin, Natasha Lyonne, Kaley Cuoco, William Stanford Davis, Megan Ferguson, Erin Foley",https://www.filmcrave.com/movie_page_main.php?id=58478,Unknown
"Woman Who Left, The ( Ang babaeng humayo )",53220,3.0,05/19/2017,Other,Drama,NR,Lav Diaz,"Charo Santos-Concio, John Lloyd Cruz, Michael De Mesa, Nonie Buencamino, Shamaine Buencamino, Mae Paner",https://www.filmcrave.com/movie_page_main.php?id=58479,Unknown
"Woman's Life, A ( Une vie )",53013,3.0,02/17/2017,French,Drama,NR,St\xc3\xa9phane Briz\xc3\xa9,"Judith Chemla, Jean-Pierre Darroussin, Yolande Moreau, Swann Arlaud, Nina Meurisse, Olivier Perrier",https://www.filmcrave.com/movie_page_main.php?id=58480,Unknown
Lady Bloodfight,41940,2.3,05/05/2017,English,"Action, Crime",R,Chris Nahon,"Amy Johnston, Muriel Hofmann, Jenny Wu, Kathy Wu, Jet Tranter, Mayling Ng",https://www.filmcrave.com/movie_page_main.php?id=58481,Unknown
Blood Stalkers,56940,2.0,11/01/1976,English,Horror,NR,Robert W. Morgan,"Ken Miller, Toni Crabtree, Jerry Albert, Cisse Cameron, Herb Goldstein, Robert W. Morgan",https://www.filmcrave.com/movie_page_main.php?id=58482,Four friends take a trip to one of their childhood cabins and are terrorized by a backwoods
Falsely Accused,44805,2.0,06/24/2016,English,"Crime, Mystery",NR,Maria Pulera,"Rosanna Arquette, Jon Gries, Emma Holzer, Bradford Anderson, Jimmie Tolliver, Parker Mack",https://www.filmcrave.com/movie_page_main.php?id=58483,Unknown
Dead Awake,41941,2.3,05/12/2017,English,"Horror, Thriller",NR,Phillip Guzman,"Jocelin Donahue, Jesse Bradford, Jesse Borrego, Lori Petty, James Eckhouse, Mona Lee Fultz",https://www.filmcrave.com/movie_page_main.php?id=58484,Unknown
Meri Pyaari Bindu,53210,3.0,05/12/2017,Hindi,"Drama, Romance",NR,Akshay Roy,"Parineeti Chopra, Ayushmann Khurrana, Abish Mathew, Aparajita Adhya, Malvika Sitlani",https://www.filmcrave.com/movie_page_main.php?id=58485,Unknown
The Slayer,49157,3.0,10/01/1982,English,Horror,R,J.S. Cardone,"Sarah Kendall, Frederick Flynn, Carol Kottenbrook, Alan McRae, Michael Holmes, Sandy Simpson",https://www.filmcrave.com/movie_page_main.php?id=58486,Unknown
The American Scream,57427,2.0,01/01/1988,English,"Comedy, Horror",NR,Mitchell Linden,"Pons Maar, Jennifer Darling, Matthew Borlenghi, Riley Weston, Kevin Kaye, George 'Buck' Flower",https://www.filmcrave.com/movie_page_main.php?id=58487,A family goes on a vacation and are terrorized by the local residents.\t
Slash Dance,57499,2.0,01/01/1989,English,"Comedy, Thriller",NR,James Shyman,"Cindy Ferda, James Carroll Jordan, J. Buzz Von Ornsteiner, John Henry Richardson, William Kerr, John Bluto",https://www.filmcrave.com/movie_page_main.php?id=58488,A female cop goes undercover to catch a killer who's been killing women auditioning for a
Paint It Black,53218,3.0,05/19/2017,English,Drama,NR,Amber Tamblyn,"Alia Shawkat, Nancy Kwan, Annabelle Attanasio, Alfred Molina, Janet McTeer, Emily Rios",https://www.filmcrave.com/movie_page_main.php?id=58489,Unknown
Angry Inuk,52998,3.0,02/03/2017,Other,Documentary,NR,Alethea Arnaquq-Baril,Unknown,https://www.filmcrave.com/movie_page_main.php?id=58490,Unknown
An Insignificant Man,53177,3.0,04/24/2017,Hindi,"Documentary, Thriller",NR,"Khushboo Ranka, Vinay Shukla","Arvind Kejriwal, Santosh Koli, Manish Sisodia, Yogendra Yadav",https://www.filmcrave.com/movie_page_main.php?id=58491,Unknown
Antonia.,52659,3.0,06/04/2016,Italian,"Biography, Drama",NR,Ferdinando Cito Filomarino,"Linda Caridi, Maurizio Fanin, Federica Fracassi, Filippo Dini, Alessio Pratic\xc3\xb2, Perla Ambrosini",https://www.filmcrave.com/movie_page_main.php?id=58492,Unknown
The Architect,59749,2.0,05/20/2016,English,"Comedy, Drama",NR,Jonathan Parker,"James Frain, Parker Posey, Eric McCormack, John Carroll Lynch, Pamela Reed, John Aylward",https://www.filmcrave.com/movie_page_main.php?id=58493,Unknown
Arianna,52546,3.0,04/15/2016,Italian,Drama,NR,Carlo Lavagna,"Ondina Quadri, Massimo Popolizio, Valentina Carnelutti, Corrado Sassi, Blu Yoshimi, Lidia Vitale",https://www.filmcrave.com/movie_page_main.php?id=58494,Unknown
Atlantic Heart ( Cora\xc3\xa7\xc3\xa3o Atl\xc3\xa2ntico ),59726,2.0,02/07/2016,Other,Drama,NR,Robbie McCallum,"Julia Brito, Elton Medina, Jose Delgado, Christian Neves, Aurizania Monteiro",https://www.filmcrave.com/movie_page_main.php?id=58495,Unknown
Battle for Sevastopol ( Bitva za Sevastopol ),52651,3.0,06/03/2016,Russian,"Biography, Drama",NR,Sergey Mokritskiy,"Yuliya Peresild, Evgeniy Tsyganov, Joan Blackham, Anatoliy Kot, Oleg Vasilkov, Nikita Tarasov",https://www.filmcrave.com/movie_page_main.php?id=58496,Unknown
Battledream Chronicle,52643,3.0,05/31/2016,French,"Animation, Sci-Fi",NR,Alain Bidard,"Youry Bemol, Yna Boulang\xc3\xa9, Stefany De Chavigny, Jacques Olivier Ensfelder, Steffy Glissant, Celia Guitteaud",https://www.filmcrave.com/movie_page_main.php?id=58497,Unknown
The Disaster Artist,1043,3.0,12/01/2017,English,"Comedy, Drama",R,James Franco,"James Franco, Dave Franco, Zac Efron, Alison Brie, Zoey Deutch, Seth Rogen",https://www.filmcrave.com/movie_page_main.php?id=58498,"In 2003, Tommy Wiseau set out to make a film - The Room would go on to become a cult film, known for how terrible it was and inspiring a Rocky Horror-like midnight screening. The Disaster Artist goes behind the scenes and shows how this epic of awfulness came about - based on Greg Sestero\xe2\x80\x99s novel. --"
S.W.A.T.: Under Siege,53322,3.0,08/01/2017,English,Action,R,Tony Giglio,"Adrianne Palicki, Michael Jai White, Ty Olsson, Pascale Hutton, Monique Ganderton, Kyra Zagorsky",https://www.filmcrave.com/movie_page_main.php?id=58499,Unknown
Scales: Mermaids Are Real,53314,3.0,07/21/2017,English,Fantasy,PG,Kevan Peterson,"Emmy Perry, Morgan Fairchild, Elisabeth R\xc3\xb6hm, Jack Dylan Grazer, Nikki Hahn, Kimberly Hidalgo",https://www.filmcrave.com/movie_page_main.php?id=58500,Unknown
Axolotl Overkill,52964,3.0,01/20/2017,German,Drama,NR,Helene Hegemann,"Jasna Fritzi Bauer, Arly Jover, Laura Tonke, Mavie H\xc3\xb6rbiger, Julius Feldmeier, Nikolai Kinski",https://www.filmcrave.com/movie_page_main.php?id=58501,Unknown
After the Reality,53152,3.0,04/21/2017,English,"Comedy, Drama",NR,David Anderson,"Matthew Morrison, Sarah Chalke, Jon Dore, Laura Bell Bundy, Juan Pablo Di Pace, Isaiah Mustafa",https://www.filmcrave.com/movie_page_main.php?id=58502,Unknown
Dawson City: Frozen Time,5353,3.0,10/02/2016,English,Documentary,NR,Bill Morrison,"Kathy Jones-Gates, Michael Gates, Sam Kula, Bill O'Farrell, Bill Morrison",https://www.filmcrave.com/movie_page_main.php?id=58503,Unknown
"Divine Order, The ( g\xc3\xb6ttliche Ordnung, Die )",53155,3.0,04/21/2017,German,Drama,NR,Petra Biondina Volpe,"Marie Leuenberger, Maximilian Simonischek, Rachel Braunschweig, Sibylle Brunner, Marta Zoffoli, Bettina Stucky",https://www.filmcrave.com/movie_page_main.php?id=58504,Unknown
Pilgrimage,6697,2.9,08/11/2017,English,"Adventure, Drama",NR,Brendan Muldowney,"Tom Holland, Richard Armitage, Jon Bernthal, John Lynch, Stanley Weber, Hugh O'Conor",https://www.filmcrave.com/movie_page_main.php?id=58505,Unknown
Before the Streets ( Avant les rues ),52660,3.0,06/04/2016,French,"Crime, Drama",NR,Chlo\xc3\xa9 Leriche,"Rykko Bellemare, Kwena Bellemare-Boivin, Jacques Newashish, Janis Ottawa, Martin Dubreuil, Normand Daoust",https://www.filmcrave.com/movie_page_main.php?id=58506,Unknown
"Beyond My Grandfather Allende ( Allende, mi abuelo Allende )",52661,3.0,06/04/2016,Spanish,"Documentary, Drama",NR,Marcia Tambutti Allende,Salvador Allende,https://www.filmcrave.com/movie_page_main.php?id=58507,Unknown
Big Sonia,52890,3.0,11/09/2016,English,"Documentary, Family",NR,"Todd Soliday, Leah Warshawski","Sonia Warshawski, SuEllen Fried, Caroline Kennedy, Regina Kort, Debbie Warshawski, Morrie Warshawski",https://www.filmcrave.com/movie_page_main.php?id=58508,Unknown
"Black Hen, The ( Kalo Pothi )",52669,3.0,06/06/2016,Other,Drama,NR,Min Bahadur Bham,"Khadka Raj Nepali, Sukra Raj Rokaya, Jit Bahadur Malla, Hansha Khadka, Benisha Hamal",https://www.filmcrave.com/movie_page_main.php?id=58509,Unknown
Burn Burn Burn,52652,3.0,06/03/2016,English,"Comedy, Drama",NR,Chanya Button,"Sally Phillips, Laura Carmichael, Joe Dempsie, Eleanor Matsuura, Chloe Pirrie, Julian Rhind-Tutt",https://www.filmcrave.com/movie_page_main.php?id=58510,Unknown
Ripped,46889,3.0,06/23/2017,English,Comedy,NR,Brad Epstein,"Alex Meneses, Faizon Love, Russell Peters, Farah White, Bridger Zadina, Kyle Massey",https://www.filmcrave.com/movie_page_main.php?id=58511,"In 1986 two stoner friends get their hands on some primo weed - in fact, it's classified by the CIA and, once smoked, the two suddenly find themselves in 2016 - 30 years older, heavier and with no recollection of the last 30  years. With unbridled enthusiasm the two set out to figure out their lives - and how the modern world works. --"
Those Who Make Revolution Halfway Only Dig Their Own Graves ( Ceux qui font les r\xc3\xa9volutions \xc3\xa0 moiti\xc3\xa9 n'ont fait que se creuser un tombeau ),53114,3.0,03/31/2017,French,Drama,NR,"Mathieu Denis, Simon Lavoie","Charlotte Aubin, Laurent B\xc3\xa9langer, Emmanuelle Lussier Martinez, Gabrielle Tremblay, Myreille B\xc3\xa9dard, Sylvain Castonguay",https://www.filmcrave.com/movie_page_main.php?id=58512,Unknown
White Sun ( Seto Surya ),52940,3.0,01/07/2017,Other,Drama,NR,Deepak Rauniyar,"Dayahang Rai, Asha Maya Magrati, Rabindra Singh Baniya, Sumi Malla, Amrit Pariyar",https://www.filmcrave.com/movie_page_main.php?id=58513,Unknown
Circuitry Man,49432,3.0,10/31/1990,English,"Comedy, Sci-Fi",R,Steven Lovy,"Jim Metzler, Dana Wheeler-Nicholson, Lu Leonard, Vernon Wells, Barbara Alyn Woods, Dennis Christopher",https://www.filmcrave.com/movie_page_main.php?id=58514,Unknown
The Gracefield Incident,41944,2.3,07/21/2017,Unknown,"Action, Horror",PG-13,Mathieu Ratthe,"Laurence Dauphinais, Juliette Gosselin, Lori Graham, Kimberly Laferriere, Alex C. Nachi, Mathieu Ratthe",https://www.filmcrave.com/movie_page_main.php?id=58515,"Three couples plan to spend a nice. long weekend at a comfy, out-of-the-way cabin, but their getaway is interrupted by the appearance of a meteorite along with some uninvited guests. --"
Boo 2! A Madea Halloween,39936,1.6,10/20/2017,English,Comedy,PG-13,Tyler Perry,"Tyler Perry, Inanna Sarkis, Brock O'Hurn, Diamond White, Lexy Panterra, Patrice Lovely",https://www.filmcrave.com/movie_page_main.php?id=58516,"Madea, Bam, and Hattie celebrate Halloween with a trip to a haunted campground. The trio find themselves once again in over their heads when all matter of creatures are set loose - and decide they want to play. --"
Aquarius,2043,3.3,10/09/2016,Portuguese,Drama,NR,Kleber Mendon\xc3\xa7a Filho,"Sonia Braga, Maeve Jinkings, Irandhir Santos, Humberto Carr\xc3\xa3o, Zoraide Coleto, Carla Ribas",https://www.filmcrave.com/movie_page_main.php?id=58517,Unknown
Jasmine ,53209,3.0,05/12/2017,English,Thriller,NR,Dax Phelan,"Jason Tobin, Byron Mann, Sarah Lian, Eugenia Yuan, Glen Chin, Grace Huang",https://www.filmcrave.com/movie_page_main.php?id=58518,Unknown
Immortal Combat,49596,3.0,07/06/1994,English,"Action, Fantasy",R,Dan Neira,"Shin'ichi Chiba, Roddy Piper, Meg Foster, Deron McBee, Tommy 'Tiny' Lister, Woon Young Park",https://www.filmcrave.com/movie_page_main.php?id=58519,"After their partner is killed, two cops travel to an island to find her killer where a"
I Am Battle Comic,53098,3.0,03/23/2017,English,"Documentary, Comedy",NR,Jordan Brady,"George Lopez, Dave Attell, Jeff Capri, Don Barnhart Jr., Bob Kubota, Wayne Federman",https://www.filmcrave.com/movie_page_main.php?id=58520,Unknown
La Poison,48037,3.0,11/30/1951,French,"Comedy, Crime",NR,Sacha Guitry,"Michel Simon, Jean Debucourt, Jacques Varennes, Jeanne Fusier-Gir, Germaine Reuver, Pauline Carton",https://www.filmcrave.com/movie_page_main.php?id=58521,"A man, facing his drunken shrew of a wife, consults a lawyer for the best way to get away with murder. But after nearly being poisoned, he winds up stabbing her and the lawyer, who has a big mouth, must take on the case to acquit him. Despite the facts of the case, and that his client gleefully confesses to the murder, the case plays out much differently than one would imagine. --"
"Adventures of Hercules II, The ( avventure dell'incredibile Ercole, La )",49257,3.0,10/04/1985,Italian,"Adventure, Fantasy",PG,Luigi Cozzi,"Lou Ferrigno, Milly Carlucci, Sonia Viviani, William Berger, Carla Ferrigno, Claudio Cassinelli",https://www.filmcrave.com/movie_page_main.php?id=58522,Unknown
Warlock III: The End of Innocence,49970,3.0,10/12/1999,English,"Fantasy, Horror",R,Eric Freiser,"Bruce Payne, Ashley Laurence, Paul Francis, Jan Schweiterman, Angel Boris Reed, Rick Hearst",https://www.filmcrave.com/movie_page_main.php?id=58523,Unknown
"Stendhal Syndrome, The ( sindrome di Stendhal, La )",14042,2.8,04/26/1996,Italian,"Horror, Mystery",NR,Dario Argento,"Asia Argento, Thomas Kretschmann, Marco Leonardi, Luigi Diberti, Paolo Bonacelli, Julien Lambroschini",https://www.filmcrave.com/movie_page_main.php?id=58524,Unknown
Devil's Domain,52388,3.0,01/01/2016,English,Horror,NR,Jared Cohn,"Michael Madsen, Madi Vodane, Linda Bella, Zack Kozlow, Kelly Erin Decker, Brenna Tucker",https://www.filmcrave.com/movie_page_main.php?id=58525,Unknown
The Black Prince,53311,3.0,07/21/2017,English,"Drama, Historical",PG-13,Kavi Raz,"Jason Flemyng, Amanda Root, David Essex, Shabana Azmi, Kavi Raz, Satinder Sartaaj",https://www.filmcrave.com/movie_page_main.php?id=58526,Unknown
Day of Days,53345,3.0,08/15/2017,English,Drama,PG,Kim Bass,"Tom Skerritt, Claudia Zevallos",https://www.filmcrave.com/movie_page_main.php?id=58527,Unknown
The Keeping Hours,26222,3.0,06/15/2017,English,"Drama, Horror",PG-13,Karen Moncrieff,"Lee Pace, Carrie Coon, Molly Hagan, Christina Vidal, Ana Ortiz, Anna Diop",https://www.filmcrave.com/movie_page_main.php?id=58528,Unknown
Feed,53307,3.0,07/18/2017,English,Drama,PG-13,Tommy Bertelsen,"Troian Bellisario, Tom Felton, Ben Winchell, James Remar, Paula Malcomson, Willie Garson",https://www.filmcrave.com/movie_page_main.php?id=58529,Unknown
"King, The ( Deoking )",52987,3.0,01/27/2017,Korean,"Crime, Drama",NR,Jae-rim Han,"In-sung Jo, Seong-woo Bae, Woo-sung Jung, Jun-yeol Ryu, Eun-chae Jung, Ah-jung Kim",https://www.filmcrave.com/movie_page_main.php?id=58530,Unknown
Sword Art Online: The Movie - Ordinal Scale ( Gekijo-ban Sword Art Online: Ordinal Scale ),16206,3.5,03/09/2017,Japanese,"Anime, Action",NR,Tomohiko Ito,"Ryan Bartley, Cherami Leigh, Bryce Papenbrook, Michelle Ruff, Haruka Tomatsu, Yoshitsugu Matsuoka",https://www.filmcrave.com/movie_page_main.php?id=58531,Unknown
Half Girlfriend,53215,3.0,05/19/2017,Hindi,"Drama, Romance",NR,Mohit Suri,"Shraddha Kapoor, Anisa Butt, Arjun Kapoor, Rhea Chakraborty, Greg Kriek, Seema Biswas",https://www.filmcrave.com/movie_page_main.php?id=58532,Unknown
Radio Dreams,53219,3.0,05/19/2017,Persian,Comedy,NR,Babak Jalali,"Lars Ulrich, Boshra Dastournezhad, Kyle Kernan, Larry Laverty, Mohsen Namjoo, Mahmood Schricker",https://www.filmcrave.com/movie_page_main.php?id=58533,Unknown
Hindi Medium,53216,3.0,05/19/2017,Hindi,"Comedy, Drama",NR,Saket Chaudhary,"Irrfan Khan, Saba Qamar, Neha Dhupia, Amrita Singh, Deepak Dobriyal, Sanjana Sanghi",https://www.filmcrave.com/movie_page_main.php?id=58534,Unknown
Road Trip: Beer Pong,37621,2.5,08/11/2009,English,Comedy,R,Steve Rash,"DJ Qualls, Mary Cobb, Preston Jones, Michael Trotter, Julianna Guill, Danny Pudi",https://www.filmcrave.com/movie_page_main.php?id=58535,"After Andy's girlfriend transfers to Ithica College to be closer to him, Andy and his"
Buena Vista Social Club: Adios,53230,3.0,05/26/2017,English,Documentary,PG,Lucy Walker,"Ibrahim Ferrer, Omara Portuondo, Guajirito Mirabal, Manuel 'Guajiro' Mirabal",https://www.filmcrave.com/movie_page_main.php?id=58536,Unknown
Jawbone,10897,3.0,05/12/2017,English,"Drama, Sport",R,Thomas Napper,"Ian McShane, Ray Winstone, Johnny Harris, Michael Smiley, Luke J.I. Smith, Anna Wilson-Hall",https://www.filmcrave.com/movie_page_main.php?id=58537,Unknown
Legend of the Phantom Rider,50366,3.0,02/11/2003,English,"Action, Western",R,Alex Erkiletian,"Denise Crosby, Robert McRay, Stefan Gierasch, Zen Gesner, Angus Scrimm, George Murdock",https://www.filmcrave.com/movie_page_main.php?id=58538,Two ancient enemies are reincarnated in order to face off once again in a battle of good
Still The Beaver,57247,2.0,03/19/1983,English,Comedy,NR,Steven Hilliard Stern,"Barbara Billingsley, Tony Dow, Jerry Mathers, Ken Osmond, Frank Bank, Richard Deacon",https://www.filmcrave.com/movie_page_main.php?id=58539,Unknown
Abandoned Dead,52340,3.0,11/04/2015,English,"Crime, Horror",NR,Mark W. Curran,"Ivan Adame, Hannah Johnson, Sarah Nicklin, Judith O'Dea, Christopher Parker, Carlos Ramirez",https://www.filmcrave.com/movie_page_main.php?id=58540,A security guard working at an addiction clinic is terrorized by supernatural forces.\t
Arcade,49581,3.0,03/30/1994,English,"Horror, Sci-Fi",R,Albert Pyun,"Megan Ward, Peter Billingsley, John de Lancie, Sharon Farrell, Seth Green, A.J. Langer",https://www.filmcrave.com/movie_page_main.php?id=58541,Teens go missing when they play a virtual-reality game and lose. Now somebody has to
Where the Dead Go to Die,51578,3.0,02/01/2012,English,"Animation, Horror",NR,Jimmy ScreamerClauz,"Ruby Larocca, Brandon Slagle, Joey Smack, Victor Bonacore, Joshua Michael Greene, Linnea Quigley",https://www.filmcrave.com/movie_page_main.php?id=58542,Unknown
Magellan,53011,3.0,02/17/2017,English,"Sci-Fi, Mystery",NR,Rob York,"Brandon Ray Olive, K. Danor Gerald, Whitney Palmer, Matthew Mercer, Nicola Posener, D.L. Walker",https://www.filmcrave.com/movie_page_main.php?id=58543,Unknown
The Founders,52411,3.0,01/24/2016,English,Documentary,NR,"Charlene Fisk, Carrie Schrader","Marilynn Smith, Shirley Spork, Louise Suggs, Marlene Bauer Vossler, Bryn Vale, Bella Lotz",https://www.filmcrave.com/movie_page_main.php?id=58544,Unknown
The Wedding Invitation,53109,3.0,03/30/2017,English,"Comedy, Romance",NR,Rainy Kerwin,"Rainy Kerwin, Camille Guaty, Eoin Macken, Christina Ulloa, Nick George, Chris Triana",https://www.filmcrave.com/movie_page_main.php?id=58545,Unknown
Darkness Rising,41942,2.3,06/30/2017,English,Horror,NR,Austin Reading,"Tara Holt, Katrina Law, Bryce Johnson, Heather Mazur, Myk Watford, Christian Ganiere",https://www.filmcrave.com/movie_page_main.php?id=58546,Unknown
Blood Road,53083,3.0,03/15/2017,English,Documentary,NR,Nicholas Schrunk,"Rebecca Rusch, Huyen Nguyen, Jason Bauer, Don Duvall, Greg Martin, Jeremy Kent Jackson",https://www.filmcrave.com/movie_page_main.php?id=58547,Unknown
Gremlin,55221,1.5,06/08/2017,English,Horror,NR,Ryan Bellgardt,"Adam Hampton, Kristy K. Boone, Katie Burgess, Chris Crane, Connie Franklin, Caleb Milby",https://www.filmcrave.com/movie_page_main.php?id=58548,Unknown
Karate Kill,53308,3.0,07/18/2017,Japanese,"Action, Horror",NR,Kurando Mitsutake,"Hayate, Toshiya Agata, Mana Sakura, Kirk Geiger, Asami, Tomm Voss",https://www.filmcrave.com/movie_page_main.php?id=58549,Unknown
Timebomb,49471,3.0,09/27/1991,English,"Action, Drama",R,Avi Nesher,"Michael Biehn, Patsy Kensit, Tracy Scoggins, Robert Culp, Richard Jordan, Raymond St. Jacques",https://www.filmcrave.com/movie_page_main.php?id=58550,Unknown
"Confessions, The ( confessioni, Le )",52833,3.0,10/14/2016,Italian,"Drama, Thriller",NR,Roberto And\xc3\xb2,"Toni Servillo, Daniel Auteuil, Pierfrancesco Favino, Moritz Bleibtreu, Connie Nielsen, Lambert Wilson",https://www.filmcrave.com/movie_page_main.php?id=58551,Unknown
"Oath, The ( Ei\xc3\xb0urinn )",32932,2.8,10/20/2016,Other,"Crime, Drama",NR,Baltasar Korm\xc3\xa1kur,"Hera Hilmar, Baltasar Korm\xc3\xa1kur, G\xc3\xadsli \xc3\x96rn Gar\xc3\xb0arsson, Ingvar Eggert Sigur\xc3\xb0sson, \xc3\x9eorsteinn Bachmann, Joi Johannsson",https://www.filmcrave.com/movie_page_main.php?id=58552,Unknown
Reset ( Rel\xc3\xa8ve: Histoire d'une cr\xc3\xa9ation ),52956,3.0,01/13/2017,French,Documentary,NR,"Thierry Demaizi\xc3\xa8re, Alban Teurlai",Benjamin Millepied,https://www.filmcrave.com/movie_page_main.php?id=58553,Unknown
Forever My Girl,34328,1.9,01/19/2018,English,Romance,PG,Bethany Ashton Wolf,"Alex Roe, Jessica Rothe, John Benjamin Hickey, Abby Ryder Fortson, Tyler Riggs, Peter Cambor",https://www.filmcrave.com/movie_page_main.php?id=58554,"After leaving his potential wife at the altar, Liam Page pursues his dream of becoming a country music star. He achieves that goal but, years later, while attending a funeral back in his home town, the girl he left behind once again steals his heart. --"
The House on Coco Road,52648,3.0,06/02/2016,English,Documentary,NR,Damani Baker,"Angela Davis, Fania Davis, Fannie Haughton",https://www.filmcrave.com/movie_page_main.php?id=58555,Unknown
Lucky,52783,3.0,09/23/2016,English,"Action, Crime",NR,Bari Kang,"Galla Borowski, Bari Kang, Obaid Kadwani, Alfredo Diaz, Pooya Mohseni, Sandra Trujillo",https://www.filmcrave.com/movie_page_main.php?id=58556,Unknown
Escape Room,53256,3.0,06/09/2017,English,"Thriller, Horror",R,Will Wernick,"Evan Williams, Annabelle Stephenson, Elisabeth Hower, Dan J. Johnson, John Ierardi, Kelly Delson",https://www.filmcrave.com/movie_page_main.php?id=58557,Unknown
Te Ata,52811,3.0,10/01/2016,English,"Drama, Historical",PG,Nathan Frankowski,"Q'orianka Kilcher, Gil Birmingham, Graham Greene, Mackenzie Astin, Brigid Brannagh, Cindy Pickett",https://www.filmcrave.com/movie_page_main.php?id=58558,Unknown
Thrill Ride,52746,3.0,08/17/2016,English,"Comedy, Family",PG,Chris Parrish,"Lucas Jade Zumann, Kristen Johnston, Tim Kazurinsky, Nicole Scimeca, Helen Sadler, Sophia Ntovas",https://www.filmcrave.com/movie_page_main.php?id=58559,Unknown
Leftovers,53027,3.0,03/01/2017,English,"Documentary, Animation",NR,Seth Hancock,"Seth Hancock, Sister Alice Marie Quinn, Marsha Lorenz, Enid Borden, Hank Perret, Cleda Turner",https://www.filmcrave.com/movie_page_main.php?id=58560,Unknown
Serpent,53276,3.0,06/17/2017,English,Thriller,NR,Amanda Evans,"Sarah Dumont, Tom Ainsley, Skye Russell",https://www.filmcrave.com/movie_page_main.php?id=58561,Unknown
Your Own Road,53283,3.0,06/20/2017,English,"Comedy, Drama",NR,Brandon Buczek,"Cortney Palm, Susan Diol, Kym Jackson, Ashton Moio, Jeff Corbett, Suzanne Mayes",https://www.filmcrave.com/movie_page_main.php?id=58562,Unknown
God of War ( Dang kou feng yun ),53243,3.0,06/02/2017,Mandarin,"Action, Historical",NR,Gordon Chan,"Wenzhuo Zhao, Sammo Kam-Bo Hung, Yasuaki Kurata, Regina Wan, Keisuke Koide, Timmy Hung",https://www.filmcrave.com/movie_page_main.php?id=58563,Unknown
The Recall,53247,3.0,06/02/2017,English,Sci-Fi,R,Mauro Borrelli,"RJ Mitte, Wesley Snipes, Jedidiah Goodacre, Niko Pepaj, Hannah Rose May, Vicellous Shannon",https://www.filmcrave.com/movie_page_main.php?id=58564,Unknown
Opening Night,53246,3.0,06/02/2017,English,"Comedy, Musical",NR,Isaac Rentz,"Topher Grace, Alona Tal, Anne Heche, Taye Diggs, Lauren Lapkus, Rob Riggle",https://www.filmcrave.com/movie_page_main.php?id=58565,Unknown
The Settlers,52405,3.0,01/22/2016,English,Documentary,NR,Shimon Dotan,Unknown,https://www.filmcrave.com/movie_page_main.php?id=58566,Unknown
Beautiful Accident ( Mei hao de yi wa ),53229,3.0,05/26/2017,Mandarin,"Comedy, Fantasy",NR,Wi Ding Ho,"Lun-mei Gwei, Jingchun Wang, Nana Ouyang, William Wang, Kun Chen",https://www.filmcrave.com/movie_page_main.php?id=58567,Unknown
The Incredible Jessica James,38067,2.5,01/27/2017,English,Comedy,NR,Jim Strouse,"Jessica Williams, Megan Ketch, Chris O'Dowd, No\xc3\xabl Wells, Eric Loscheider, Zabryna Guevara",https://www.filmcrave.com/movie_page_main.php?id=58568,Unknown
Come Swim,32942,2.8,01/19/2017,English,Drama,NR,Kristen Stewart,"Josh Kaye, Sydney Lopez",https://www.filmcrave.com/movie_page_main.php?id=58569,Unknown
Walking Out,14896,2.6,10/06/2017,English,"Adventure, Drama",PG-13,"Alex Smith, Andrew J. Smith","Matt Bomer, Lily Gladstone, Alex Neustaedter, Bill Pullman, Ken White, Josh Wiggins",https://www.filmcrave.com/movie_page_main.php?id=58570,Unknown
Marjorie Prime,6064,2.8,01/27/2017,English,"Comedy, Drama",NR,Michael Almereyda,"Jon Hamm, Geena Davis, Tim Robbins, Lois Smith, Stephanie Andujar, Hannah Gross",https://www.filmcrave.com/movie_page_main.php?id=58571,Unknown
Whitney: Can I Be Me,6950,3.0,04/27/2017,English,Documentary,NR,"Nick Broomfield, Rudi Dolezal","Whitney Houston, Bobbi Kristina Brown, Bobby Brown, Cissy Houston, Robyn Crawford, John Russell Houston Jr.",https://www.filmcrave.com/movie_page_main.php?id=58572,Unknown
In This Corner of the World ( Kono sekai no katasumi ni ),1276,3.2,08/11/2017,Japanese,"Anime, Drama",PG-13,Sunao Katabuchi,"Non - Rena Nounen, Megumi Han, Yoshimasa Hosoya, Natsuki Inaba, Nanase Iwai, Minori Omi",https://www.filmcrave.com/movie_page_main.php?id=58573,"In 1935 Suzu lives with her family in Eba, a town in Hiroshima, where her artistic talent is allowed to flourish. All that changes when she finds herself suddenly married as a teen, whisked off to Kure where she falls in to a daily routine of cleaning, mending and cooking. As war looms over Japan, Suzu finds living a normal life becomes more and more difficult as food rationing and air raids disrupt her life. Through hardships both physical and emotional, Suzu determinedly soldiers on.  --"
Solitary,41902,2.3,01/01/2016,English,Drama,NR,Sasha Krane,"Katharine Lee McEwan, Sarina Taylor, Kevin McGowan, Michael Wildman, Anna Skellern, Jenny Walters",https://www.filmcrave.com/movie_page_main.php?id=58574,Unknown
Aashiqui 2,21292,3.3,04/26/2013,Hindi,"Drama, Musical",NR,Mohit Suri,"Aditya Roy Kapoor, Shraddha Kapoor, Shaad Randhawa, Chitrak Bandyopadhyay, Milind Phatak, Mahesh Thakur",https://www.filmcrave.com/movie_page_main.php?id=58575,Aashiqui 2 takes you through a musical journey of two lovers who go through love and
Black Butterfly,12109,2.6,05/26/2017,English,Thriller,R,Brian Goodman,"Jonathan Rhys Meyers, Piper Perabo, Antonio Banderas, Nicholas Aaron, Abel Ferrara, Nathalie Rapti Gomez",https://www.filmcrave.com/movie_page_main.php?id=58576,A writer meets a drifter who has a plan to get him out of his uninspired days. --
Butterfly Kisses,53280,3.0,06/19/2017,English,Drama,NR,Rafael Kapelinski,"Rosie Day, Theo Stevenson, Elliot Cowan, Charlotte Beaumont, Thomas Turgoose, Honor Kneafsey",https://www.filmcrave.com/movie_page_main.php?id=58577,Unknown
Roller Dreams,53278,3.0,06/18/2017,English,Documentary,NR,Kate Hickey,Unknown,https://www.filmcrave.com/movie_page_main.php?id=58578,Unknown
Thread ( Nima ),59874,2.0,06/18/2017,Greek,"Drama, Sci-Fi",NR,Alexander Voulgaris,"Sofia Kokkali, Vangelis Loukissas, Daphne Patakia, Giorgos Karpathakis, Sofia Georgovassili, Giorgos Papasotiriou",https://www.filmcrave.com/movie_page_main.php?id=58579,Unknown
Nocturne,52717,3.0,07/17/2016,English,Horror,NR,Stephen Shimek,"Clare Niederpruem, Hailey Nebeker, Melanie Stone, Darien Willardson, Colton Tran, Jake Stormoen",https://www.filmcrave.com/movie_page_main.php?id=58580,Unknown
Lake Alice,44820,2.0,07/18/2017,English,Horror,NR,Ben Milliken,"Brando Eaton, Michael Shamus Wiles, Peter O'Brien, Laura Niemi, Caroline Tudor, Eileen Dietz",https://www.filmcrave.com/movie_page_main.php?id=58581,Unknown
"Paulina ( patota, La )",52323,3.0,10/22/2015,Spanish,"Drama, Thriller",NR,Santiago Mitre,"Dolores Fonzi, Oscar Mart\xc3\xadnez, Laura L\xc3\xb3pez Moyano, Esteban Lamothe, Cristian Salguero, Andrea Quattrocchi",https://www.filmcrave.com/movie_page_main.php?id=58582,Unknown
First Kill,33888,1.8,07/21/2017,English,"Action, Thriller",R,Steven C. Miller,"Bruce Willis, Hayden Christensen, Gethin Anthony, Magi Avila, William DeMeo, Tyler Jon Olson",https://www.filmcrave.com/movie_page_main.php?id=58583,Unknown
Landline,26225,3.0,07/21/2017,English,Comedy,R,Gillian Robespierre,"Jenny Slate, Finn Wittrock, John Turturro, Edie Falco, Amy Carlson, Jay Duplass",https://www.filmcrave.com/movie_page_main.php?id=58584,Unknown
Holmes & Watson,38354,1.6,12/25/2018,English,"Adventure, Comedy",PG-13,Etan Cohen,"Will Ferrell, John C. Reilly, Kelly Macdonald, Ralph Fiennes, Rebecca Hall, Hugh Laurie",https://www.filmcrave.com/movie_page_main.php?id=58585,"You've heard of the iconic detectives Sherlock Holmes and his esteemed colleague Dr. Watson, but you have never seen them quite like this - farm from the sharp mind and deductive reasoning - this dynamic duo are utterly... moronic. And when Queen Victoria herself is targeted by a plot that will wind up in her death, the two will stop at nothing to find the culprit, no matter how much chaos they cause along the way. --"
Captive State,24501,2.0,03/15/2019,English,"Sci-Fi, Thriller",PG-13,Rupert Wyatt,"Vera Farmiga, Madeline Brewer, John Goodman, Machine Gun Kelly, D.B. Sweeney, Kevin Dunn",https://www.filmcrave.com/movie_page_main.php?id=58586,Set in a Chicago neighborhood ten years after its occupation by an extra-terrestrial force. The film follows the lives of people working both with and against the invaders. --
Rampage,12274,2.3,04/13/2018,English,"Action, Sci-Fi",PG-13,Brad Peyton,"Dwayne Johnson, Jeffrey Dean Morgan, Naomie Harris, Malin Akerman, Joe Manganiello, Marley Shelton",https://www.filmcrave.com/movie_page_main.php?id=58590,"Primatologist Davis Okoye has an incredible bond with George, an intelligent gorilla he has cared for since his birth. But a rogue genetic experiment transforms the gentle George into a raging monster, hellbent on destroying every city in his path. Davis finds himself teaming up with a rogue genetic engineer, not just to find a cure, but to hopefully save George in the process. --"
Tully,4200,2.8,05/04/2018,English,"Comedy, Drama",R,Jason Reitman,"Charlize Theron, Mackenzie Davis, Ron Livingston, Mark Duplass, Emily Haine, Elaine Tan",https://www.filmcrave.com/movie_page_main.php?id=58591,"Marlo is a mother of three, including a newborn, overworked and underappreciated. But help comes in the form of a night nanny, sent by her brother, and though at first she seems hesitant to accept this extravagance, she soon comes to realize that Tully is a lifesaver and forms a bond with her. --"
Life of the Party,12460,2.4,05/11/2018,English,Comedy,PG-13,Ben Falcone,"Melissa McCarthy, Gillian Jacobs, Julie Bowen, Debby Ryan, Shannon Purser, Stephen Root",https://www.filmcrave.com/movie_page_main.php?id=58592,"Deanna has been a dedicated wife for a long time - so is thrown for a loop when her husband suddenly leaves her. Instead of dwelling on this change, she throws herself head-first and goes back to college - landing in the same school and class as her daughter. The awkward situation gets even more so as Deanna, now dubbed Dee Rock, starts to really get into college life, making for one unforgettable senior year. --"
Slender Man,42199,1.4,08/10/2018,English,Horror,PG-13,Sylvain White,"Joey King, Annalise Basso, Javier Botet, Taylor Richardson, Julia Goldani Telles, Jaz Sinclair",https://www.filmcrave.com/movie_page_main.php?id=58593,"A tall, faceless entity, who legend tells will unrelentingly stalk his victim, usually teens, who go mad, missing or wind up dead. A group of friends find this out the urban legend is all too real when they get caught up in his horrific trap. --"
Tag,8906,2.5,06/15/2018,English,Comedy,R,Jeff Tomsic,"Jeremy Renner, Ed Helms, Jon Hamm, Jake Johnson, Lil Rel Howery, Isla Fisher",https://www.filmcrave.com/movie_page_main.php?id=58594,"A group of friends since grade school organize an elaborate, cross-country"
"Midwife, The ( Sage femme )",53295,3.0,07/07/2017,French,Drama,NR,Martin Provost,"Catherine Deneuve, Catherine Frot, Olivier Gourmet, Quentin Dolmaire, Myl\xc3\xa8ne Demongeot, Pauline Etienne",https://www.filmcrave.com/movie_page_main.php?id=58595,Unknown
You Get Me,53270,3.0,06/16/2017,English,Thriller,NR,Brent Bonacorso,"Taylor John Smith, Bella Thorne, Halston Sage, Anna Akana, Nash Grier, Jennifer Esposito",https://www.filmcrave.com/movie_page_main.php?id=58596,Unknown
The Answer,52615,3.0,05/19/2016,English,"Romance, Sci-Fi",NR,Iqbal Ahmed,"Austin H\xc3\xa9bert, Alexis Carra, David S. Lee, Adam Shapiro, Mark Deklin, Cranston Johnson",https://www.filmcrave.com/movie_page_main.php?id=58597,Unknown
Shot Caller,31527,2.8,06/17/2017,English,"Crime, Drama",R,Ric Roman Waugh,"Jon Bernthal, Nikolaj Coster-Waldau, Lake Bell, Emory Cohen, Benjamin Bratt, Jeffrey Donovan",https://www.filmcrave.com/movie_page_main.php?id=58598,Unknown
Wonder Wheel,12835,2.5,12/01/2017,English,Drama,PG-13,Woody Allen,"Kate Winslet, Juno Temple, Justin Timberlake, Max Casella, Debi Mazar, Jim Belushi",https://www.filmcrave.com/movie_page_main.php?id=58599,"Coney Island in the 1950s - a lifeguard recounts the tale of middle-aged carnival worker, his unhappy wife who once aspired to be an actress but now works as a waitress and their estranged daughter, who is running from the mob, and may capture his heart. --"
The Florida Project,513,3.2,10/06/2017,English,Drama,R,Sean Baker,"Brooklynn Prince, Bria Vinaite, Willem Dafoe, Mela Murder, Christopher Rivera, Valeria Cotto",https://www.filmcrave.com/movie_page_main.php?id=58600,"A precocious six-year-old and her ragtag group of friends spend their Florida days full of childhood wonder, adventure and endless possibility - meanwhile, the adults in their lives struggle to merely get by. --"
"After Love ( \xc3\xa9conomie du couple, L' )",53335,3.0,08/09/2017,French,Drama,NR,Joachim Lafosse,"B\xc3\xa9r\xc3\xa9nice Bejo, C\xc3\xa9dric Kahn, Marthe Keller, Jade Soentjens, Margaux Soentjens, Francesco Italiano",https://www.filmcrave.com/movie_page_main.php?id=58601,Unknown
Battle Scars,52155,3.0,05/20/2015,English,"Drama, War",NR,Danny Buday,"Zane Holtz, Heather McComb, Fairuza Balk, David James Elliott, Ryan Eggold, Essence Atkins",https://www.filmcrave.com/movie_page_main.php?id=58602,Unknown
Brad's Status,5485,3.3,09/20/2017,English,Comedy,R,Mike White,"Michael Sheen, Jenna Fischer, Ben Stiller, Luke Wilson, Austin Abrams, Pamela Figueiredo",https://www.filmcrave.com/movie_page_main.php?id=58603,"A father and son take a trip to the East Coast in order to go on some college tours. While there, an old friends shows up and makes the father feel completely inferior and question his life choices. --"
Breathe,10494,2.7,10/13/2017,English,"Biography, Drama",PG-13,Andy Serkis,"Andrew Garfield, Claire Foy, Diana Rigg, Miranda Raison, Dean-Charles Chapman, Hugh Bonneville",https://www.filmcrave.com/movie_page_main.php?id=58604,"Based on a true story. When Robin is given three months to live following a polio diagnosis, and when paralysis strikes, he does not give up on life. With the support of his wife, Diana, he not only goes on to become an inspiration for Polio patients, but raise his son as well. --"
Crown Heights,10899,3.0,08/18/2017,English,Drama,R,Matt Ruskin,"Lakeith Stanfield, Nestor Carbonell, Bill Camp, Hunter Emery, Gbenga Akinnagbe, Yul Vazquez",https://www.filmcrave.com/movie_page_main.php?id=58605,"Based on a trues story - when he is 18, Colin Warner finds himself convicted of a murder he didn't commit. With no one hearing his pleas, he turns to childhood friend Carl \xe2\x80\x9cKc\xe2\x80\x9d Kinged to help overturn the verdict. For 20 years, Kinged devotes his life to getting the justice that Warner deserves. --"
Justice,53164,3.0,04/22/2017,English,Western,R,Richard Gabai,"Stephen Lang, Jackson Rathbone, Jamie-Lynn Sigler, Ellen Hollman, Robert Carradine, Lesley-Anne Down",https://www.filmcrave.com/movie_page_main.php?id=58606,Unknown
Last Flag Flying,6065,2.8,11/17/2017,English,"Comedy, Drama",R,Richard Linklater,"Bryan Cranston, Steve Carell, Laurence Fishburne, J. Quinton Johnson, Yul Vazquez, Kate Easton",https://www.filmcrave.com/movie_page_main.php?id=58607,Unknown
Last Rampage,53402,3.0,09/22/2017,English,Drama,R,Dwight H. Little,"Heather Graham, Molly C. Quinn, Robert Patrick, Jason James Richter, John Heard, Bruce Davison",https://www.filmcrave.com/movie_page_main.php?id=58608,Unknown
Novitiate,32944,2.8,01/20/2017,English,Drama,R,Margaret Betts,"Dianna Agron, Margaret Qualley, Melissa Leo, Liana Liberato, Julianne Nicholson, Morgan Saylor",https://www.filmcrave.com/movie_page_main.php?id=58609,Unknown
The Only Living Boy in New York,41948,2.3,08/11/2017,English,Drama,R,Marc Webb,"Kate Beckinsale, Pierce Brosnan, Jeff Bridges, Kiersey Clemons, Debi Mazar, Callum Turner",https://www.filmcrave.com/movie_page_main.php?id=58610,"A recent college grad, and an aspiring writer, along with his young girlfriend move to New York. But things are soon complicated when he begins an affair with an older woman, who just happens to be his father's mistress. --"
The Sublet,52539,3.0,04/11/2016,English,"Drama, Horror",NR,John Ainslie,"Tianna Nori, Mark Matechuk, Krista Madison, Porter Randell, Rachel Sellan, James Murray",https://www.filmcrave.com/movie_page_main.php?id=58611,Unknown
The Trip to Spain,32955,2.8,04/22/2017,English,Drama,NR,Michael Winterbottom,"Steve Coogan, Rob Brydon, Marta Barrio, Claire Keelan, Kerry Shale, Kyle Soller",https://www.filmcrave.com/movie_page_main.php?id=58612,Unknown
Deconstructing Dani Garc\xc3\xada,59754,2.0,06/07/2016,English,Documentary,NR,"Alfonso Cort\xc3\xa9s-Cavanillas, I\xc3\xb1igo Ruiz",Dani Garc\xc3\xada,https://www.filmcrave.com/movie_page_main.php?id=58613,Unknown
She Makes Comics,52000,3.0,12/09/2014,English,Documentary,NR,Marisa Stotter,"Kelly Sue DeConnick, Karen Berger, Jenette Kahn, Colleen Doran, Jenna Busch, Ramona Fradon",https://www.filmcrave.com/movie_page_main.php?id=58614,Unknown
Daddy's Home 2,16256,2.3,11/10/2017,English,Comedy,PG-13,Sean Anders,"Mark Wahlberg, Will Ferrell, Mel Gibson, John Lithgow, Linda Cardellini, Scarlett Estevez",https://www.filmcrave.com/movie_page_main.php?id=58615,"Although the manly Dusty Mayron and the caring Brad Whitaker may have buried the hatchet when it comes to fathering, the gloves are off when Brad's affectionate father and Dusty's old-school macho dad come home for Christmas. --"
Brave New Jersey,52842,3.0,10/15/2016,English,Comedy,NR,Jody Lambert,"Anna Camp, Raymond J. Barry, Erika Alexander, Evan Jonigkeit, Heather Burns, Tony Hale",https://www.filmcrave.com/movie_page_main.php?id=58616,Unknown
Happy Death Day,5131,2.7,10/13/2017,English,"Horror, Mystery",PG-13,Christopher Landon,"Jessica Rothe, Israel Broussard, Ruby Modine, Rachel Matthews, Charles Aitken, Jason Bayle",https://www.filmcrave.com/movie_page_main.php?id=58617,Tree Gelbman has been murdered. But the college student finds herself reliving the same day over and over again and the only way out is to find out who is killing her... and why. --
Nobody Speak: Trials of the Free Press,38085,2.5,06/23/2017,English,Documentary,NR,Brian Knappenberger,Hulk Hogan,https://www.filmcrave.com/movie_page_main.php?id=58618,Unknown
Savage Dog,16045,3.5,05/09/2017,English,"Action, Drama",NR,Jesse V. Johnson,"Scott Adkins, Marko Zaror, Juju Chan, Cung Le, Vladimir Kulich, Keith David",https://www.filmcrave.com/movie_page_main.php?id=58619,Unknown
Yu-Gi-Oh!: The Dark Side of Dimensions,26197,3.0,01/27/2017,Japanese,"Anime, Adventure",PG,Satoshi Kuwabara,"Shunsuke Kazama, Kenjir\xc3\xb4 Tsuda, Kana Hanazawa, Kento Hayashi, Satoshi Hino, Hidehiro Kikuchi",https://www.filmcrave.com/movie_page_main.php?id=58620,Unknown
Polaroid,19979,2.3,09/17/2019,English,Horror,PG-13,Lars Klevberg,"Madelaine Petsch, Kathryn Prescott, Grace Zabriskie, Javier Botet, Katie Stevens, Mitch Pileggi",https://www.filmcrave.com/movie_page_main.php?id=58621,"High school outsider Bird Fincher has a penchant for vintage photography. But when she finds a  Polaroid camera, she doesn't realize the dark power it holds: when she takes a photograph, the subject is destined to a violent death. --"
Sharknado 5: Global Swarming,46840,1.2,08/06/2017,English,"Horror, Comedy",NR,Anthony C. Ferrante,"Cassandra Scerbo, Tara Reid, Dan Fogler, Masiela Lusha, Olivia Newton-John, Ian Ziering",https://www.filmcrave.com/movie_page_main.php?id=58622,Unknown
Command and Control,52570,3.0,04/17/2016,English,"Documentary, Historical",PG,Robert Kenner,"Harold Brown, Allan Childers, John Moser, Bob Peurifoy, David Pryor, Eric Schlosser",https://www.filmcrave.com/movie_page_main.php?id=58623,Unknown
The Perfect Weapon,39886,1.8,09/09/2016,English,"Action, Sci-Fi",NR,Titus Paar,"Steven Seagal, Sasha Jackson, Richard Tyson, Johnny Messner, Vernon Wells, Lance E. Nichols",https://www.filmcrave.com/movie_page_main.php?id=58624,Unknown
Extortion,26215,3.0,05/16/2017,English,"Action, Crime",R,Phil Volken,"Eion Bailey, Bethany Joy Lenz, Barkhad Abdi, Danny Glover, Tim Griffin, Mauricio Alema\xc3\xb1y",https://www.filmcrave.com/movie_page_main.php?id=58625,Unknown
Shepherds and Butchers,38058,2.5,10/14/2016,English,Drama,R,Oliver Schmitz,"Andrea Riseborough, Steve Coogan, Garion Dowds, Robert Hobbs, Deon Lotz, Matthew Dylan Roberts",https://www.filmcrave.com/movie_page_main.php?id=58626,Unknown
Variety ( Variet\xc3\xa9 ),47128,3.0,06/27/1926,German,"Crime, Romance",NR,Ewald Andr\xc3\xa9 Dupont,"Emil Jannings, Maly Delschaft, Lya De Putti, Warwick Ward, Alice Hechy, Kurt Gerron",https://www.filmcrave.com/movie_page_main.php?id=58627,Unknown
Overlord,8883,2.5,11/09/2018,English,"War, Thriller",R,Julius Avery,"Wyatt Russell, Jovan Adepo, Mathilde Ollivier, Pilou Asb\xc3\xa6k, John Magaro, Iain De Caestecker",https://www.filmcrave.com/movie_page_main.php?id=58628,"On the eve of D-Day, paratroopers are sent behind enemy lines in hopes of disrupting Nazi forces before the main attack. One group of Americans are sent to a Nazi-occupied village but when they arrive, they realize there is a much more sinister plan at work - supernatural and wholly evil. --"
Souvenir,52947,3.0,01/10/2017,French,"Drama, Romance",NR,Bavo Defurne,"Isabelle Huppert, K\xc3\xa9vin Aza\xc3\xafs, Johan Leysen, Muriel Bersy, Fanny Blanchard, Benjamin Boutboul",https://www.filmcrave.com/movie_page_main.php?id=58629,Unknown
Thank You for Your Service,8122,2.7,10/27/2017,English,"Biography, Drama",R,Jason Hall,"Haley Bennett, Miles Teller, Amy Schumer, Kate Lyn Sheil, Joe Cole, Keisha Castle-Hughes",https://www.filmcrave.com/movie_page_main.php?id=58630,"The effects of war linger on long after the men and women serving in the armed forces come home. Adam Schumann is one such soldier and the film explores how PTSD affects him, and those closest to him. --"
Daisy Winters,59886,2.0,09/01/2017,English,Drama,PG-13,Beth LaMure,"Brooke Shields, Iwan Rheon, Carrie Preston, Sterling Jerins, Paul Blackthorne, Poorna Jagannathan",https://www.filmcrave.com/movie_page_main.php?id=58631,Unknown
Gemini,8633,2.8,03/12/2017,English,"Mystery, Thriller",R,Aaron Katz,"Lola Kirke, Zo\xc3\xab Kravitz, John Cho, Greta Lee, Ricki Lake, Michelle Forbes",https://www.filmcrave.com/movie_page_main.php?id=58632,Unknown
Rememory,21041,2.4,01/25/2017,English,"Drama, Sci-Fi",PG-13,Mark Palansky,"Peter Dinklage, Julia Ormond, Anton Yelchin, Henry Ian Cusick, Evelyne Brochu, Martin Donovan",https://www.filmcrave.com/movie_page_main.php?id=58633,Unknown
Cage,59842,2.0,04/01/2017,English,Thriller,NR,Warren Dudley,"Patrick Bergin, Lucy-Jane Quinlan, Caitlin Thorburn, Jake Unsworth, Paul DuBois, Sharon Drain",https://www.filmcrave.com/movie_page_main.php?id=58634,Unknown
To the Bone,26631,2.1,07/14/2017,English,"Comedy, Drama",NR,Marti Noxon,"Keanu Reeves, Lily Collins, Carrie Preston, Alanna Ubach, Liana Liberato, Kathryn Prescott",https://www.filmcrave.com/movie_page_main.php?id=58635,Unknown
The Yaku and the Undefeated,53336,3.0,08/09/2017,English,Action,NR,Vaughn Christion,"Struggle E. Stylez, Sofia Salgado, Wesley Renard, Robyn Elise, Michele Baldwin, Baxter Linn",https://www.filmcrave.com/movie_page_main.php?id=58636,Unknown
The Madness Within,23001,2.5,09/29/2017,English,"Comedy, Drama",NR,Hunter G. Williams,"Lily Tomlin, Tess Kartel, Katie Cleary, Devon Ogden, Nicole Sienna, Nadia Lanfranconi",https://www.filmcrave.com/movie_page_main.php?id=58637,Unknown
Night School,52553,3.0,04/15/2016,English,Documentary,NR,Andrew Cohn,"Greg Henson, Shynika Jakes, Melissa Lewis",https://www.filmcrave.com/movie_page_main.php?id=58638,Unknown
Long Live the King,52810,3.0,10/01/2016,English,Documentary,NR,"Frank Dietz, Trish Geiger","Dana Gould, Peter Jackson, Greg Nicotero, Joe Dante, Doug Jones, Tom Woodruff Jr.",https://www.filmcrave.com/movie_page_main.php?id=58639,Unknown
Outrage,56804,2.0,11/28/1973,English,"Crime, Drama",NR,Richard T. Heffron,"Robert Culp, Marlyn Mason, Beah Richards, Jacqueline Scott, Ramon Bieri, Mark Lenard",https://www.filmcrave.com/movie_page_main.php?id=58640,A man fights back against teenage punks terrorizing his neighborhood\t
"1,000 Times More Brutal",51624,3.0,08/20/2012,English,"Action, Crime",NR,Kamal Ahmed,"David Dastmalchian, Angelo Bonsignore, Jeremy Luke, Arthur J. Nascarella, Mark Love, Kevin Corrigan",https://www.filmcrave.com/movie_page_main.php?id=58641,"Out for revenge after a fight, four life-long friends decide to rob a local gangster. Three"
Winterbeast,41383,2.3,01/01/1992,English,Horror,NR,Christopher Thies,"Tim R. Morgan, Mike Magri, Charles Majka, Bob Harlow, Lissa Breer, Dori May Kelly",https://www.filmcrave.com/movie_page_main.php?id=58642,Unknown
Phantom Thread,517,3.2,12/25/2017,English,Drama,R,Paul Thomas Anderson,"Daniel Day-Lewis, Lesley Manville, Camilla Rutherford, Vicky Krieps, Richard Graham, Pip Phillips",https://www.filmcrave.com/movie_page_main.php?id=58643,"In the 1950s London fashion scene, a dress-maker finds himself designing for both high society and the royal family. Based on the true story of Reynolds Woodcock. --"
Coconut Hero,52676,3.0,06/09/2016,English,"Comedy, Drama",NR,Florian Cossen,"Alex Ozerov, Bea Santos, Krista Bridges, Sebastian Schipper, Udo Kier, Jim Annan",https://www.filmcrave.com/movie_page_main.php?id=58644,Unknown
A Copy of My Mind,52653,3.0,06/03/2016,Other,Drama,NR,Joko Anwar,"Tara Basro, Chicco Jerikho, Maera Panigoro, Paul Agusta, Ario Bayu",https://www.filmcrave.com/movie_page_main.php?id=58645,Unknown
Creepy ( Kur\xc3\xaep\xc3\xae: Itsuwari no rinjin ),22990,2.5,06/03/2016,Japanese,"Mystery, Thriller",NR,Kiyoshi Kurosawa,"Hidetoshi Nishijima, Y\xc3\xbbko Takeuchi, Teruyuki Kagawa, Masahiro Toda, Masahiro Higashide, Takashi Sasano",https://www.filmcrave.com/movie_page_main.php?id=58646,Unknown
"Curve, The ( Al munataf )",52672,3.0,06/07/2016,Arabic,"Adventure, Drama",NR,Rifqi Assaf,"Ashraf Barhom, Fatina Laila, Mazen Moadam, Ashraf Telfah, Hind Hamed, Sameera Asir",https://www.filmcrave.com/movie_page_main.php?id=58647,Unknown
Eternal Summer ( Od\xc3\xb6dliga ),52630,3.0,05/27/2016,Swedish,"Drama, Romance",NR,Andreas \xc3\x96hman,"Madeleine Martin, Filip Berg, Torkel Petersson, Fanny Ketter, Mats Qvistr\xc3\xb6m, Mina Azarian",https://www.filmcrave.com/movie_page_main.php?id=58648,Unknown
Finding Kim,52624,3.0,05/23/2016,English,Documentary,NR,Aaron Bear,"Buck Angel, Calpernia Addams, Carmen Carrera, Dan Savage, Jamison Green, Kshama Sawant",https://www.filmcrave.com/movie_page_main.php?id=58649,Unknown
Finding October,52640,3.0,05/30/2016,English,Drama,NR,Nick Terry,"Scott Freshman, Jeffrey Lageson, Karin Redden, Nick Terry, Michael Ward",https://www.filmcrave.com/movie_page_main.php?id=58650,Unknown
Footnotes ( Sur quel pied danser ),53305,3.0,07/14/2017,French,"Comedy, Musical",NR,"Paul Calori, Kostia Testut","Pauline Etienne, Olivier Chantreau, Fran\xc3\xa7ois Morel, Lo\xc3\xafc Corbery, Julie Victor, Cl\xc3\xa9mentine Yelnik",https://www.filmcrave.com/movie_page_main.php?id=58651,Unknown
Marshall,2941,2.9,10/13/2017,English,"Biography, Drama",PG-13,Reginald Hudlin,"Dan Stevens, Chadwick Boseman, Josh Gad, Kate Hudson, Sophia Bush, Sterling K. Brown",https://www.filmcrave.com/movie_page_main.php?id=58652,"Follows the life of a young Thurgood Marshall, as the first African American Supreme Court Justice, while he works on an early case that will be one of the cornerstones of his career. --"
Jigsaw,13091,2.3,10/27/2017,English,"Horror, Thriller",R,"Michael Spierig, Peter Spierig","Laura Vandervoort, Tobin Bell, Hannah Emily Anderson, Brittany Allen, Mandela Van Peebles, Paul Braunstein",https://www.filmcrave.com/movie_page_main.php?id=58653,"A new set of bodies are being discovered, each with a signature gruesome demise. Everything seems to point to John Kramer, the man once known as Jigsaw, despite the fact he died over a decade ago. His legacy, however, remains - and Jigsaw is born again. --"
Person to Person,38086,2.5,07/28/2017,English,Drama,NR,Dustin Guy Defa,"Michael Cera, Abbi Jacobson, Philip Baker Hall, Michaela Watkins, Tavi Gevinson, Olivia Luccardi",https://www.filmcrave.com/movie_page_main.php?id=58654,Unknown
Stronger,3270,2.9,09/22/2017,English,"Biography, Drama",R,David Gordon Green,"Jake Gyllenhaal, Tatiana Maslany, Clancy Brown, Miranda Richardson, Frankie Shaw, Maggie Castle",https://www.filmcrave.com/movie_page_main.php?id=58655,"Jeff Bauman was one of several people injured in the 2003 Boston Marathon attack. Despite severe injury, which confined him to a wheelchair, he as adamant in helping police track down the perpetrators while going through a painful recovery.  --"
"R.F.D. 10,000 B.C.",47078,3.0,12/31/1916,English,"Animation, Romance",NR,Willis H. O'Brien,Unknown,https://www.filmcrave.com/movie_page_main.php?id=58656,Unknown
The Ghost of Slumber Mountain,47091,3.0,11/17/1918,English,"Animation, Fantasy",NR,Willis H. O'Brien,"Herbert M. Dawley, Willis H. O'Brien",https://www.filmcrave.com/movie_page_main.php?id=58657,Unknown
"Film Like Any Other, A ( film comme les autres, Un )",48552,3.0,12/29/1968,French,Drama,NR,Jean-Luc Godard,Unknown,https://www.filmcrave.com/movie_page_main.php?id=58658,Unknown
"Wind from the East ( vent d'est, Le )",48620,3.0,09/11/1970,French,Drama,NR,"Groupe Dziga Vertov, Jean-Luc Godard, Jean-Pierre Gorin, G\xc3\xa9rard Martin","Gian Maria Volont\xc3\xa8, Anne Wiazemsky, Cristiana Tullio-Altan, Allen Midgette, Jos\xc3\xa9 Varela, Paolo Pozzesi",https://www.filmcrave.com/movie_page_main.php?id=58659,Unknown
Struggle in Italy ( Lotte in Italia ),48659,3.0,04/29/1971,Italian,Drama,NR,"Groupe Dziga Vertov, Jean-Luc Godard, Jean-Pierre Gorin","Cristiana Tullio-Altan, Paolo Pozzesi, Jerome Hinstin, Anne Wiazemsky",https://www.filmcrave.com/movie_page_main.php?id=58660,Unknown
The Creep Behind the Camera,52224,3.0,08/04/2015,English,"Documentary, Biography",NR,Pete Schuermann,"Josh Phillips, Jodi Lynn Thomas, Bill LeVasseur, Brian McCulley, Laurel Harris, Helen Trencher",https://www.filmcrave.com/movie_page_main.php?id=58661,Unknown
A Witches' Ball,53203,3.0,05/06/2017,English,Family,PG,Justin G. Dyck,"Karen Slater, Renne Stein, Morgan Neundorf, Paul Nicholas Mason, Joey Fatone, Madeline Leon",https://www.filmcrave.com/movie_page_main.php?id=58662,Unknown
Lost in Paris ( Paris pieds nus ),52758,3.0,09/02/2016,French,Comedy,NR,"Dominique Abel, Fiona Gordon","Fiona Gordon, Dominique Abel, Emmanuelle Riva, Pierre Richard, Emmy Boissard Paumelle, C\xc3\xa9line Laurentie",https://www.filmcrave.com/movie_page_main.php?id=58663,Unknown
Awakening the Zodiac,53255,3.0,06/09/2017,English,"Crime, Drama",R,Jonathan Wright,"Shane West, Leslie Bibb, Matt Craven, Stephen McHattie, Nicholas Campbell, Kenneth Welsh",https://www.filmcrave.com/movie_page_main.php?id=58664,Unknown
A Beginner's Guide to Snuff,52461,3.0,03/04/2016,English,"Comedy, Horror",NR,Mitchell Altieri,"Joey Kern, Luke Edwards, Bree Williamson, Brad Greenquist, Perry Laylon Ojeda, Carter MacIntyre",https://www.filmcrave.com/movie_page_main.php?id=58665,Unknown
"Warriors of the Dawn ( Proxy Soldiers, The )",53269,3.0,06/16/2017,Korean,"Drama, War",NR,Yoon-chul Chung,"Jung-jae Lee, Mu-Yeol Kim, Soo-bin Bae, Won-sang Park, Dong-in Cho, Sung-jun Nam",https://www.filmcrave.com/movie_page_main.php?id=58666,Unknown
Chashme Baddoor,21290,3.3,04/05/2013,Hindi,"Comedy, Drama",NR,David Dhawan,"Ali Zafar, Siddharth, Divyendu Sharma, Tapsee Pannu, Rishi Kapoor, Anupam Kher",https://www.filmcrave.com/movie_page_main.php?id=58667,"Chashme Baddoor (Far Be the Evil Eye) is a story of three friends, Sid, Omi, and Jai, in"
Mob Story ,57542,2.0,11/24/1989,English,Comedy,PG-13,"Gabriel Markiw, Jancarlo Markiw","John Vernon, Kate Vernon, Margot Kidder, Al Waxman, Diana Barrington, Robert Morelli",https://www.filmcrave.com/movie_page_main.php?id=58668,A mobster goes on the run and hides out in the small town he grew up in.\t
Death Note,38753,1.5,08/25/2017,English,"Horror, Mystery",NR,Adam Wingard,"Lakeith Stanfield, Margaret Qualley, Willem Dafoe, Shea Whigham, Nat Wolff, Masi Oka",https://www.filmcrave.com/movie_page_main.php?id=58669,"When high school student Light Turner finds himself in possession of the Death Note, a notebook which has the power to kill anyone he wishes, he finds himself teaming up with fellow student Mia Sutton in order to make the world a better place. But when he comes under scrutiny of the brilliant detective L, he finds himself pushed to make morally questionable decisions, culminating in an epic standoff between two brilliant minds. --"
Cult of Chucky,17321,2.5,10/20/2017,English,"Horror, Thriller",R,Don Mancini,"Jennifer Tilly, Brad Dourif, Fiona Dourif, Alex Vincent, Michael Therriault, Elisabeth Rosen",https://www.filmcrave.com/movie_page_main.php?id=58670,Unknown
Imperfections,52835,3.0,10/14/2016,English,"Comedy, Crime",NR,David Singer,"Zach McGowan, Ed Begley Jr., Marilu Henner, Virginia Kull, Ashton Holmes, Chelcie Ross",https://www.filmcrave.com/movie_page_main.php?id=58671,Unknown
Granny of the Dead,53291,3.0,07/06/2017,English,"Comedy, Horror",NR,Tudley James,"Marcus Carroll, Abigail Hamilton, Oliver Ferriman, William Huw, Tudley James, Sabrina Dickens",https://www.filmcrave.com/movie_page_main.php?id=58672,Unknown
The Pistol Shrimps,52690,3.0,06/16/2016,English,Documentary,NR,Brent Hodge,"Stephanie Allynne, Maria Blasucci, Matt Gourley, Molly Hawkey, Aubrey Plaza, Willy Roberts",https://www.filmcrave.com/movie_page_main.php?id=58673,Unknown
Paths of the Soul ( Kang rinpoche ),52583,3.0,04/22/2016,Other,"Documentary, Drama",NR,Yang Zhang,Unknown,https://www.filmcrave.com/movie_page_main.php?id=58674,Unknown
Paralytic,52610,3.0,05/11/2016,English,"Horror, Thriller",NR,Joey Johnson,"David S. Hogan, Angela DiMarco, D'Angelo Midili, Darlene Sellers, DeRon Brigdon, Richard Carmen",https://www.filmcrave.com/movie_page_main.php?id=58675,Unknown
Ovarian Psycos,52489,3.0,03/12/2016,English,Documentary,NR,"Joanna Sokolowski, Kate Trumbull-LaValle",Unknown,https://www.filmcrave.com/movie_page_main.php?id=58676,Unknown
I Do... Until I Don't,26233,3.0,09/01/2017,English,Comedy,R,Lake Bell,"Lake Bell, Ed Helms, Mary Steenburgen, Paul Reiser, Amber Heard, Wyatt Cenac",https://www.filmcrave.com/movie_page_main.php?id=58677,Unknown
Other Girls ( Toiset tyt\xc3\xb6t ),52627,3.0,05/24/2016,Finnish,Drama,NR,Esa Illi,"Sara Souli\xc3\xa9, Eeva Putro, Jonna J\xc3\xa4rnefelt, Janne Virtanen, Saija Lentonen, Sami Huhtala",https://www.filmcrave.com/movie_page_main.php?id=58678,Unknown
One Kiss ( Un bacio ),52644,3.0,05/31/2016,Italian,Drama,NR,Ivan Cotroneo,"Rimau Ritzberger Grillo, Valentina Romani, Leonardo Pazzagli, Simonetta Solder, Giorgio Marchesi, Susy Laude",https://www.filmcrave.com/movie_page_main.php?id=58679,Unknown
"Olive Tree, The ( olivo, El )",52467,3.0,03/06/2016,Spanish,"Comedy, Drama",NR,Ic\xc3\xadar Bolla\xc3\xadn,"Anna Castillo, Javier Guti\xc3\xa9rrez, Pep Ambr\xc3\xb2s, Manuel Cucala, Miguel Angel Aladren, Carme Pla",https://www.filmcrave.com/movie_page_main.php?id=58680,Unknown
The Night Stalker,52685,3.0,06/12/2016,English,"Crime, Drama",NR,Megan Griffiths,"Lou Diamond Phillips, Annalisa Cochrane, Bellamy Young, Louis Herthum, Hawthorne James, Jennifer Lafleur",https://www.filmcrave.com/movie_page_main.php?id=58681,Unknown
The Queen of Ireland,52649,3.0,06/02/2016,English,"Documentary, Biography",NR,Conor Horgan,"Rory O'Neill, Declan Buckley, David Norris, Niall Sweeney, Phillip McMahon, Una Mullally",https://www.filmcrave.com/movie_page_main.php?id=58682,Unknown
News from Planet Mars ( Des nouvelles de la plan\xc3\xa8te Mars ),41914,2.3,06/11/2016,French,Comedy,NR,Dominik Moll,"Fran\xc3\xa7ois Damiens, Vincent Macaigne, Veerle Baetens, Jeanne Guittet, Tom Rivoire, Michel Aumont",https://www.filmcrave.com/movie_page_main.php?id=58683,Unknown
Naledi: A Baby Elephant's Tale,53090,3.0,03/17/2017,English,Documentary,NR,"Ben Bowie, Geoffrey Luck",Unknown,https://www.filmcrave.com/movie_page_main.php?id=58684,Unknown
The 4th,52407,3.0,01/23/2016,English,Comedy,NR,Andre Hyland,"Andre Hyland, Anna Lee Lawson, Yasmine Kittles, Johnny Pemberton, Eliza Coupe, Al Burke",https://www.filmcrave.com/movie_page_main.php?id=58685,Unknown
Columbus,7222,2.7,08/04/2017,English,"Comedy, Drama",NR,Kogonada,"John Cho, Haley Lu Richardson, Parker Posey, Jim Dougherty, Rory Culkin, Michelle Forbes",https://www.filmcrave.com/movie_page_main.php?id=58686,"With his architect father in a coma, a young Korean-born man finds himself drifting through Columbus, Indiana. He bonds with a young woman, who is in Columbus in order to care for her recovering addict mother, who is thinking of staying rather than pursue her own dreams. --"
Do You Take This Man,53294,3.0,07/07/2017,English,Drama,NR,Joshua Tunick,"Anthony Rapp, Jonathan Bennett, Alyson Hannigan, Thomas Dekker, Mackenzie Astin, Alona Tal",https://www.filmcrave.com/movie_page_main.php?id=58687,Unknown
The Foreigner,7600,2.6,10/13/2017,English,"Action, Thriller",R,Martin Campbell,"Jackie Chan, Pierce Brosnan, Charlie Murphy, Michael McElhatton, Orla Brady, Rory Fleck Byrne",https://www.filmcrave.com/movie_page_main.php?id=58688,"When his daughter is killed in a terrorist bombing, a businessman seeks answers to who is behind it. When he is stonewalled at every turn, he returns to a life long buried - and starts to play a cat-and-mouse game with a government official whose own dark past may hold the key to finding terrorists responsible. --"
Full Court: The Spencer Haywood Story,52620,3.0,05/21/2016,English,"Documentary, Sport",NR,Martin Spirit,"Charles Barkley, Chuck D., Spencer Haywood, Pat Riley, Michele Roberts",https://www.filmcrave.com/movie_page_main.php?id=58689,Unknown
"Girl Without Hands, The ( jeune fille sans mains, La )",53234,3.0,05/27/2017,French,"Animation, Drama",NR,S\xc3\xa9bastien Laudenbach,"Ana\xc3\xafs Demoustier, J\xc3\xa9r\xc3\xa9mie Elka\xc3\xafm, Philippe Laudenbach, Olivier Broche, Fran\xc3\xa7oise Lebrun, Sacha Bourdo",https://www.filmcrave.com/movie_page_main.php?id=58690,Unknown
"Girl Who Saved My Life, The ( Flickan som r\xc3\xa4ddade mitt liv )",52589,3.0,04/27/2016,Swedish,Documentary,NR,Hogir Hirori,Unknown,https://www.filmcrave.com/movie_page_main.php?id=58691,Unknown
Gold Balls,52621,3.0,05/21/2016,English,"Documentary, Family",NR,Kate Keckler Dandel,Unknown,https://www.filmcrave.com/movie_page_main.php?id=58692,Unknown
Hank Boyd is Dead,59693,2.0,10/29/2015,English,"Comedy, Horror",NR,Sean Melia,"Stefanie E. Frame, David Christopher Wells, Liv Rooth, Michael Hogan, Carole Monferdini, Arthur Aulisi",https://www.filmcrave.com/movie_page_main.php?id=58693,Unknown
6:66 P.M.,53422,3.0,10/01/2017,English,"Comedy, Horror",NR,Jim Klock,"Jim Klock, Chad Ridgely, Alexis Kelley, Autumn Federici, Michael Buonomo, Robin F. Baker",https://www.filmcrave.com/movie_page_main.php?id=58694,Unknown
The IF Project,52622,3.0,05/21/2016,English,Documentary,NR,Kathlyn Horan,Unknown,https://www.filmcrave.com/movie_page_main.php?id=58695,Unknown
Illegitimate ( Ilegitim ),52626,3.0,05/24/2016,Other,Drama,NR,Adrian Sitaru,"Adrian Titieni, Alina Grigore, Robi Urs, Bogdan Albulescu, Cristina Olteanu, Miruna Dumitrescu",https://www.filmcrave.com/movie_page_main.php?id=58696,Unknown
Honor Thy Father,52355,3.0,11/14/2015,English,"Crime, Drama",NR,Erik Matti,"John Lloyd Cruz, Meryll Soriano, Dan Fernandez, Tirso Cruz III, Perla Bautista, Yayo Aguila",https://www.filmcrave.com/movie_page_main.php?id=58697,Unknown
Hummus the Movie,52625,3.0,05/24/2016,English,Documentary,NR,Oren Rosenfeld,Unknown,https://www.filmcrave.com/movie_page_main.php?id=58698,Unknown
"Island Funeral, The ( Maha samut lae susaan )",59818,2.0,02/09/2017,Thai,Drama,NR,Pimpaka Towira,"Heen Sasithorn, Aukrit Pornsumpunsuk, Yosawat Sitiwong, Pattanapong Sriboonrueang, Wanlop Rungkamjad, Kiatsuda Piromya",https://www.filmcrave.com/movie_page_main.php?id=58699,Unknown
Kingdom of Clay Subjects,52636,3.0,05/28/2016,Bengali,"Drama, Fantasy",NR,Bijon,"Mahmudur Anindo, Sheuly Akther Jarin, Chinmoyee Gupta, Monir Ahmed, Rokeya Prachy, Jayanto Chattopadhyay",https://www.filmcrave.com/movie_page_main.php?id=58700,Unknown
Lily Lane ( Liliom \xc3\xb6sv\xc3\xa9ny ),59750,2.0,05/22/2016,Hungarian,Drama,NR,Benedek Fliegauf,"Ang\xc3\xa9la Stefanovics, B\xc3\xa1lint S\xc3\xb3tonyi, Mikl\xc3\xb3s B. Sz\xc3\xa9kely, M\xc3\xa1ria Gindert, Maja Balogh, Bence Somk\xc3\xbati",https://www.filmcrave.com/movie_page_main.php?id=58701,Unknown
Mekko,52175,3.0,06/12/2015,English,"Drama, Thriller",NR,Sterlin Harjo,"Jamie Loy, Scott Mason, Zahn McClarnon, Rod Rondeaux, Sarah Podemski",https://www.filmcrave.com/movie_page_main.php?id=58702,Unknown
The Memory of Fish,52638,3.0,05/29/2016,English,"Documentary, Biography",NR,"Sachi Cunningham, Jennifer Galvin",Lili Taylor,https://www.filmcrave.com/movie_page_main.php?id=58703,Unknown
Middle Man,53259,3.0,06/09/2017,English,"Comedy, Crime",NR,Ned Crowley,"Jim O'Heir, Andrew J. West, Josh McDermitt, Anne Dudek, Tracey Walter, Robert Catrini",https://www.filmcrave.com/movie_page_main.php?id=58704,Unknown
"Mobfathers, The ( Suen lo chor )",52623,3.0,05/21/2016,Cantonese,"Comedy, Crime",NR,Herman Yau,"Chapman To, Gregory Wong, Philip Keung, Anthony Chau-Sang Wong, Seli Xian, Tarah Chan",https://www.filmcrave.com/movie_page_main.php?id=58705,Unknown
Moon in the 12th House ( Yareach BeBayit 12 ),52632,3.0,05/27/2016,Hebrew,Drama,NR,Dorit Hakim,"Gefen Barkai, Yuval Scharf, Gal Toren, Abraham Horowitz, Yaara Pelzig, Sophia Ostrisky",https://www.filmcrave.com/movie_page_main.php?id=58706,Unknown
Much Loved,52668,3.0,06/05/2016,Arabic,Drama,NR,Nabil Ayouch,"Loubna Abidar, Asmaa Lazrak, Halima Karaouane, Sara Elhamdi Elalaoui, Abdellah Didane, Danny Boushebel",https://www.filmcrave.com/movie_page_main.php?id=58707,Unknown
Murmur of the Hearts ( Nian nian ),52645,3.0,06/01/2016,Mandarin,Drama,NR,Sylvia Chang,"Isabella Leong, Lawrence Ko, Hsiao-chuan Chang, Angelica Lee, Julian Chen, Shih-Sian Wang",https://www.filmcrave.com/movie_page_main.php?id=58708,Unknown
Nakom,53038,3.0,03/03/2017,English,Drama,NR,"Kelly Daniela Norris, T.W. Pittman","Jacob Ayanaba, Grace Ayariga, Abdul Aziz, Esther Issaka, James Azure, Justina Kulidu",https://www.filmcrave.com/movie_page_main.php?id=58709,Unknown
Rara,52673,3.0,06/07/2016,Spanish,Drama,NR,Pepa San Mart\xc3\xadn,"Julia L\xc3\xbcbbert, Emilia Ossandon, Mariana Loyola, Agustina Mu\xc3\xb1oz, Coca Guazzini, Daniel Mu\xc3\xb1oz",https://www.filmcrave.com/movie_page_main.php?id=58710,Unknown
Restless Creature: Wendy Whelan,53226,3.0,05/24/2017,English,Documentary,NR,"Linda Saffire, Adam Schlesinger",Wendy Whelan,https://www.filmcrave.com/movie_page_main.php?id=58711,Unknown
The Stray,41955,2.3,10/06/2017,English,"Drama, Family",PG,Mitch Davis,"Sarah Lancaster, Michael Cassidy, Connor Corum, Scott Christopher, Jacque Gray, Parker Davis",https://www.filmcrave.com/movie_page_main.php?id=58712,"The Davis family is struggling, both husband and wife are having marriage issues, putting a strain on the relationship with their son. But when Pluto, a stray dog, shows up, he becomes not just a new member of the family, but a guardian angel, helping to repair broken ties and mend broken hearts. --"
Justice League Dark,7221,2.7,02/07/2017,English,"Animation, Action",R,Jay Oliva,"Rosario Dawson, Jeremy Davies, Jason O'Mara, Camilla Luddington, Jerry O'Connell, Alfred Molina",https://www.filmcrave.com/movie_page_main.php?id=58713,Unknown
Vixen: The Movie,15567,2.5,05/23/2017,English,"Animation, Action",NR,"James Tucker, Curt Geda","Megalyn Echikunwoke, Stephen Amell, Emily Bett Rickards, Franz Drameh, Victor Garber, Brandon Routh",https://www.filmcrave.com/movie_page_main.php?id=58714,Unknown
Odd Girl Out,50683,3.0,04/04/2005,English,Drama,PG-13,Tom McLoughlin,"Alexa PenaVega, Lisa Vidal, Leah Pipes, Elizabeth Rice, Alicia Morton, Shari Dyon Perry",https://www.filmcrave.com/movie_page_main.php?id=58715,"Alexa Vega stars as a popular girl who suddenly finds herself ousted by the ""in crowd"""
Before Dawn,46518,1.8,02/22/2013,English,Horror,NR,Dominic Brunt,"Dominic Brunt, Joanne Mitchell, Eileen O'Brien, Nicky Evans, Alex Baldacci, Alan French",https://www.filmcrave.com/movie_page_main.php?id=58716,Unknown
Top Gun: Maverick,291,3.3,05/27/2022,English,Action,PG-13,Joseph Kosinski,"Tom Cruise, Miles Teller, Jennifer Connelly, Glen Powell, Jon Hamm, Monica Barbaro",https://www.filmcrave.com/movie_page_main.php?id=58717,"After 30 years in service as one of the Navy's top aviators, Pete Mitchell finds himself still where he wants to be: a test pilot still pushing the limits, even as a new crop of hot-shots make their mark, while avoiding the advancements that would ultimately ground him. --"
Molly's Game,1307,3.1,12/25/2017,English,"Biography, Drama",R,Aaron Sorkin,"Jessica Chastain, Idris Elba, Kevin Costner, Michael Cera, Rachel Skarsten, Chris O'Dowd",https://www.filmcrave.com/movie_page_main.php?id=58718,"Based on the true story of Molly Bloom, who was many things - an attractive, young woman, a world-class Olympic skier and purveyor of the world's most exclusive high-stakes poker game. Hollywood royalty, sports superstars and business titans all took part in the game - as did the Russian Mob - which brought the FBI down on Molly. With the world seeing nothing but what the tabloids said, she could only count on one person - her defense lawyer Charlie Jaffey, to be her ally and tell her story. --"
24X36: A Movie About Movie Posters,32928,2.8,09/23/2016,English,Documentary,NR,Kevin Burke,"Sharm Murugiah, Mat Weller, Kayley Luftig, Joe Dante, Matthew Chojnacki, Tracie Ching",https://www.filmcrave.com/movie_page_main.php?id=58719,Unknown
Women Who Kill,53317,3.0,07/26/2017,English,"Comedy, Crime",NR,Ingrid Jungermann,"Annette O'Toole, Sheila Vand, Deborah Rush, Tami Sagher, Grace Rex, Jacqueline Antaramian",https://www.filmcrave.com/movie_page_main.php?id=58720,Unknown
Blood Hunters,59793,2.0,12/03/2016,English,"Horror, Thriller",NR,Tricia Lee,"Lara Gilchrist, Benjamin Arthur, Torri Higginson, Mark Taylor, Julian Richings, Samuel Faraci",https://www.filmcrave.com/movie_page_main.php?id=58721,Unknown
Cartels,55630,1.3,07/07/2017,English,"Action, Crime",NR,Keoni Waxman,"Steven Seagal, Luke Goss, Georges St-Pierre, Darren E. Scott, Florin Piersic Jr., Martine Argent",https://www.filmcrave.com/movie_page_main.php?id=58722,Unknown
Icarus,8634,2.8,08/04/2017,English,"Documentary, Thriller",NR,Bryan Fogel,"Bryan Fogel, Grigory Rodchenkov",https://www.filmcrave.com/movie_page_main.php?id=58723,Unknown
Wtf!,59883,2.0,08/01/2017,English,Horror,NR,Peter Herro,"Callie Ott, Nicholas James Reilly, Andrea Hunt, Perez Hilton, Sarah Agor, Adam Foster",https://www.filmcrave.com/movie_page_main.php?id=58724,Unknown
Pirates of Tortuga,36956,2.5,10/01/1961,English,Adventure,NR,Robert D. Webb,"Ken Scott, Let\xc3\xadcia Rom\xc3\xa1n, Dave King, John Richardson, Rafer Johnson, Robert Stephens",https://www.filmcrave.com/movie_page_main.php?id=58725,Unknown
California Typewriter,52756,3.0,09/02/2016,English,Documentary,NR,Doug Nichol,"Sam Shepard, John Mayer, Tom Hanks, Martin Howard, David McCullough, Mason Williams",https://www.filmcrave.com/movie_page_main.php?id=58726,Unknown
Unlocked,20112,2.3,09/01/2017,English,"Action, Thriller",R,Michael Apted,"Noomi Rapace, Orlando Bloom, Toni Collette, Michael Douglas, John Malkovich, Aymen Hamdouchi",https://www.filmcrave.com/movie_page_main.php?id=58727,A CIA agent and expert on interrogations finds herself trapped in a web of conspiracy and paranoia when she falls into a ruse that could lead to a devastating biological attack on London. --
Lucky,5008,3.1,03/11/2017,English,Drama,NR,John Carroll Lynch,"Harry Dean Stanton, David Lynch, Ron Livingston, Ed Begley Jr., Tom Skerritt, Beth Grant",https://www.filmcrave.com/movie_page_main.php?id=58728,Unknown
Food Evolution,16209,3.5,06/23/2017,English,Documentary,NR,Scott Hamilton Kennedy,"Bill Nye, Neil deGrasse Tyson, Mark Lynas, Michael Pollan, Charles Benbrook, Pamela Ronald",https://www.filmcrave.com/movie_page_main.php?id=58729,Unknown
The Operative,59696,2.0,10/30/2015,Serbian,"Crime, Drama",NR,Kai Barry,"James Floyd, No\xc3\xa9mie Merlant, Anthony LaPaglia, Dragan Micanovic, Jefferson Hall, Vanja Ejdus",https://www.filmcrave.com/movie_page_main.php?id=58730,Unknown
Tubelight,53287,3.0,06/23/2017,Hindi,"Action, Drama",NR,Kabir Khan,"Salman Khan, Sohail Khan, Om Puri, Mohammed Zeeshan Ayyub, Yashpal Sharma, Zhu Zhu",https://www.filmcrave.com/movie_page_main.php?id=58731,Unknown
Bottom of the World,55327,2.5,03/01/2017,English,"Drama, Mystery",NR,Richard Sears,"Jena Malone, Ted Levine, Tamara Duarte, Douglas Smith, Kelly Pendygraft, Jon McLaren",https://www.filmcrave.com/movie_page_main.php?id=58732,Unknown
Turnabout,60249,1.5,05/08/2016,English,Drama,NR,E.B. Hughes,"George Katt, Waylon Payne, Peter Greene, Sayra Player, Rosebud Baker, Judy Jerome",https://www.filmcrave.com/movie_page_main.php?id=58733,Unknown
2:22,15568,2.5,06/30/2017,English,Thriller,PG-13,Paul Currie,"Teresa Palmer, Michiel Huisman, Sam Reid, Maeve Dermody, Remy Hii, Simone Kessell",https://www.filmcrave.com/movie_page_main.php?id=58734,Unknown
Lemon,17318,2.5,08/18/2017,English,Drama,NR,Janicza Bravo,"Brett Gelman, Judy Greer, Michael Cera, Nia Long, Gillian Jacobs, Rhea Perlman",https://www.filmcrave.com/movie_page_main.php?id=58735,"When 40-year-old Isaac has his girlfriend of 10 years walk out on him, he finds his life unraveling before his eyes. --"
The Square,3028,3.0,10/27/2017,English,"Comedy, Drama",R,Ruben \xc3\x96stlund,"Claes Bang, Elisabeth Moss, Dominic West, Terry Notary, Christopher L\xc3\xa6ss\xc3\xb8, Marina Schiptjenko",https://www.filmcrave.com/movie_page_main.php?id=58736,"Christian, a curator at a contemporary art museum, a divorced man but devoted father, pragmatic and responsible, gets ready for his next, big project: ""The Square"" an installation dedicated to altruism and the nature of being responsible fellow human. But when his cell phone is stolen, his own nature gets the best of him, driving him to ever more shameful situations. Meanwhile, a PR stunt manages to turn ""The Square"" exhibit into something much different than originally intended, driving Christian, and therefore the museum, into an existential spiral. --"
"Scent of Mandarin, The ( odeur de la mandarine, L' )",52683,3.0,06/10/2016,French,"Drama, Romance",NR,Gilles Legrand,"Olivier Gourmet, Georgia Scalliet, Dimitri Storoge, H\xc3\xa9l\xc3\xa8ne Vincent, Marine Vall\xc3\xa9e, Fred Ulysse",https://www.filmcrave.com/movie_page_main.php?id=58737,Unknown
Sparrows ( \xc3\x9erestir ),52315,3.0,10/18/2015,English,Drama,NR,R\xc3\xbanar R\xc3\xbanarsson,"Rade Serbedzija, Ingvar Eggert Sigur\xc3\xb0sson, Atli Oskar Fjalarsson, Jarkko Lahti, Eva Sigurdardottir, Nanna Krist\xc3\xadn Magn\xc3\xbasd\xc3\xb3ttir",https://www.filmcrave.com/movie_page_main.php?id=58738,Unknown
Stranger ( Zhat ),59752,2.0,05/30/2016,Other,Drama,NR,Ermek Tursunov,"Mikhail Karpov, Roza Khayrullina, Erzhan Nurymbet",https://www.filmcrave.com/movie_page_main.php?id=58739,Unknown
Mark Felt: The Man Who Brought Down the White House,19135,2.3,09/29/2017,English,"Biography, Drama",PG-13,Peter Landesman,"Liam Neeson, Maika Monroe, Diane Lane, Marton Csokas, Michael C. Hall, Kate Walsh",https://www.filmcrave.com/movie_page_main.php?id=58741,"In 1974, a man who went by the code name ""Deep Throat"" shared information to journalists Bob Woodward and Carl Bernstein that ultimately resulted in the Watergate Scandal and the downfall of Richard Nixon's presidency. This is the story of Mark Felt, the man behind the code name. --"
68 Kill,26204,3.0,03/11/2017,English,"Comedy, Crime",R,Trent Haaga,"Matthew Gray Gubler, AnnaLynne McCord, Alisha Boe, Sheila Vand, Sam Eidson, Michael Beasley",https://www.filmcrave.com/movie_page_main.php?id=58742,Unknown
Drone Wars,52513,3.0,03/30/2016,English,"Action, Sci-Fi",NR,Jack Perez,"Corin Nemec, Whitney Moore, Nathin Butler, Sean Gunnell, Sonny King, James Aston Lake",https://www.filmcrave.com/movie_page_main.php?id=58743,Unknown
The Hatred,38101,2.5,10/31/2017,English,"Horror, Thriller",R,Michael G. Kehoe,"Sarah Davenport, Andrew Divoff, Darby Walker, Gabrielle Bourne, Bayley Corman, Alisha Wainwright",https://www.filmcrave.com/movie_page_main.php?id=58744,Unknown
Open Water 3: Cage Dive,43016,1.7,08/11/2017,English,"Drama, Horror",R,Gerald Rascionato,"Joel Hogan, Josh Potthoff, Megan Peta Hill, Pete Valley, Mark Fell, Christopher Callen",https://www.filmcrave.com/movie_page_main.php?id=58745,"A group of American tourists in Australia decides to audition for an extreme reality show by filming a cage dive into Great White Shark infested waters. But when they find themselves stranded, their audition tape becomes a recording of their struggle to survive. --"
Goon: Last of the Enforcers,23680,2.2,09/01/2017,English,"Comedy, Sci-Fi",R,Jay Baruchel,"Seann William Scott, Wyatt Russell, T.J. Miller, Elisha Cuthbert, Liev Schreiber, Alison Pill",https://www.filmcrave.com/movie_page_main.php?id=58746,"Hockey enforcer Doug Glatt suffers a serious injury during a fight and hangs up his skates. When the player who forced him to retire is now playing for his old team, Doug will do whatever it takes to get back into the rink.  --"
John G. Avildsen: King of the Underdogs,53321,3.0,08/01/2017,English,Documentary,NR,Derek Wayne Johnson,"Sylvester Stallone, Martin Scorsese, Ralph Macchio, Burt Reynolds, Luke Perry, Stephen Dorff",https://www.filmcrave.com/movie_page_main.php?id=58747,Unknown
Wu: The Story of the Wu-Tang Clan,51008,3.0,02/10/2007,English,Documentary,NR,Gerald Barclay,"Ralph McDaniels, Remedy Roll, Gano Grills, Popa Wu, Icelene Jones, Selwyn Sefu Hinds",https://www.filmcrave.com/movie_page_main.php?id=58748,Unknown
Kept Boy,53010,3.0,02/17/2017,English,Comedy,NR,George Bamber,"Jon Paul Phillips, Thure Riefenstein, Greg Audino, Diosiq Burn\xc3\xa9, John-Michael Carlton, Toni Cohen",https://www.filmcrave.com/movie_page_main.php?id=58749,Unknown
No Way to Live,52755,3.0,09/01/2016,English,"Crime, Drama",NR,"Nick Chakwin, David Guglielmo","Freya Tingley, Tom Williamson, Paul Rae, Timothy V. Murphy, Justin Arnold, Ryan Harper Gray",https://www.filmcrave.com/movie_page_main.php?id=58750,Unknown
Unleashed,52829,3.0,10/12/2016,English,Comedy,NR,Finn Taylor,"Justin Chatwin, Steve Howey, Kate Micucci, Sean Astin, Josh Brener, Illeana Douglas",https://www.filmcrave.com/movie_page_main.php?id=58751,Unknown
I Feel Pretty,10070,2.6,04/20/2018,English,Comedy,PG-13,"Abby Kohn, Marc Silverstein","Amy Schumer, Michelle Williams, Emily Ratajkowski, Busy Philipps, Tom Hopper, Naomi Campbell",https://www.filmcrave.com/movie_page_main.php?id=58752,"A perfectly average woman, living a perfectly average life has a life-changing accident when she falls off an exercise bike and wakes up believing she is the most beautiful, confident woman on the planet. While to everyone else her appearance remains the same, she uses this newfound gift to rise through the ranks of the cosmetic company she works for, even impressing her idol - who happens to be her boss. But the magic can't last forever, but she won't go back to being average again. --"
Bushwick,24766,2.1,08/25/2017,English,"Action, Adventure",NR,"Cary Murnion, Jonathan Milott","Dave Bautista, Brittany Snow, Christian Navarro, Angelic Zambrana, Alex Breaux, Christian Navarro",https://www.filmcrave.com/movie_page_main.php?id=58753,Unknown
The Layover,41945,2.3,08/03/2017,English,Comedy,R,William H. Macy,"Alexandra Daddario, Kate Upton, William H. Macy, Kal Penn, Rob Corddry, Molly Shannon",https://www.filmcrave.com/movie_page_main.php?id=58754,Unknown
Austin Found,53292,3.0,07/07/2017,English,"Comedy, Drama",NR,Will Ra\xc3\xa9e,"Linda Cardellini, Skeet Ulrich, Kristen Schaal, Patrick Warburton, Chris Parnell, Jon Daly",https://www.filmcrave.com/movie_page_main.php?id=58755,Unknown
Belief: The Possession of Janet Moses,52894,3.0,11/11/2016,English,"Documentary, Crime",NR,David Stubbs,Kura Forrester,https://www.filmcrave.com/movie_page_main.php?id=58756,Unknown
Bronx Gothic,53304,3.0,07/12/2017,English,Documentary,NR,Andrew Rossi,Okwui Okpokwasili,https://www.filmcrave.com/movie_page_main.php?id=58757,Unknown
"False Confessions ( fausses confidences, Les )",53056,3.0,03/09/2017,French,"Comedy, Drama",NR,"Luc Bondy, Marie-Louise Bischofberger","Isabelle Huppert, Louis Garrel, Bulle Ogier, Yves Jacques, Manon Combes, Bernard Verley",https://www.filmcrave.com/movie_page_main.php?id=58758,Unknown
Hickok,32958,2.8,07/07/2017,English,Western,NR,Timothy Woodward Jr.,"Luke Hemsworth, Trace Adkins, Kris Kristofferson, Bruce Dern, Cameron Richardson, Kaiwi Lyman-Mersereau",https://www.filmcrave.com/movie_page_main.php?id=58759,Unknown
Mom,53296,3.0,07/07/2017,Hindi,"Drama, Thriller",NR,Ravi Udyawar,"Sridevi, Akshaye Khanna, Adnan Siddiqui, Sajal Ali, Abhimanyu Singh, Pitobash",https://www.filmcrave.com/movie_page_main.php?id=58760,Unknown
Sgt Pepper's Musical Revolution with Howard Goodall,55220,1.5,06/03/2017,English,Documentary,NR,Francis Hanly,"Howard Goodall, Paul McCartney, John Lennon, Ringo Starr, George Harrison, George Martin",https://www.filmcrave.com/movie_page_main.php?id=58761,Documentary narrated by Howard Goodall that discusses the musical history of
The Beach Boys: Making Pet Sounds,53128,3.0,04/07/2017,English,Documentary,NR,Matthew Longfellow,"Mike Love, Brian Wilson, Carl Wilson, Dennis Wilson, Karl Engemann, Al Jardine",https://www.filmcrave.com/movie_page_main.php?id=58762,Documentary about the making of Pet Sounds. --
Twin Peaks: The Missing Pieces,17796,2.7,07/16/2014,English,"Drama, Mystery",NR,David Lynch,"Chris Isaak, Kiefer Sutherland, Kyle MacLachlan, Sheryl Lee, Ray Wise, Moira Kelly",https://www.filmcrave.com/movie_page_main.php?id=58763,Unknown
30 Years of Garbage: The Garbage Pail Kids Story,59759,2.0,07/01/2016,English,Documentary,NR,"Jeff Zapata, Joe Simko","Simeon Lipman, Joe Simko, Ron MacLachlan, Gary Gerani, Tom Bunk, James Warhola",https://www.filmcrave.com/movie_page_main.php?id=58764,Unknown
Our Time Will Come ( Ming Yue Ji Shi You ),53297,3.0,07/07/2017,Cantonese,"Drama, War",NR,Ann Hui,"Xun Zhou, Eddie Peng, Wallace Huo, Deannie Yip, Tony Ka Fai Leung, Tao Guo",https://www.filmcrave.com/movie_page_main.php?id=58765,Unknown
Barbecue,53303,3.0,07/11/2017,English,Documentary,NR,Matthew Salleh,Unknown,https://www.filmcrave.com/movie_page_main.php?id=58766,Unknown
Cut Shoot Kill,53331,3.0,08/08/2017,English,"Action, Horror",NR,Michael Walker,"Alexandra Socha, Alex Hurt, Phil Burke, Jay Devore, Lexi Lapp, Zanny Laird",https://www.filmcrave.com/movie_page_main.php?id=58767,Unknown
It's Not Yet Dark,53324,3.0,08/04/2017,English,Documentary,NR,Frankie Fenton,"Colin Farrell, Simon Fitzmaurice",https://www.filmcrave.com/movie_page_main.php?id=58768,Unknown
Planetarium,53341,3.0,08/11/2017,English,"Drama, Fantasy",NR,Rebecca Zlotowski,"Natalie Portman, Lily-Rose Depp, Emmanuel Salinger, Amira Casar, Pierre Salvadori, Louis Garrel",https://www.filmcrave.com/movie_page_main.php?id=58769,Unknown
Sustainable,52666,3.0,06/04/2016,English,"Documentary, Historical",NR,Matt Wechsler,"Marty Travis, Dan Barber, Rick Bayless, Nicolette Niman, Fred Kirschenmann, Klaas Martens",https://www.filmcrave.com/movie_page_main.php?id=58770,Unknown
Alpha,1885,3.0,08/17/2018,English,"Action, Drama",PG-13,Albert Hughes,"Kodi Smit-McPhee, Natassia Malthe, Leonor Varela, J\xc3\xb3hannes Haukur J\xc3\xb3hannesson, Mercedes de la Zerda, Jens Hult\xc3\xa9n",https://www.filmcrave.com/movie_page_main.php?id=58771,"Taking place 20,000 years in the past, during the last Ice Age, a hunter becomes separated from his clan following a disastrous hunt. Alone in an unforgiving environment and surrounded by predators, he finds himself befriending a wolf, which could be a means to survive or lead to a quick death. --"
Professor Marston and the Wonder Women,3823,2.9,10/13/2017,English,Biography,R,Angela Robinson,"Luke Evans, Rebecca Hall, JJ Feild, Connie Britton, Bella Heathcote, Maggie Castle",https://www.filmcrave.com/movie_page_main.php?id=58772,"Dr. William Marston was a Harvard professor, psychologist and inventor - and also the creator of Wonder Woman. He was inspired by both his wife, Elizabeth - also an psychologist and inventor, along with Olive Byrne, a former student. All three formed a polyamorous relationship which helped shape Wonder Woman, and the controversy surrounding the character. --"
Leatherface,24587,2.1,10/20/2017,English,"Horror, Thriller",R,"Alexandre Bustillo, Julien Maury","Lili Taylor, Stephen Dorff, Nicole Andrews, James Bloor, Sam Coleman, Julian Kostov",https://www.filmcrave.com/movie_page_main.php?id=58773,Unknown
L.O.R.D: Legend of Ravaging Dynasties ( Jue ji ),46926,3.0,09/30/2017,Mandarin,"Animation, Fantasy",NR,Jingming Guo,"Bingbing Fan, Kris Wu, Cheney Chen, William Wai-Ting Chan, Amber Kuo, Yun Lin",https://www.filmcrave.com/movie_page_main.php?id=58774,Unknown
Starship Troopers: Traitor of Mars,26230,3.0,08/21/2017,English,"Animation, Action",NR,Edward Neumeier,"Casper Van Dien, Dina Meyer, DeRay Davis",https://www.filmcrave.com/movie_page_main.php?id=58775,Unknown
Stasis,53364,3.0,08/29/2017,English,"Adventure, Sci-Fi",NR,Nicole Jones-Dion,"Anna Harr, Mark Grossman, Phyllis Spielman, Tiana Masaniai, Caleb Thomas, Nicolle Ashley",https://www.filmcrave.com/movie_page_main.php?id=58776,Unknown
The Good Catholic,53380,3.0,09/08/2017,English,"Comedy, Drama",PG-13,Paul Shoulberg,"Zachary Spicer, Wrenn Schmidt, Danny Glover, John C. McGinley, Alex Miro, Chandra Lee Mann",https://www.filmcrave.com/movie_page_main.php?id=58777,Unknown
Mubarakan,53319,3.0,07/28/2017,English,"Comedy, Romance",PG-13,Anees Bazmee,"Anil Kapoor, Arjun Kapoor, Ileana D'Cruz, Athiya Shetty, Neha Sharma, Pavan Malhotra",https://www.filmcrave.com/movie_page_main.php?id=58778,Unknown
Olaf's Frozen Adventure,44828,2.0,11/22/2017,English,Animation,G,"Kevin Deters, Stevie Wermers","Kristen Bell, Josh Gad, Jonathan Groff, Idina Menzel, Ashley Silverman, Cassidy May Benullo",https://www.filmcrave.com/movie_page_main.php?id=58779,Unknown
"Villainess, The ( Ak-Nyeo )",32960,2.8,07/16/2017,Korean,"Action, Drama",NR,Byung-gil Jung,"Eun-ji Jo, Ok-bin Kim, Seo-hyung Kim, Ye-Ji Min, Ha-kyun Shin, Jun Sung",https://www.filmcrave.com/movie_page_main.php?id=58780,Unknown
Playing with Dolls: Havoc,59878,2.0,07/18/2017,English,"Horror, Thriller",NR,Rene Perez,"Nicole Stark, Kyle Clarke, Stormi Maya, John Scuderi, Jade Ellis, Malorie Glavan",https://www.filmcrave.com/movie_page_main.php?id=58781,Unknown
Proud Mary,16309,2.3,01/12/2018,English,"Action, Thriller",R,Babak Najafi,"Taraji P. Henson, Neal McDonough, Danny Glover, Xander Berkeley, Billy Brown, Margaret Avery",https://www.filmcrave.com/movie_page_main.php?id=58782,"Mary is the master of her craft, a hit woman who is as deadly as she is serious. But after a hit goes wrong, a young boy is left behind, one who does something Mary never thought possible - awaken her maternal instincts. --"
Overboard,13566,2.5,05/03/2018,English,"Comedy, Romance",PG-13,"Bob Fisher, Rob Greenberg","Anna Faris, Eugenio Derbez, Eva Longoria, John Hannah, Swoosie Kurtz, Alyvia Alyn Lind",https://www.filmcrave.com/movie_page_main.php?id=58783,"A gender-swapped remake in which a handsome but insufferable, spoiled and wealthy Leonardo suffers a mishap aboard his yacht, rendering him with temporary amnesia. This gives his long-suffering employee, Kate, and opportunity to get sweet revenge, by convincing him she is his wife. --"
Kim Dotcom: Caught in the Web,53355,3.0,08/22/2017,English,"Documentary, Biography",NR,Annie Goldson,"Kim Dotcom, Glenn Greenwald, Chris Dodd, Richard Branson, Jimmy Wales, Jonathan T. Taplin",https://www.filmcrave.com/movie_page_main.php?id=58784,Unknown
The Nile Hilton Incident,52974,3.0,01/21/2017,Arabic,"Crime, Drama",NR,Tarik Saleh,"Fares Fares, Mari Malek, Yasser Ali Maher, Slimane Dazi, Ahmed Selim, Mohamed Yousry",https://www.filmcrave.com/movie_page_main.php?id=58785,Unknown
Manolo: The Boy Who Made Shoes for Lizards,59892,2.0,09/15/2017,English,"Documentary, Biography",NR,Michael Roberts,"River Hawkins, Rick Kissack, Manolo Blahnik, Gala Gordon, Isabeli Fontana, Eva Herzigova",https://www.filmcrave.com/movie_page_main.php?id=58786,Unknown
Union Furnace,52202,3.0,07/15/2015,English,"Horror, Thriller",NR,Nicholas Bushman,"Mike Dwyer, Seth Hammond, Katie Keene, Keith David, Kevin Crowley, John W. Lawson",https://www.filmcrave.com/movie_page_main.php?id=58787,Unknown
Cyborg 2087,48421,3.0,10/01/1966,English,"Action, Sci-Fi",NR,Franklin Adreon,"Michael Rennie, Karen Steele, Wendell Corey, Warren Stevens, Eduard Franz, Harry Carey Jr.",https://www.filmcrave.com/movie_page_main.php?id=58788,Unknown
Dimension 5,48422,3.0,10/01/1966,English,"Crime, Sci-Fi",NR,Franklin Adreon,"Jeffrey Hunter, France Nuyen, Harold Sakata, Donald Woods, Linda Ho, Robert Ito",https://www.filmcrave.com/movie_page_main.php?id=58789,Unknown
My Friend Dahmer,4197,2.8,11/03/2017,English,"Biography, Crime",R,Marc Meyers,"Ross Lynch, Anne Heche, Dallas Roberts, Miles Robbins, Alex Wolff, Cameron McKendry",https://www.filmcrave.com/movie_page_main.php?id=58790,"Based on the acclaimed graphic novel from Derf Backderf, the film follows the high school life of a young man named Jeffrey Dahmer. Before he become known as a notorious serial killer, he was just another shy student turning to alcohol when he couldn't find anywhere to fit in. --"
Awaken the Shadowman,53310,3.0,07/21/2017,English,"Horror, Mystery",NR,J.S. Wilson,"James Zimbardi, Skyler Caleb, Jean Smart, Emily Somers, Andrea Hunt, Robert R. Shafer",https://www.filmcrave.com/movie_page_main.php?id=58791,Unknown
Generational Sins,41954,2.3,10/06/2017,English,Drama,PG-13,Spencer T. Folmar,"Daniel MacPherson, Dax Spanogle, Barrett Donner, Bill Farmer, Leesa Folmar, Kristen Jezek",https://www.filmcrave.com/movie_page_main.php?id=58792,"On her death bed, Drew hears his mother's last with - for him to take his younger brother, Will, to the place they were born. But that place holds a tragic family history. Confronting this past, however, may be what the family needs to move on to a more promising future. --"
True to the Game,53376,3.0,09/07/2017,English,Drama,R,Preston A. Whitmore II,"Erica Peeples, Vivica A. Fox, Nelsan Ellis, Malcolm David Kelley, Jennifer Freeman, Columbus Short",https://www.filmcrave.com/movie_page_main.php?id=58793,Unknown
"We Love You, Sally Carmichael!",53328,3.0,08/04/2017,English,Comedy,PG,Christopher Gorham,"Jack McBrayer, Elizabeth Tulloch, Paula Marshall, Christopher Gorham, Sebastian Roch\xc3\xa9, Perez Hilton",https://www.filmcrave.com/movie_page_main.php?id=58794,Unknown
What Happened in Vegas,53044,3.0,03/04/2017,English,Documentary,R,Ramsey Denison,Ramsey Denison,https://www.filmcrave.com/movie_page_main.php?id=58795,Unknown
Message from the King,18875,2.7,08/04/2017,English,Thriller,R,Fabrice Du Welz,"Teresa Palmer, Chadwick Boseman, Luke Evans, Tom Felton, Jake Weary, Alfred Molina",https://www.filmcrave.com/movie_page_main.php?id=58796,Unknown
Temple,35897,2.0,09/01/2017,English,Horror,NR,Michael Barrett,"Logan Huffman, Brandon Sklenar, Natalia Warner",https://www.filmcrave.com/movie_page_main.php?id=58797,Unknown
Big Bear,53400,3.0,09/22/2017,English,Comedy,NR,Joey Kern,"Pablo Schreiber, Adam Brody, Tyler Labine, Toby Huss, Zachary Knighton, Joey Kern",https://www.filmcrave.com/movie_page_main.php?id=58798,Unknown
The Tiger Hunter,52580,3.0,04/21/2016,English,"Comedy, Drama",NR,Lena Khan,"Danny Pudi, Rizwan Manji, Jon Heder, Karen David, Kevin Pollak, Sam Page",https://www.filmcrave.com/movie_page_main.php?id=58799,Unknown
The Skyjacker's Tale,53289,3.0,06/30/2017,English,Documentary,NR,Jamie Kastner,"Ishmael Muslim Ali, Margaret Ratner Kunstler, Michael Ratner, Bradley Gordon, Isabella Carr, Martin Huss",https://www.filmcrave.com/movie_page_main.php?id=58800,Unknown
Undercover Grandpa,53300,3.0,07/07/2017,English,"Action, Comedy",PG-13,Erik Canuel,"James Caan, Jessica Walter, Kenneth Welsh, Paul Sorvino, Louis Gossett Jr., Dylan Everett",https://www.filmcrave.com/movie_page_main.php?id=58801,Unknown
Swim Team,53299,3.0,07/07/2017,English,"Documentary, Drama",NR,Lara Stolman,Unknown,https://www.filmcrave.com/movie_page_main.php?id=58802,Unknown
The Wrong Light,53306,3.0,07/14/2017,Thai,Documentary,NR,"Dave Adams, Josie Swantek",Unknown,https://www.filmcrave.com/movie_page_main.php?id=58803,Unknown
The White King,32953,2.8,04/05/2017,English,"Drama, Sci-Fi",NR,"Alex Helfrecht, J\xc3\xb6rg Tittel","Olivia Williams, Jonathan Pryce, Fiona Shaw, Greta Scacchi, \xc3\x93lafur Darri \xc3\x93lafsson, Agyness Deyn",https://www.filmcrave.com/movie_page_main.php?id=58804,Unknown
Munna Michael,53313,3.0,07/21/2017,Hindi,"Action, Musical",NR,Sabir Khan,"Nidhhi Agerwal, Sahil Anand, Tiger Shroff, Chetna Pande, Anupam Shyam, Vivaan Shah",https://www.filmcrave.com/movie_page_main.php?id=58805,Unknown
"Fencer, The ( Miekkailija )",21373,3.3,07/21/2017,Russian,"Drama, Historical",NR,Klaus H\xc3\xa4r\xc3\xb6,"Kirill K\xc3\xa4ro, Lembit Ulfsak, M\xc3\xa4rt Avandi, Liisa Koppel, Kai Nordberg, Ursula Ratasepp",https://www.filmcrave.com/movie_page_main.php?id=58806,Unknown
Hell House LLC,10488,2.7,10/16/2015,English,"Horror, Mystery",NR,Stephen Cognetti,"Gore Abrams, Alice Bahlke, Danny Bellini, Jared Hacker, Jeb Kreager, Ryan Jennifer Jones",https://www.filmcrave.com/movie_page_main.php?id=58807,"Five years after a haunted house attraction outside the city limits of New York in the small town of Abaddon was the scene of several unexplained deaths, a documentary film crew finds a survivor of the original crew, who produces several tapes of the incident - even though she warns that the raw footage is more shocking than anything that has been speculated. --"
The Domicile,53332,3.0,08/08/2017,English,Horror,NR,Jared Cohn,"Steve Richard Harris, Demetrius Stear, Katherine Flannery, Sara Malakul Lane, Amanda Ruth Ritchie, Cara Mitsuko",https://www.filmcrave.com/movie_page_main.php?id=58808,Unknown
Chris Brown: Welcome to My Life,53252,3.0,06/08/2017,English,Documentary,NR,Andrew Sandler,"Chris Brown, Mary J. Blige, Jamie Foxx, D.J. Khaled, Jennifer Lopez, Rita Ora",https://www.filmcrave.com/movie_page_main.php?id=58809,Unknown
Dolores,52965,3.0,01/20/2017,English,"Documentary, Biography",NR,Peter Bratt,"Dolores Huerta, Cesar Chavez",https://www.filmcrave.com/movie_page_main.php?id=58810,Unknown
LBJ,3847,2.9,11/03/2017,English,"Biography, Drama",R,Rob Reiner,"Woody Harrelson, Jennifer Jason Leigh, C. Thomas Howell, Rich Sommer, Bill Pullman, Jeffrey Donovan",https://www.filmcrave.com/movie_page_main.php?id=58811,"When an assassin's bullet took the life of President John F. Kennedy in November of 1963, Vice President Lyndon B. Johnson found himself sworn in as the 36th president of the United States. But his story began long before that - through both victories and defeats, but his true legacy would be battling opposition both from within his own party and across the aisle, resulting in the passing of the landmark Civil Rights Act. --"
Mike Boy,53370,3.0,09/01/2017,English,"Crime, Mystery",NR,Hamzah Tarzan,"Hugh Massey, Emily Killian, Robert Sisko, Gerard Sanders, Peter D. Michael, James Wellington",https://www.filmcrave.com/movie_page_main.php?id=58812,Unknown
Once Upon a Time,53340,3.0,08/11/2017,Mandarin,Drama,NR,"Anthony LaMolinara, Xiaoding Zhao","Yang Yang, Yifei Liu, Chun Li, Jin Luo, Yikuan Yan, Alex Zhang",https://www.filmcrave.com/movie_page_main.php?id=58813,Unknown
The Monster Project,53352,3.0,08/18/2017,English,"Action, Horror",NR,Victor Mathieu,"Yvonne Zima, Justin Bruening, Toby Hemingway, Jim Storm, Murielle Zuker, Shiori Ideta",https://www.filmcrave.com/movie_page_main.php?id=58814,Unknown
House on Rodeo Gulch,53117,3.0,04/01/2017,English,"Comedy, Drama",NR,William Scherer,"Chanel Ryan, Megan Jay, Jaye Wolfe, Adrian Torres, Barry Ratcliffe, Mitch Costanza",https://www.filmcrave.com/movie_page_main.php?id=58815,Unknown
Burn the Ships,53320,3.0,08/01/2017,English,"Documentary, Sport",NR,"Danielle Miller, Julia Thorndike","Joey Arrietta, Cheri Kempf, Jackie Ledbetter, Donna Lopiano, Lisa Modglin, Kelley Montalvo",https://www.filmcrave.com/movie_page_main.php?id=58816,Unknown
Dead Creatures,42838,1.7,09/25/2001,English,"Drama, Horror",R,Andrew Parkinson,"Beverley Wilson, Antonia Beamish, Brendan Gregory, Anna Swift, Bart Ruspoli, Fiona Carr",https://www.filmcrave.com/movie_page_main.php?id=58817,Unknown
The 24 Hour War,10886,3.0,01/01/2016,English,"Documentary, Historical",NR,"Nate Adams, Adam Carolla","Mario Andretti, Piero Ferrari, Alan Grant, Edsel B. Ford II, Preston Lerner, Jack Sears",https://www.filmcrave.com/movie_page_main.php?id=58818,Documentary chronicling the rivalry between the Ford and Ferrari motor racing
The Confidant,51523,3.0,08/24/2010,English,Thriller,NR,Alton Glass,"Boris Kodjoe, David Banner, Kenya Moore, Richard Roundtree, Bai Ling, Billy Zane",https://www.filmcrave.com/movie_page_main.php?id=58819,Unknown
The Drowning,44818,2.0,05/10/2017,English,"Drama, Thriller",NR,Bette Gordon,"Julia Stiles, Avan Jogia, Josh Charles, Tracie Thoms, Leo Fitzpatrick, Robert Clohessy",https://www.filmcrave.com/movie_page_main.php?id=58820,Unknown
The Killing of a Sacred Deer,676,3.1,10/27/2017,English,"Drama, Horror",R,Yorgos Lanthimos,"Barry Keoghan, Nicole Kidman, Alicia Silverstone, Colin Farrell, Raffey Cassidy, Bill Camp",https://www.filmcrave.com/movie_page_main.php?id=58821,A brilliant surgeon and his tranquil domestic life with his wife and two children is thrown in to upheaval with the arrival of a 16-year-old boy - leading the good doctor to make a sacrifice to save himself and his family. --
Soy Nero,52787,3.0,09/23/2016,English,Drama,R,Rafi Pitts,"Rory Cochrane, Khleo Thomas, Michael Harney, Aml Ameen, Joel McKinnon Miller, Richard Portnow",https://www.filmcrave.com/movie_page_main.php?id=58822,Unknown
Skyscraper,13394,2.3,07/13/2018,English,Action,PG-13,Rawson Marshall Thurber,"Dwayne Johnson, Pablo Schreiber, Neve Campbell, Chin Han, Byron Mann, Hannah Quinlivan",https://www.filmcrave.com/movie_page_main.php?id=58823,"Will Ford is a former FBI Hostage Rescue Team leader and war veteran who now assesses security for skyscrapers. On assignment in China, where the world's tallest skyscraper has been built, the building is set ablaze with Ford framed for the crime. Now he must not only figure out how to clear his name, but escape from the building, as well as rescue his family who are also trapped inside. --"
Bumblebee,4478,2.8,12/21/2018,English,"Action, Sci-Fi",PG-13,Travis Knight,"Hailee Steinfeld, John Cena, Kenneth Choi, Pamela Adlon, Gracie Dzienny, Abby Quinn",https://www.filmcrave.com/movie_page_main.php?id=58824,"California, 1987, a battle-scarred Bumblebee takes refuge in a junkyard. Recuperating from battle, he is discovered by 18-year-old Charlie Watson, who is trying to find her own place in the world. She soon discovers the beat-up yellow VW Beetle holds quite a secret - one that will change both their lives forever. --"
First They Killed My Father: A Daughter of Cambodia Remembers,6952,3.0,09/15/2017,English,"Biography, Drama",NR,Angelina Jolie,"Sareum Srey Moch, Phoeung Kompheak, Sveng Socheata, Tharoth Sam",https://www.filmcrave.com/movie_page_main.php?id=58825,Unknown
The Lonely Italian,53346,3.0,08/15/2017,Italian,"Documentary, Comedy",NR,Lee Farber,"Domenico Nesci, Mark Chuakay, Blair Shapiro, Austin Musick, Georgia Dolenz, Kelvin Brown",https://www.filmcrave.com/movie_page_main.php?id=58826,Unknown
"Passion of Augustine, The ( passion d'Augustine, La )",52158,3.0,05/23/2015,French,Drama,NR,L\xc3\xa9a Pool,"C\xc3\xa9line Bonnier, Lysandre M\xc3\xa9nard, Andr\xc3\xa9e Lachapelle, Marie-France Lambert, Pierrette Robitaille, Val\xc3\xa9rie Blais",https://www.filmcrave.com/movie_page_main.php?id=58827,Unknown
Trophy,21376,3.3,09/08/2017,English,Documentary,NR,"Christina Clusiau, Shaul Schwarz",Unknown,https://www.filmcrave.com/movie_page_main.php?id=58828,Between the industry of big game hunting and the wildlife conservation effort lies a line between how best to save animals from extinction. Trophy looks at this effort from different angles and navigates the waters of treating animals like commodities. --
4 Days in France ( Jours de France ),53302,3.0,07/09/2017,French,"Anime, Drama",NR,J\xc3\xa9r\xc3\xb4me Reybaud,"Pascal Cervo, Arthur Igual, Fabienne Babe, Nathalie Richard, Laetitia Dosch, Liliane Montevecchi",https://www.filmcrave.com/movie_page_main.php?id=58829,Unknown
Death Wish,19528,2.1,03/02/2018,English,"Action, Crime",R,Eli Roth,"Bruce Willis, Vincent D'Onofrio, Elisabeth Shue, Jack Kesy, Dean Norris, Beau Knapp",https://www.filmcrave.com/movie_page_main.php?id=58830,"When an act of violence destroys his family, a mild-mannered father transforms into a killing machine with nothing but revenge on his mind. --"
Santoalla,53309,3.0,07/19/2017,English,"Documentary, Mystery",NR,"Andrew Becker, Daniel Mehrer","Margo Verfondern, Martin Verfondern, Carlos Rodr\xc3\xadguez, Jovita Rodr\xc3\xadguez, Julio Rodr\xc3\xadguez, Manolo Rodr\xc3\xadguez",https://www.filmcrave.com/movie_page_main.php?id=58831,Unknown
Super Dark Times,5164,2.8,09/29/2017,English,"Drama, Thriller",NR,Kevin Phillips,"Owen Campbell, Charlie Tahan, Elizabeth Cappuccino, Max Talisman, Sawyer Barth, Ethan Botwick",https://www.filmcrave.com/movie_page_main.php?id=58832,"The lives of a group of teens in mid-90s suburbia is thrown into chaos when one brings along a samurai sword belonging to his older brother, leading to tragedy and coping with the consequences. --"
Taking Earth,45334,1.5,03/17/2017,English,Sci-Fi,Unknown,Grant Humphreys,"Ronan Quarmby, Brad Richards, Barbara Harrison, Marco Torlage, Richard Sorensen",https://www.filmcrave.com/movie_page_main.php?id=58833,Unknown
Loving Vincent,2319,3.0,09/22/2017,English,"Animation, Biography",PG-13,"Dorota Kobiela, Hugh Welchman","Aidan Turner, Saoirse Ronan, Eleanor Tomlinson, Helen McCrory, Jerome Flynn, Chris O'Dowd",https://www.filmcrave.com/movie_page_main.php?id=58834,Unknown
Wonder Woman 1984,15040,2.3,12/25/2020,English,"Action, Fantasy",PG-13,Patty Jenkins,"Gal Gadot, Chris Pine, Kristen Wiig, Pedro Pascal, Connie Nielsen, Robin Wright",https://www.filmcrave.com/movie_page_main.php?id=58835,"Now with better control of her power and abilities, Diana Prince aka Wonder Woman, finds herself in the excess and Cold War tension of the 1980s. She faces two dangerous foes - a freind-turned-enemy in Barbara Minerva aka Cheetah, who teams up with the charismatic, dangerous media mogul Max Lord. --"
Genocidal Organ ( Gyakusatsu kikan ),41943,2.3,07/12/2017,Japanese,"Anime, Sci-Fi",NR,Sh\xc3\xbbk\xc3\xb4 Murase,"Yuki Kaji, Akio \xc3\x94tsuka, Y\xc3\xbbichi Nakamura, Kaito Ishikawa, Takahiro Sakurai, Sanae Kobayashi",https://www.filmcrave.com/movie_page_main.php?id=58836,Unknown
Clowntergeist,59889,2.0,09/12/2017,English,Horror,NR,Aaron Mirtes,"Brittany Belland, Aaron Mirtes, Madeleine Heil, Monica Baker, Burt Culver, Johnjay Fitih",https://www.filmcrave.com/movie_page_main.php?id=58837,Unknown
Girl on Wave,53333,3.0,08/08/2017,English,Documentary,NR,Steven Esparza,"Sarah Hauser, Casey Hauser, Pio Marasco, Mikey Esparza, Levi Siver, Tatiana Howard",https://www.filmcrave.com/movie_page_main.php?id=58838,Unknown
Gun Shy ( Salty ),17319,2.5,09/08/2017,English,Action,R,Simon West,"Antonio Banderas, Olga Kurylenko, Ben Cura, Mark Valley, Aisling Loftus, David Mitchell",https://www.filmcrave.com/movie_page_main.php?id=58839,Unknown
"Polina ( Polina, danser sa vie )",21374,3.3,08/25/2017,French,Drama,NR,"Val\xc3\xa9rie M\xc3\xbcller, Angelin Preljocaj","Anastasia Shevtsova, Juliette Binoche, Aleksey Guskov, Niels Schneider, Veronika Zhovnytska, Miglen Mirtchev",https://www.filmcrave.com/movie_page_main.php?id=58840,"In Russia, Polina has trained all her life in the classical ballet style, leading to a spot on the prestigious Bolchoi Ballet. But just as she is about to enter, she discovers the world of modern dance and shifts her focus and determination to a new frontier - but one that does not guarantee success. --"
Stopping Traffic,53419,3.0,09/29/2017,English,Documentary,NR,Sadhvi Siddhali Shree,"Susanne Dietzel, Carolina Douthit, Cecilia Flores-Oebanda, Mario Garfias, Jeannie Mai, Kristen Renton",https://www.filmcrave.com/movie_page_main.php?id=58841,Unknown
Among Us,26229,3.0,08/08/2017,English,"Drama, Horror",NR,Gary King,"Mark DiConzo, Katie Morrison, Elena Sanz, Bill Elverman, Marty Lang, Mariel Matero",https://www.filmcrave.com/movie_page_main.php?id=58842,Unknown
The Ice Cream Truck,44821,2.0,08/18/2017,English,"Comedy, Horror",NR,Megan Freels Johnston,"Deanna Russo, Emil Johnsen, John Redlinger, Sam Schweikert, Hilary Barraford, Bailey Anne Borders",https://www.filmcrave.com/movie_page_main.php?id=58843,Unknown
Metamorphoses ( M\xc3\xa9tamorphose ),52051,3.0,03/08/2015,French,Fantasy,NR,Christophe Honor\xc3\xa9,"Amira Akili, S\xc3\xa9bastien Hirel, M\xc3\xa9lodie Richard, Damien Chapelle, George Babluani, Matthis Lebrun",https://www.filmcrave.com/movie_page_main.php?id=58844,Unknown
Pearly Gates,52128,3.0,04/26/2015,English,Drama,NR,Scott Ehrlich,"Uzo Aduba, Bonnie Somerville, Scott Grimes, Illeana Douglas, Peter Bogdanovich, Lainie Kazan",https://www.filmcrave.com/movie_page_main.php?id=58845,Unknown
Second Nature,38061,2.5,11/10/2016,English,Comedy,NR,Michael Cross,"Collette Wolfe, Sam Huntington, Carollani Sandberg, Carolyn Cox, Riley Shanahan, David M. Austin",https://www.filmcrave.com/movie_page_main.php?id=58846,Unknown
Rift ( R\xc3\xb6kkur ),53298,3.0,07/07/2017,Other,"Drama, Horror",NR,Erlingur Thoroddsen,"Bj\xc3\xb6rn Stef\xc3\xa1nsson, Sigur\xc3\xb0ur \xc3\x9e\xc3\xb3r \xc3\x93skarsson, Gu\xc3\xb0mundur \xc3\x93lafsson, A\xc3\xb0albj\xc3\xb6rg \xc3\x81rnad\xc3\xb3ttir, Anna Eva Steind\xc3\xb3rsd\xc3\xb3ttir, B\xc3\xb6\xc3\xb0var \xc3\x93ttar Steind\xc3\xb3rsson",https://www.filmcrave.com/movie_page_main.php?id=58847,Unknown
"Teacher, The ( Ucitelka )",53365,3.0,08/30/2017,Other,"Comedy, Drama",NR,Jan Hrebejk,"Zuzana Maur\xc3\xa9ry, Zuzana Konecn\xc3\xa1, Csongor Kassai, Tamara Fischer, Martin Havelka, \xc3\x89va Bandor",https://www.filmcrave.com/movie_page_main.php?id=58848,Unknown
Valley of Bones,53372,3.0,09/01/2017,English,"Crime, Thriller",R,Dan Glaser,"Autumn Reeser, Rhys Coiro, Steven Molony, Mason Mahay, Alexandra Billings, Bill Smitrovich",https://www.filmcrave.com/movie_page_main.php?id=58849,Unknown
Glamour Dolls,53338,3.0,08/11/2017,English,"Comedy, Drama",NR,John De Luca,"John De Luca, Dominik Danielewicz, Ashlie Walker, Laurence Christopher, Ian Black, Emma Packer",https://www.filmcrave.com/movie_page_main.php?id=58850,Unknown
In Search of Fellini,53390,3.0,09/15/2017,English,"Adventure, Drama",R,Taron Lexton,"Ksenia Solo, Maria Bello, Mary Lynn Rajskub, Beth Riesgraf, Andrea Osv\xc3\xa1rt, David O'Donnell",https://www.filmcrave.com/movie_page_main.php?id=58851,Unknown
Anti Matter,59888,2.0,09/08/2017,English,"Mystery, Sci-Fi",NR,Keir Burrows,"Yaiza Figueroa, Philippa Carson, Tom Barber-Duffy, Noah Maxwell Clarke, James Farrar, Yolanda Vazquez",https://www.filmcrave.com/movie_page_main.php?id=58852,Unknown
Den of Thieves,5906,2.7,01/19/2018,English,"Action, Crime",R,Christian Gudegast,"Gerard Butler, Pablo Schreiber, O'Shea Jackson Jr., Evan Jones, 50 Cent, Eric Braeden",https://www.filmcrave.com/movie_page_main.php?id=58853,"Legendary cop Nick Flanagan and his elite group are on the trail of a notorious crew of bank robbers, whose next seemingly impossible job is to take down the Federal Reserve. --"
White Boy Rick,8784,2.6,09/14/2018,English,"Crime, Drama",R,Yann Demange,"Matthew McConaughey, Jennifer Jason Leigh, Eddie Marsan, Rory Cochrane, Piper Laurie, Bruce Dern",https://www.filmcrave.com/movie_page_main.php?id=58855,"In the 1980s, teenager Richard Wershe Jr. became an undercover informant for the FBI, but instead of ending in accolades, it ended with him serving a life-sentence in prison for drug trafficking. --"
Peter Rabbit,19631,2.1,02/09/2018,English,"Animation, Adventure",PG,Will Gluck,"James Corden, Domhnall Gleeson, Margot Robbie, Daisy Ridley, Rose Byrne, Elizabeth Debicki",https://www.filmcrave.com/movie_page_main.php?id=58856,Beatrix Potter's classic tale comes to life as we follow the rebellious Peter Rabbit on his quest to sneak in to Mr. McGregor's vegetable garden. --
Early Man,4121,2.9,02/16/2018,English,"Animation, Adventure",PG,Nick Park,"Maisie Williams, Tom Hiddleston, Eddie Redmayne, Mark Williams, Timothy Spall, Richard Ayoade",https://www.filmcrave.com/movie_page_main.php?id=58857,"The dawning of a new age... isn't for Dug, along with sidekick Hognob - who are content to hunt and gather with their tribe. But Lord Nooth and his Bronze Age city threaten their way of life, but the two won't go down without a fight. --"
Samson,40013,1.6,02/16/2018,English,"Action, Drama",PG-13,Bruce Macdonald,"Jackson Rathbone, Billy Zane, Taylor James, Rutger Hauer, Caitlin Leahy, Lindsay Wagner",https://www.filmcrave.com/movie_page_main.php?id=58858,"The biblical tale of Samson, following a Hebrew blessed with the gift of strength who finds himself torn between revenge against the Philistines and redemption for both his people and God. But in order to achieve victory, he will face the ultimate sacrifice. --"
Annihilation,2670,2.8,02/23/2018,English,"Action, Fantasy",R,Alex Garland,"Tessa Thompson, Natalie Portman, Jennifer Jason Leigh, Oscar Isaac, Gina Rodriguez, Sonoya Mizuno",https://www.filmcrave.com/movie_page_main.php?id=58859,"Seeking answers to the whereabouts of her husband, a biologist joins a group of women on a dangerous expedition to a place known only as Area X. Area X is like no other - surreal, beautiful and extremely dangerous, where the laws of nature no longer apply. --"
Game Night,3135,2.8,02/23/2018,English,"Comedy, Mystery",R,"John Francis Daley, Jonathan Goldstein","Jason Bateman, Rachel McAdams, Kyle Chandler, Jesse Plemons, Billy Magnussen, Kabby Borders",https://www.filmcrave.com/movie_page_main.php?id=58860,A group of friends who routinely get together for game night find themselves playing for real stakes when they become part of an actual murder mystery. --
Gringo,16605,2.3,03/09/2018,English,"Action, Comedy",R,Nash Edgerton,"Charlize Theron, David Oyelowo, Joel Edgerton, Amanda Seyfried, Sharlto Copley, Thandie Newton",https://www.filmcrave.com/movie_page_main.php?id=58861,"A seemingly mid-mannered businessman travels to Mexico for deal only to find himself in the middle of an increasingly more dangerous, and illegal, activities. With back-stabbing partners back home, angry drug dealers nearby and a conflicted black-ops mercenary close behind - survival becomes the name of the game, but is he truly the victim or the mastermind? --"
The Upside,12338,2.4,01/11/2019,English,"Comedy, Drama",PG-13,Neil Burger,"Nicole Kidman, Bryan Cranston, Kevin Hart, Julianna Margulies, Golshifteh Farahani, Amara Karan",https://www.filmcrave.com/movie_page_main.php?id=58862,"Remake of the French film, The Intouchables, that follows a rich, paraplegic man and his relationship with the unemployed criminal who is hired to help him. --"
Action Point,26634,2.1,06/01/2018,English,"Action, Comedy",R,Tim Kirkby,"Johnny Knoxville, Brigette Lundy-Paine, Johnny Pemberton, Chris Pontius, Aidan Whytock, Eleanor Worthington-Cox",https://www.filmcrave.com/movie_page_main.php?id=58863,"A daredevil enlists the help of his like-minded friends in order to design his own, signature theme park. --"
Robin Hood,31431,1.8,11/21/2018,English,"Action, Adventure",PG-13,Otto Bathurst,"Taron Egerton, Ben Mendelsohn, Jamie Dornan, Jamie Foxx, Paul Anderson, Eve Hewson",https://www.filmcrave.com/movie_page_main.php?id=58864,"Robin of Loxley has returned home after a long tour of duty in the Crusades, with his Moorish commander. But the English home they know is now ruled by a corrupt crown and the duo plan an audacious revolt as a new Robin Hood and his group of men disrupt the system. --"
Sherlock Gnomes,34353,1.8,03/23/2018,English,"Animation, Comedy",PG,John Stevenson,"James McAvoy, Johnny Depp, Emily Blunt, Maggie Smith, Stephen Merchant, Chiwetel Ejiofor",https://www.filmcrave.com/movie_page_main.php?id=58865,"When garden ornaments begin disappearing, Gnomeo and Juliet track down the world's most renowned detective in order to solve the mystery and find the missing gnomes. --"
"Unknown Girl, The ( fille inconnue, La )",53362,3.0,08/25/2017,French,"Crime, Drama",NR,"Jean-Pierre Dardenne, Luc Dardenne","Ad\xc3\xa8le Haenel, Olivier Bonnaud, J\xc3\xa9r\xc3\xa9mie Renier, Louka Minnella, Christelle Cornil, Nad\xc3\xa8ge Ouedraogo",https://www.filmcrave.com/movie_page_main.php?id=58866,Unknown
Who the Fuck is That Guy? The Fabulous Journey of Michael Alago,32961,2.8,07/21/2017,English,Documentary,NR,Drew Stone,Michael Alago,https://www.filmcrave.com/movie_page_main.php?id=58867,Unknown
The Battleship Island,32962,2.8,08/04/2017,Korean,"Action, Drama",NR,Seung-wan Ryoo,"Jung-min Hwang, Su-an Kim, Jung-hyun Lee, Ji-seob So, Joong-ki Song",https://www.filmcrave.com/movie_page_main.php?id=58868,Unknown
Armed Response,31463,2.8,08/04/2017,English,"Horror, Thriller",R,John Stockwell,"Wesley Snipes, Anne Heche, Dave Annable, Colby Lopez, Kyle Clements, Morgan Roberts",https://www.filmcrave.com/movie_page_main.php?id=58869,Unknown
Some Freaks,53326,3.0,08/04/2017,English,"Comedy, Drama",NR,Ian MacAllister McDonald,"Thomas Mann, Marin Ireland, Lily Mae Harrington, Lachlan Buchanan, Ely Henry, Elise Hudson",https://www.filmcrave.com/movie_page_main.php?id=58870,Unknown
Venom,8482,2.5,10/05/2018,English,"Action, Sci-Fi",PG-13,Ruben Fleischer,"Tom Hardy, Michelle Williams, Jenny Slate, Riz Ahmed, Scott Haze, Reid Scott",https://www.filmcrave.com/movie_page_main.php?id=58872,"A driven reporter on a crusade investigates the actions of the Life Foundation thanks to information from a whistleblower, But his investigation puts him in direct contact with an alien symbiote, one that transforms him into the deadly Venom. Soon his is taking much more direct action against the villainous company even as he tries to keep his sanity. --"
Duck Duck Goose,53697,3.0,04/20/2018,English,"Animation, Comedy",PG,Christopher Jenkins,"Jim Gaffigan, Zendaya, Lance Lim, Greg Proops, Natasha Leggero, Diedrich Bader",https://www.filmcrave.com/movie_page_main.php?id=58873,Unknown
One Percent More Humid,59857,2.0,04/21/2017,English,Documentary,R,Liz W. Garcia,"Julia Garner, Juno Temple, Maggie Siff, Olivia Luccardi, Alessandro Nivola, Mamoudou Athie",https://www.filmcrave.com/movie_page_main.php?id=58874,Unknown
A Question of Faith,53417,3.0,09/29/2017,English,Drama,PG,Kevan Otto,"Richard T. Jones, Kim Fields, C. Thomas Howell, Ren\xc3\xa9e O'Connor, Gregory Alan Williams, T.C. Stallings",https://www.filmcrave.com/movie_page_main.php?id=58875,"Three families live in the same community, but come from different cultures and backgrounds. When tragedy puts each of them on a converging path, a path that will lead to discover God's love, grace and mercy. --"
Tragedy Girls,14275,2.8,03/12/2017,English,"Comedy, Horror",R,Tyler MacIntyre,"Brianna Hildebrand, Kevin Durand, Josh Hutcherson, Nicky Whelan, Jack Quaid, Alexandra Shipp",https://www.filmcrave.com/movie_page_main.php?id=58876,Unknown
Dream Boat,53284,3.0,06/21/2017,English,Documentary,NR,Tristan Milewski,Unknown,https://www.filmcrave.com/movie_page_main.php?id=58877,Unknown
(Romance) in the Digital Age,53405,3.0,09/23/2017,English,Comedy,NR,Jason Michael Brescia,"Chris Warren, Lauren Pritchard, Lauren Moore, Joe Murphy, Chris Viemeister, Jill Durso",https://www.filmcrave.com/movie_page_main.php?id=58878,Unknown
After Auschwitz,59841,2.0,03/25/2017,English,Documentary,NR,Jon Kean,"Eva Beckmann, Rena Drexler, Renee Firestone, Erika Jacoby, Lili Majzner, Linda Sherman",https://www.filmcrave.com/movie_page_main.php?id=58879,Unknown
The Crest,52994,3.0,02/01/2017,English,Documentary,NR,Mark Christopher Covino,"Mike Carney, Jerry Hayes, Andrew Jacob, Dennis Kane, Denny Kane, Joe Kane",https://www.filmcrave.com/movie_page_main.php?id=58880,Unknown
Julian Schnabel: A Private Portrait,53201,3.0,05/05/2017,English,Documentary,NR,Pappi Corsicato,"Julian Schnabel, Stella Schnabel, Vito Schnabel, Willem Dafoe, Al Pacino, Bono",https://www.filmcrave.com/movie_page_main.php?id=58881,Unknown
Kill Me Please ( Mate-me por favor ),53369,3.0,09/01/2017,Portuguese,"Drama, Thriller",NR,Anita Rocha da Silveira,"Valentina Herszage, Dora Freind, Mariana Oliveira, J\xc3\xbalia Roliz, Rita Pauls, Bernardo Marinho",https://www.filmcrave.com/movie_page_main.php?id=58882,Unknown
Replace,53268,3.0,06/16/2017,English,"Horror, Thriller",NR,Norbert Keil,"Rebecca Forsythe, Lucie Aron, Barbara Crampton, Sean Knopp, Adnan Maral, Agnes Kiyomi Decker",https://www.filmcrave.com/movie_page_main.php?id=58883,Unknown
Life Hack,59870,2.0,06/03/2017,English,Comedy,NR,Sloan Copeland,"Devin Ratray, Sean Kleier, Derek Wilson, Jonathan Roumie, Margaret Keane Williams, Doug Roland",https://www.filmcrave.com/movie_page_main.php?id=58884,Unknown
Bobbi Jene,53153,3.0,04/21/2017,English,"Documentary, Drama",NR,Elvira Lind,"Or Schraiber, Bobbi Jene Smith",https://www.filmcrave.com/movie_page_main.php?id=58885,Unknown
In Search of Liberty,53363,3.0,08/29/2017,English,"Adventure, Comedy",NR,Norm Novitsky,"Jimmy Hager, Bobby Deen, Karen Boles, Kayla Huth, Tyler Huth, Simone Griffeth",https://www.filmcrave.com/movie_page_main.php?id=58886,Unknown
Napping Princess ( Hirune-hime: Shiranai watashi no monogatari ),26236,3.0,09/08/2017,Japanese,"Anime, Drama",NR,Kenji Kamiyama,"Mitsuki Takahata, Shinnosuke Mitsushima, Arata Furuta, Brina Palencia, Risa Shimizu, Doug Erholtz",https://www.filmcrave.com/movie_page_main.php?id=58887,"What Morikawa Kokone should be doing is studying for her university exams, but instead, she finds herself continuously dozing off. Even when her father is arrested just before the Tokyo Olympics and family mysteries beckon her, instead she sleeps - where a thrilling world awaits her. But there may be more to her dreams than she realizes. --"
Tokyo Ghoul ( T\xc3\xb4ky\xc3\xb4 g\xc3\xbbru ),53337,3.0,08/10/2017,Japanese,"Action, Horror",NR,Kentar\xc3\xb4 Hagiwara,"Y\xc3\xbb Aoi, Masataka Kubota, Shun'ya Shiraishi, Fumika Shimizu, Nozomi Sasaki, Y\xc3\xb4 \xc3\x94izumi",https://www.filmcrave.com/movie_page_main.php?id=58888,Unknown
"Literally, Right Before Aaron",53166,3.0,04/22/2017,English,"Comedy, Drama",NR,Ryan Eggold,"Cobie Smulders, Justin Long, Kristen Schaal, John Cho, Ryan Hansen, Lea Thompson",https://www.filmcrave.com/movie_page_main.php?id=58889,Unknown
A Gentleman,53359,3.0,08/25/2017,Hindi,"Action, Comedy",NR,"Krishna D.K., Raj Nidimoru","Jacqueline Fernandez, Sunil Shetty, Sidharth Malhotra, Betsy Graver, Malik Bazille, Zachary Coffin",https://www.filmcrave.com/movie_page_main.php?id=58890,"Gaurav wants nothing more than to settle down to a nice, quiet family life. He thinks he has found the perfect match with Kavya, and does everything he can to charm her in to marriage. But Kavya is looking for a man that can bring excitement and a bit of risk in to her own life. Things take an interesting turn when Gaurav is given an assignment to Mumbai... --"
Nightmare ( Qing Yan ),37696,2.5,07/06/2012,Mandarin,Horror,NR,Herman Yau,"Xuan Huang, Fiona Sit, Chuchu Zhou",https://www.filmcrave.com/movie_page_main.php?id=58891,Unknown
Broken ( Bang-hwang-ha-neun kal-nal ),16073,3.5,00/00/0000,Korean,"Action, Crime",NR,Jeong-ho Lee,"Jeong-ho Lee, Sung-min Lee, Jun-Yeong Seo, Kim Hyeon-I, Dae-Myung Kim",https://www.filmcrave.com/movie_page_main.php?id=58892,Unknown
The Adventurers,53348,3.0,08/17/2017,Mandarin,"Action, Crime",NR,Stephen Fung,"Jean Reno, Qi Shu, Andy Lau, Jingchu Zhang, Eric Tsang, Tony Yo-ning Yang",https://www.filmcrave.com/movie_page_main.php?id=58893,Unknown
6 Days ,38088,2.5,08/18/2017,English,"Action, Drama",R,Toa Fraser,"Abbie Cornish, Mark Strong, Jamie Bell, Emun Elliott, Martin Shaw, Nicholas Boulton",https://www.filmcrave.com/movie_page_main.php?id=58894,Unknown
Ghost House,22999,2.5,08/25/2017,English,"Horror, Thriller",NR,Rich Ragsdale,"Scout Taylor-Compton, James Landry H\xc3\xa9bert, Mark Boone Junior, Michael S. New, Elana Krausz, Kevin Ragsdale",https://www.filmcrave.com/movie_page_main.php?id=58895,Unknown
Legend of the Naga Pearls ( Jiao zhu zhuan ),53360,3.0,08/25/2017,Mandarin,"Action, Comedy",NR,Yang Lei,"Darren Wang, Tianai Zhang, Simon Yam, Guansen Sheng, Xun Wang, Siu-Wong Fan",https://www.filmcrave.com/movie_page_main.php?id=58896,Unknown
Naked,53339,3.0,08/11/2017,English,"Comedy, Fantasy",NR,Michael Tiddes,"Marlon Wayans, Regina Hall, Dennis Haysbert, J.T. Jackson, Scott Foley, Brian McKnight",https://www.filmcrave.com/movie_page_main.php?id=58897,Unknown
Aloys,14268,2.8,09/24/2016,Other,"Drama, Fantasy",NR,Tobias N\xc3\xb6lle,"Georg Friedrich, Tilde von Overbeck, Kamil Krejc\xc3\xad, Yufei Li, Koi Lee, Sebastian Kr\xc3\xa4henb\xc3\xbchl",https://www.filmcrave.com/movie_page_main.php?id=58898,Unknown
Battle of Memories ( Ji yi da shi ),26214,3.0,04/28/2017,Mandarin,"Mystery, Thriller",NR,Leste Chen,"Bo Huang, Jinglei Xu, Yihong Duan, Zishan Yang, Wei-ning Hsu, Eoin O'Brien",https://www.filmcrave.com/movie_page_main.php?id=58899,'Battle of Memories' tells the story of a famous novelist who recovers from a
The Salamander,49180,3.0,05/23/1983,English,Thriller,NR,Peter Zinner,"Franco Nero, Anthony Quinn, Martin Balsam, Sybil Danning, Christopher Lee, Cleavon Little",https://www.filmcrave.com/movie_page_main.php?id=58900,Unknown
Zoology ( Zoologiya ),38053,2.5,09/25/2016,Russian,Drama,NR,Ivan I. Tverdovskiy,"Masha Tokareva, Natalya Pavlenkova, Aleksandr Gorchilin, Dmitriy Groshev, Olga Ergina, Irina Chipizhenko",https://www.filmcrave.com/movie_page_main.php?id=58901,Unknown
The Terror Within II,34486,2.0,01/18/1991,English,"Horror, Sci-Fi",R,Andrew Stevens,"Andrew Stevens, Stella Stevens, Chick Vennera, R. Lee Ermey, Burton Gilliam, Clare Hoak",https://www.filmcrave.com/movie_page_main.php?id=58902,Unknown
Baby Steps,53344,3.0,08/15/2017,English,"Comedy, Drama",NR,Barney Cheng,"Tzi Ma, Michael Adam Hamilton, Meera Simhan, Jason Stuart, Nad\xc3\xa8ge August, Elizabeth Ann Koshak",https://www.filmcrave.com/movie_page_main.php?id=58903,Unknown
Besetment,53248,3.0,06/06/2017,English,"Horror, Thriller",NR,Brad Douglas,"John T. Woods, Abby Wathen, Lindsae Klein, Marlyn Mason, Michael Meyer, Jim Stark",https://www.filmcrave.com/movie_page_main.php?id=58904,Unknown
Broken Mile,53323,3.0,08/04/2017,English,"Crime, Drama",NR,Justin McConnell,"Francesco Filice, Caleigh Le Grand, Patrick McFadden, Lea Lawrynowicz, Adam Buller, Dave McGrath",https://www.filmcrave.com/movie_page_main.php?id=58905,Unknown
Dina,53435,3.0,10/06/2017,English,Documentary,NR,"Antonio Santini, Dan Sickles","Dina Buno, Scott Levin",https://www.filmcrave.com/movie_page_main.php?id=58906,Unknown
Mary Magdalene,17325,2.5,04/12/2019,English,Drama,R,Garth Davis,"Rooney Mara, Joaquin Phoenix, Chiwetel Ejiofor, Ariane Labed, Ryan Corr, Tahar Rahim",https://www.filmcrave.com/movie_page_main.php?id=58907,Unknown
Little Evil,12767,2.6,09/01/2017,English,"Comedy, Horror",NR,Eli Craig,"Evangeline Lilly, Adam Scott, Owen Atlas, Bridget Everett, Clancy Brown, Tyler Labine",https://www.filmcrave.com/movie_page_main.php?id=58908,Unknown
The Patent Scam,53347,3.0,08/15/2017,English,Documentary,NR,Austin Meyer,"Austin Meyer, Eric Rosebrock, Bill Chastain, Alex Haro, Daniel Nazer, Kate Doerkson",https://www.filmcrave.com/movie_page_main.php?id=58909,Unknown
Warfighter,53552,3.0,12/15/2017,English,"Action, Drama",NR,Jerry G. Angelo,"Jerry G. Angelo, Paul Logan, Isaac C. Singleton Jr., Victoria Clare, Joshua Santana, Carolina Castro",https://www.filmcrave.com/movie_page_main.php?id=58910,Unknown
Different Flowers,52997,3.0,02/02/2017,English,Comedy,PG-13,Morgan Dameron,"Emma Bell, Hope Lauren, Shelley Long, Rob Mayes, Romy Rosemont, Sterling Knight",https://www.filmcrave.com/movie_page_main.php?id=58911,Unknown
Jungle,7992,2.7,10/20/2017,English,"Action, Drama",R,Greg McLean,"Daniel Radcliffe, Thomas Kretschmann, Alex Russell, Lily Sullivan, Jacek Koman, Yasmin Kassim",https://www.filmcrave.com/movie_page_main.php?id=58912,Unknown
"Love, Simon",2016,3.0,03/16/2018,English,Drama,PG-13,Greg Berlanti,"Nick Robinson, Talitha Eliana Bateman, Jennifer Garner, Josh Duhamel, Katherine Langford, Logan Miller",https://www.filmcrave.com/movie_page_main.php?id=58913,"Everyone looks forward to their own love story, but for Simon, things are complicated. For one, no one knows he is gay and second, he has no idea who his anonymous online classmate is that he has fallon for. It won't take long for both issues to be resolved leading to result equally humorous and terrifying. --"
The Houses October Built 2,53401,3.0,09/22/2017,English,Horror,NR,Bobby Roe,"Brandy Schaefer, Zack Andrews, Mikey Roe, Bobby Roe, Jeff Larson",https://www.filmcrave.com/movie_page_main.php?id=58914,Unknown
Ramblin' Freak,38075,2.5,03/13/2017,English,Documentary,NR,Parker Smith,"Parker Smith, Cat, Gregg Valentino",https://www.filmcrave.com/movie_page_main.php?id=58915,Unknown
Abundant Acreage Available,59855,2.0,04/20/2017,English,Drama,NR,Angus MacLachlan,"Steve Coulter, Max Gail, Francis Guinan, Terry Kinney, Amy Ryan",https://www.filmcrave.com/movie_page_main.php?id=58916,Unknown
Strong Island,10900,3.0,09/15/2017,English,Documentary,NR,Yance Ford,Unknown,https://www.filmcrave.com/movie_page_main.php?id=58917,Unknown
Don't Sleep,44823,2.0,09/29/2017,English,"Horror, Thriller",NR,Rick Bieber,"Dominic Sherwood, Cary Elwes, Drea de Matteo, Jill Hennessy, Alex Rocco, Charlbi Dean Kriek",https://www.filmcrave.com/movie_page_main.php?id=58918,"Two young lovers, Shawn and Zach, move in to a guest house owned by the Marino family. Shortly after, bizarre events begin to occur and Zach starts to recover childhood memories, long buried and suppressed by shock treatments, uncovering a history of psychosis. But as the tendencies get more violent, and he puts Shawn in danger, he realizes the problem may be based on something much more dangerous than he could imagine. --"
Cowboy Up,50309,3.0,09/03/2002,English,"Drama, Romance",PG-13,Xavier Koller,"Kiefer Sutherland, Marcus Thomas, Daryl Hannah, Melinda Dillon, Molly Ringwald, Russell Means",https://www.filmcrave.com/movie_page_main.php?id=58919,Unknown
Blood Stripe,52647,3.0,06/02/2016,English,"Drama, War",NR,Remy Auberjonois,"Chris Sullivan, Rene Auberjonois, Tom Lipinski, Rusty Schwimmer, Ashlie Atkinson, Kate Nowlin",https://www.filmcrave.com/movie_page_main.php?id=58920,Unknown
120 Beats Per Minute ( 120 battements par minute ),6860,2.8,10/20/2017,French,Drama,NR,Robin Campillo,"Nahuel P\xc3\xa9rez Biscayart, Arnaud Valois, Ad\xc3\xa8le Haenel, Antoine Reinartz, F\xc3\xa9lix Maritaud, M\xc3\xa9dhi Tour\xc3\xa9",https://www.filmcrave.com/movie_page_main.php?id=58921,"The average heart rate is 120 beats per minute. For Nathan, who has just joined the Act up-Paris movement, which seeks to fight the general indifference to the AIDS epidemic, his new passion to spread the word is compounded when he meets Sean, a radical militant, who puts his last bit of strength in to this struggle. --"
Welcome to Willits,32964,2.8,09/22/2017,English,"Horror, Sci-Fi",NR,Trevor Ryan,"Bill Sage, Chris Zylka, Anastasia Baranova, Dolph Lundgren, Sabina Gadecki, Rory Culkin",https://www.filmcrave.com/movie_page_main.php?id=58922,Unknown
Cupid's Proxy,59890,2.0,09/12/2017,English,Family,NR,Jason Dallas,"Jet Jurgensmeyer, Valerie Azlynn, Steve Byrne, Jack\xc3\xa9e Harry, Carolyn Dodd, Rex Linn",https://www.filmcrave.com/movie_page_main.php?id=58923,Unknown
Daphne,53067,3.0,03/11/2017,English,"Comedy, Drama",NR,Peter Mackie Burns,"Emily Beecham, Geraldine James, Tom Vaughan-Lawlor, Nathaniel Martello-White, Osy Ikhile, Sinead Matthews",https://www.filmcrave.com/movie_page_main.php?id=58924,Unknown
The Endless,3241,3.0,04/21/2017,English,"Horror, Sci-Fi",NR,"Justin Benson, Aaron Moorhead","Callie Hernandez, Lew Temple, Tate Ellington, Emily Montague, James Jordan, Justin Benson",https://www.filmcrave.com/movie_page_main.php?id=58925,Unknown
Realive,9987,2.7,09/29/2017,English,"Drama, Sci-Fi",NR,Mateo Gil,"Tom Hughes, Charlotte Le Bon, Oona Chaplin, Barry Ward, Julio Perill\xc3\xa1n, Rafael Cebri\xc3\xa1n",https://www.filmcrave.com/movie_page_main.php?id=58926,Unknown
"Moscow Gold ( oro de Mosc\xc3\xba, El )",41556,2.3,03/28/2003,Spanish,"Action, Comedy",NR,Jes\xc3\xbas Bonilla,"Jes\xc3\xbas Bonilla, Santiago Segura, Concha Velasco, Alfredo Landa, Antonio Resines, Mar\xc3\xada Barranco",https://www.filmcrave.com/movie_page_main.php?id=58927,Unknown
"Carmilla, the Lesbian Vampire ( Vampires vs. Zombies )",55141,1.5,04/13/2004,English,Horror,R,Vince D'Amato,"Bonny Giroux, C.S. Munro, Maritama Carlson, Brinke Stevens, Peter Ruginis, Melanie Crystal",https://www.filmcrave.com/movie_page_main.php?id=58928,Unknown
Zodiac 12: Five Steps of Love ( 12 Chom Sao: Vea Duong Cho Yeu Chay ),53354,3.0,08/18/2017,Vietnamese,"Comedy, Romance",NR,Ngoc Phuong Vu,"B Tran, Jun Vu, Quynh Chi Nguyen, Jun Pham, Kim Nha Tran, Canh Vo",https://www.filmcrave.com/movie_page_main.php?id=58929,Unknown
Simple Creature,53316,3.0,07/25/2017,English,"Sci-Fi, Thriller",NR,Andrew Finnigan,"Russell Hodgkinson, Alycia Delmore, Carollani Sandberg, D'Angelo Midili, Rich Morris, Tony Doupe",https://www.filmcrave.com/movie_page_main.php?id=58930,Unknown
England is Mine,53358,3.0,08/25/2017,English,"Biography, Drama",NR,Mark Gill,"Jack Lowden, Jessica Brown Findlay, Jodie Comer, Peter McDonald, Laurie Kynaston, Simone Kirby",https://www.filmcrave.com/movie_page_main.php?id=58931,Unknown
Deep,53357,3.0,08/25/2017,English,"Animation, Adventure",PG,Julio Soto Gurpide,"Justin Felbinger, Stephen Hughes, Lindsey Alena, Elisabeth Gray, Dwight Schultz, William Salyers",https://www.filmcrave.com/movie_page_main.php?id=58932,Unknown
Demons,53434,3.0,10/06/2017,English,Horror,NR,Miles Doleac,"John Schneider, Andrew Divoff, Steven Brand, Gary Grubbs, Miles Doleac, Jessica Harthcock",https://www.filmcrave.com/movie_page_main.php?id=58933,Unknown
Dalida,53367,3.0,09/01/2017,French,"Biography, Drama",NR,Lisa Azuelos,"Sveva Alviti, Riccardo Scamarcio, Jean-Paul Rouve, Nicolas Duvauchelle, Alessandro Borghi, Valentina Carli",https://www.filmcrave.com/movie_page_main.php?id=58934,Unknown
SPF-18,38094,2.5,09/29/2017,English,Romance,NR,"Michael Berk, Alex Israel",Jackson White,https://www.filmcrave.com/movie_page_main.php?id=58935,"Penny and her cousin are invited to stay with her boyfriend who is house-sitting in Malibu for the summer. When a musician is found sleeping on the beach outside the house, Penny is torn between this new stranger and her boyfriend. --"
"Faces Places ( Visages, villages )",3596,3.5,10/01/2017,French,Documentary,PG,"JR, Agn\xc3\xa8s Varda","Agn\xc3\xa8s Varda, JR, Laurent Levesque, Jean-Luc Godard",https://www.filmcrave.com/movie_page_main.php?id=58936,Unknown
The Force,52976,3.0,01/22/2017,English,Documentary,NR,Peter Nicks,Juan Carlos Zapata,https://www.filmcrave.com/movie_page_main.php?id=58937,Unknown
Lipstick Under My Burkha,53107,3.0,03/30/2017,Hindi,"Comedy, Drama",NR,Alankrita Shrivastava,"Aahana Kumra, Ratna Pathak Shah, Konkona Sen Sharma, Plabita Borthakur, Shashank Arora, Disha Arora",https://www.filmcrave.com/movie_page_main.php?id=58938,Unknown
Brawl in Cell Block 99,4613,2.8,09/01/2017,English,"Action, Crime",NR,S. Craig Zahler,"Jennifer Carpenter, Vince Vaughn, Don Johnson, Tom Guiry, Marc Blucas, Udo Kier",https://www.filmcrave.com/movie_page_main.php?id=58939,In a criminals world of dog eat dog the hero descends to his death in high security cell to be on top of his enemies hiding there and to save his new family. --
God's Own Country,727,3.3,10/27/2017,English,"Drama, Romance",NR,Francis Lee,"Josh O'Connor, Alec Secareanu, Gemma Jones, Ian Hart, Liam Thomas, Melanie Kilburn",https://www.filmcrave.com/movie_page_main.php?id=58940,Unknown
Godspeed ( Yi lu shun feng ),53235,3.0,05/28/2017,Unknown,Drama,NR,Mong-Hong Chung,"Michael Hui, Na-Dou Lin, Leon Dai, Chung-Hua Tou, Matt Chung-tien Wu, Vincent Liang",https://www.filmcrave.com/movie_page_main.php?id=58941,Unknown
Have a Nice Day ( Hao ji le ),53251,3.0,06/06/2017,Mandarin,"Animation, Crime",NR,Jian Liu,Unknown,https://www.filmcrave.com/movie_page_main.php?id=58942,Unknown
I Dream in Another Language ( Sue\xc3\xb1o en otro idioma ),53318,3.0,07/28/2017,Spanish,"Drama, Fantasy",NR,Ernesto Contreras,"Fernando \xc3\x81lvarez Rebeil, Jos\xc3\xa9 Manuel Poncelis, Eligio Mel\xc3\xa9ndez, F\xc3\xa1tima Molina, Juan Pablo de Santiago, Hoze Mel\xc3\xa9ndez",https://www.filmcrave.com/movie_page_main.php?id=58943,Unknown
In Syria ( Insyriated ),53217,3.0,05/19/2017,Arabic,Drama,NR,Philippe Van Leeuw,"Hiam Abbass, Diamand Bou Abboud, Juliette Navis, Mohsen Abbas, Moustapha Al Kar, Alissar Kaghadou",https://www.filmcrave.com/movie_page_main.php?id=58944,Unknown
Ivan Tsarevitch and the Changing Princess: Four Enchanting Tales ( Ivan Tsar\xc3\xa9vitch et la princesse changeante ),53222,3.0,05/20/2017,French,"Animation, Fantasy",NR,Michel Ocelot,"Marine Griset, Julien B\xc3\xa9ramis, Michel Elias, Olivier Claverie, Yves Barsacq, Michel Ocelot",https://www.filmcrave.com/movie_page_main.php?id=58945,Unknown
King of Peking,53147,3.0,04/20/2017,Mandarin,"Comedy, Drama",NR,Sam Voutas,"Jun Zhao, Wang Naixun, Qing Han, Si Chao, Bowen Geng, Long Yi",https://www.filmcrave.com/movie_page_main.php?id=58946,Unknown
"Lover for a Day ( amant d'un jour, L' )",21379,3.3,10/10/2017,French,Drama,NR,Philippe Garrel,"\xc3\x89ric Caravaca, Esther Garrel, Louise Chevillotte, Paul Toucang, F\xc3\xa9lix Kysyl, Michel Charrel",https://www.filmcrave.com/movie_page_main.php?id=58947,Unknown
Spettacolo,53375,3.0,09/06/2017,English,Documentary,NR,"Jeff Malmberg, Chris Shellen","Andrea Cresti, Chiara Del Ciondolo, Gianna Fiore, Gianpiero Giglioni, Nagis Grappi, Alpo Mangiavacchi",https://www.filmcrave.com/movie_page_main.php?id=58948,Unknown
Once Upon a Time at Christmas,53534,3.0,12/01/2017,English,Horror,R,Paul Tanter,"Simon Phillips, Sayla Vee, Jeff Ellenberger, Brook Fletcher, Christina Vernucci, Barry Kennedy",https://www.filmcrave.com/movie_page_main.php?id=58949,Unknown
Teenage Kicks,52844,3.0,10/15/2016,English,Drama,NR,Craig Boreham,"Miles Szanto, Daniel Webber, Anni Finsterer, Shari Sebbens, Charlotte Best, Lech Mackiewicz",https://www.filmcrave.com/movie_page_main.php?id=58950,Unknown
Most Beautiful Island,26207,3.0,03/12/2017,English,"Drama, Thriller",NR,Ana Asensio,"Ana Asensio, Natasha Romanova, David Little, Nicholas Tucci, Larry Fessenden, Caprice Benedetti",https://www.filmcrave.com/movie_page_main.php?id=58951,Unknown
Nocturama,41947,2.3,08/11/2017,French,"Drama, Thriller",NR,Bertrand Bonello,"Finnegan Oldfield, Vincent Rottiers, Hamza Meziani, Manal Issa, Martin Petit-Guyot, Jamil McCraven",https://www.filmcrave.com/movie_page_main.php?id=58952,Unknown
Blade of the Immortal ( Mugen no j\xc3\xbbnin ),4425,3.0,11/03/2017,Japanese,"Action, Drama",R,Takashi Miike,"Takuya Kimura, Hana Sugisaki, S\xc3\xb4ta Fukushi, Erika Toda, Hayato Ichihara, Chiaki Kuriyama",https://www.filmcrave.com/movie_page_main.php?id=58953,"After his sister is murdered, Manji, a skilled samurai, goes on a quest for vengeance, slaughtering countless other samurai before a nun curses him with immortality. Decades later, he meets a young girl who is also on a quest to avenge the murder of her family. Reminded of his sister, Manji agrees to help her and finds himself up against a master swordsman and his powerful group, who wan to take over all dojos. --"
78/52,53448,3.0,10/13/2017,English,Documentary,NR,Alexandre O. Philippe,"Peter Bogdanovich, Jamie Lee Curtis, Guillermo del Toro, Bret Easton Ellis, Mick Garris, Bob Murawski",https://www.filmcrave.com/movie_page_main.php?id=58954,Unknown
The Pathological Optimist,59900,2.0,09/29/2017,English,Documentary,NR,Miranda Bailey,Andrew Wakefield,https://www.filmcrave.com/movie_page_main.php?id=58955,Unknown
"Paris Opera, The ( Op\xc3\xa9ra, L' )",53054,3.0,03/07/2017,French,Documentary,NR,Jean-St\xc3\xa9phane Bron,"St\xc3\xa9phane Lissner, Benjamin Millepied",https://www.filmcrave.com/movie_page_main.php?id=58956,Unknown
Take Every Wave: The Life of Laird Hamilton,52977,3.0,01/22/2017,English,"Documentary, Sport",NR,Rory Kennedy,Laird Hamilton,https://www.filmcrave.com/movie_page_main.php?id=58957,Unknown
Railway Sleepers ( Mon Rot Fai ),59827,2.0,03/03/2017,Thai,Documentary,NR,Sompot Chidgasornpongse,Francois Langello,https://www.filmcrave.com/movie_page_main.php?id=58958,Unknown
Red Trees,53392,3.0,09/15/2017,English,Documentary,NR,Marina Willer,Tim Pigott-Smith,https://www.filmcrave.com/movie_page_main.php?id=58959,Unknown
A River Below,53169,3.0,04/22/2017,English,Documentary,NR,Mark Grieco,"Richard Rasmussen, Fernando Trujillo",https://www.filmcrave.com/movie_page_main.php?id=58960,Unknown
The Road to Mandalay,53193,3.0,04/30/2017,Other,Drama,NR,Midi Z,"Kai Ko, Ke-Xi Wu",https://www.filmcrave.com/movie_page_main.php?id=58961,Unknown
Sami Blood ( Sameblod ),26219,3.0,06/02/2017,Swedish,Drama,NR,Amanda Kernell,"Lene Cecilia Sparrok, Mia Erika Sparrok, Maj-Doris Rimpi, Julius Fleischanderl, Olle Sarri, Hanna Alstr\xc3\xb6m",https://www.filmcrave.com/movie_page_main.php?id=58962,Unknown
A Skin So Soft,53421,3.0,09/30/2017,English,"Documentary, Sport",NR,Denis C\xc3\xb4t\xc3\xa9,"Jean-Fran\xc3\xa7ois Bouchard, C\xc3\xa9dric Doyon, Benoit Lapierre, Maxim Lemire, Alexis L\xc3\xa9gar\xc3\xa9, Ronald Yang",https://www.filmcrave.com/movie_page_main.php?id=58963,Unknown
Dodging the Bullet,59950,2.0,04/20/2018,English,"Action, Comedy",NR,"Josh Luckett, Josh S. Phillips","Anthony M. Panzeca, Sophia Manyet, Ted Stratton, Robert Lamar Burns, Jessica A. Napier, Casey Shaun Thomas",https://www.filmcrave.com/movie_page_main.php?id=58964,Unknown
Jeepers Creepers III,33791,1.9,09/26/2017,English,"Horror, Mystery",NR,Victor Salva,"Meg Foster, Gina Philips, Jonathan Breck, Carrie Lazar, Stan Shaw, Joyce Giraud",https://www.filmcrave.com/movie_page_main.php?id=58965,Unknown
Western,6953,3.0,09/30/2017,German,Drama,NR,Valeska Grisebach,"Meinhard Neumann, Reinhardt Wetrek, Syuleyman Alilov Letifov, Veneta Fragnova, Viara Borisova, Kevin Bashev",https://www.filmcrave.com/movie_page_main.php?id=58966,Unknown
Cyber Wars,50872,3.0,04/11/2006,English,"Action, Sci-Fi",PG-13,Jian Hong Kuo,"Genevieve O'Reilly, Luoyong Wang, Kay Siu Lim, David Warner, Joan Chen, Michael De Mesa",https://www.filmcrave.com/movie_page_main.php?id=58967,Unknown
"Taxi Driver, A ( Taeksi Woonjunsa )",5013,3.1,08/11/2017,Korean,"Action, Drama",NR,Hun Jang,"Kang-ho Song, Thomas Kretschmann, Hae-jin Yoo, Jun-yeol Ryu, Hyuk-kwon Park, Gwi-hwa Choi",https://www.filmcrave.com/movie_page_main.php?id=58968,Unknown
"Boy Who Came Back, The ( Fumihazushita haru )",48213,3.0,06/29/1958,Japanese,Drama,NR,Seijun Suzuki,"Sachiko Hidari, Akira Kobayashi, Ruriko Asaoka, Ayako Fukuda, Akira Hisamatsu, Ikuhiro Hashiguchi",https://www.filmcrave.com/movie_page_main.php?id=58969,Unknown
"Wind-of-Youth Group Crosses the Mountain Pass, The ( T\xc3\xb4ge o wataru wakai kaze )",48271,3.0,08/27/1961,Japanese,"Action, Crime",NR,Seijun Suzuki,"K\xc3\xb4ji Wada, Mayumi Shimizu, Nobuo Kaneko, Shin Morikawa, Arihiro Fujimura, Hideko Kariya",https://www.filmcrave.com/movie_page_main.php?id=58970,Unknown
Teenage Yakuza ( Hai tiin yakuza ),48290,3.0,06/20/1962,Japanese,"Action, Crime",NR,Seijun Suzuki,"Tamio Kawaji, Noriko Matsumoto, Keiko Sugiyama, Kayo Matsuo, Asao Sano, Midori Tashiro",https://www.filmcrave.com/movie_page_main.php?id=58971,Unknown
"Incorrigible, The ( Akutar\xc3\xb4 )",48319,3.0,09/21/1963,Japanese,Drama,NR,Seijun Suzuki,"Ken Yamauchi, Masako Izumi, Midori Tashiro, Yoko Ozono, Chiharu Kuri, Emiko Azuma",https://www.filmcrave.com/movie_page_main.php?id=58972,Unknown
Born Under Crossed Stars ( Akutar\xc3\xb4-den: Warui hoshi no shita demo ),48382,3.0,08/25/1965,Japanese,"Action, Drama",NR,Seijun Suzuki,"Michi Azuma, Y\xc3\xb4ko Benisawa, Hiroshi Ch\xc3\xb4, Ryuichi Fujiyama, Kotoe Hatsui, Jushiro Hirata",https://www.filmcrave.com/movie_page_main.php?id=58973,Unknown
Sidemen: Long Road to Glory,52748,3.0,08/18/2016,English,"Documentary, Biography",NR,Scott D. Rosenbaum,"Marc Maron, Pinetop Perkins, Hubert Sumlin, Willie 'Big Eyes' Smith, Joe Bonamassa, Gregg Allman",https://www.filmcrave.com/movie_page_main.php?id=58974,Unknown
What Happened to Monday,3561,2.9,08/18/2017,English,"Action, Mystery",NR,Tommy Wirkola,"Noomi Rapace, Glenn Close, Willem Dafoe, Marwan Kenzari, Christian Rubeck, P\xc3\xa5l Sverre Hagen",https://www.filmcrave.com/movie_page_main.php?id=58975,Unknown
"Queen of Spain, The ( reina de Espa\xc3\xb1a, La )",53353,3.0,08/18/2017,Spanish,"Comedy, Drama",NR,Fernando Trueba,"Pen\xc3\xa9lope Cruz, Cary Elwes, Mandy Patinkin, J.A. Bayona, Santiago Segura, Jorge Sanz",https://www.filmcrave.com/movie_page_main.php?id=58976,Unknown
Served Like a Girl,53361,3.0,08/25/2017,English,Documentary,NR,Lysa Heslov,"Nichole Alred, Jas Boothe, Rachel Engler, Hope Garcia, Denyse Gordon, Marissa Strock",https://www.filmcrave.com/movie_page_main.php?id=58977,Unknown
Sabtu Bersama Bapak,26175,3.0,05/19/2016,Other,Drama,NR,Monty Tiwa,"Sheila Dara Aisha, Abimana Aryasatya, Deva Mahenra, Ernest Prakasa, Arifin Putra, Acha Septriasa",https://www.filmcrave.com/movie_page_main.php?id=58978,Unknown
Radin!,52792,3.0,09/28/2016,French,Comedy,NR,Fred Cavay\xc3\xa9,"Dany Boon, Laurence Arn\xc3\xa9, No\xc3\xa9mie Schmidt, Patrick Ridremont, Christophe Canard, S\xc3\xa9bastien Chabal",https://www.filmcrave.com/movie_page_main.php?id=58979,Unknown
Rise of the Zombie,31525,2.8,04/05/2013,Hindi,"Drama, Horror",NR,"Luke Kenny, Devaki Singh","Luke Kenny, Kirti Kulhari, Ashwin Mushran, Benjamin Gilani, Prem Thapa, Pinky Negi",https://www.filmcrave.com/movie_page_main.php?id=58980,Unknown
Do It Like An Hombre ( Hazlo Como Hombre ),53368,3.0,09/01/2017,Spanish,Comedy,R,Nicol\xc3\xa1s L\xc3\xb3pez,"Mauricio Ochmann, Alfonso Dosal, Aislinn Derbez, Humberto Busto, Ignacia Allamand, Ariel Levy",https://www.filmcrave.com/movie_page_main.php?id=58981,Three guys who have been friends since childhood must come to terms with their relationship when one of the three announces he is gay. --
Third Star,37668,2.5,06/25/2011,English,Drama,NR,Hattie Dalton,"Tom Burke, Benedict Cumberbatch, JJ Feild, Adam Robertson, Hugh Bonneville, Rupert Frazer",https://www.filmcrave.com/movie_page_main.php?id=58982,Unknown
Cold Moon,41953,2.3,10/06/2017,English,"Crime, Horror",NR,Griff Furst,"Christopher Lloyd, Josh Stewart, Frank Whaley, Madison Wolfe, Rachele Brooke Smith, Robbie Kay",https://www.filmcrave.com/movie_page_main.php?id=58983,Unknown
Ex Libris: New York Public Library,32963,2.8,09/13/2017,English,Documentary,NR,Frederick Wiseman,Unknown,https://www.filmcrave.com/movie_page_main.php?id=58984,Unknown
Film Stars Don't Die in Liverpool,26232,3.0,09/01/2017,English,"Biography, Drama",R,Paul McGuigan,"Jamie Bell, Annette Bening, Vanessa Redgrave, Julie Walters, Stephen Graham, Kenneth Cranham",https://www.filmcrave.com/movie_page_main.php?id=58985,Unknown
Hostiles,1120,3.1,12/22/2017,English,"Drama, Western",R,Scott Cooper,"Christian Bale, Rosamund Pike, Peter Mullan, Ben Foster, Jesse Plemons, Stephen Lang",https://www.filmcrave.com/movie_page_main.php?id=58986,"Set in 1892, highly regarded Capt. Joseph J. Blocker takes on the assignment of escorting Cheyenne Chief Yellow Hawk, along with his family, through hostile territory. --"
Lady Bird,793,3.1,11/22/2017,English,Comedy,R,Greta Gerwig,"Saoirse Ronan, Laurie Metcalf, Lucas Hedges, Timoth\xc3\xa9e Chalamet, Tracy Letts, Beanie Feldstein",https://www.filmcrave.com/movie_page_main.php?id=58987,A rebellious girls attending a conservative Catholic high school in Sacramento looks to escape both her rote life and family by planning to attend college in New York. --
Happy Hunting,38092,2.5,09/22/2017,English,Horror,NR,"Joe Dietsch, Louie Gibson","Martin Dingle Wall, Ken Lally, Kenny Wormald, Connor Williams, Gary Sturm, C.J. Baker",https://www.filmcrave.com/movie_page_main.php?id=58988,An alcoholic drifter finds himself battling much more than withdrawal symptoms after he becomes the target for psychotic rednecks who make him the focal point of their twisted sporting event. --
7 Days in Entebbe,19303,2.3,03/16/2018,English,"Crime, Drama",PG-13,Jos\xc3\xa9 Padilha,"Rosamund Pike, Daniel Br\xc3\xbchl, Eddie Marsan, Ben Schnetzer, Kamil Lemieszewski, Denis M\xc3\xa9nochet",https://www.filmcrave.com/movie_page_main.php?id=58989,"Based on the true story of the July 1976 hijacking of a an Air France flight that was forced to land in Entebbe, Uganda. After separating the Jewish passengers from the rest, the hijackers demanded their release in exchange for the release of terrorists being held in Israeli prisons. After fierce debate, it was decided a special forces unit would be sent in to raid the airfield and free the hostages. --"
Surge of Power: Revenge of the Sequel,52767,3.0,09/08/2016,English,"Action, Comedy",PG-13,"Antonio Lexerot, Vincent J. Roth","Vincent J. Roth, Eric Roberts, John Venturini, Bruce Vilanch, Lou Ferrigno, Linda Blair",https://www.filmcrave.com/movie_page_main.php?id=58990,Unknown
Haunters: The Art of the Scare,59902,2.0,10/03/2017,English,"Documentary, Horror",NR,Jon Schnitzer,"McKenzie Westmore, Jason Blum, Jessica Cameron, Slash, Jen Soska, Sylvia Soska",https://www.filmcrave.com/movie_page_main.php?id=58991,Unknown
The Man Who Invented Christmas,6354,2.7,11/22/2017,English,"Biography, Comedy",PG,Bharat Nalluri,"Dan Stevens, Jonathan Pryce, Christopher Plummer, Simon Callow, Donald Sumpter, Miriam Margolyes",https://www.filmcrave.com/movie_page_main.php?id=58992,"Takes a look in to the life of Charles Dickens, and the real people around him who helped inspire ""A Christmas Carol"" and forever altered the holiday as we know it today. --"
Recovery,59880,2.0,07/27/2017,English,Thriller,NR,"Heath Hetherington, Marcus Scott","A.J. Salisbury, Adam Cryne, Vicki Glover, Geraden Borthwick, Bryony Miller, Stuart Ankers",https://www.filmcrave.com/movie_page_main.php?id=58993,Unknown
Brimstone & Glory,59824,2.0,03/02/2017,Spanish,Documentary,NR,Viktor Jakovleski,Unknown,https://www.filmcrave.com/movie_page_main.php?id=58994,Unknown
"Fantastic Woman, A ( Mujer Fant\xc3\xa1stica, Una )",3075,3.1,02/02/2018,Spanish,Drama,R,Sebasti\xc3\xa1n Lelio,"Daniela Vega, Francisco Reyes, Luis Gnecco, Aline K\xc3\xbcppenheim, Nicol\xc3\xa1s Saavedra, Amparo Noguera",https://www.filmcrave.com/movie_page_main.php?id=58995,"Marina works as a waitress by day and moonlights as a nightclub singer by night. All seems to be working out until the sudden death of her older boyfriend, an event that shakes her to the core. --"
Paradise ( Ray ),52939,3.0,01/07/2017,Russian,"Drama, War",NR,Andrey Konchalovskiy,"Yuliya Vysotskaya, Viktor Sukhorukov, Jean Denis R\xc3\xb6mer, Peter Kurth, Philippe Duquesne, Ramona Kunze-Libnow",https://www.filmcrave.com/movie_page_main.php?id=58996,Unknown
Teach Us All,59823,2.0,03/01/2017,English,Documentary,NR,Sonia Lowman,Unknown,https://www.filmcrave.com/movie_page_main.php?id=58997,Unknown
Thelma,8123,2.7,11/10/2017,Norwegian,"Romance, Sci-Fi",NR,Joachim Trier,"Eili Harboe, Okay Kaya, Ellen Dorrit Petersen, Henrik Rafaelsen, Vanessa Borgli, Anders Mossling",https://www.filmcrave.com/movie_page_main.php?id=58998,"A young woman exits her strict, religious family life in order to attend university in Oslo. Once there, she finds herself having seizures that seems to coincide with her attraction to a fellow female student. But these seizures are just a symptom of something inside her - an overwhelming power that is tied to her past and that she will have to learn how to control to secure her future. --"
"Three Billboards Outside Ebbing, Missouri",290,3.3,12/01/2017,English,"Comedy, Crime",R,Martin McDonagh,"Frances McDormand, Woody Harrelson, Sam Rockwell, Peter Dinklage, Caleb Landry Jones, Abbie Cornish",https://www.filmcrave.com/movie_page_main.php?id=58999,"In this darkly comic tale a mother, who is frustrated at the lack of progress following the murder of her daughters months earlier, buys and posts three messages in billboards leading in to town, pointed directly at the well-liked chief of police. When other disparate characters begin to get involved in the proceedings, the grieving mother and Ebbing Police Department really get into it. --"
The Current War,13431,2.5,10/25/2019,English,"Biography, Drama",PG-13,Alfonso Gomez-Rejon,"Benedict Cumberbatch, Nicholas Hoult, Michael Shannon, Tom Holland, Katherine Waterston, Tuppence Middleton",https://www.filmcrave.com/movie_page_main.php?id=59000,"Celebrity inventor Thomas Edison is about to power Manhattan with his DC current. technology. But before he complete his project, upstart George Westinghouse, along with the charismatic Nikolai Tesla come up with a competing model powered by AC current. Thus begins one of the greatest feuds in modern corporate history - one that will forever alter the future of what powers the world. --"
Gerald's Game,6299,2.8,09/29/2017,English,"Horror, Thriller",NR,Mike Flanagan,"Carla Gugino, Henry Thomas, Bruce Greenwood, Carel Struycken, Kate Siegel, Chiara Aurelia",https://www.filmcrave.com/movie_page_main.php?id=59001,"A wife and husband retreat to remote lake house in hopes of putting some spark back in their marriage, but after being handcuffed to the bed, the husband dies of a heart attack leaving her to fend for her life... and her demons. --"
Unbridled,53327,3.0,08/04/2017,English,Drama,PG-13,John David Ware,"Eric Roberts, T.C. Stallings, T\xc3\xa9a Mckay, Jenn Gotzon Chandler, Dey Young, Rachel Hendrix",https://www.filmcrave.com/movie_page_main.php?id=59002,Unknown
Gaga: Five Foot Two,26237,3.0,09/22/2017,English,"Documentary, Biography",NR,Chris Moukarbel,"Lady Gaga, Florence Welch, Mark Ronson, Bobby Campbell, Joe Germanotta",https://www.filmcrave.com/movie_page_main.php?id=59003,Unknown
Yourself and Yours ( Dangsinjasingwa dangsinui geot ),52822,3.0,10/07/2016,Korean,Drama,NR,Sang-soo Hong,"Hae-hyo Kwon, Joon-sang Yoo, Eui-sung Kim, Ju-hyuk Kim, You-young Lee",https://www.filmcrave.com/movie_page_main.php?id=59004,Unknown
The Networker,52152,3.0,05/17/2015,English,"Comedy, Drama",NR,John A. Gallagher,"Steve Stanulis, William Forsythe, Sean Young, Stephen Baldwin, Deborah Twiss, Alysia Reiner",https://www.filmcrave.com/movie_page_main.php?id=59005,Unknown
Road to the Well,52663,3.0,06/04/2016,English,"Comedy, Drama",NR,Jon Cvack,"Micah Parker, Rosalie McIntire, Laurence Fuller, Barak Hardley, Marshall R. Teague, Caitlin Gallogly",https://www.filmcrave.com/movie_page_main.php?id=59006,Unknown
The Limehouse Golem,13385,2.4,09/08/2017,English,Unknown,Unknown,Juan Carlos Medina,"Olivia Cooke, Bill Nighy, Mar\xc3\xada Valverde, Eddie Marsan, Douglas Booth, Daniel Mays",https://www.filmcrave.com/movie_page_main.php?id=59007,Unknown
Watch Over Us,52140,3.0,05/05/2015,English,"Comedy, Drama",NR,F.C. Rabbath,"Avery Kristen Pohl, Ella Schaefer, Daniel Link, Bill Kelly, Henry Tisdale, Mike Whaley",https://www.filmcrave.com/movie_page_main.php?id=59008,Unknown
The Wilde Wedding,52933,3.0,01/01/2017,English,Comedy,R,Damian Harris,"Glenn Close, John Malkovich, Patrick Stewart, Minnie Driver, Grace Van Patten, Noah Emmerich",https://www.filmcrave.com/movie_page_main.php?id=59009,Unknown
"Devil's Honey, The ( miele del diavolo, Il )",49283,3.0,08/21/1986,Italian,Thriller,NR,Lucio Fulci,"Brett Halsey, Corinne Cl\xc3\xa9ry, Blanca Marsillach, Stefano Madia, Paula Molina, Bernard Seray",https://www.filmcrave.com/movie_page_main.php?id=59010,Unknown
The Akron Holy War,16210,3.5,09/17/2017,English,Documentary,PG,Anthony Fanelli,"Romeo Travis, Willie McGee, Christopher Hamad, Don Zwisler, Christopher Albanese, Mary Anne Beiting",https://www.filmcrave.com/movie_page_main.php?id=59011,Unknown
Blood Feast,53286,3.0,06/23/2017,English,Horror,R,Marcel Walz,"Robert Rusler, Caroline Williams, Sophie Monk, Sadie Katz, Roland Freitag, Wilfried Capet",https://www.filmcrave.com/movie_page_main.php?id=59012,Unknown
Human Flow,5355,3.0,10/13/2017,English,Documentary,PG-13,Ai Weiwei,"Peter Bouckaert, Wella Kouyou, Samah Nabeel, Muhammed Hassan, Israa Abboud, Boris Cheshirkov",https://www.filmcrave.com/movie_page_main.php?id=59013,"Director and artist Ai Weiwei presents a story that has affected 65 million people around the world: whether through famine, climate change or war, the human race has never experienced this much displacement since WWII. Following families across the globe over the course of a year, from Afghanistan to Greece, Iraq to Mexico - 23 countries in all, Ai Weiwei explores the affect this has on people and families in a refugee crisis that has exploded and the very real impact it has worldwide. --"
Heartstone ( Hjartasteinn ),28382,2.3,10/20/2016,Other,Drama,NR,Gu\xc3\xb0mundur Arnar Gu\xc3\xb0mundsson,"Baldur Einarsson, Bl\xc3\xa6r Hinriksson, Dilj\xc3\xa1 Valsd\xc3\xb3ttir, Katla Nj\xc3\xa1lsd\xc3\xb3ttir, J\xc3\xb3n\xc3\xadna \xc3\x9e\xc3\xb3rd\xc3\xads Karlsd\xc3\xb3ttir, R\xc3\xa1n Ragnarsd\xc3\xb3ttir",https://www.filmcrave.com/movie_page_main.php?id=59014,Unknown
The Death and Life of Marsha P. Johnson,26241,3.0,10/06/2017,English,Documentary,NR,David France,"Marsha P. Johnson, Victoria Cruz, Sylvia Rivera, Jennifer Louise Lopez, Coco Rodriguez, Mark Segal",https://www.filmcrave.com/movie_page_main.php?id=59015,Unknown
Doll Murder Spree,59911,2.0,10/24/2017,English,Horror,NR,Reyna Young,"Connie Jo Sechrist, Moses J. Moseley, Reyna Young, Alex Bretow, Marv Blauvelt, John Crosthwaite",https://www.filmcrave.com/movie_page_main.php?id=59016,Unknown
Crash Pad,53413,3.0,09/25/2017,English,Comedy,R,Kevin Tent,"Nina Dobrev, Domhnall Gleeson, Christina Applegate, Thomas Haden Church, Anna Van Hooft, Aliyah O'Brien",https://www.filmcrave.com/movie_page_main.php?id=59017,Unknown
Our Souls at Night,41952,2.3,09/29/2017,English,"Drama, Romance",NR,Ritesh Batra,"Robert Redford, Jane Fonda, Judy Greer, Matthias Schoenaerts, Iain Armitage, Bruce Dern",https://www.filmcrave.com/movie_page_main.php?id=59018,Unknown
Better Watch Out,9329,2.5,10/06/2017,English,"Horror, Thriller",R,Chris Peckover,"Patrick Warburton, Virginia Madsen, Olivia DeJonge, Levi Miller, Dacre Montgomery, Ed Oxenbould",https://www.filmcrave.com/movie_page_main.php?id=59019,"On a quiet, suburban street, a babysitter for a 12-year-old finds herself"
All the Money in the World,2937,2.9,12/27/2017,English,"Crime, Mystery",R,Ridley Scott,"Mark Wahlberg, Christopher Plummer, Michelle Williams, Timothy Hutton, Charlie Plummer, Andrew Buchan",https://www.filmcrave.com/movie_page_main.php?id=59020,"It is 1973 and J. Paul Getty is the richest man in the world - his fortune built on oil and also his notoriously miserly nature. When his grandson, Paul Getty, is kidnapped by a left-wing paramilitary organization in Italy, he cannot be swayed to part with any of his fortune to placate them. But Gail, Paul's mother, who believes in family over money, will stop at nothing to save her son. With time running out, and the kidnapper's becoming more anxious and brutal, Gail will team up with Fletcher Chace, who runs security for Getty, in order to get her son back. --"
Dementia 13,26242,3.0,10/06/2017,English,Horror,NR,Richard LeMay,"Julia Campanelli, Channing Pickett, Steve Polites, Marianne Noscheze, Ben van Berkum, Ana Isabelle",https://www.filmcrave.com/movie_page_main.php?id=59021,Unknown
Earth: One Amazing Day,38097,2.5,10/06/2017,English,Documentary,G,"Richard Dale, Lixin Fan, Peter Webber","Robert Redford, Jackie Chan",https://www.filmcrave.com/movie_page_main.php?id=59022,"A follow-up to the 2009 documentary, Earth, BBC pictures once again takes an amazing journey as we follow the sun for one day, from the highest mountain peaks, to remote islands to exotic forests, and capture the awesome splendor of nature. With updated technology, the film gets you closer than ever to the spectacle that is life on planet Earth. --"
Lane 1974,26205,3.0,03/11/2017,English,"Biography, Drama",NR,S.J. Chiro,"Sophia Mitri Schloss, Katherine Moennig, Jasmin Savoy Brown, Sara Coates, Linas Phillips, Annette Toutonghi",https://www.filmcrave.com/movie_page_main.php?id=59023,Unknown
Where's the Money,53487,3.0,10/20/2017,English,Comedy,R,Scott Zabielski,"Kat Graham, Logan Paul, Terry Crews, Method Man, Josh Brener, Mike Epps",https://www.filmcrave.com/movie_page_main.php?id=59024,Unknown
Jackals,38090,2.5,09/01/2017,English,"Horror, Thriller",NR,Kevin Greutert,"Deborah Kara Unger, Johnathon Schaech, Stephen Dorff, Nick Roux, Ben Sullivan, Chelsea Ricketts",https://www.filmcrave.com/movie_page_main.php?id=59025,Unknown
Fallen,53378,3.0,09/08/2017,English,"Adventure, Drama",PG-13,Scott Hicks,"Lola Kirke, Addison Timlin, Jeremy Irvine, Joely Richardson, Daisy Head, Hermione Corfield",https://www.filmcrave.com/movie_page_main.php?id=59026,Unknown
Get Big,53366,3.0,08/31/2017,English,"Biography, Drama",NR,Dylan Anthony Moran,"Peanut Alvarez, Lisa Alvillar, Clifford Ba\xc3\xb1agale, Ann Benson, Lauren Beveridge, Luke Fattorusso",https://www.filmcrave.com/movie_page_main.php?id=59027,Unknown
The Vault,26633,2.1,09/01/2017,English,"Horror, Thriller",NR,Dan Bush,"James Franco, Taryn Manning, Francesca Eastwood, Scott Haze, Q'orianka Kilcher, Jeff Gum",https://www.filmcrave.com/movie_page_main.php?id=59028,Unknown
Mayhem,6353,2.7,03/13/2017,English,"Action, Horror",NR,Joe Lynch,"Steven Yeun, Samara Weaving, Steven Brand, Caroline Chikezie, Kerry Fox, Dallas Roberts",https://www.filmcrave.com/movie_page_main.php?id=59029,Unknown
Poster Boys,53381,3.0,09/08/2017,Hindi,Comedy,PG-13,Shreyas Talpade,"Sunny Deol, Bobby Deol, Shreyas Talpade, Randheer Rai, Parineeti Chopra, Ajay Devgn",https://www.filmcrave.com/movie_page_main.php?id=59030,Unknown
Memoir of a Murderer,26235,3.0,09/08/2017,Korean,"Drama, Thriller",NR,Shin-yeon Won,"Kyoung-gu Sul, Nam-gil Kim, Seol-Hyun Kim",https://www.filmcrave.com/movie_page_main.php?id=59031,Unknown
Twenty Two,53382,3.0,09/08/2017,Mandarin,"Documentary, Crime",NR,Ke Guo,Unknown,https://www.filmcrave.com/movie_page_main.php?id=59032,Unknown
"Lighthouse of the Whales, The ( faro de las orcas, El )",52923,3.0,12/16/2016,Spanish,"Biography, Drama",NR,Gerardo Olivares,"Maribel Verd\xc3\xba, Joaqu\xc3\xadn Furriel, Joaqu\xc3\xadn Rapalini, Ana Celentano, Ciro Mir\xc3\xb3, Osvaldo Santoro",https://www.filmcrave.com/movie_page_main.php?id=59033,Unknown
"Dot and a Line, A ( Punto y raya )",37476,2.5,12/15/2004,Spanish,"Action, Crime",R,Elia K. Schneider,"Roque Valero, Edgar Ram\xc3\xadrez, Ramiro Meneses, Daniela Alvarado, Pedro Lander, Dora Mazzone",https://www.filmcrave.com/movie_page_main.php?id=59034,Follows the adventures of two soldiers on the Venezuelan and Colombian border.\t
Boyka: Undisputed 4,10571,3.0,07/27/2017,English,"Action, Crime",R,Todor Chapkanov,"Scott Adkins, Teodora Duhovnikova, Alon Aboutboul, Julian Vergov, Brahim Achabbakhe, Paul Chahidi",https://www.filmcrave.com/movie_page_main.php?id=59035,Unknown
Dead Sunrise,46594,1.8,09/13/2016,English,"Adventure, Horror",NR,Michal Imielski,"Clo\xc3\xa9 Fournier, Barry French, Corinne Furlong, Peter Maple, Georgina Neville, Damian Sommerlad",https://www.filmcrave.com/movie_page_main.php?id=59036,Unknown
A Stork's Journey,53204,3.0,05/11/2017,English,"Animation, Adventure",PG,"Toby Genkel, Reza Memari","Cooper Kelly Kramer, Nicolette Krebitz, Marc Thompson, Jason Griffith, Erica Schroeder, Shannon Conley",https://www.filmcrave.com/movie_page_main.php?id=59037,Unknown
City of Rock,59903,2.0,10/06/2017,Mandarin,Comedy,NR,Chengpeng Dong,"Chengpeng Dong, Coulee Nazha",https://www.filmcrave.com/movie_page_main.php?id=59038,Unknown
The Snake Woman,46086,1.8,04/26/1961,English,Horror,NR,Sidney J. Furie,"John McCarthy, Susan Travers, Geoffrey Denton, Elsie Wagstaff, Arnold Marl\xc3\xa9, John Cazabon",https://www.filmcrave.com/movie_page_main.php?id=59039,Unknown
The 13th Friday,59804,2.0,01/10/2017,English,"Horror, Thriller",NR,Justin Price,"Lisa May, Khu, Melissa L. Vega, Victoria Valdez, David E. Cazares, Deanna Grace Congo",https://www.filmcrave.com/movie_page_main.php?id=59040,Unknown
"Guardian Brothers, The ( Xiao men shen )",53221,3.0,05/20/2017,Mandarin,Animation,NR,"Gary Wang, Terrence Stone, Paulette Victor-Lifton","Edward Norton, Meryl Streep, Bella Thorne, Nicole Kidman, Jim Gaffigan, Mel Brooks",https://www.filmcrave.com/movie_page_main.php?id=59041,Unknown
Dealt,21382,3.3,10/20/2017,English,"Documentary, Biography",NR,Luke Korem,"Richard Turner, Johnny Thompson, Max Maven, Armando Lucero, Bob Gebert, Simon Carmel",https://www.filmcrave.com/movie_page_main.php?id=59042,Unknown
Haze,53475,3.0,10/17/2017,English,Drama,NR,David Burkman,"Kirk Curran, Mike Blejer, Jeremy O'Shea, Kristin Rogers, Sophia Medley, Paul Savage",https://www.filmcrave.com/movie_page_main.php?id=59043,Unknown
Clive Davis: The Soundtrack of Our Lives,59854,2.0,04/19/2017,English,Documentary,NR,Chris Perkel,"Clive Davis, Doug Davis",https://www.filmcrave.com/movie_page_main.php?id=59044,Unknown
The Light of the Moon,53076,3.0,03/12/2017,English,Drama,NR,Jessica M. Thompson,"Michael Stahl-David, Stephanie Beatriz, Conrad Ricamora, Catherine Curtin, Cindy Cheung, Susan Heyward",https://www.filmcrave.com/movie_page_main.php?id=59045,Unknown
The Ballad of Lefty Brown,8636,2.8,12/15/2017,English,Western,R,Jared Moshe,"Bill Pullman, Peter Fonda, Joseph Lee Anderson, Joseph Lee Anderson, Michael Spears, Dillinger Steele",https://www.filmcrave.com/movie_page_main.php?id=59046,Unknown
Lean on Pete,3074,3.1,09/01/2017,English,"Adventure, Drama",R,Andrew Haigh,"Travis Fimmel, Chlo\xc3\xab Sevigny, Steve Buscemi, Steve Zahn, Thomas Mann, Amy Seimetz",https://www.filmcrave.com/movie_page_main.php?id=59047,Unknown
Permanent,53535,3.0,12/01/2017,English,Comedy,PG-13,Colette Burson,"Kira McLean, Rainn Wilson, Patricia Arquette, Kassidy Slaughter, Jane McNeill, Nina Millin",https://www.filmcrave.com/movie_page_main.php?id=59048,Unknown
Devil's Whisper,53262,3.0,06/10/2017,English,"Drama, Horror",NR,Adam Ripp,"Luca Oriel, Olivia Negron, Rick Ravanello, Tessie Santiago, Marcos A. Ferraez, Coy Stewart",https://www.filmcrave.com/movie_page_main.php?id=59049,Unknown
The Legend of 420,53394,3.0,09/20/2017,English,"Documentary, Comedy",NR,Peter Spirer,"Henry Rollins, Tommy Chong, W. Earl Brown, Michael Des Barres, Melissa Etheridge, Jason Mraz",https://www.filmcrave.com/movie_page_main.php?id=59050,Unknown
The Secret Scripture,38099,2.5,10/13/2017,English,Drama,PG-13,Jim Sheridan,"Rooney Mara, Aidan Turner, Theo James, Eric Bana, Vanessa Redgrave, Jack Reynor",https://www.filmcrave.com/movie_page_main.php?id=59051,"With the impending demolition of the mental institution in Roscommon, Ireland, Dr. William Grene is called in to access the condition of Roseanne McNulty, or Lady Rose, who has called the institute home for the past 50 years. Going beyond her rituals, tics and bible/diary, Dr. Grene delves in her past and discovers a story of forbidden love and murder. --"
The Meyerowitz Stories (New and Selected),2480,3.0,10/13/2017,English,"Comedy, Drama",NR,Noah Baumbach,"Adam Sandler, Grace Van Patten, Dustin Hoffman, Elizabeth Marvel, Emma Thompson, Danny Flaherty",https://www.filmcrave.com/movie_page_main.php?id=59052,Unknown
Barracuda,53066,3.0,03/11/2017,English,"Drama, Thriller",NR,"Jason Cortlund, Julia Halperin","Allison Tolman, Sophie Reid, JoBeth Williams, Luis Bordonada, Larry Jack Dotson, Angelo Dylen",https://www.filmcrave.com/movie_page_main.php?id=59053,Unknown
Crazy Lake,59901,2.0,10/01/2017,English,"Comedy, Horror",NR,"Jason Henne, Christopher Leto","Skyler Joy, Libby Blanton, Rob Mello, Marco DelVecchio, Michael Ray Davis, Leyla Lawrence",https://www.filmcrave.com/movie_page_main.php?id=59054,Unknown
The Lost City of Cecil B. DeMille,52432,3.0,02/11/2016,English,"Documentary, Adventure",NR,Peter Brosnan,"Peter Brosnan, Cecil B. DeMille, Agnes de Mille, Charlton Heston, Jack McIlroy, Jesse Lasky Jr.",https://www.filmcrave.com/movie_page_main.php?id=59055,Unknown
Stressed to Kill,52634,3.0,05/27/2016,English,"Comedy, Crime",NR,Mark Savage,"Bill Oberst Jr., Armand Assante, Marshal Hilton, Sonia Curtis, Tamara Austin, Paul Fanning",https://www.filmcrave.com/movie_page_main.php?id=59056,Unknown
The Truth About Lies,53501,3.0,10/27/2017,English,"Comedy, Romance",NR,Phil Allocco,"Odette Annable, Colleen Camp, Mary Elizabeth Ellis, Chris Diamantopoulos, Fran Kranz, Miles Fisher",https://www.filmcrave.com/movie_page_main.php?id=59057,Unknown
Til Death Do Us Part,38095,2.5,09/29/2017,English,Thriller,PG-13,Chris Stokes,"Taye Diggs, Annie Ilonzeh, Malik Yoba, Stephen Bishop, Robinne Lee, Jessica Vanessa DeLeon",https://www.filmcrave.com/movie_page_main.php?id=59058,"The storybook marriage of Michael and Madison Roland crumbles as Michael's controlling nature drives Madison away. Adopting a new identity, ""Kate"" meets Alex Stone, and finds love once again but everything is threatened when Michael learns her new location and plans to take her back - no matter what it takes. --"
Anna and the Apocalypse,12112,2.6,09/22/2017,English,"Comedy, Horror",R,John McPhail,"Ella Hunt, Malcolm Cumming, Sarah Swire, Christopher Leveaux, Ben Wiggins, Mark Benton",https://www.filmcrave.com/movie_page_main.php?id=59059,Unknown
1922,8055,2.7,10/20/2017,English,"Crime, Drama",NR,Zak Hilditch,"Thomas Jane, Molly Parker, Neal McDonough, Brian d'Arcy James, Dylan Schmid, Kaitlyn Bernard",https://www.filmcrave.com/movie_page_main.php?id=59060,"Wilfred James hides out in a hotel room in order to confess to a terrible crime. His crime - he killed his wife, Arlette. Where her death should be the end of his story, it turns out to be just the beginning. --"
2307: Winter's Dream,38039,2.5,04/02/2016,English,"Action, Sci-Fi",NR,Joey Curtis,"Paul Sidhu, Branden Coles, Arielle Holmes, Kelcey Watson, Anne-Solenne Hatte, Timothy Lee DePriest",https://www.filmcrave.com/movie_page_main.php?id=59061,Unknown
Maya Dardel,53077,3.0,03/12/2017,English,Drama,NR,"Zachary Cotler, Magdalena Zyzak","Lena Olin, Rosanna Arquette, Nathan Keyes, Alexander Koch, Jordan Gavaris, Chris Voss",https://www.filmcrave.com/movie_page_main.php?id=59062,Unknown
Jane,21378,3.3,10/05/2017,English,Documentary,NR,Brett Morgen,"Jane Goodall, Hugo van Lawick",https://www.filmcrave.com/movie_page_main.php?id=59063,Unknown
Re: Born,18871,2.7,09/24/2016,Japanese,"Action, Crime",NR,Y\xc3\xbbji Shimomura,"Tak Sakaguchi, Takumi Sait\xc3\xb4, Akio \xc3\x94tsuka, Yura Kondo, Mariko Shinoda, Orson Mochizuki",https://www.filmcrave.com/movie_page_main.php?id=59064,Unknown
Woman on Fire,53428,3.0,10/03/2017,English,"Documentary, Biography",NR,Julie Sokolow,"Brooke Guinan, James L. Baker, George Guinan",https://www.filmcrave.com/movie_page_main.php?id=59065,Unknown
It Chapter Two,4591,2.7,09/06/2019,English,Horror,R,Andy Muschietti,"James McAvoy, Bill Hader, Jessica Chastain, James Ransone, Bill Skarsg\xc3\xa5rd, Isaiah Mustafa",https://www.filmcrave.com/movie_page_main.php?id=59066,"Twenty-seven years after the Loser's Club stopped the entity known as Pennywise from preying on the children of Derry, Maine, the now-adult group gets called back to town. The evil they thought they had vanquished has returned - and now they will have to remember, and come together once again and stop evil for good - no matter the sacrifice. --"
I Am Alone,41891,2.3,09/12/2015,English,"Drama, Horror",NR,Robert A. Palmer,"Gareth David-Lloyd, Gunner Wright, Katy Bodenhamer, Marshal Hilton, Rory Zacher, Thomas Loureiro",https://www.filmcrave.com/movie_page_main.php?id=59067,Unknown
1%,59897,2.0,09/23/2017,English,Crime,NR,Stephen McCallum,"Eddie Baroo, Abbey Lee, Sam Parsonson, Aaron Pedersen, Josh McConville, Simone Kessell",https://www.filmcrave.com/movie_page_main.php?id=59068,Unknown
All You Can Eat Buddha,53408,3.0,09/24/2017,French,"Comedy, Drama",NR,Ian Lagarde,"Sylvio Arriola, Ludovic Berthillot, David La Haye, Richard Jutras, Alexander Guerrero, Yait\xc3\xa9 Ruiz",https://www.filmcrave.com/movie_page_main.php?id=59069,Unknown
Applecart,59896,2.0,09/22/2017,English,Horror,NR,Brad Baruh,"James Bartz, Mikie Beatty, AJ Bowen, Shauna Case, Jagger Chase, Barbara Crampton",https://www.filmcrave.com/movie_page_main.php?id=59070,Unknown
Bad Genius,13652,2.8,06/30/2017,Thai,"Comedy, Crime",NR,Nattawut Poonpiriya,"Chutimon Chuengcharoensukying, Eisaya Hosuwan, Teeradon Supapunpinyo, Chanon Santinatornkul, Thaneth Warakulnukroh, Sarinrat Thomas",https://www.filmcrave.com/movie_page_main.php?id=59071,Unknown
Before We Vanish ( Sanpo suru shinryakusha ),53399,3.0,09/22/2017,Japanese,"Drama, Sci-Fi",R,Kiyoshi Kurosawa,"Masami Nagasawa, Ry\xc3\xbbhei Matsuda, Hiroki Hasegawa",https://www.filmcrave.com/movie_page_main.php?id=59072,Unknown
The Breadwinner,836,3.4,11/17/2017,English,"Animation, Family",PG-13,Nora Twomey,"Saara Chaudry, Laara Sadiq, Shaista Latif, Ali Badshah, Noorin Gulamgaus, Kawa Ada",https://www.filmcrave.com/movie_page_main.php?id=59073,Unknown
Brennan,52408,3.0,01/23/2016,English,Drama,PG-13,David Leo Schultz,"Hal Alpert, Stephen Brown, Jack Vale, Mariko Van Kampen, Jim Garrity, Mel Fair",https://www.filmcrave.com/movie_page_main.php?id=59074,Unknown
Just Getting Started,26644,2.0,12/08/2017,English,"Action, Comedy",PG-13,Ron Shelton,"Morgan Freeman, Glenne Headly, Tommy Lee Jones, Rene Russo, Joe Pantoliano, Sheryl Lee Ralph",https://www.filmcrave.com/movie_page_main.php?id=59075,A former FBI agent and former mob lawyer in the witness protection program must set aside their long-held feud when they meet on the golf course and find themselves on the run from a mob hit. --
Sweet Virginia,26212,3.0,04/21/2017,English,"Drama, Thriller",R,Jamie M. Dagg,"Jon Bernthal, Christopher Abbott, Imogen Poots, Rosemarie DeWitt, Jared Abrahamson, Odessa Young",https://www.filmcrave.com/movie_page_main.php?id=59076,Unknown
Trafficked,53437,3.0,10/06/2017,English,"Drama, Thriller",R,Will Wallace,"Elisabeth R\xc3\xb6hm, Ashley Judd, Sean Patrick Flanery, Anne Archer, Jason London, Brian Thompson",https://www.filmcrave.com/movie_page_main.php?id=59077,Unknown
The House with a Clock in its Walls,13174,2.3,09/21/2018,Dutch,"Fantasy, Horror",PG,Eli Roth,"Cate Blanchett, Owen Vaccaro, Jack Black, Kyle MacLachlan, Colleen Camp, Vanessa Williams",https://www.filmcrave.com/movie_page_main.php?id=59078,"After the death of his parents, the young Lewis Barnavelt is sent to live with his uncle in Michigan. But he soon finds this new life will be anything but boring when he discovers his uncle is also a powerful warlock. Introduces to the world of sorcery and magic, it seems life has finally given him a winning hand. That is, until, he learns his uncle's home is holds a powerful dark artifact - a clock counting down to the end of the world. The dark warlock, Isaac Izard, built it before his own death - and now his widow, Selena seeks it out to complete her husband's dark work. --"
The Arbalest,52497,3.0,03/14/2016,English,Drama,NR,Adam Pinney,"Mike Brune, Tallie Medel, Matthew Stanton, Felice Heather Monteith, Jon Briddell, Marc Farley",https://www.filmcrave.com/movie_page_main.php?id=59079,Unknown
Aida's Secrets,53479,3.0,10/20/2017,English,Documentary,NR,"Alon Schwarz, Shaul Schwarz","Izak Sagi, Shep Shell, Aida Zasadsinska",https://www.filmcrave.com/movie_page_main.php?id=59080,Unknown
Blue My Mind,32965,2.8,09/27/2017,English,"Drama, Fantasy",NR,Lisa Br\xc3\xbchlmann,"Luna Wedler, Zo\xc3\xab Pastelle Holthuizen, Regula Grauwiller, Georg Scharegg, Lou Haltinner, Yael Meier",https://www.filmcrave.com/movie_page_main.php?id=59081,Unknown
Bodied,53409,3.0,09/24/2017,English,"Comedy, Drama",R,Joseph Kahn,"Calum Worthy, Jackie Long, Rory Uphold, Jonathan Park, Walter Perez, Charlamagne Tha God",https://www.filmcrave.com/movie_page_main.php?id=59082,Unknown
Cold Hell ( Die H\xc3\xb6lle ),53396,3.0,09/21/2017,German,Thriller,NR,Stefan Ruzowitzky,"Violetta Schurawlow, Tobias Moretti, Robert Palfrader, Sammy Sheik, Friedrich von Thun, Murathan Muslu",https://www.filmcrave.com/movie_page_main.php?id=59083,Unknown
Dan-Dream,53397,3.0,09/21/2017,Danish,"Comedy, Historical",NR,Jesper Rofelt,"Frank Hvam, Peter Gantzler, Casper Christensen, Jakob Ulrik Lohmann, Mia Lyhne, Magnus Millang",https://www.filmcrave.com/movie_page_main.php?id=59084,Unknown
"Day After, The ( Geu-hu )",53439,3.0,10/07/2017,Korean,"Drama, Romance",NR,Sang-soo Hong,"Min-hee Kim, Yunhee Cho, Sae-byeok Kim, Hae-hyo Kwon, Ki Joabang",https://www.filmcrave.com/movie_page_main.php?id=59085,Unknown
"Gentle Creature, A ( Krotkaya )",53429,3.0,10/04/2017,Russian,"Drama, Mystery",NR,Sergei Loznitsa,"Vasilina Makovtseva, Liya Akhedzhakova, Valeriu Andriut\xc3\xa3, Boris Kamorzin, Sergey Kolesov, Marina Kleshcheva",https://www.filmcrave.com/movie_page_main.php?id=59086,Unknown
On the Beach at Night Alone ( Bamui haebyun-eoseo honja ),53282,3.0,06/20/2017,Korean,Drama,NR,Sang-soo Hong,"Min-hee Kim, Young-hwa Seo, Jae-yeong Jeong, Seong-kun Mun, Hae-hyo Kwon, Seon-mi Song",https://www.filmcrave.com/movie_page_main.php?id=59087,Unknown
Zama,2617,3.2,09/30/2017,Spanish,Drama,NR,Lucrecia Martel,"Daniel Gim\xc3\xa9nez Cacho, Lola Due\xc3\xb1as, Matheus Nachtergaele, Juan Minuj\xc3\xadn, Nahuel Cano, Mariana Nunes",https://www.filmcrave.com/movie_page_main.php?id=59088,Unknown
Batman and Harley Quinn,12111,2.6,08/15/2017,English,"Animation, Action",PG-13,Sam Liu,"Kevin Conroy, Melissa Rauch, Paget Brewster, Loren Lester, Kevin Michael Richardson, John DiMaggio",https://www.filmcrave.com/movie_page_main.php?id=59089,Unknown
Inside Hana's Suitcase,51511,3.0,01/30/2010,English,Documentary,NR,Larry Weinstein,"Jindriska Hanusov\xc3\xa1, Linda Drexlerova, Daniel Hajek, Karim Tarakji, Nikol Fischerov\xc3\xa1, Radek Koula",https://www.filmcrave.com/movie_page_main.php?id=59090,Unknown
Because of Gr\xc3\xa1cia,53388,3.0,09/15/2017,English,"Comedy, Drama",PG-13,Tom Simes,"John Schneider, Chris Massoglia, Masey McLain, Ben Davies, Moriah Peters, Emma Elle Roberts",https://www.filmcrave.com/movie_page_main.php?id=59091,Unknown
The Heart of Man,53386,3.0,09/14/2017,English,Documentary,PG-13,Eric Esau,"Robert Fleet, Serena Karnagy, Justin Torrence",https://www.filmcrave.com/movie_page_main.php?id=59092,Unknown
Best F(r)iends: Volume One,18877,2.7,09/30/2017,English,"Comedy, Thriller",R,Justin MacGregor,"Greg Sestero, Tommy Wiseau, Kristen StephensonPino, Vince Jolivette, Paul Scheer, Rick Edwards",https://www.filmcrave.com/movie_page_main.php?id=59093,Unknown
Dead Again in Tombstone,38091,2.5,09/12/2017,English,Western,R,Roel Rein\xc3\xa9,"Danny Trejo, Jake Busey, Elysia Rotaru, Dean McDermott, Leslie Hucul, Nathaniel Arcand",https://www.filmcrave.com/movie_page_main.php?id=59094,Unknown
A Ciambra,53432,3.0,10/06/2017,Italian,Drama,NR,Jonas Carpignano,"Pio Amato, Koudous Seihon, Damiano Amato, Francesco Pio Amato, Iolanda Amato, Patrizia Amato",https://www.filmcrave.com/movie_page_main.php?id=59095,Unknown
American Satan,53449,3.0,10/13/2017,English,"Drama, Thriller",R,Ash Avildsen,"Denise Richards, Booboo Stewart, Malcolm McDowell, Mark Boone Junior, John Bradley, Tori Black",https://www.filmcrave.com/movie_page_main.php?id=59096,Unknown
Kills on Wheels ( Tiszta sz\xc3\xadvvel ),21360,3.3,10/15/2016,Hungarian,"Action, Comedy",NR,Attila Till,"Szabolcs Thur\xc3\xb3czy, Zolt\xc3\xa1n Fenyvesi, \xc3\x81d\xc3\xa1m Fekete, M\xc3\xb3nika Balsai, L\xc3\xaddia Danis, Dus\xc3\xa1n Vitanovics",https://www.filmcrave.com/movie_page_main.php?id=59097,Unknown
Never Here,53277,3.0,06/18/2017,English,Thriller,R,Camille Thoman,"Mireille Enos, Sam Shepard, Goran Visnjic, Vincent Piazza, Nina Arianda, Ana Nogueira",https://www.filmcrave.com/movie_page_main.php?id=59098,Unknown
Good Manners ( As Boas Maneiras ),53410,3.0,09/24/2017,Portuguese,"Fantasy, Horror",NR,"Marco Dutra, Juliana Rojas","Isab\xc3\xa9l Zuaa, Marjorie Estiano, Miguel Lobo, Cida Moreira, Andr\xc3\xa9a Marquee, Felipe Kenji",https://www.filmcrave.com/movie_page_main.php?id=59099,Unknown
Hagazussa: A Heathen's Curse,46599,1.8,09/22/2017,German,Horror,NR,Lukas Feigelfeld,"Haymon Maria Buttinger, Aleksandra Cwen, Claudia Martini, Celina Peter, Tanja Petrovsky",https://www.filmcrave.com/movie_page_main.php?id=59100,Unknown
Jailbreak,53406,3.0,09/23/2017,Other,"Action, Comedy",NR,Jimmy Henderson,"Celine Tran, Tharoth Sam, Jean-Paul Ly, Laurent Plancel, Dara Phang, Sok Visal",https://www.filmcrave.com/movie_page_main.php?id=59101,Unknown
The Bachelors,59909,2.0,10/20/2017,English,"Comedy, Drama",NR,Kurt Voelker,"Odeya Rush, J.K. Simmons, Jean Louisa Kelly, Julie Delpy, Kevin Dunn, Jae Head",https://www.filmcrave.com/movie_page_main.php?id=59102,Unknown
Bill Nye: Science Guy,26206,3.0,03/12/2017,English,Documentary,NR,"David Alvarado, Jason Sussberg","Bill Nye, Neil deGrasse Tyson, Ann Druyan, Heather Berlin, Michael E. Mann, Ken Ham",https://www.filmcrave.com/movie_page_main.php?id=59103,Unknown
The Line,53463,3.0,10/14/2017,Other,"Crime, Thriller",NR,Peter Bebjak,"G\xc3\xa9za Benk\xc3\xb5, Stanislav Boklan, Zuzana Fialov\xc3\xa1, Andrej Hryc, Filip Kankovsk\xc3\xbd, Eugen Libezniuk",https://www.filmcrave.com/movie_page_main.php?id=59104,Unknown
Slumber,23005,2.5,12/01/2017,English,Horror,R,Jonathan Hopkins,"Maggie Q, Will Kemp, Sylvester McCoy, William Hope, Sam Troughton, Kristen Bush",https://www.filmcrave.com/movie_page_main.php?id=59105,Unknown
"Inner Circle, The aka Broken Angels Club",59272,2.0,10/09/2009,English,Drama,NR,Camille Poisson,"Sarah Aldrich, Jill Andre, Ruth W. Block, B.K. Cannon, Laura Carson, Gianna Elice",https://www.filmcrave.com/movie_page_main.php?id=59106,Unknown
Down to Earth ( Casa de Lava ),49630,3.0,02/10/1995,Portuguese,Drama,NR,Pedro Costa,"In\xc3\xaas de Medeiros, Isaach De Bankol\xc3\xa9, Edith Scob, Pedro Hestnes, Manuel Andrade, Raul Andrade",https://www.filmcrave.com/movie_page_main.php?id=59107,Unknown
The Leisure Seeker,26758,2.3,03/08/2018,English,"Drama, Romance",R,Paolo Virz\xc3\xac,"Helen Mirren, Donald Sutherland, Kirsty Mitchell, Janel Moloney, Dick Gregory, Christian McKay",https://www.filmcrave.com/movie_page_main.php?id=59108,"An elderly couple escape their family, each battling their own illnesses, to take their old RV, dubbed ""The Leisure Seeker"" on one final, unforgettable road trip from Boston to The Hemingway House in Key West, Florida. --"
The Sound,53418,3.0,09/29/2017,English,"Horror, Mystery",NR,Jenna Mattison,"Rose McGowan, Christopher Lloyd, Michael Eklund, Richard Gunn, Stephen McHattie, Jane Moffat",https://www.filmcrave.com/movie_page_main.php?id=59109,Unknown
Mansfield 66/67,53119,3.0,04/02/2017,English,"Documentary, Biography",NR,"P. David Ebersole, Todd Hughes","Ann Magnuson, Richmond Arquette, Kenneth Anger, A.J. Benza, Tippi Hedren, Jayne Mansfield",https://www.filmcrave.com/movie_page_main.php?id=59110,Unknown
Wide Open,47141,3.0,02/01/1930,English,Comedy,NR,Archie Mayo,"Edward Everett Horton, Patsy Ruth Miller, Louise Fazenda, Vera Lewis, T. Roy Barnes, Louise Beavers",https://www.filmcrave.com/movie_page_main.php?id=59111,Unknown
Hall of Mirrors,53425,3.0,10/02/2017,English,Documentary,NR,"Ena Talakic, Ines Talakic",Edward Jay Epstein,https://www.filmcrave.com/movie_page_main.php?id=59112,Unknown
Intent to Destroy,53178,3.0,04/25/2017,English,Documentary,NR,Joe Berlinger,"Shohreh Aghdashloo, Atom Egoyan, Serj Tankian, Kevork Malikyan, Christian Bale, Roman Mitichyan",https://www.filmcrave.com/movie_page_main.php?id=59113,Unknown
Maus,38093,2.5,09/22/2017,English,"Drama, Horror",NR,Yayo Herrero,"Alma Terzic, Ella Jazz, August Wittgenstein, Aleksandar Seksan, Sanin Milavic, Diana Fern\xc3\xa1ndez P\xc3\xa9rez",https://www.filmcrave.com/movie_page_main.php?id=59114,Unknown
11/8/16,53431,3.0,10/06/2017,English,Documentary,NR,Various,"Lena Dunham, Abby Linne, Eugene Jarecki, Alison Klayman",https://www.filmcrave.com/movie_page_main.php?id=59115,Unknown
The Babysitter,10134,2.5,10/13/2017,English,"Horror, Comedy",NR,McG,"Judah Lewis, Samara Weaving, Robbie Amell, Hana Mae Lee, Bella Thorne, Emily Alyn Lind",https://www.filmcrave.com/movie_page_main.php?id=59116,"Cole, a bullied, sheltered boy is once again left with a babysitter when his parents leave for the weekend. The awesome Bee seems to be the only person who gets him, even though she seems to be everything he's not. But staying up past he bedtime to find out really goes on reveals a lot more than drinking and partying - like human sacrifice, and when he realizes he's next on the list he must use his wits and find his courage, in order to survive the night. --"
"Merciless, The ( Bulhandang )",53456,3.0,10/13/2017,Korean,Drama,NR,Sung-hyun Byun,"Andreas Fronk, Jun-ho Heo, Jang In-sub, Hee-won Kim, Seong-oh Kim, Kyeong-yeong Lee",https://www.filmcrave.com/movie_page_main.php?id=59117,Unknown
Mon Mon Mon Monsters,24848,3.0,07/02/2017,Thai,Horror,NR,Giddens Ko,"Eugenie Liu, Kent Tsai, Yu-Kai Teng, James Lai, Meng Tao, Bonnie Liang",https://www.filmcrave.com/movie_page_main.php?id=59118,Unknown
Oscar Pistorius: Blade Runner Killer,59918,2.0,11/08/2017,English,Drama,NR,Norman Stone,"Toni Garrn, Andreas Damm, Jean Alexander, Ashley LeConte Campbell, Inge Uys, Caleb J. Spivak",https://www.filmcrave.com/movie_page_main.php?id=59119,Unknown
Dolphins,59951,2.0,04/20/2018,English,Documentary,G,"Alastair Fothergill, Keith Scholey",Unknown,https://www.filmcrave.com/movie_page_main.php?id=59120,Unknown
"I Love You, Daddy",33509,2.0,12/31/2018,English,Comedy,R,Louis C.K.,"Louis C.K., Rose Byrne, John Malkovich, Edie Falco, Charlie Day, Helen Hunt",https://www.filmcrave.com/movie_page_main.php?id=59121,"A successful television writer finds out his young daughter has caught the eye of a noted film director, and notorious lecher, and tries to figure out how to deal with the situation. --"
"I, Tonya",624,3.1,12/08/2017,English,"Biography, Drama",R,Craig Gillespie,"Margot Robbie, Sebastian Stan, Bobby Cannavale, Mckenna Grace, Allison Janney, Caitlin Carver",https://www.filmcrave.com/movie_page_main.php?id=59122,"From an early age, Tonya Harding seemed destined for skating glory, putting in the work and time necessary to hone her skills. But her rising star in U.S. Figure Skating is threatened when her ex-husband becomes involved. --"
Revolt,13564,2.5,11/17/2017,English,"Action, Sci-Fi",R,Joe Miale,"Lee Pace, B\xc3\xa9r\xc3\xa9nice Marlohe, Jason Flemyng, Sibulele Gcilitshana, Wandile Molebatsi, Sekoati Sk Tsubane",https://www.filmcrave.com/movie_page_main.php?id=59123,"An alien invasion has left mankind on the verge of extinction. Africa is no exception, where a U.S. soldier and French aide worker must come together, not just for their own survival, but to try to help the dwindling human refugee population. --"
The Strange Ones,53074,3.0,03/11/2017,English,"Drama, Thriller",R,"Christopher Radcliff, Lauren Wolkstein","Alex Pettyfer, James Freedson-Jackson, Emily Althaus, Gene Jones, Owen Campbell, Tobias Campbell",https://www.filmcrave.com/movie_page_main.php?id=59124,Unknown
"Ron Goossens, Low Budget Stuntman",53407,3.0,09/23/2017,Dutch,Comedy,NR,"Steffen Haars, Flip Van der Kuil","Tim Haars, Bo Maerten, Michiel Romeyn, Henry van Loon, Dennie Christian, Tygo Gernandt",https://www.filmcrave.com/movie_page_main.php?id=59125,Unknown
Salyut-7,53398,3.0,09/21/2017,Russian,"Action, Drama",NR,Klim Shipenko,"Pavel Derevyanko, Vladimir Matveev, Nikita Panfilov, Roman Perelygin, Vladimir Vdovichenkov, Polina Rudenko",https://www.filmcrave.com/movie_page_main.php?id=59126,Unknown
Tiger Girl,53411,3.0,09/24/2017,Unknown,Action,NR,Jakob Lass,"Ella Rumpf, Maria-Victoria Dragus, Enno Trebs, Orce Feldschau, Benjamin Lutzke, Franz Rogowski",https://www.filmcrave.com/movie_page_main.php?id=59127,Unknown
Newness,59816,2.0,01/25/2017,English,"Drama, Romance",NR,Drake Doremus,"Nicholas Hoult, Laia Costa, Danny Huston, Pom Klementieff, Luke Baybak, Eva Ceja",https://www.filmcrave.com/movie_page_main.php?id=59128,Unknown
Trolls World Tour,13298,2.4,04/10/2020,English,"Animation, Comedy",PG,"Walt Dohrn, David P. Smith","Anna Kendrick, Justin Timberlake, Sam Rockwell, Jamie Dornan, Mary J. Blige, James Corden",https://www.filmcrave.com/movie_page_main.php?id=59129,"Poppy and Branch find the Trolls' world getting a whole lot bigger when they realize they are but one tribe out of six, each with a different music theme: Funk, Country, Techno, Classical, Pop and Rock. But when Queen Barb, aided by father King Thrash, decides that only rock should reign supreme - at the expense of every other type of music - Poppy and Branch must reunite the other tribes in harmony. --"
Long Shot,6207,2.7,05/03/2019,English,Comedy,R,Jonathan Levine,"Charlize Theron, Seth Rogen, Alexander Skarsg\xc3\xa5rd, Andy Serkis, Randall Park, O'Shea Jackson Jr.",https://www.filmcrave.com/movie_page_main.php?id=59130,"Fred Flarsky is a talented journalist and all-around free spirit who finds himself caught up in a whirlwind relationship with one of the most influential woman in the world, Charlotte Field, his one-time babysitter and unrequited crush. Now running for president, Field hires him as her speechwriter, but his endearing charm soon leads to something more - but the more the sparks fly, the more dangerous things get. --"
S&M Sally,52188,3.0,06/21/2015,English,"Comedy, Romance",NR,Michelle Ehlen,"Michelle Ehlen, Jen McPherson, Shaela Cook, Scott Keiji Takeda, Christopher Callen, Adrian Gonzalez",https://www.filmcrave.com/movie_page_main.php?id=59131,Unknown
The Heyday of the Insensitive Bastards,53497,3.0,10/27/2017,English,"Comedy, Drama",NR,"Mark Columbus, Lauren Hoekstra, Sarah Kruchowski, Ryan Moody, Simon Savelyev, Vanita Shastry, Shadae Lamar Smith, Jeremy David White, Jonathan King","James Franco, Matthew Modine, Kate Mara, Amber Tamblyn, Kristen Wiig, Natalie Portman",https://www.filmcrave.com/movie_page_main.php?id=59132,"Based on the short stories of Robert Boswell, seven vignettes present us with fantasy and reality, memory and history along with the joy and agony that is the human condition. --"
Ballerina I'm Not,59913,2.0,11/01/2017,English,"Documentary, Sport",NR,Francesca Zappitelli,"Stacy Keibler, Gail Kim, Shelly Martinez, Maria Kanellis, Herb Dean, Julie Ginther",https://www.filmcrave.com/movie_page_main.php?id=59133,Unknown
Flesh and Blood,53069,3.0,03/11/2017,English,Drama,NR,Mark Webber,"Mark Webber, Madeline Brewer, Cheri Honkala, Guillermo Santos",https://www.filmcrave.com/movie_page_main.php?id=59134,Unknown
Hostile,43017,1.7,09/13/2017,English,"Drama, Horror",NR,Mathieu Turi,"Brittany Ashworth, Gr\xc3\xa9gory Fitoussi, Javier Botet, Jay Benedict, David Gasman, Carl Garrison",https://www.filmcrave.com/movie_page_main.php?id=59135,Unknown
"Roman J Israel, Esq.",3109,2.9,11/22/2017,English,"Crime, Drama",PG-13,Dan Gilroy,"Denzel Washington, Colin Farrell, Shelley Hennig, Carmen Ejogo, Nazneen Contractor, Tony Plana",https://www.filmcrave.com/movie_page_main.php?id=59136,"The L.A. criminal court system is an overburdened wreck where, more often than not, money plays a more important role than justice. Roman J Israel is a driven, idealistic defense attorney who does his best to navigate this system and make a difference. But a series of events finds him in a crisis, where extreme action must be taken. --"
Vampire Boys 2: The New Brood,51704,3.0,01/29/2013,English,Horror,NR,Steven Vasquez,"Addison Graham, Rob Hoflund, Zasu, Ronnie Kerr, Will Branske, Quinn Jaxon",https://www.filmcrave.com/movie_page_main.php?id=59137,Unknown
Frank Serpico,26210,3.0,04/01/2017,English,Documentary,NR,Antonino D'Ambrosio,"Frank Serpico, Stanislao Pugliese, Janet Panetta, John O'Connor, John Bal, Londel Davis",https://www.filmcrave.com/movie_page_main.php?id=59138,Unknown
Chappaquiddick,9275,2.6,04/06/2018,English,"Biography, Crime",PG-13,John Curran,"Jason Clarke, Ed Helms, Bruce Dern, Kate Mara, Jim Gaffigan, Clancy Brown",https://www.filmcrave.com/movie_page_main.php?id=59139,In 1969 Ted Kennedy found both his political career and personal life spiraling out of control in the aftermath of a car accident that resulted in the death of a young campaign strategist Mary Jo Kopechne. --
Tonight She Comes,32935,2.8,10/29/2016,English,Horror,NR,Matt Stuertz,"Larissa White, Jenna McDonald, Dal Nicole, Frankie Ray, Adam Hartley, Cameisha Cotton",https://www.filmcrave.com/movie_page_main.php?id=59140,Unknown
Wheelman,53486,3.0,10/20/2017,English,"Action, Sport",NR,Jeremy Rush,"Frank Grillo, Caitlin Carmichael, Garret Dillahunt, Wendy Moniz, John Cenatiempo, Slaine",https://www.filmcrave.com/movie_page_main.php?id=59141,Unknown
Infinity Chamber,53391,3.0,09/15/2017,English,"Sci-Fi, Thriller",NR,Travis Milloy,"Christopher Soren Kelly, Cassandra Clark, Chuck Klein, Brandon Loomis, Garrett Behnke, Jesse D. Arrow",https://www.filmcrave.com/movie_page_main.php?id=59142,Unknown
The Show,35898,2.0,09/15/2017,English,Drama,R,Giancarlo Esposito,"James Franco, Famke Janssen, Josh Duhamel, Sarah Wayne Callies, Giancarlo Esposito, Caitlin FitzGerald",https://www.filmcrave.com/movie_page_main.php?id=59143,Unknown
Woodshock,41951,2.3,09/22/2017,English,"Drama, Thriller",NR,"Kate Mulleavy, Laura Mulleavy","Kirsten Dunst, Joe Cole, Pilou Asb\xc3\xa6k, Steph DuVall, Jack Kilmer, Susan Traylor",https://www.filmcrave.com/movie_page_main.php?id=59144,Unknown
Ribbons,52687,3.0,06/15/2016,English,Thriller,NR,Elias Matar,"Brian Krause, Patrick Hickman, Haidyn Harvey, Anna Easteden, Chino Binamo, Kym Jackson",https://www.filmcrave.com/movie_page_main.php?id=59145,Unknown
Beyond Skyline,24421,2.3,12/15/2017,English,"Action, Horror",R,Liam O'Donnell,"Frank Grillo, Bojana Novakovic, Iko Uwais, Callan Mulvey, Valentine Payen, Betty Gabriel",https://www.filmcrave.com/movie_page_main.php?id=59146,Unknown
The Tribes of Palos Verdes,14282,2.8,12/01/2017,English,Drama,R,"Brendan Malloy, Emmett Malloy","Elisabeth R\xc3\xb6hm, Alicia Silverstone, Jennifer Garner, Maika Monroe, Goran Visnjic, Milo Gibson",https://www.filmcrave.com/movie_page_main.php?id=59147,"With her home life crumbling down around her, Medina turns to surfing in order to cope with the volatile situation. --"
A Very Sordid Wedding,53065,3.0,03/10/2017,English,Comedy,NR,Del Shores,"Bonnie Bedelia, Dale Dickey, Whoopi Goldberg, Leslie Jordan, Blake McIver Ewing, Aleks Paunovic",https://www.filmcrave.com/movie_page_main.php?id=59148,Unknown
Breakable You,59803,2.0,01/07/2017,English,"Comedy, Drama",R,Andrew Wagner,"Holly Hunter, Tony Shalhoub, Alfred Molina, Cristin Milioti, Omar Metwally, Brooke Adams",https://www.filmcrave.com/movie_page_main.php?id=59149,Unknown
"Insult, The ( insulte, L' )",21375,3.3,09/02/2017,Arabic,Drama,R,Ziad Doueiri,"Adel Karam, Kamel El Basha, Camille Salameh, Diamand Bou Abboud, Rita Hayek, Talal Jurdi",https://www.filmcrave.com/movie_page_main.php?id=59150,Unknown
Turtle Tale,52163,3.0,06/01/2015,English,Family,PG,Luc Campeau,"Noah Schnacky, Mary Rachel Dudley, Isaiah McCaffrey, Lily Cardone, Brandon Larracuente, Bryson Powers",https://www.filmcrave.com/movie_page_main.php?id=59151,Unknown
"No Game, No Life the Movie: Zero ( N\xc3\xb4g\xc3\xaamu n\xc3\xb4raifu: Zero )",53430,3.0,10/05/2017,Japanese,"Anime, Comedy",NR,Atsuko Ishizuka,"Y\xc3\xb4ko Hikasa, Yuka Iguchi, Ai Kayano, Yoshitsugu Matsuoka, Mamiko Noto, Rie Kugimiya",https://www.filmcrave.com/movie_page_main.php?id=59152,Unknown
Killing Hasselhoff,41949,2.3,08/29/2017,English,Comedy,R,Darren Grant,"David Hasselhoff, Ken Jeong, Will Sasso, Jon Lovitz, Colton Dunn, Carlos PenaVega",https://www.filmcrave.com/movie_page_main.php?id=59153,Unknown
Chasing the Dragon ( Chui lung ),53416,3.0,09/29/2017,Cantonese,"Biography, Crime",NR,"Jason Kwan, Jing Wong","Donnie Yen, Andy Lau, Philip Keung, Kang Yu, Kent Cheng, Bryan Larkin",https://www.filmcrave.com/movie_page_main.php?id=59154,Unknown
The Polka King,39889,1.8,10/06/2017,English,"Biography, Comedy",NR,"Maya Forbes, Wallace Wolodarsky","Jenny Slate, Jack Black, Jason Schwartzman, Vanessa Bayer, Willie Garson, Robert Capron",https://www.filmcrave.com/movie_page_main.php?id=59155,Unknown
Psychopaths,53149,3.0,04/20/2017,English,Horror,NR,Mickey Keating,"Ashley Bell, Jamie Ann Burke, Larry Fessenden, James Landry H\xc3\xa9bert, Mark Kassen, Padraig Reynolds",https://www.filmcrave.com/movie_page_main.php?id=59156,Unknown
Heal,53483,3.0,10/20/2017,English,Documentary,NR,Kelly Noonan,"Deepak Chopra, Michael Beckwith, Marianne Williamson, Joseph Dispenza, Gregg Braden, Peter Crone",https://www.filmcrave.com/movie_page_main.php?id=59157,Unknown
Thoroughbreds,3139,2.9,03/09/2018,English,"Drama, Thriller",R,Cory Finley,"Anya Taylor-Joy, Olivia Cooke, Anton Yelchin, Paul Sparks, Francie Swift, Kaili Vernoff",https://www.filmcrave.com/movie_page_main.php?id=59158,A pair of upper-class teenage girls rekindle a friendship that had grown apart years earlier. But the circumstances that bring them together involve their mutual disdain for their parents... and way to get rid of this problem by any means necessary. --
Tigers Are not Afraid ( Siempre Vuelven ),6951,3.0,09/01/2017,Spanish,"Fantasy, Thriller",NR,Issa L\xc3\xb3pez,"Paola Lara, Hanssel Casillas, Ianis Guerrero, Rodrigo Cortes, Juan Ram\xc3\xb3n L\xc3\xb3pez",https://www.filmcrave.com/movie_page_main.php?id=59159,Unknown
Under the Tree ( Undir tr\xc3\xa9nu ),53412,3.0,09/24/2017,Other,"Comedy, Drama",NR,Hafsteinn Gunnar Sigur\xc3\xb0sson,"Stein\xc3\xbe\xc3\xb3r Hr\xc3\xb3ar Stein\xc3\xbe\xc3\xb3rsson, Edda Bj\xc3\xb6rgvinsd\xc3\xb3ttir, Sigur\xc3\xb0ur Sigurj\xc3\xb3nsson, \xc3\x9eorsteinn Bachmann, Selma Bj\xc3\xb6rnsd\xc3\xb3ttir, L\xc3\xa1ra J\xc3\xb3hanna J\xc3\xb3nsd\xc3\xb3ttir",https://www.filmcrave.com/movie_page_main.php?id=59160,Unknown
Vampire Clay ( Chi o s\xc3\xbb nendo ),59894,2.0,09/21/2017,Japanese,Horror,NR,S\xc3\xb4ichi Umezawa,"Ena Fujita, Asuka Kurosawa, Yuyu Makihara, Ry\xc3\xb4 Shinoda, Momoka Sugimoto, Ky\xc3\xb4ka Takeda",https://www.filmcrave.com/movie_page_main.php?id=59161,Unknown
Vidar the Vampire ( VampyrVidar ),59895,2.0,09/21/2017,Norwegian,"Comedy, Horror",NR,"Thomas Aske Berg, Fredrik Waldeland","Thomas Aske Berg, Brigt Skrettingland, Kim S\xc3\xb8nderholm, Henrik Rafaelsen, Marit Sanden, Espen Hana",https://www.filmcrave.com/movie_page_main.php?id=59162,Unknown
Blockers,11119,2.4,04/06/2018,English,Comedy,R,Kay Cannon,"Leslie Mann, John Cena, Ike Barinholtz, Kathryn Newton, Graham Phillips, Gideon Adlon",https://www.filmcrave.com/movie_page_main.php?id=59163,Prom night is the one night every high school girl looks forward to - as well as their hormone-laden dates. Three fathers are prepared to do everything in their power to make sure their daughters remain pure - at any cost. --
Uncle Gloria: One Helluva Ride!,52521,3.0,04/01/2016,English,"Documentary, Comedy",NR,Robyn Symon,Unknown,https://www.filmcrave.com/movie_page_main.php?id=59164,Unknown
The Journey is the Destination,59853,2.0,04/18/2017,English,Drama,R,Bronwen Hughes,"Ella Purnell, Kelly Macdonald, Maria Bello, Ben Schnetzer, Sam Hazeldine, Abby Quinn",https://www.filmcrave.com/movie_page_main.php?id=59165,Unknown
No Dress Code Required ( Etiqueta no rigurosa ),53223,3.0,05/21/2017,Spanish,Documentary,NR,Cristina Herrera Borquez,Unknown,https://www.filmcrave.com/movie_page_main.php?id=59166,Unknown
12th and Clairmount,59825,2.0,03/03/2017,English,Documentary,NR,Brian Kaufman,Unknown,https://www.filmcrave.com/movie_page_main.php?id=59167,Unknown
44 Pages,53048,3.0,03/06/2017,English,Documentary,NR,Tony Shaff,Unknown,https://www.filmcrave.com/movie_page_main.php?id=59168,Unknown
Antonio Lopez 1970: Sex Fashion & Disco,53509,3.0,11/10/2017,English,"Documentary, Biography",NR,James Crump,"Jerry Hall, Patti D'Arbanville, Jessica Lange, Karl Lagerfeld, Grace Jones, Bill Cunningham",https://www.filmcrave.com/movie_page_main.php?id=59169,Unknown
Bill Frisell: A Portrait,59924,2.0,12/06/2017,English,Documentary,NR,Emma Franz,"Bill Frisell, Bonnie Raitt, Paul Simon, Nels Cline, Michael Gibbs, Hal Willner",https://www.filmcrave.com/movie_page_main.php?id=59170,Unknown
An Immortal Man,59575,2.0,02/25/2015,English,"Biography, Documentary",NR,"Myles Kane, Josh Koury",Ted Williams,https://www.filmcrave.com/movie_page_main.php?id=59171,Unknown
The Billion Dollar Game,59581,2.0,03/11/2015,English,"Documentary, Biography",NR,Nick Guthe,"Pete Carril, Jeff Orleans",https://www.filmcrave.com/movie_page_main.php?id=59172,Unknown
This Magic Moment,52545,3.0,04/14/2016,English,"Documentary, Sport",NR,"Gentry Kirby, Erin Leyden","Shaquille O'Neal, Anfernee ""Penny"" Hardaway, Horace Grant, Nick Anderson",https://www.filmcrave.com/movie_page_main.php?id=59173,Unknown
Doc & Darryl,26185,3.0,07/14/2016,English,"Documentary, Biography",NR,"Judd Apatow, Michael Bonfiglio","Darryl Strawberry, Dwight ""Doc"" Gooden, Keith Hernandez, Tom Verducci, Jon Stewart, Bob Klapisch",https://www.filmcrave.com/movie_page_main.php?id=59174,Unknown
Phi Slama Jama,52849,3.0,10/18/2016,English,"Documentary, Sport",NR,Chip Rives,"Hakeem Olajuwon, Clyde Drexler, Guy V. Lewis, Benny Anders, Eric Davis, Lynden Rose",https://www.filmcrave.com/movie_page_main.php?id=59175,Unknown
What Carter Lost,59884,2.0,08/24/2017,English,"Documentary, Sport",NR,Adam Hootnick,"Jessie Armstead, Joe Burch, Keith Campbell, Gary Edwards, Derric Evans, Freddie James",https://www.filmcrave.com/movie_page_main.php?id=59176,Unknown
Year of the Scab,53384,3.0,09/12/2017,English,"Documentary, Sport",NR,John Dorsey,"Doug Allen, Eric Coyle, Tony Robinson, R.C. Thielemann, Anthony Sagnella, Skip Lane",https://www.filmcrave.com/movie_page_main.php?id=59177,Unknown
Eric Clapton: A Life in 12 Bars,59891,2.0,09/15/2017,English,Documentary,NR,Lili Fini Zanuck,"Eric Clapton, BB King, George Harrison",https://www.filmcrave.com/movie_page_main.php?id=59178,Unknown
EuroTrump,53511,3.0,11/10/2017,English,Documentary,NR,"Nick Hampson, Stephen Robert Morse",Geert Wilders,https://www.filmcrave.com/movie_page_main.php?id=59179,Unknown
Getting Naked: A Burlesque Story,53519,3.0,11/13/2017,English,Documentary,NR,James Lester,"Darlinda Just Darlinda, Miss Jezebel Express, Gal Friday, James Habacker, Hazel Honeysuckle, Julie Atlas Muz",https://www.filmcrave.com/movie_page_main.php?id=59180,Unknown
The Growing Season,59920,2.0,11/12/2017,English,Documentary,NR,Evan Briggs,Unknown,https://www.filmcrave.com/movie_page_main.php?id=59181,Unknown
Solo: A Star Wars Story,5366,2.6,05/25/2018,English,"Action, Sci-Fi",PG-13,Ron Howard,"Alden Ehrenreich, Donald Glover, Emilia Clarke, Paul Bettany, Woody Harrelson, Thandie Newton",https://www.filmcrave.com/movie_page_main.php?id=59182,"Through a series of daring escapades deep within a dark and dangerous criminal underworld, Han Solo meets his mighty future copilot Chewbacca and encounters the notorious gambler Lando Calrissian, in a journey that will set the course of one of the Star Wars saga\xe2\x80\x99s most unlikely heroes."
"Lots of Kids, a Monkey and a Castle ( Muchos hijos, un mono y un castillo )",0,0.0,09/15/2017,Spanish,Documentary,NR,Gustavo Salmer\xc3\xb3n,"Julieta Salmer\xc3\xb3n, Gustavo Salmer\xc3\xb3n",https://www.filmcrave.com/movie_page_main.php?id=59183,Unknown
Charged: The Eduardo Garcia Story,52993,3.0,02/01/2017,English,"Documentary, Biography",NR,Phillip Baribeau,"Eduardo Garcia, Eugenio Garcia, Indra Fanuzzi, Kathie Garcia, Manuel Garcia, Corinne Jane",https://www.filmcrave.com/movie_page_main.php?id=59184,Unknown
Love Means Zero,53393,3.0,09/16/2017,English,Documentary,NR,Jason Kohn,"Nick Bollettieri, Boris Becker, Jim Courier, Fritz Nau, Martin Blackman, Kathleen Horvath",https://www.filmcrave.com/movie_page_main.php?id=59185,Unknown
The Work,21383,3.3,10/20/2017,English,Documentary,NR,"Jairus McLeary, Gethin Aldous",Unknown,https://www.filmcrave.com/movie_page_main.php?id=59186,Unknown
AlphaGo,53415,3.0,09/29/2017,English,Documentary,NR,Greg Kohs,"Fan Hui, Lee Sedol, Hyeyeon Cho, Demis Hassabis, Yoo Changhyuk, Andrew Jackson",https://www.filmcrave.com/movie_page_main.php?id=59187,Unknown
Mr. Roosevelt,53499,3.0,10/27/2017,English,Comedy,NR,No\xc3\xabl Wells,"No\xc3\xabl Wells, Nick Thune, Britt Lower, Daniella Pineda, Andre Hyland, Doug Benson",https://www.filmcrave.com/movie_page_main.php?id=59188,Unknown
Queercore: How to Punk a Revolution,53274,3.0,06/17/2017,English,Documentary,NR,Yony Leyser,"John Waters, Beth Ditto, Peaches, Kim Gordon, Silas Howard, Bruce La Bruce",https://www.filmcrave.com/movie_page_main.php?id=59189,Unknown
Rodents of Unusual Size,26251,3.0,11/15/2017,English,Documentary,NR,"Quinn Costello, Chris Metzler, Jeff Springer",Wendell Pierce,https://www.filmcrave.com/movie_page_main.php?id=59190,Unknown
Saving Brinton,53275,3.0,06/17/2017,English,Documentary,NR,"Tommy Haines, Andrew Sherburne","Michael Zahs, Elaine Zahs, Julie Zahs, Serge Bromberg, Greg Prickman, George R. Willeman",https://www.filmcrave.com/movie_page_main.php?id=59191,Unknown
Sighted Eyes/Feeling Heart,59908,2.0,10/14/2017,English,"Documentary, Biography",NR,Tracy Heather Strain,"Harry Belafonte, Ruby Dee, Louis Gossett Jr., Sidney Poitier, Anika Noni Rose, LaTanya Richardson Jackson",https://www.filmcrave.com/movie_page_main.php?id=59192,Unknown
24 Hours to Live,31397,2.2,10/24/2017,English,Thriller,R,Brian Smrz,"Rutger Hauer, Ethan Hawke, Paul Anderson, Liam Cunningham, Nathalie Boltt, Tanya van Graan",https://www.filmcrave.com/movie_page_main.php?id=59193,Unknown
Amanda & Jack Go Glamping,59912,2.0,10/29/2017,Dutch,"Comedy, Drama",NR,Brandon Dickerson,"Amy Acker, Adan Canto, David Arquette, June Squibb, Nicole Elliott, Daniel Ross Owens",https://www.filmcrave.com/movie_page_main.php?id=59194,Unknown
Angelica,52298,3.0,10/10/2015,English,"Drama, Horror",NR,Mitchell Lichtenstein,"Jena Malone, Janet McTeer, Ed Stoppard, Tovah Feldshuh, Glynnis O'Connor, Charles Keating",https://www.filmcrave.com/movie_page_main.php?id=59195,Unknown
Dead Body,53474,3.0,10/17/2017,English,"Horror, Mystery",NR,Bobbin Ramsey,"Spencer Hamp, Jay Myers, Cooper Hopkins, Miho Aizawa, Rachel Brun, Nathan Pringle",https://www.filmcrave.com/movie_page_main.php?id=59196,Unknown
It Happened in L.A.,59914,2.0,11/03/2017,English,Comedy,NR,Michelle Morgan,"Michelle Morgan, Jorma Taccone, Dree Hemingway, Kentucker Audley, Margarita Levieva, Adam Shapiro",https://www.filmcrave.com/movie_page_main.php?id=59197,Unknown
Conor McGregor: Notorious,53507,3.0,11/08/2017,English,Documentary,R,Gavin Fitzgerald,"Conor McGregor, Dana White, Arnold Schwarzenegger, Nate Diaz, John Kavanagh, Owen Roddy",https://www.filmcrave.com/movie_page_main.php?id=59198,Unknown
Sicario: Day of the Soldado,3047,2.9,06/29/2018,English,"Action, Crime",R,Stefano Sollima,"Isabela Moner, Josh Brolin, Benicio Del Toro, Matthew Modine, Catherine Keener, Jeffrey Donovan",https://www.filmcrave.com/movie_page_main.php?id=59199,"The drug war on the U.S.-Mexican border has never been deadlier. As cartels rule by fear and violence, they begin to traffic terrorists across the border. In order to stem this tide, federal agent Matt Graver re-teams with the unconventional Alejandro in hopes of making a difference. --"
Thank You for Coming,59906,2.0,10/13/2017,English,"Documentary, Comedy",NR,Sara Lamm,Unknown,https://www.filmcrave.com/movie_page_main.php?id=59200,Unknown
This is Congo,59893,2.0,09/15/2017,English,"Documentary, Historical",NR,Daniel McCabe,Unknown,https://www.filmcrave.com/movie_page_main.php?id=59201,Unknown
When Edith's Bells Toll ( Ediths Glocken - Der Film ),53518,3.0,11/11/2017,German,Comedy,NR,"Ades Zabel, Nicolai Tegeler, Biggy van Blond","Ades Zabel, Biggy van Blond, Bob Schneider, Nicolai Tegeler, Stefan Kuschner",https://www.filmcrave.com/movie_page_main.php?id=59202,Unknown
Bitch,53510,3.0,11/10/2017,English,"Comedy, Drama",NR,Marianna Palka,"Marianna Palka, Jason Ritter, Kingston Foster, Jaime King, Rio Mangini, Brighton Sharbino",https://www.filmcrave.com/movie_page_main.php?id=59203,"When his wife snaps and takes on the persona of a vicious dog, over-worked"
Princess Cyd,59916,2.0,11/03/2017,English,"Drama, Romance",NR,Stephen Cone,"Rebecca Spence, Jessie Pinnick, Malic White, James Vincent Meredith, Tyler Ross, Matthew Quattrocki",https://www.filmcrave.com/movie_page_main.php?id=59204,Unknown
White Boy,53115,3.0,03/31/2017,English,"Documentary, Crime",NR,Christopher S. Rech,"Richard Wershe, Jr.",https://www.filmcrave.com/movie_page_main.php?id=59205,Unknown
The Price,53079,3.0,03/13/2017,Other,Drama,NR,Anthony Onah,"Lucy Griffiths, Aml Ameen, Peter Vack, Bill Sage, Michael Hyatt, Hope Olaide Wilson",https://www.filmcrave.com/movie_page_main.php?id=59206,Unknown
12 Strong,4173,2.8,01/19/2018,English,"Drama, War",R,Nicolai Fuglsig,"Chris Hemsworth, Michael Shannon, Michael Pe\xc3\xb1a, Trevante Rhodes, Elsa Pataky, Rob Riggle",https://www.filmcrave.com/movie_page_main.php?id=59207,"Follows the story of the first special forces group deployed to Afghanistan after 9/11, including dealing with a new captain as well as joining forces with a local warlord in order to take down the Taliban. --"
Acrimony,34038,1.9,03/30/2018,English,"Comedy, Drama",R,Tyler Perry,"Taraji P. Henson, Danielle Nicolet, Jazmyn Simon, Ajiona Alexus, Tika Sumpter, Lyriq Bent",https://www.filmcrave.com/movie_page_main.php?id=59208,"Melinda has been a good and faithful wife to her husband - despite his devious nature. But when she learns that her husband has been leading a double life with another woman, it pushes her over the edge. --"
I Remember You ( \xc3\x89g man \xc3\xbeig ),53516,3.0,11/10/2017,Other,"Drama, Horror",NR,\xc3\x93skar Th\xc3\xb3r Axelsson,"J\xc3\xb3hannes Haukur J\xc3\xb3hannesson, Thor Kristjansson, \xc3\x81g\xc3\xbasta Eva Erlendsd\xc3\xb3ttir, Anna Gunnd\xc3\xads Gu\xc3\xb0mundsd\xc3\xb3ttir, Sara D\xc3\xb6gg \xc3\x81sgeirsd\xc3\xb3ttir, \xc3\x9er\xc3\xb6stur Le\xc3\xb3 Gunnarsson",https://www.filmcrave.com/movie_page_main.php?id=59209,Unknown
"Jim & Andy: The Great Beyond - With a Very Special, Contractually Obligated Mention of Tony Clifton",3220,3.0,11/11/2017,English,Documentary,NR,Chris Smith,"Jim Carrey, Danny DeVito, Milos Forman, Judd Hirsch",https://www.filmcrave.com/movie_page_main.php?id=59210,Unknown
Trader Horn,46148,1.8,06/01/1973,English,Adventure,PG,Reza Badiyi,"Rod Taylor, Anne Heywood, Jean Sorel, Don Knight, Ed Bernard, Stack Pierce",https://www.filmcrave.com/movie_page_main.php?id=59211,Rugged adventurer Trader Horn (Rod Taylor) leads an expedition into the African
Radius,18876,2.7,09/22/2017,English,"Sci-Fi, Thriller",NR,"Caroline Labr\xc3\xa8che, Steeve L\xc3\xa9onard","Diego Klattenhoff, Charlotte Sullivan, Brett Donahue, Bradley Sawatzky, Bj Verot, Nazariy Demkowicz",https://www.filmcrave.com/movie_page_main.php?id=59212,Unknown
Thumper,53150,3.0,04/20/2017,English,"Crime, Drama",NR,Jordan Ross,"Eliza Taylor, Pablo Schreiber, Lena Headey, Ben Feldman, Daniel Webber, Philip Harville",https://www.filmcrave.com/movie_page_main.php?id=59213,Unknown
The Beyond,53573,3.0,01/09/2018,English,"Horror, Sci-Fi",NR,Hasraf Dulull,"David Bailie, Jane Perry, Brian Deacon, Nigel Barber, Amy Argyle, Kosha Engler",https://www.filmcrave.com/movie_page_main.php?id=59214,Unknown
Let Her Out,18879,2.7,10/20/2017,English,Horror,NR,Cody Calahan,"Alanna LeVierge, Nina Kiri, Adam Christie, Kate Fenton, Michael Lipka, Brooke Henderson",https://www.filmcrave.com/movie_page_main.php?id=59215,"A bike courier survives a near-fatal accident but during her recovery she experiences black outs, hallucinations, and night terrors - leading to the discovery of a benign tumor, one that seems to mirror the effects of ""vanishing twin"". Yet the episodes continues, as her personality begins to change as well - something dark and twisted has been unleashed, threatening her own life and that of her best friend. --"
Top Cat Begins ( Don Gato: El Inicio de la Pandilla ),53772,3.0,07/20/2018,Spanish,"Animation, Family",PG,Andr\xc3\xa9s Couturier,"Darin De Paul, Ben Diskin, Chris Edgerly, Marieve Herington, David Hoffman, David Boat",https://www.filmcrave.com/movie_page_main.php?id=59216,Unknown
Overdrive,53442,3.0,10/07/2017,English,"Action, Thriller",PG-13,Antonio Negret,"Ana de Armas, Scott Eastwood, Gaia Weiss, Freddie Thorp, Clemens Schick, Simon Abkarian",https://www.filmcrave.com/movie_page_main.php?id=59217,Unknown
Lowlife,23003,2.5,11/04/2017,English,"Biography, Crime",NR,Ryan Prows,"Nicki Micheaux, Ricardo Adam Zarate, Jon Oswald, Shaye Ogbonna, Santana Dempsey, Mark Burnham",https://www.filmcrave.com/movie_page_main.php?id=59218,Unknown
Signature Move,32966,2.8,10/13/2017,English,"Comedy, Drama",NR,Jennifer Reeder,"Fawzia Mirza, Shabana Azmi, Sari Sanchez, Audrey Francis, Charin Alvarez, Molly Brennan",https://www.filmcrave.com/movie_page_main.php?id=59219,Unknown
Shot,53404,3.0,09/22/2017,English,Drama,NR,Jeremy Kagan,"Noah Wyle, Sharon Leal, Jorge Lendeborg Jr., Xander Berkeley, Elaine Hendrix, Malcolm-Jamal Warner",https://www.filmcrave.com/movie_page_main.php?id=59220,Unknown
Female Fight Squad,38087,2.5,08/08/2017,English,"Action, Drama",R,Miguel A. Ferrer,"Amy Johnston, Cortney Palm, Rey Goyos, Sean Faris, Dolph Lundgren, Levy Tran",https://www.filmcrave.com/movie_page_main.php?id=59221,Unknown
6 Below: Miracle on the Mountain,53447,3.0,10/13/2017,English,"Adventure, Biography",PG-13,Scott Waugh,"Josh Hartnett, Mira Sorvino, Sarah Dumont, Kale Culley, Jason Cottle, Austin R. Grant",https://www.filmcrave.com/movie_page_main.php?id=59222,Unknown
Below the Sahara,36847,2.5,05/30/1953,English,Documentary,NR,Armand Denis,"Armand Denis, Michaela Denis",https://www.filmcrave.com/movie_page_main.php?id=59223,"Safari documentary about Armand and Michaela Denis, two film makers and"
Antihuman,55223,1.5,10/17/2017,English,"Horror, Sci-Fi",NR,"Luke Gietzen, Mark Robins","Anya Korzun, Danielle Arden, Andrew Jardine, Katie Keight, Kathryn Goldsmith",https://www.filmcrave.com/movie_page_main.php?id=59224,Unknown
"Daguerrotype ( secret de la chambre noire, La )",52934,3.0,01/06/2017,French,"Fantasy, Horror",NR,Kiyoshi Kurosawa,"Tahar Rahim, Constance Rousseau, Olivier Gourmet, Mathieu Amalric, Malik Zidi, Val\xc3\xa9rie Sibilia",https://www.filmcrave.com/movie_page_main.php?id=59225,Unknown
M.F.A.,53455,3.0,10/13/2017,English,Thriller,NR,Natalia Leite,"Francesca Eastwood, Clifton Collins Jr., Michael Welch, Leah McKendrick, Andrew Caldwell, Peter Vack",https://www.filmcrave.com/movie_page_main.php?id=59226,Unknown
Mary and the Witch's Flower ( Meari to majo no hana ),4929,2.8,01/31/2018,Japanese,"Anime, Adventure",PG,Hiromasa Yonebayashi,"Kate Winslet, Ruby Barnhill, Jim Broadbent, Ewen Bremner, Louis Ashbourne Serkis, Hana Sugisaki",https://www.filmcrave.com/movie_page_main.php?id=59227,Unknown
Nine Legends,52418,3.0,01/26/2016,English,Documentary,NR,David Sinnott,"Mike Tyson, Randy Couture, Bill Goldberg, Bret Hart, Ted DiBiase, Amy Dumas",https://www.filmcrave.com/movie_page_main.php?id=59228,Unknown
Bunker77,52818,3.0,10/07/2016,English,"Documentary, Adventure",NR,Takuji Masuda,"Mike Judge, Laird John Hamilton, Johnny Knoxville, Tony Alva, Bunker Spreckels",https://www.filmcrave.com/movie_page_main.php?id=59229,Unknown
Almost Friends,52830,3.0,10/14/2016,English,"Comedy, Drama",NR,Jake Goldberger,"Freddie Highmore, Odeya Rush, Christopher Meloni, Haley Joel Osment, Jake Abel, Marg Helgenberger",https://www.filmcrave.com/movie_page_main.php?id=59230,Unknown
Primal Rage,32970,2.8,01/26/2018,English,Horror,R,Patrick Magee,"Casey Gagliardi, Andrew Joseph Montgomery, Eloy Casados, Justin Rain, Marshal Hilton, Brandon Gibson",https://www.filmcrave.com/movie_page_main.php?id=59231,Unknown
Spreading Darkness,53557,3.0,12/29/2017,English,"Comedy, Crime",NR,Josh Eisenstadt,"Dominique Swain, Eric Roberts, Bonnie Aarons, Irene Bedard, James Duval, Robert Davi",https://www.filmcrave.com/movie_page_main.php?id=59232,Unknown
Beirut,7823,2.6,04/11/2018,English,"Action, Thriller",R,Brad Anderson,"Rosamund Pike, Jon Hamm, Shea Whigham, Mark Pellegrino, Dean Norris, Kate Fleetwood",https://www.filmcrave.com/movie_page_main.php?id=59233,"In 1972, a U.S. diplomat flees Lebanon following a tragic accident at his home. Ten years later, as Beirut finds itself in the midst of a war, a CIA operative calls him back in order to negotiate for the life of a friend, one he left behind ten years before. --"
Alien Invasion: S.U.M.1,53527,3.0,12/01/2017,English,Sci-Fi,NR,Christian Pasquariello,"Iwan Rheon, Andr\xc3\xa9 Hennicke",https://www.filmcrave.com/movie_page_main.php?id=59234,Unknown
Never Leave Alive,53180,3.0,04/25/2017,English,Adventure,NR,Steven LaMorte,"John Hennigan, Michelle Taylor, Eric Etebari, Joseph Gatt, Alistair McKenzie, J. Michael Evans",https://www.filmcrave.com/movie_page_main.php?id=59235,Unknown
Restraint,59904,2.0,10/08/2017,English,"Horror, Thriller",NR,Adam Cushman,"Dana Ashbrook, Isabella Celaya, Caitlyn Folley, John Hensley, Shelby Lee Chenard, Geoffrey Rivas",https://www.filmcrave.com/movie_page_main.php?id=59236,Unknown
Wasted! The Story of Food Waste,53459,3.0,10/13/2017,English,Documentary,NR,"Anna Chai, Nari Kye","Dan Barber, Mario Batali, Massimo Bottura, Anthony Bourdain, John Morgan",https://www.filmcrave.com/movie_page_main.php?id=59237,Unknown
Gnome Alone,53640,3.0,03/02/2018,English,Animation,PG,"Peter Lepeniotis, Shelly Shenoy","Tara Strong, Olivia Holt, Becky G., David Koechner, George Lopez, Jeff Dunham",https://www.filmcrave.com/movie_page_main.php?id=59238,Unknown
The Departure,53452,3.0,10/13/2017,Japanese,Documentary,NR,Lana Wilson,Ittetsu Nemoto,https://www.filmcrave.com/movie_page_main.php?id=59239,Unknown
Killing Gunther,29568,2.0,09/22/2017,English,"Action, Comedy",R,Taran Killam,"Arnold Schwarzenegger, Cobie Smulders, Hannah Simone, Taran Killam, Allison Tolman, Bobby Moynihan",https://www.filmcrave.com/movie_page_main.php?id=59240,Unknown
RV: Resurrected Victims ( Heesaeng boohwalja ),53484,3.0,10/20/2017,Korean,"Mystery, Thriller",NR,Kyung-taek Kwak,"Rae-won Kim, Hae-suk Kim, Dong-il Sung, Hye-jin Jeon, Young-nam Jang, Baek Bong-ki",https://www.filmcrave.com/movie_page_main.php?id=59241,Unknown
Somebody's Mother,52928,3.0,12/26/2016,English,"Drama, Family",NR,Gabriela Tollman,"Evelyne Tollman, Gabriela Tollman, Brian Donovan, Juan Monsalvez, James Tumminia, Ben Seton",https://www.filmcrave.com/movie_page_main.php?id=59242,Unknown
Zombies,44824,2.0,09/29/2017,English,"Action, Horror",NR,Hamid Torabpour,"Tony Todd, Steven Luke, Raina Hein, Amanda Day, Aaron Courteau, Marcus Dee",https://www.filmcrave.com/movie_page_main.php?id=59243,Unknown
The Wrestler,56825,2.0,02/01/1974,English,"Action, Crime",PG,James A. Westman,"Edward Asner, Elaine Giftos, Billy Robinson, Verne Gagne, Jerry Wade, Vincent McMahon",https://www.filmcrave.com/movie_page_main.php?id=59244,Unknown
Dance Macabre,49510,3.0,09/30/1992,English,"Crime, Horror",R,Greydon Clark,"Robert Englund, Michelle Zeitlin, Marianna Moen, Julene Renee, Nina Goldman, Irina Davidoff",https://www.filmcrave.com/movie_page_main.php?id=59245,Unknown
Kepler's Dream,59779,2.0,10/07/2016,English,"Adventure, Drama",NR,Amy Glazer,"Isabella Blake-Thomas, Holland Taylor, Kelly Lynch, Sean Patrick Flanery, Steven Michael Quezada, Kelly Hu",https://www.filmcrave.com/movie_page_main.php?id=59246,Unknown
Fullmetal Alchemist ( Hagane no renkinjutsushi ),44827,2.0,11/19/2017,Japanese,Action,NR,Fumihiko Sori,"Ry\xc3\xb4suke Yamada, Tsubasa Honda, Dean Fujioka, Ry\xc3\xbbta Sat\xc3\xb4, Misako Renbutsu, Y\xc3\xb4 \xc3\x94izumi",https://www.filmcrave.com/movie_page_main.php?id=59247,Unknown
Battlecreek,53505,3.0,11/03/2017,English,"Drama, Romance",R,Alison Eastwood,"Bill Skarsg\xc3\xa5rd, Paula Malcomson, Claire van der Boom, Toby Hemingway, Delroy Lindo, Dana Powell",https://www.filmcrave.com/movie_page_main.php?id=59248,Unknown
The Clapper,41939,2.3,04/23/2017,English,Comedy,R,Dito Montiel,"Amanda Seyfried, Leah Remini, Ed Helms, Adam Levine, James Ransone, Alan Thicke",https://www.filmcrave.com/movie_page_main.php?id=59249,"Eddie Krumble (Ed Helms) makes a living as a professional audience member for infomercials. When a talk show host picks him out of the crowd and tries to get him on his show, Eddie's life begins to crumble from all the attention.  --"
First Reformed,696,3.2,09/02/2017,English,"Drama, Thriller",R,Paul Schrader,"Amanda Seyfried, Ethan Hawke, Michael Gaston, Cedric the Entertainer, Van Hansis, Victoria Hill",https://www.filmcrave.com/movie_page_main.php?id=59250,"Reverend Ernst Toller presides over a dwindling congregation in the historic First Reformed Church in upstate New York. As the church prepares for a 250th anniversary celebration, Toller, who struggles with depression and loneliness, finds his life slipping out of control when he tries to help a pregnant parishioner. --"
The Hurricane Heist,33815,1.8,03/09/2018,English,"Action, Thriller",PG-13,Rob Cohen,"Toby Kebbell, Maggie Grace, Ryan Kwanten, Ralph Ineson, Melissa Bolona, Ben Cross",https://www.filmcrave.com/movie_page_main.php?id=59251,"With a Category 5 hurricane about to hit, a team of thieves comes up with a daring plan to rob a Mint facility in the middle of the storm. --"
Loveless ( Nelyubov ),5110,3.1,09/01/2017,Russian,Drama,NR,Andrey Zvyagintsev,"Maryana Spivak, Aleksey Rozin, Varvara Shmykova, Matvey Novikov, Daria Pisareva, Yanina Hope",https://www.filmcrave.com/movie_page_main.php?id=59252,Unknown
The Meg,10115,2.4,08/10/2018,English,"Action, Horror",PG-13,Jon Turteltaub,"Ruby Rose, Jason Statham, Rainn Wilson, Cliff Curtis, Bingbing Li, Robert Taylor",https://www.filmcrave.com/movie_page_main.php?id=59253,"Jonas Taylor has lost everything - dishonorably discharged, divorced and disgraced - all because of an incident five years ago at the Mariana Trench, one that resulted in him leaving behind half his crew. His explanation is incredulous - the most dangerous marine predator to exist, extinct for over a million years, appeared in the form of a 70-foot behemoth that attacked, forcing him to abort the mission to survive. Present day, a new mission, including his ex-wife, is trapped at the bottom of the ocean in a submersible and he is called to save them. It's dangerous mission, complicated by the re-appearance of the beast. --"
Small Town Crime,3899,3.0,03/11/2017,English,Thriller,R,"Eshom Nelms, Ian Nelms","John Hawkes, Octavia Spencer, Robert Forster, Anthony Anderson, Clifton Collins Jr., Michael Vartan",https://www.filmcrave.com/movie_page_main.php?id=59254,Unknown
Crazy Rich Asians,1638,3.0,08/15/2018,English,Comedy,PG-13,Jon M. Chu,"Gemma Chan, Michelle Yeoh, Constance Wu, Ken Jeong, Sonoya Mizuno, Harry Shum Jr.",https://www.filmcrave.com/movie_page_main.php?id=59255,"Rachel Wu, an economics professor in America, is delighted to meet her boyfriend Nick's family in Singapore for his best friend's wedding. That is, until she learns Nick just happens to be the most eligible bachelor in the entire country and also from an impossibly rich family. Rachel finds herself wading into a group of jealous, petty women - all who think Nick would be better off with someone in his social class. --"
Cadaver,59967,2.0,08/24/2018,English,Horror,Unknown,Diederik Van Rooijen,"Stana Katic, Shay Mitchell, Grey Damon, Louis Herthum, Jacob Ming-Trent, Kirby Johnson",https://www.filmcrave.com/movie_page_main.php?id=59256,Unknown
The Happytime Murders,24769,2.0,08/24/2018,English,"Comedy, Crime",R,Brian Henson,"Elizabeth Banks, Melissa McCarthy, Maya Rudolph, Joel McHale, Leslie David Baker, Jimmy O. Yang",https://www.filmcrave.com/movie_page_main.php?id=59257,"In this world, puppets are people too - though treated as second-class citizens. During its height of popularity, The Happytime Gang delighted children of all ages. But the 80s are over and now a serial killer stalks the puppet cast, one gristly murder after another. Phil, a puppet and disgraced detective turned-private eye is on the case following the murder of his brother and hooks up with a former partner to try to solve the case. But as evidence mounts against him, he realizes he will not only have to solve the cast, but clear his name in the process. --"
A Madea Family Funeral,42216,1.5,03/01/2019,English,Comedy,PG-13,Tyler Perry,"Tyler Perry, Patrice Lovely, Cassi Davis, Ciera Payton, David Otunga, Chandra Currelley-Young",https://www.filmcrave.com/movie_page_main.php?id=59258,"The family that stays together, mourns together as Madea and the entire family find themselves in backwood Georgia for a funeral. But even as things are planned, secrets long buried threaten to come out. --"
Love is Thicker Than Water,52837,3.0,10/14/2016,English,"Comedy, Romance",NR,"Emily Harris, Ate de Jong","Lydia Wilson, Ellie Kendrick, Johnny Flynn, Al Weaver, Juliet Stevenson, Jessica Gunning",https://www.filmcrave.com/movie_page_main.php?id=59259,Unknown
The Swindlers,53536,3.0,12/01/2017,Korean,Crime,NR,Chang Won Jang,"Hyun Bin, Ji-tae Yu, Seong-woo Bae, Sung-woong Park, Nana, Se-ha Ahn",https://www.filmcrave.com/movie_page_main.php?id=59260,Unknown
In the Fade ( Aus dem Nichts ),53444,3.0,10/08/2017,German,Drama,NR,Fatih Akin,"Diane Kruger, Denis Moschitto, Numan Acar, Samia Muriel Chancrin, Johannes Krisch, Ulrich Tukur",https://www.filmcrave.com/movie_page_main.php?id=59261,Unknown
S.W.A.T.: Firefight,51537,3.0,03/01/2011,English,"Action, Crime",R,Benny Boom,"Gabriel Macht, Robert Patrick, Carly Pope, Giancarlo Esposito, Kristanna Loken, Matt Bushell",https://www.filmcrave.com/movie_page_main.php?id=59262,Unknown
Singularity,59917,2.0,11/03/2017,English,Sci-Fi,PG-13,Robert Kouba,"Carmen Argenziano, John Cusack, Eileen Grubba, Julian Schaffner, Jeannine Wacker",https://www.filmcrave.com/movie_page_main.php?id=59263,Unknown
Blame,53162,3.0,04/22/2017,English,Drama,NR,Quinn Shephard,"Chris Messina, Trieste Kelly Dunn, Tate Donovan, Geneva Carr, Nadia Alexander, Quinn Shephard",https://www.filmcrave.com/movie_page_main.php?id=59264,Unknown
"Man in the Shadows, The ( Shadow Man, The )",53504,3.0,10/31/2017,English,"Drama, Horror",NR,Joshua Fraiman,"Rebecca Amzallag, Nick Baillie, Sarah Jurgens, Celest Chong, Alison Louder, Adam Tomlinson",https://www.filmcrave.com/movie_page_main.php?id=59265,Unknown
Garibaldi ( Viva l'Italia ),48260,3.0,02/02/1961,Italian,"Drama, Historical",NR,Roberto Rossellini,"Renzo Ricci, Paolo Stoppa, Franco Interlenghi, Giovanna Ralli, Raimondo Croce, Tina Louise",https://www.filmcrave.com/movie_page_main.php?id=59266,Unknown
"Marriage of Chiffon, The ( mariage de Chiffon, Le )",47821,3.0,08/06/1942,French,Comedy,NR,Claude Autant-Lara,"Odette Joyeux, Andr\xc3\xa9 Luguet, Jacques Dumesnil, Pierre Larquey, Robert Le Vigan, Suzanne Dant\xc3\xa8s",https://www.filmcrave.com/movie_page_main.php?id=59267,Unknown
Lettres d'amour,47839,3.0,12/23/1942,French,Drama,NR,Claude Autant-Lara,"Odette Joyeux, Fran\xc3\xa7ois P\xc3\xa9rier, Simone Renant, Jacqueline Champi, Jean Par\xc3\xa9d\xc3\xa8s, Ariane Murator",https://www.filmcrave.com/movie_page_main.php?id=59268,Unknown
Sylvie et le fant\xc3\xb4me,47998,3.0,10/14/1950,French,"Comedy, Romance",NR,Claude Autant-Lara,"Odette Joyeux, Fran\xc3\xa7ois P\xc3\xa9rier, Pierre Larquey, Claude Marcy, Jean Desailly, Paul Demange",https://www.filmcrave.com/movie_page_main.php?id=59269,Unknown
"Witches, The ( streghe, Le )",48562,3.0,03/12/1969,Italian,"Comedy, Drama",NR,"Mauro Bolognini, Vittorio De Sica, Pier Paolo Pasolini, Franco Rossi, Luchino Visconti","Silvana Mangano, Annie Girardot, Alberto Sordi, Ninetto Davoli, Armando Bottin, Francisco Rabal",https://www.filmcrave.com/movie_page_main.php?id=59270,Unknown
Apocalypse Road,41917,2.3,08/13/2016,English,Thriller,NR,Brett Bentman,"Katie Kohler, Ashlyn McEvers, Nellie Sciutto, Lance De Los Santos, Billy Blair, Tony Senzamici",https://www.filmcrave.com/movie_page_main.php?id=59271,Unknown
Bombshell: The Hedy Lamarr Story,26213,3.0,04/23/2017,English,"Documentary, Biography",NR,Alexandra Dean,"Hedy Lamarr, Robert Osborne, Peter Bogdanovich, Jan-Christopher Horak, Diane Kruger, Stephen Michael Shearer",https://www.filmcrave.com/movie_page_main.php?id=59272,Unknown
Crazy Famous,53574,3.0,01/09/2018,English,"Action, Comedy",NR,Paul Jarrett,"Ajay Naidu, Catherine Curtin, Gregory Lay, Tom Kemp, Sahar Bibiyan, Jessica Renee Russell",https://www.filmcrave.com/movie_page_main.php?id=59273,Unknown
Skybound,44826,2.0,11/07/2017,English,"Action, Thriller",NR,Alex Tavakoli,"Scarlett Byrne, Gavin Stenhouse, Rick Cosnett, Morten Suurballe, Tyler Fayose, Carla Carolina Pimentel",https://www.filmcrave.com/movie_page_main.php?id=59274,Unknown
At Granny's House,59630,2.0,05/30/2015,English,Thriller,NR,Les Mahoney,"Bill Oberst Jr., Rachel Alig, Glenda Morgan Brown, Les Mahoney, Laura Lee, Melissa Bazis",https://www.filmcrave.com/movie_page_main.php?id=59275,Unknown
Anders Manor,53736,3.0,05/18/2018,English,Horror,R,Jonathon Schermerhorn,"Kevin Nash, Christina Robinson, Rachel True, Allie Marshall, Tandi Tugwell, Tanja Melendez Lynch",https://www.filmcrave.com/movie_page_main.php?id=59276,Unknown
Anything,53272,3.0,06/17/2017,English,"Drama, Romance",R,Timothy McNeil,"Margot Bingham, Michael Boatman, Matt Bomer, Tanner Buchanan, Meghan Leone Cox, Brooke Culbertson",https://www.filmcrave.com/movie_page_main.php?id=59277,Unknown
The Rider,2464,3.0,04/13/2018,English,Drama,R,Chlo\xc3\xa9 Zhao,"Brady Jandreau, Tim Jandreau, Lilly Jandreau, Cat Clifford, Terri Dawn Pourier, Lane Scott",https://www.filmcrave.com/movie_page_main.php?id=59278,A young cowboy re-examines his life after suffering a near-fatal head injury. --
The Sandman,53465,3.0,10/14/2017,English,Horror,R,Peter Sullivan,"Haylie Duff, Tobin Bell, Shaun Sipos, Shae Smolik, Amanda Wyss, Ricco Ross",https://www.filmcrave.com/movie_page_main.php?id=59279,Unknown
The Post,2690,2.8,12/22/2017,English,"Biography, Drama",PG-13,Steven Spielberg,"Alison Brie, Tom Hanks, Meryl Streep, Sarah Paulson, Carrie Coon, Bruce Greenwood",https://www.filmcrave.com/movie_page_main.php?id=59280,"Inspired by real events - Katharine Graham is the first female publisher of a major American newspaper when she takes over The Washington Post. Long-time editor Ben Bradlee comes across the story of a lifetime - The Pentagon Papers, a massive government cover-up of Vietnam that spans three decades and involves four presidents. The story has implications that could not only harm their careers, but their very lives - as well as the future of the newspaper itself. --"
Song of Granite,59921,2.0,11/15/2017,English,"Biography, Drama",NR,Pat Collins,"Michael O'Chonfhlaola, Macdara \xc3\x93 F\xc3\xa1tharta, Leni Parker, Alain Goulem, Colm Seoighe, Jaren Cerf",https://www.filmcrave.com/movie_page_main.php?id=59281,Unknown
Beethoven's 4th,41521,2.3,12/04/2001,English,"Comedy, Family",G,David Mickey Evans,"Judge Reinhold, Julia Sweeney, Joe Pichler, Michaela Gallo, Kaleigh Krish, Matt McCoy",https://www.filmcrave.com/movie_page_main.php?id=59282,Unknown
Khumba,46539,1.8,12/06/2013,English,"Animation, Adventure",NR,Anthony Silverston,"Jake T. Austin, Laurence Fishburne, Anika Noni Rose, Ben Vereen, Jennifer Cody, Joey Richter",https://www.filmcrave.com/movie_page_main.php?id=59283,Unknown
April Apocalypse,41875,2.3,02/24/2015,English,"Comedy, Horror",NR,Jarret Tarnol,"Reece Thompson, Rebekah Brandes, Brent Tarnol, Stephanie Hunt, Todd Stashwick, George Lopez",https://www.filmcrave.com/movie_page_main.php?id=59284,Unknown
Resident Evil: Vendetta,21046,2.4,05/27/2017,English,"Animation, Action",R,"Takanori Tsujimoto, Alexander Von David","Kevin Dorman, Matthew Mercer, Erin Cahill, John DeMita, Fred Tatasciore, Cristina Valenzuela",https://www.filmcrave.com/movie_page_main.php?id=59285,Unknown
Batman vs. Two-Face,6954,3.0,10/17/2017,English,"Animation, Action",PG,Rick Morales,"Adam West, Burt Ward, William Shatner, Julie Newmar, William Salyers, Jeff Bergman",https://www.filmcrave.com/movie_page_main.php?id=59286,Unknown
Happy End,5289,3.0,12/22/2017,French,Drama,R,Michael Haneke,"Isabelle Huppert, Jean-Louis Trintignant, Mathieu Kassovitz, Fantine Harduin, Franz Rogowski, Laura Verlinden",https://www.filmcrave.com/movie_page_main.php?id=59287,"The film explores the dynamics of a well to do family living in Calais, France on the"
Along With the Gods: The Two Worlds,53554,3.0,12/22/2017,Korean,Fantasy,NR,Yong-hwa Kim,"Tae-hyun Cha, Kyung-soo Do, Jung-woo Ha, Lee Joon Hyuk, Won-hee Im, Dong-wook Kim",https://www.filmcrave.com/movie_page_main.php?id=59288,Unknown
Obey Giant,53517,3.0,11/11/2017,English,Documentary,NR,James Moll,"Shepard Fairey, Laura Dawn, Mr. Brainwash, Jeffrey Deitch, Mannie Garcia",https://www.filmcrave.com/movie_page_main.php?id=59289,Unknown
On Wings of Eagles,38102,2.5,11/03/2017,English,"Drama, Historical",PG-13,"Stephen Shin, Michael Parker","Joseph Fiennes, Bruce Locke, Richard Sanderson, Shawn Dou, Jesse Kove, Augusta Xu-Holland",https://www.filmcrave.com/movie_page_main.php?id=59290,Unknown
Living on Soul,53494,3.0,10/23/2017,English,Documentary,NR,"Cory Bailey, Jeff Broadway","Charles Bradley, Sharon Jones, Naomi Shelton, Thomas Brenneck, Gabriel Roth",https://www.filmcrave.com/movie_page_main.php?id=59291,Unknown
Wolf Warrior II ( Zhan lang II ),26227,3.0,07/28/2017,Mandarin,"Action, War",NR,Jing Wu,"Jing Wu, Frank Grillo, Celina Jade, Gang Wu, Hans Zhang, Nan Yu",https://www.filmcrave.com/movie_page_main.php?id=59292,Unknown
Hollow in the Land,53543,3.0,12/08/2017,English,"Drama, Mystery",NR,Scooter Corkle,"Dianna Agron, Rachelle Lefevre, Shawn Ashmore, Jared Abrahamson, Brent Stait, Sarah Dugdale",https://www.filmcrave.com/movie_page_main.php?id=59293,Unknown
The Pirates of Somalia,38105,2.5,12/08/2017,English,"Biography, Drama",R,Bryan Buckley,"Evan Peters, Al Pacino, Barkhad Abdi, Melanie Griffith, Russell Posner, Philip Ettinger",https://www.filmcrave.com/movie_page_main.php?id=59294,Unknown
Bad Grandmas,53433,3.0,10/06/2017,English,"Action, Comedy",NR,Srikant Chellappa,"Pam Grier, Judge Reinhold, Florence Henderson, Randall Batinkoff, Miriam Parrish, Susie Wall",https://www.filmcrave.com/movie_page_main.php?id=59295,Unknown
Gilbert,32951,2.8,04/01/2017,English,"Documentary, Biography",NR,Neil Berkeley,"Gilbert Gottfried, Jim Gaffigan, Whoopi Goldberg, Howie Mandel, Dick Van Dyke, Lewis Black",https://www.filmcrave.com/movie_page_main.php?id=59296,Unknown
Acts of Vengeance,34327,1.9,10/27/2017,English,"Action, Drama",R,Isaac Florentine,"Antonio Banderas, Cristina Serafini, Atanas Srebrev, Robert Forster, Clint Dyer, Lillian Blankenship",https://www.filmcrave.com/movie_page_main.php?id=59297,A father enters the violence world of street and underground fights to punish and
Kaleidoscope,53544,3.0,12/08/2017,English,Thriller,NR,Rupert Jones,"Anne Reid, Sinead Matthews, Deborah Findlay, Karl Johnson, Toby Jones, Frederick Schmidt",https://www.filmcrave.com/movie_page_main.php?id=59298,Unknown
Desolation,53548,3.0,12/15/2017,English,"Drama, Horror",NR,Sam Patton,"Toby Nichols, Jaimi Paige, Alyshia Ochse, Claude Duhamel",https://www.filmcrave.com/movie_page_main.php?id=59299,Unknown
Another WolfCop,59769,2.0,09/25/2016,English,"Comedy, Horror",NR,Lowell Dean,"Leo Fafard, Amy Matysio, Jonathan Cherry, Yannick Bisson, Jessica Hinkson, Serena Miller",https://www.filmcrave.com/movie_page_main.php?id=59300,Unknown
Django,53025,3.0,03/01/2017,French,"Biography, Drama",NR,Etienne Comar,"Reda Kateb, C\xc3\xa9cile De France, Bea Palya, Bimbam Merstein, Gabriel Miret\xc3\xa9, Johnny Montreuil",https://www.filmcrave.com/movie_page_main.php?id=59301,Unknown
Big Fish & Begonia,26245,3.0,10/22/2017,Mandarin,"Animation, Adventure",PG-13,"Xuan Liang, Chun Zhang","Guanlin Ji, Guangtao Jiang, Shih-Chieh King, Shulan Pan, Shangqing Su, Deshun Wang",https://www.filmcrave.com/movie_page_main.php?id=59302,Unknown
Stratton,43142,1.5,01/05/2018,English,"Action, Thriller",R,Simon West,"Dominic Cooper, Austin Stowell, Gemma Chan, Connie Nielsen, Thomas Kretschmann, Tom Felton",https://www.filmcrave.com/movie_page_main.php?id=59303,Unknown
The Girl Who Invented Kissing,53190,3.0,04/29/2017,English,"Drama, Romance",NR,Tom Sierchio,"Vincent Piazza, Dash Mihok, Suki Waterhouse, Abbie Cornish, Luke Wilson, Corey Large",https://www.filmcrave.com/movie_page_main.php?id=59304,Unknown
The Penguin Counters,53159,3.0,04/21/2017,English,"Documentary, Adventure",NR,"Peter Getzels, Harriet Gordon Getzels, Erik Osterholm","Ron Naveen, Steve Forest, Paula Casanovas, Thomas Mueller",https://www.filmcrave.com/movie_page_main.php?id=59305,Unknown
The Road Movie,53039,3.0,03/03/2017,Russian,Documentary,NR,Dmitrii Kalashnikov,Unknown,https://www.filmcrave.com/movie_page_main.php?id=59306,Unknown
A Bad Idea Gone Wrong,26253,3.0,12/01/2017,English,Comedy,NR,Jason Headley,"Matt Jones, Will Rogers, Sam Eidson, Eleanore Pienta, Jonny Mars, Jennymarie Jemison",https://www.filmcrave.com/movie_page_main.php?id=59307,Unknown
Faith Filled Christmas,53539,3.0,12/05/2017,English,Drama,NR,Don McChesney,"Gene Mack Daniels, Chris Baselice, Iris Pertofsky, Carol Taylor, Gerry Gelley, Tamu Quinton-Riley",https://www.filmcrave.com/movie_page_main.php?id=59308,Unknown
Hotel Transylvania 3: Summer Vacation,11914,2.4,07/13/2018,English,"Animation, Comedy",PG,Genndy Tartakovsky,"Adam Sandler, Selena Gomez, Andy Samberg, Kathryn Hahn, Steve Buscemi, Mel Brooks",https://www.filmcrave.com/movie_page_main.php?id=59309,"Mavis decides to give her dad, Dracula, a vacation from running his own vacation spot by booking a spot on the luxury Monster Cruise Ship. Dracula finds himself drawn to the lovely captain, Ericka, and Mavis suddenly finds the tables turned, trying to stop her dad from falling love. But Ericka holds her own secret - she is the descendant of the legendary Abraham Van Helsing, nemesis to monsters, especially Dracula. --"
The Party,3435,3.1,02/16/2018,English,"Comedy, Drama",R,Sally Potter,"Patricia Clarkson, Bruno Ganz, Cherry Jones, Emily Mortimer, Cillian Murphy, Kristin Scott Thomas",https://www.filmcrave.com/movie_page_main.php?id=59310,Unknown
Strangers: Prey at Night,16819,2.3,03/09/2018,English,Horror,R,Johannes Roberts,"Christina Hendricks, Bailee Madison, Martin Henderson, Lewis Pullman, Emma Bellomy, Damian Maffei",https://www.filmcrave.com/movie_page_main.php?id=59311,A family roadtrip to visit relatives at a secluded mobile home park takes a deadly turn when they show up and find the place deserted. Buy staying the night brings a different kind of danger when three masked strangers decide to test the limits of how far the family will go to survive. --
Extraordinary Ordinary People,53389,3.0,09/15/2017,English,Documentary,NR,Alan Govenar,"Sheila Kay Adams, Rahim AlHaj, Wanda Jackson, Elva Perez, Mestre Jo\xc3\xa3o Grande, Sonia Domsch",https://www.filmcrave.com/movie_page_main.php?id=59312,Unknown
A Christmas Prince,38103,2.5,11/17/2017,English,Romance,NR,Alex Zamm,"Tom Knight, Rose McIver, Alice Krige, Ben Lamb, Amy Marston, Theo Devaney",https://www.filmcrave.com/movie_page_main.php?id=59313,Unknown
Happening: A Clean Energy Revolution,53546,3.0,12/11/2017,English,Documentary,NR,"James Redford, James Redford",Unknown,https://www.filmcrave.com/movie_page_main.php?id=59314,Unknown
Nayak: The Hero,48403,3.0,05/06/1966,Bengali,Drama,NR,Satyajit Ray,"Uttam Kumar, Sharmila Tagore, Bireswar Sen, Somen Bose, Nirmal Ghosh, Premangshu Bose",https://www.filmcrave.com/movie_page_main.php?id=59315,Unknown
F*&% the Prom,53538,3.0,12/05/2017,English,Comedy,NR,Benny Fine,"Danielle Campbell, Joel Courtney, Cameron Palatas, Aidan Alexander, Michael Chey, Brendan Calton",https://www.filmcrave.com/movie_page_main.php?id=59316,Unknown
Buzzard Hollow Beef,59899,2.0,09/24/2017,English,Horror,NR,Joshua Johnson,"Scott C. Brown, Gabriel Caste, Janet Chiarabaglio, Jay Wesley Cochran, Will Frazier, Bridget Irish",https://www.filmcrave.com/movie_page_main.php?id=59317,Unknown
The Final Year,11775,2.8,01/19/2018,English,Documentary,NR,Greg Barker,"John Kerry, Barack Obama, Samantha Power, Ben Rhodes",https://www.filmcrave.com/movie_page_main.php?id=59318,"An insider's look inside former President Barack Obama's foreign policy team, including access to the State Department and White House, with unprecedented view to the inner workings entering into the final year of an eight-year journey. --"
Flashburn,53540,3.0,12/05/2017,English,Sci-Fi,NR,Giorgio Serafini,"Sean Patrick Flanery, Cameron Richardson, Romen L. McPherson, Justin Fischer, Nick Stevenson, Jordann Busquet",https://www.filmcrave.com/movie_page_main.php?id=59319,Unknown
Every Day,20363,2.4,02/23/2018,English,"Drama, Romance",PG-13,Michael Sucsy,"Angourie Rice, Justice Smith, Lucas Jade Zumann, Colin Ford, Owen Teague, Jeni Ross",https://www.filmcrave.com/movie_page_main.php?id=59320,"Rhiannon is a shy, 16-year-old living an uneventful life until she finds a connection to a mysterious being dubbed ""A"". A wakes up each day inhabiting a different body - but Rhiannon is drawn back, no matter what form A takes. But as each day passes A realizes it does not come without consequences, putting this relationship to the test. --"
The Executioners,53674,3.0,03/26/2018,English,"Historical, Thriller",R,Giorgio Serafini,"Natalie Burn, Jemma Dallender, Rachel Rosenstein, Justin Fischer, Anthony Belevtsov, Michael Santi",https://www.filmcrave.com/movie_page_main.php?id=59321,Unknown
"Ismael's Ghosts ( fant\xc3\xb4mes d'Isma\xc3\xabl, Les )",53454,3.0,10/13/2017,French,"Drama, Romance",R,Arnaud Desplechin,"Mathieu Amalric, Marion Cotillard, Charlotte Gainsbourg, Louis Garrel, Alba Rohrwacher, L\xc3\xa1szl\xc3\xb3 Szab\xc3\xb3",https://www.filmcrave.com/movie_page_main.php?id=59322,Unknown
El Camino Christmas,53542,3.0,12/08/2017,English,Comedy,NR,David E. Talbert,"Vincent D'Onofrio, Jessica Alba, Dax Shepard, Tim Allen, Kurtwood Smith, Luke Grimes",https://www.filmcrave.com/movie_page_main.php?id=59323,Unknown
Smallfoot,11889,2.5,09/28/2018,English,"Animation, Comedy",PG,"Karey Kirkpatrick, Jason Reisig","Zendaya, Channing Tatum, Danny DeVito, Gina Rodriguez, James Corden, Common",https://www.filmcrave.com/movie_page_main.php?id=59324,A yeti finds himself fact-to-face with a creature many believe doesn't exist - the legendary smallfoot - a nearly hairless beast that turns his world upside down. --
Apache Warrior,59925,2.0,12/12/2017,English,Documentary,NR,"David Salzberg, Christian Tureaud",Unknown,https://www.filmcrave.com/movie_page_main.php?id=59325,Unknown
Respect ( Respeto ),53395,3.0,09/20/2017,Other,Drama,NR,Treb Monteras II,"Abra, Dido de la Paz, Loonie, Chai Fonacier, Nor Domingo, Kate Alejandrino",https://www.filmcrave.com/movie_page_main.php?id=59326,Unknown
Gold Star,53514,3.0,11/10/2017,English,Drama,NR,Victoria Negri,"Robert Vaughn, Catherine Curtin, Victoria Negri, Jacob Heimer, Anna Garduno, Katie Maguire",https://www.filmcrave.com/movie_page_main.php?id=59327,Unknown
No Stone Unturned,53420,3.0,09/30/2017,English,Documentary,NR,Alex Gibney,Unknown,https://www.filmcrave.com/movie_page_main.php?id=59328,Unknown
Fatal Secrets ( Restitution Road ),51329,3.0,02/20/2009,English,"Drama, Thriller",R,Meir Sharony,"Dina Meyer, Vincent Spano, Lela Rochon, Lea Thompson, Ed Begley Jr., Tess Harper",https://www.filmcrave.com/movie_page_main.php?id=59329,Unknown
Security,16020,2.4,03/04/2017,English,"Action, Crime",R,Alain Desrochers,"Antonio Banderas, Ben Kingsley, Liam McIntyre, Cung Le, Katherine de la Rocha, Chad Lindberg",https://www.filmcrave.com/movie_page_main.php?id=59330,Unknown
The Battle Over Citizen Kane,57985,2.0,01/29/1996,English,"Documentary, Biography",NR,"Michael Epstein, Thomas Lennon","William Randolph Hearst, Richard Ben Cramer, Orson Welles, Robert Wise, Douglas Fairbanks Jr., Peter Bogdanovich",https://www.filmcrave.com/movie_page_main.php?id=59331,"Documentary over the battle to release the Orson Welles' film, Citizen Kane, that"
Behind Enemy Lines: Colombia,32638,2.8,01/06/2009,English,"Action, Thriller",R,Tim Matheson,"Joe Manganiello, Ken Anderson, Channon Roe, Yancey Arias, Keith David, Tim Matheson",https://www.filmcrave.com/movie_page_main.php?id=59332,Unknown
Crooked House,21047,2.4,12/22/2017,English,"Crime, Drama",PG-13,Gilles Paquet-Brenner,"Christina Hendricks, Gillian Anderson, Glenn Close, Terence Stamp, Max Irons, Julian Sands",https://www.filmcrave.com/movie_page_main.php?id=59333,Unknown
George Best: All by Himself,53312,3.0,07/21/2017,English,"Documentary, Biography",NR,Daniel Gordon,"George Best, Angie Best, Calum Best, Mike Summerbee, Harry Gregg, Ani Rinchen",https://www.filmcrave.com/movie_page_main.php?id=59334,Unknown
And the Winner Isn't,53541,3.0,12/08/2017,English,Documentary,NR,Nik Panic,"Geoffrey Moore, Ambra Moore, J.J. Abrams, Michael Caine, Stephen Fry, Ed Begley Jr.",https://www.filmcrave.com/movie_page_main.php?id=59335,Unknown
Ryde,59954,2.0,04/20/2018,English,"Horror, Thriller",NR,Elgin Cahill,"Ben Johnson, Ryan Seamy, Andy Hankins, Ketrick ""Jazz"" Copeland, Joe Bocian, Ron Burkhardt",https://www.filmcrave.com/movie_page_main.php?id=59336,Unknown
32 Pills: My Sister's Suicide,53525,3.0,11/29/2017,English,"Documentary, Biography",NR,Hope Litoff,"Ruth Litoff, Hope Litoff",https://www.filmcrave.com/movie_page_main.php?id=59337,Unknown
Poop Talk,59817,2.0,02/01/2017,English,Documentary,NR,Aaron N. Feldman,"Rob Corddry, Drew Pinsky, Nikki Glaser, Jason Sklar, Randy Sklar, Eric Stonestreet",https://www.filmcrave.com/movie_page_main.php?id=59338,Unknown
Saving Faith,52995,3.0,02/01/2017,English,Comedy,G,Chip Rossetti,"Victoria Jackson, Amy Grant, Jenn Gotzon Chandler, Vince Gill, Scott Hamilton, Jim E. Chandler",https://www.filmcrave.com/movie_page_main.php?id=59339,Unknown
We Are Stronger,53373,3.0,09/01/2017,English,Drama,PG-13,Robin B. Murray,"Ulises Larramendi, Angela Sweet, Justina Page, Don Ortolano, Bryce C Miller, Carson Whittaker",https://www.filmcrave.com/movie_page_main.php?id=59340,Unknown
You Were Never Really Here,1944,3.0,04/06/2018,English,"Drama, Mystery",R,Lynne Ramsay,"Joaquin Phoenix, Ekaterina Samsonov, Alessandro Nivola, Alex Manette, John Doman, Judith Roberts",https://www.filmcrave.com/movie_page_main.php?id=59341,A missing teen girl spurs a tormented and brutal enforcer on a path of violence against corruption and power leading to a personal transformation. --
Killing for Love ( Das Versprechen ),53549,3.0,12/15/2017,English,"Documentary, Crime",NR,"Karin Steinberger, Marcus Vetter","Jens S\xc3\xb6ring, Daniel Br\xc3\xbchl, Imogen Poots, Steven Rosenfield, Gail Ball, Ricky Gardner",https://www.filmcrave.com/movie_page_main.php?id=59342,Unknown
Monster Family,53620,3.0,02/09/2018,English,"Animation, Comedy",PG,Holger Tappe,"Emily Watson, Jason Isaacs, Nick Frost, Jessica Brown Findlay, Celia Imrie, Catherine Tate",https://www.filmcrave.com/movie_page_main.php?id=59343,Unknown
Abe & Phil's Last Poker Game,53176,3.0,04/24/2017,English,"Comedy, Drama",R,Howard Weiner,"Martin Landau, Paul Sorvino, Maria Dizzia, Pamela Dubin, Alexander Cook, Kayla Harrity",https://www.filmcrave.com/movie_page_main.php?id=59344,Unknown
"Birdboy: The Forgotten Children ( Psiconautas, los ni\xc3\xb1os olvidados )",53547,3.0,12/15/2017,Spanish,"Animation, Horror",NR,"Pedro Rivero, Alberto V\xc3\xa1zquez","Andrea Alzuri, Eva Ojanguren, Josu Cubero, F\xc3\xa9lix Arcarazo, Jorge Carrero, Nuria Mar\xc3\xadn",https://www.filmcrave.com/movie_page_main.php?id=59345,Unknown
Tiger Zinda Hai,53556,3.0,12/22/2017,Hindi,"Action, Thriller",NR,Ali Abbas Zafar,"Salman Khan, Katrina Kaif, Anupriya Goenka, Paresh Rawal, Angad Bedi, Sajjad Delafrooz",https://www.filmcrave.com/movie_page_main.php?id=59346,"Indian agent Tiger and Pakistani agent Zoya are both presumed dead by their respective countries. But when Abu Usman, a militant messiah, rises to power in Iraq, the two will be called back into action in order to save civilian lives and topple the terrorist organization. --"
Hellboy,16595,2.2,04/12/2019,English,"Action, Fantasy",R,Neil Marshall,"David Harbour, Milla Jovovich, Ian McShane, Daniel Dae Kim, Penelope Mitchell, Sophie Okonedo",https://www.filmcrave.com/movie_page_main.php?id=59347,"Caught between the world of man and his own demonic origins, Hellboy, along with the rest of the Bureau for Paranormal Research and Defense work to stop dangers of a supernatural nature, the latest of which is Nimue the Queen of Blood. Hellboy his own past with her, even as she seeks to destroy the world. --"
Spent,53028,3.0,03/01/2017,English,Comedy,NR,Lisa Mikitarian,"Connie Lamothe, Nick Nerangis, Darren Barzegar, Madeline Mikitarian, Anna Grace Padgett, Janna Livingston",https://www.filmcrave.com/movie_page_main.php?id=59348,Unknown
Seal Team Eight: Behind Enemy Lines,51911,3.0,04/01/2014,English,"Action, War",R,Roel Rein\xc3\xa9,"Tom Sizemore, Lex Shrapnel, Anthony Oseyemi, Michael Everson, Darron Meyer, Aur\xc3\xa9lie Meriel",https://www.filmcrave.com/movie_page_main.php?id=59349,Unknown
The Night Crew,52063,3.0,03/17/2015,English,"Action, Thriller",NR,Christian Sesma,"Luke Goss, Danny Trejo, Bokeem Woodbine, Chasty Ballesteros, Paul Sloan, Kaleti Williams",https://www.filmcrave.com/movie_page_main.php?id=59350,Unknown
Sniper: Reloaded,51545,3.0,04/26/2011,English,"Action, Drama",R,Claudio F\xc3\xa4h,"Chad Michael Collins, Richard Sammel, Annabel Wright, Billy Zane, Conrad Kemp, Justin Strydom",https://www.filmcrave.com/movie_page_main.php?id=59351,Unknown
Attack of the Killer Donuts,41957,2.3,11/17/2017,English,"Comedy, Horror",NR,Scott Wheeler,"Justin Ray, Kassandra Voyagis, Michael Swan, Kayla Compton, Burt Rutherford, Lauren Compton",https://www.filmcrave.com/movie_page_main.php?id=59352,Unknown
Cook Off!,38104,2.5,11/17/2017,English,Comedy,R,"Cathryn Michon, Guy Shalem","Louie Anderson, Diedrich Bader, Melissa McCarthy, Jack Plotnick, Stephen Root, Gary Anthony Williams",https://www.filmcrave.com/movie_page_main.php?id=59353,Unknown
Fits and Starts,53061,3.0,03/10/2017,English,Comedy,NR,Laura Terruso,"Wyatt Cenac, Greta Lee, Maria Dizzia, Alex Karpovsky, Larry Murphy, Sam Seder",https://www.filmcrave.com/movie_page_main.php?id=59354,Unknown
The New Radical,53533,3.0,12/01/2017,English,Documentary,NR,Adam Bhala Lough,"Amir Taaki, Cody Wilson",https://www.filmcrave.com/movie_page_main.php?id=59355,Unknown
The 15:17 to Paris,28535,1.9,02/09/2018,English,Drama,PG-13,Clint Eastwood,"Jenna Fischer, Judy Greer, Jaleel White, Ethan Rains, Robert Pralgo, Ray Corasani",https://www.filmcrave.com/movie_page_main.php?id=59356,"Based on the true story of three American soldiers - Anthony Sadler, Alek Skarlatos, and Spencer Stone (playing themselves) who thwarted a terrorist attack on a Paris-bound train on August 21, 2015. The film tells their story, from childhood bonds to adult obligations, the and the people who influenced them along the way. --"
Flower,53146,3.0,04/20/2017,English,"Comedy, Drama",R,Max Winkler,"Zoey Deutch, Kathryn Hahn, Adam Scott, Dylan Gelula, Eric Edelstein, Tim Heidecker",https://www.filmcrave.com/movie_page_main.php?id=59357,Unknown
Replicas,33848,1.7,01/11/2019,English,"Crime, Mystery",PG-13,Jeffrey Nachmanoff,"Keanu Reeves, Alice Eve, Emily Alyn Lind, Thomas Middleditch, John Ortiz, Emjay Anthony",https://www.filmcrave.com/movie_page_main.php?id=59358,"A synthetic biologist will stop at nothing to bring back his family following a tragic car accident. Nothing will stand in his way - not the government, the police or the very laws of science. --"
Still/Born,53191,3.0,04/29/2017,English,"Horror, Thriller",R,Brandon Christensen,"Christie Burke, Jesse Moss, Rebecca Olson, Jenn Griffin, Sheila McCarthy, Sean Rogerson",https://www.filmcrave.com/movie_page_main.php?id=59359,Unknown
Everything Beautiful is Far Away,53285,3.0,06/21/2017,English,"Fantasy, Sci-Fi",NR,"Pete Ohs, Andrea Sisson","Julia Garner, Joseph Cross, C.S. Lee, Jillian Mayer",https://www.filmcrave.com/movie_page_main.php?id=59360,Unknown
Please Stand By,9988,2.7,01/26/2018,English,"Comedy, Drama",PG-13,Ben Lewin,"Dakota Fanning, Toni Collette, Alice Eve, River Alexander, Marla Gibbs, Jessica Rothe",https://www.filmcrave.com/movie_page_main.php?id=59361,Unknown
Saturday Church,53587,3.0,01/12/2018,English,"Drama, Fantasy",NR,Damon Cardasis,"Margot Bingham, Regina Taylor, Evander Duck Jr., Marquis Rodriguez, Jaylin Fletcher, Peter Y. Kim",https://www.filmcrave.com/movie_page_main.php?id=59362,Unknown
Summer 1993 ( Estiu 1993 ),26243,3.0,10/06/2017,Other,"Drama, Family",NR,Carla Sim\xc3\xb3n,"Laia Artigas, Paula Robles, Bruna Cus\xc3\xad, David Verdaguer, Ferm\xc3\xad Reixach, Isabel Rocatti",https://www.filmcrave.com/movie_page_main.php?id=59363,Unknown
Almost Paris,53572,3.0,01/09/2018,English,"Comedy, Drama",NR,Domenica Cameron-Scorsese,"Wally Marzano-Lesnevich, Susan Varon, Joanna Adler, Ryan McCarthy, Adam LeFevre, Lily Henderson",https://www.filmcrave.com/movie_page_main.php?id=59364,Unknown
A Tale of Two Coreys,59928,2.0,01/06/2018,English,"Drama, Biography",NR,Steven Huffaker,"Elijah Marcano, Justin Ellings, Scott Bosely, Casey Leach, Ashley Scott, Patrick Muldoon",https://www.filmcrave.com/movie_page_main.php?id=59365,Unknown
Devil's Gate,38726,1.8,01/05/2018,English,"Horror, Sci-Fi",NR,Clay Staub,"Milo Ventimiglia, Bridget Regan, Amanda Schull, Jonathan Frakes, Shawn Ashmore, Javier Botet",https://www.filmcrave.com/movie_page_main.php?id=59366,Unknown
Day of the Dead: Bloodline,29674,1.9,01/05/2018,English,Horror,R,H\xc3\xa8ctor Hern\xc3\xa1ndez Vicens,"Sophie Skelton, Johnathon Schaech, Jeff Gum, Marcus Vanco, Mark Rhino Smith, Lillian Blankenship",https://www.filmcrave.com/movie_page_main.php?id=59367,"The remake of the 1985 film finds a world overrun by the undead. A small group consisting of survivalists and the military are holed up in an underground bunker, with a hope of finding a cure for the zombie scourge before they succumb to the dead... or each other. --"
Vazante,53446,3.0,10/09/2017,Portuguese,"Adventure, Drama",NR,Daniela Thomas,"Adriano Carvalho, Luana Nastas, Sandra Corveloni, Juliana Carneiro da Cunha, Roberto Audio, Vinicius Dos Anjos",https://www.filmcrave.com/movie_page_main.php?id=59368,Unknown
A Demon Within,53583,3.0,01/12/2018,English,Horror,NR,"Ayush Banker, Justin LaReau","Charlene Amoia, Clint Hummel, Patricia Ashley, Michael Ehlers, Cole Crawford, Veronika Bonell",https://www.filmcrave.com/movie_page_main.php?id=59369,Unknown
Permission,53168,3.0,04/22/2017,English,"Comedy, Drama",NR,Brian Crano,"Rebecca Hall, Dan Stevens, Jason Sudeikis, Gina Gershon, Fran\xc3\xa7ois Arnaud, Ra\xc3\xbal Castillo",https://www.filmcrave.com/movie_page_main.php?id=59370,Unknown
The Yellow Birds,52975,3.0,01/21/2017,English,"Drama, War",R,Alexandre Moors,"Jennifer Aniston, Alden Ehrenreich, Tye Sheridan, Toni Collette, Jack Huston, Jason Patric",https://www.filmcrave.com/movie_page_main.php?id=59371,Unknown
London in the Raw,48372,3.0,04/23/1965,English,Documentary,NR,"Arnold L. Miller, Norman Cohen",David Gell,https://www.filmcrave.com/movie_page_main.php?id=59372,Unknown
Primitive London,48361,3.0,01/01/1965,English,Documentary,NR,Arnold L. Miller,"David Gell, Beatrice Kotter, Ray Martine, Terry Dene, Vickie Gray, Billy J. Kramer",https://www.filmcrave.com/movie_page_main.php?id=59373,Unknown
Thunderground,57531,2.0,09/01/1989,English,"Action, Adventure",R,David Mitchell,"Michael Copeman, Paul Coufos, Pete Dempster, Michael Ironside, Margaret Langrick, William Sanderson",https://www.filmcrave.com/movie_page_main.php?id=59374,Unknown
Bury Me an Angel,44082,2.0,02/01/1972,English,"Action, Drama",R,Barbara Peeters,"Dixie Peabody, Terry Mace, Clyde Ventura, Joanne Moore Jordan, Marie Denn, Dennis Peabody",https://www.filmcrave.com/movie_page_main.php?id=59375,Unknown
Naked Angels,46136,1.8,09/19/1969,English,"Drama, Thriller",NR,Bruce D. Clark,"Michael Greene, Jennifer Gan, Richard Rust, Corey Fischer, Leonard Coates, Elaine Guy",https://www.filmcrave.com/movie_page_main.php?id=59376,Unknown
Verna,53524,3.0,11/17/2017,Other,"Crime, Drama",NR,Shoaib Mansoor,"Mahira Khan, Haroon Shahid, Zarrar Khan, Rasheed Naz, Naimal Khawar, Salmaan Shaukat",https://www.filmcrave.com/movie_page_main.php?id=59377,Unknown
Destined,52859,3.0,10/22/2016,English,"Drama, Fantasy",NR,Qasim Basir,"Cory Hardrict, Jesse Metcalfe, Jason Dohring, Robert Christopher Riley, Mo McRae, Zulay Henao",https://www.filmcrave.com/movie_page_main.php?id=59378,Unknown
The Crucifixion,23002,2.5,10/06/2017,English,"Horror, Mystery",R,Xavier Gens,"Sophie Cookson, Corneliu Ulici, Brittany Ashworth, Matthew Zajac, Diana Vladu, Radu B\xc3\xa2nzaru",https://www.filmcrave.com/movie_page_main.php?id=59379,Unknown
Hangman,35899,2.0,11/24/2017,English,"Crime, Mystery",R,Johnny Martin,"Brittany Snow, Al Pacino, Karl Urban, Sarah Shahi, Joe Anderson, Michael Papajohn",https://www.filmcrave.com/movie_page_main.php?id=59380,Unknown
Brotherhood of Blades II: The Infernal Battlefield,53529,3.0,12/01/2017,Mandarin,"Action, Drama",NR,Yang Lu,"Chen Chang, Mi Yang, Yi Zhang, Shih-Chieh King, Jiayin Lei, Zhilei Xin",https://www.filmcrave.com/movie_page_main.php?id=59381,Unknown
Christmas Inheritance,38106,2.5,12/15/2017,English,Romance,NR,Ernie Barbarash,"Eliza Taylor, Jake Lacy, Andie MacDowell, Ben Rosenbaum",https://www.filmcrave.com/movie_page_main.php?id=59382,Unknown
Humor Me,53585,3.0,01/12/2018,English,Comedy,NR,Sam Hoffman,"Jemaine Clement, Elliott Gould, Ingrid Michaelson, Maria Dizzia, Priscilla Lopez, Joey Slotnick",https://www.filmcrave.com/movie_page_main.php?id=59383,Unknown
The Miracle Season,24422,2.3,04/06/2018,English,Drama,PG,Sean McNamara,"Helen Hunt, Erin Moriarty, Tiera Skovbye, William Hurt, Danika Yarosh, Jason Gray-Stanford",https://www.filmcrave.com/movie_page_main.php?id=59384,"After the death of volleyball player Caroline ""Line"" Found, it leaves the team reeling. But their tough-love coach will not give up, and rallies the girls not just to come to terms with this tragedy, but to win the State Championship. --"
Bomb City,26209,3.0,03/31/2017,English,"Action, Crime",NR,Jameson Brooks,"Dave Davis, Glenn Morshower, Logan Huffman, Logan Huffman, Eddie Hassell, Henry Knotts",https://www.filmcrave.com/movie_page_main.php?id=59385,Unknown
Sweet Sugar,48745,3.0,01/01/1973,English,"Action, Drama",R,Michel Levesque,"Phyllis Davis, Ellaraino, Timothy Brown, Pamela Collins, Cliff Osmond, Angus Duncan",https://www.filmcrave.com/movie_page_main.php?id=59386,Unknown
Love Beats Rhymes,53532,3.0,12/01/2017,English,"Drama, Musical",R,RZA,"Hana Mae Lee, Common, Method Man, John David Washington, Lucien Laviscount, Lorraine Toussaint",https://www.filmcrave.com/movie_page_main.php?id=59387,Unknown
Gangster Land,53530,3.0,12/01/2017,English,"Crime, Drama",NR,Timothy Woodward Jr.,"Sean Faris, Milo Gibson, Jason Patric, Jamie-Lynn Sigler, Peter Facinelli, Michael Par\xc3\xa9",https://www.filmcrave.com/movie_page_main.php?id=59388,Unknown
Dark Harvest,52757,3.0,09/02/2016,English,"Crime, Drama",NR,James Hutson,"James Hutson, A.C. Peterson, Cheech Marin, Tygh Runyan, Hugh Dillon, Chelsey Reist",https://www.filmcrave.com/movie_page_main.php?id=59389,Unknown
Diverge,52677,3.0,06/09/2016,English,"Drama, Sci-Fi",NR,James Morrison,"Ivan Sandomire, Jamie Jackson, Andrew Sensenig, Erin Cunningham, Chris Henry Coffey, Adam David Thompson",https://www.filmcrave.com/movie_page_main.php?id=59390,Unknown
Half Magic,53606,3.0,02/01/2018,English,"Comedy, Romance",R,Heather Graham,"Stephanie Beatriz, Heather Graham, Angela Kinsey, Molly Shannon, Luke Arnold, Thomas Lennon",https://www.filmcrave.com/movie_page_main.php?id=59391,Unknown
The Nutcracker and the Four Realms,33889,1.8,11/02/2018,English,"Adventure, Fantasy",PG,"Lasse Hallstr\xc3\xb6m, Joe Johnston","Keira Knightley, Morgan Freeman, Mackenzie Foy, Helen Mirren, Matthew Macfadyen, Richard E. Grant",https://www.filmcrave.com/movie_page_main.php?id=59392,The classic adventure follows a young girl who is transported to a wondrous land where a gingerbread army is assembled to stand up against the opposing army of mice. --
Beast of Burden,43018,1.7,02/01/2018,English,"Action, Crime",R,Jesper Ganslandt,"Daniel Radcliffe, Grace Gummer, Pablo Schreiber, Ren\xc3\xa9e Willett, John Gettier, Sean Glover",https://www.filmcrave.com/movie_page_main.php?id=59393,Unknown
The Cured,14895,2.6,09/24/2017,English,Horror,R,David Freyne,"Elliot Page, Tom Vaughan-Lawlor, Sam Keeley, Stuart Graham, Peter Campion, Amy De Bhr\xc3\xban",https://www.filmcrave.com/movie_page_main.php?id=59394,Unknown
Death House,44830,2.0,01/26/2018,English,Horror,R,B. Harrison Smith,"Dee Wallace, Adrienne Barbeau, Michael Berryman, Vernon Wells, Sid Haig, Tony Todd",https://www.filmcrave.com/movie_page_main.php?id=59395,Unknown
Goldstone,10610,3.0,10/23/2016,English,"Crime, Thriller",R,Ivan Sen,"Aaron Pedersen, Alex Russell, Jacki Weaver, David Wenham, David Gulpilil, Pei-Pei Cheng",https://www.filmcrave.com/movie_page_main.php?id=59396,Unknown
The Gospel According to Andr\xc3\xa9,53580,3.0,01/11/2018,English,Documentary,PG-13,Kate Novack,"Andr\xc3\xa9 Leon Talley, Anna Wintour, Marc Jacobs, Tom Ford, Valentino, Manolo Blahnik",https://www.filmcrave.com/movie_page_main.php?id=59397,Unknown
The Lodgers,29569,2.0,10/10/2017,English,Historical,R,Brian O'Malley,"Charlotte Vega, David Bradley, Moe Dunford, Eugene Simon, Bill Milner, Deirdre O'Kane",https://www.filmcrave.com/movie_page_main.php?id=59398,Unknown
Madtown,53561,3.0,01/05/2018,English,"Drama, Thriller",R,Charles Moore,"Milo Ventimiglia, Rachel Melvin, Amanda Aday, John Billingsley, Bonita Friedericy, Matt Lockwood",https://www.filmcrave.com/movie_page_main.php?id=59399,Unknown
Surviving the Wild,59927,2.0,01/05/2018,English,"Adventure, Family",PG,Patrick Alessandrin,"Jon Voight, Jamie Kennedy, Vail Bloom, Aidan Cullen, Derick Van Orden, Matthew Davis",https://www.filmcrave.com/movie_page_main.php?id=59400,Unknown
Entanglement,26240,3.0,10/05/2017,English,"Comedy, Drama",NR,Jason James,"Thomas Middleditch, Jess Weixler, Johannah Newmarch, Diana Bang, Nicole LaPlaca, Randal Edwards",https://www.filmcrave.com/movie_page_main.php?id=59401,Unknown
God's Not Dead: A Light in Darkness,42257,1.5,03/30/2018,English,Drama,PG,Michael Mason,"Jennifer Taylor, John Corbett, Ted McGinley, Tatum O'Neal, Shane Harper, Anne Leighton",https://www.filmcrave.com/movie_page_main.php?id=59402,"Reverend Dave faces his biggest test yet when his church, located on university grounds, is burned down. --"
A Futile & Stupid Gesture,12430,2.5,01/26/2018,English,Biography,NR,David Wain,"Will Forte, Domhnall Gleeson, Joel McHale, Emmy Rossum, Thomas Lennon, Natasha Lyonne",https://www.filmcrave.com/movie_page_main.php?id=59403,"Explores the origin of The National Lampoon and the chaotic life of its founder Douglas Kenney, along with the writers and comedians he worked alongside. --"
Mamma Mia! Here We Go Again,14398,2.4,07/20/2018,English,"Musical, Romance",PG-13,Ol Parker,"Lily James, Christine Baranski, Meryl Streep, Amanda Seyfried, Colin Firth, Pierce Brosnan",https://www.filmcrave.com/movie_page_main.php?id=59404,"Sophie is going through her pregnancy and realizes her life echoes that of her mother, Donna, even as Donna reflects back on her younger life. --"
Foxtrot,26234,3.0,09/02/2017,Hebrew,Drama,R,Samuel Maoz,"Lior Ashkenazi, Sarah Adler, Yonaton Shiray, Shira Haas, Yehuda Almagor, Aryeh Cherner",https://www.filmcrave.com/movie_page_main.php?id=59405,Unknown
The China Hustle,53670,3.0,03/23/2018,English,Documentary,R,Jed Rothstein,Unknown,https://www.filmcrave.com/movie_page_main.php?id=59406,Unknown
Freak Show,53584,3.0,01/12/2018,English,"Comedy, Drama",NR,Trudie Styler,"AnnaSophia Robb, Abigail Breslin, Alex Lawther, Laverne Cox, Bette Midler, Willa Fitzgerald",https://www.filmcrave.com/movie_page_main.php?id=59407,Unknown
The Spy Who Dumped Me,11982,2.4,08/03/2018,English,"Action, Comedy",R,Susanna Fogel,"Mila Kunis, Justin Theroux, Kate McKinnon, Gillian Anderson, Sam Heughan, Fred Melamed",https://www.filmcrave.com/movie_page_main.php?id=59408,"Two long-time best friends in L.A., Audrey and Morgan, find themselves thrust into the world of espionage when Audrey's ex shows up with assassin's on his tale and divulges his true identity as a secret agent. The trio hook up for a globetrotting adventure that will have consequences for the entire world. --"
Baal,48596,3.0,01/07/1970,German,Drama,NR,Volker Schl\xc3\xb6ndorff,"Rainer Werner Fassbinder, Sigi Graue, Margarethe von Trotta, G\xc3\xbcnther Neutze, Hanna Schygulla, Marian Seidowsky",https://www.filmcrave.com/movie_page_main.php?id=59409,Unknown
Let There Be Light (2017/II),59915,2.0,11/03/2017,English,Drama,PG-13,Kevin Sorbo,"Kevin Sorbo, Sam Sorbo, Daniel Roebuck, Donielle Artese, Gary Grubbs, Joe Herrera",https://www.filmcrave.com/movie_page_main.php?id=59410,Unknown
Man Underground,52725,3.0,07/22/2016,English,"Drama, Sci-Fi",R,"Michael Borowiec, Sam Marine","George Basil, Andy Rocco, Pamela Fila, Felix Hagen, Stephen Girasuolo, Alex Watt",https://www.filmcrave.com/movie_page_main.php?id=59411,Unknown
Superpowerless,52727,3.0,07/24/2016,English,"Comedy, Drama",NR,Duane Andersen,"Josiah Polhemus, Amy Prosser, Natalie Lander, Guinevere Turner, Pepe Serna, H.P. Mendoza",https://www.filmcrave.com/movie_page_main.php?id=59412,Unknown
Badsville ,53480,3.0,10/20/2017,Dutch,"Action, Drama",NR,April Mullen,"Tamara Duarte, Robert Knepper, Chelsea Rendon, Emilio Rivera, Rene Rosado, John White",https://www.filmcrave.com/movie_page_main.php?id=59413,Unknown
A Gray State,21384,3.3,11/03/2017,English,Documentary,NR,Erik Nelson,"Mason Hendricks, Danny August Mason, Chris Peck, Adam Shambour, Sean Wright",https://www.filmcrave.com/movie_page_main.php?id=59414,Unknown
Hedgehogs,59926,2.0,12/15/2017,English,"Animation, Family",PG,Jianming Huang,"Chevy Chase, Jon Heder, Stephen Mendel, Jenn McAllister, Ian Hecox, Anthony Padilla",https://www.filmcrave.com/movie_page_main.php?id=59415,Unknown
Sniper: Ghost Shooter,52735,3.0,08/02/2016,English,"Action, Drama",R,Don Michael Paul,"Billy Zane, Chad Michael Collins, Dennis Haysbert, Enoch Frost, Stephanie Vogt, Dominic Mafham",https://www.filmcrave.com/movie_page_main.php?id=59416,Unknown
Sniper: Ultimate Kill,36100,2.5,10/03/2017,English,"Action, Drama",R,Claudio F\xc3\xa4h,"Tom Berenger, Chad Michael Collins, Danay Garcia, Billy Zane, Juan Sebasti\xc3\xa1n Calero, Joe Lando",https://www.filmcrave.com/movie_page_main.php?id=59417,Unknown
Naples '44,53526,3.0,11/29/2017,English,"Documentary, War",NR,Francesco Patierno,"Benedict Cumberbatch, Adriano Giannini, Alan Arkin, Ernest Borgnine, Keenan Wynn",https://www.filmcrave.com/movie_page_main.php?id=59418,Unknown
"Thousand Faces of Dunjia, The ( Qi men dun jia )",53551,3.0,12/15/2017,Mandarin,"Action, Fantasy",NR,Woo-Ping Yuen,"Chengpeng Dong, Ni Ni, Arif Rahman, Wu Bai, Darren Leung, Yan Liu",https://www.filmcrave.com/movie_page_main.php?id=59419,Unknown
The Unholy Rollers,41206,2.3,11/10/1972,English,"Action, Comedy",R,Vernon Zimmerman,"Claudia Jennings, Louis Quinn, Betty Anne Rees, Roberta Collins, Alan Vint, Candice Roman",https://www.filmcrave.com/movie_page_main.php?id=59420,Karen quits her dead-end job to become a skater in the roller derby. As she skates her
Hush Little Baby ( Se min kjole ),25833,3.0,07/03/2009,Danish,Drama,NR,Hella Joof,"Malou Reymann, Stephanie Leon, Julie Grundtvig Wester, Honey Shain, Tina Gylling Mortensen, Trine Appel",https://www.filmcrave.com/movie_page_main.php?id=59421,Unknown
Condorito: The Movie ( Condorito: La Pel\xc3\xadcula ),53582,3.0,01/12/2018,Spanish,"Animation, Adventure",PG,"Alex Orrelle, Eduardo Schuldt","Omar Chaparro, Jessica Cediel, Cristi\xc3\xa1n de la Fuente, Jey Mammon, Coco Legrand, Math\xc3\xadas Brivio",https://www.filmcrave.com/movie_page_main.php?id=59422,"Condorito finds himself trying to save both his family, and the world along with it, when aliens invade. --"
"Odyssey, The ( odyss\xc3\xa9e, L' )",53232,3.0,05/26/2017,French,"Adventure, Biography",PG,J\xc3\xa9r\xc3\xb4me Salle,"Lambert Wilson, Pierre Niney, Audrey Tautou, Laurent Lucas, Benjamin Lavernhe, Vincent Heneine",https://www.filmcrave.com/movie_page_main.php?id=59423,Unknown
Sweet Country,14280,2.8,10/20/2017,English,"Adventure, Crime",R,Warwick Thornton,"Sam Neill, Hamilton Morris, Ewen Leslie, Bryan Brown, Anni Finsterer, Matt Day",https://www.filmcrave.com/movie_page_main.php?id=59424,Unknown
Unsane,6265,2.7,03/23/2018,English,"Drama, Horror",R,Steven Soderbergh,"Claire Foy, Joshua Leonard, Jay Pharoah, Amy Irving, Juno Temple, Aimee Mullins",https://www.filmcrave.com/movie_page_main.php?id=59425,"A young woman finds herself involuntarily committed to a mental institution where she finds herself confronting her greatest fear - but is this fear based in reality, or merely a product of her delusion? --"
Devil's Acid,53350,3.0,08/18/2017,English,Horror,NR,Garrett Kruithof,"Ashley Dulaney, Nina Leon, Drew Rin Varick, Finch Nissen, Jessica Lynn Parsons, Eric Gibson",https://www.filmcrave.com/movie_page_main.php?id=59426,Unknown
Espionage Tonight,53495,3.0,10/24/2017,English,"Action, Comedy",NR,Rob Gordon Bralver,"Sean Astin, Chasty Ballesteros, Joseph Gatt, Sa\xc3\xafd Taghmaoui, Lynn Whitfield, Adi Shankar",https://www.filmcrave.com/movie_page_main.php?id=59427,Unknown
Mom and Dad,6413,2.7,01/19/2018,English,"Horror, Thriller",R,Brian Taylor,"Nicolas Cage, Selma Blair, Anne Winters, Lance Henriksen, Zackary Arthur, Rachel Melvin",https://www.filmcrave.com/movie_page_main.php?id=59428,"White noise turns parents against children and instead of wanting to protect them - they want to kill them. Teen Carly, her boyfriend Damon and younger brother Josh learn this first-hand when parents Brent and Kendall succumb to the sickness. --"
Truth or Dare,42182,1.5,04/13/2018,English,"Horror, Thriller",PG-13,Jeff Wadlow,"Lucy Hale, Tyler Posey, Landon Liboiron, Nolan Gerard Funk, Brady Smith, Violett Beane",https://www.filmcrave.com/movie_page_main.php?id=59429,"A fun, harmless game of truth or dare among friends becomes something much more sinister and deadly when someone - or something - beings to punish those who tell a lie or refuse their dare. --"
Bucky and the Squirrels,59934,2.0,01/26/2018,English,Comedy,PG,Allan Katz,"Josh Duvendeck, Kyle S. More, Matt Cook, Matt Shively, Jill Lover, Henry Dittman",https://www.filmcrave.com/movie_page_main.php?id=59430,Unknown
Windsor,52990,3.0,01/27/2017,English,"Drama, Family",NR,Porter Farrell,"Barry Corbin, Mackenzie Astin, Quinn Shephard, Madelyn Deutch, Adam Hicks, Ian Colletti",https://www.filmcrave.com/movie_page_main.php?id=59431,Unknown
Nostalgia,29102,2.1,02/16/2018,Dutch,Drama,R,Mark Pellington,"Jon Hamm, Catherine Keener, Nick Offerman, Bruce Dern, Patton Oswalt, Amber Tamblyn",https://www.filmcrave.com/movie_page_main.php?id=59432,"Love and loss often go hand-in-hand - Nostalgia explores the bonds between those we love, and the objects, artifacts and memories that make up our lives. --"
Psychotic!,44811,2.0,10/15/2016,English,"Horror, Mystery",NR,"Maxwell Frey, Derek Gibbons","Kristen Martin, Clint Keepin, Maxwell Frey, Derek Gibbons, Cirocco Dunlap, Danielle Grace",https://www.filmcrave.com/movie_page_main.php?id=59433,Unknown
Sgt. Stubby: An American Hero,17324,2.5,04/13/2018,English,"Animation, Adventure",PG,Richard Lanni,"Helena Bonham Carter, Logan Lerman, G\xc3\xa9rard Depardieu, Nicholas Rulon, Jordan Beck, Jason Ezzell",https://www.filmcrave.com/movie_page_main.php?id=59434,"Based on the true story of the most decorated military dog in U.S. history - Sgt. Stubby, who formed an enduring bond serving alongside soldiers in the trenches during WWI. --"
I Am Not a Witch,26250,3.0,11/13/2017,English,Drama,NR,Rungano Nyoni,"Maggie Mulubwa, Margaret Z. Mwale, Henry B.J. Phiri, Selita Zulu, John Ng'Ambi, Becky Ngoma",https://www.filmcrave.com/movie_page_main.php?id=59435,Unknown
Aquarians,53491,3.0,10/22/2017,English,Drama,NR,Michael M. McGuire,"Chandler Massey, Shane Coffey, Tracey Fairaway, Melissa Nearman, Richard Riehle, Rebecca Stone Thornberry",https://www.filmcrave.com/movie_page_main.php?id=59436,Unknown
"Train of Salt and Sugar, The ( Comboio de Sal e A\xc3\xa7ucar )",53564,3.0,01/05/2018,Portuguese,Adventure,NR,Licinio Azevedo,"Thiago Justino, Melanie de Vales Rafael, Hor\xc3\xa1cio Guiamba, Absal\xc3\xa3o Narduela, Tonecas Xavier, M\xc3\xa1rio Valente",https://www.filmcrave.com/movie_page_main.php?id=59437,Unknown
Kickboxer: Retaliation,17323,2.5,01/26/2018,English,"Action, Drama",PG-13,Dimitri Logothetis,"Alain Moussi, Christopher Lambert, Jean-Claude Van Damme, Mike Tyson, Sara Malakul Lane, Haf\xc3\xbe\xc3\xb3r J\xc3\xbal\xc3\xadus Bj\xc3\xb6rnsson",https://www.filmcrave.com/movie_page_main.php?id=59438,"One year after the events following Kickboxer: Vengeance, Kurt Sloan gears up for his MMA title bout, ready to put Thailand behind him. But Thailand isn't ready to let him go, as he is drugged and finds himself back in the country, this time in prison. The powers behind his abduction want him to face a beast of a man - 6'8"" 400lb Mongkut. If he wins, he will be given $2 million and his freedom. Though Sloan is at first unwilling to be part of the plan, he realizes he has no other way out, and begins training for what will be his ultimate fight. --"
"Firefly, The ( luci\xc3\xa9rnaga, La )",32751,2.8,01/01/2013,Spanish,"Drama, Romance",NR,Ana Maria Hermida,"Carolina Guerra, Olga Segura, Manuel Jos\xc3\xa9 Chaves, Luis Fernando Orozco, \xc3\x81lvaro Rodr\xc3\xadguez, Pedro Luis Falla",https://www.filmcrave.com/movie_page_main.php?id=59439,Unknown
Hard Breakers,51549,3.0,05/20/2011,English,Comedy,R,Leah Sturgis,"Cameron Richardson, Sophie Monk, Chris Kattan, Tom Arnold, Bobby Lee, Lochlyn Munro",https://www.filmcrave.com/movie_page_main.php?id=59440,Unknown
Bullet Head,13565,2.5,12/08/2017,English,"Crime, Drama",NR,Paul Solet,"Adrien Brody, John Malkovich, Antonio Banderas, Rory Culkin, Alexandra Dinu, Ori Pfeffer",https://www.filmcrave.com/movie_page_main.php?id=59441,Unknown
The Revival,53301,3.0,07/08/2017,English,Drama,NR,Jennifer Gerber,"Zachary Booth, Stephen Ellis, David Rysdahl, Raymond McAnally, Lucy Faust, Kathleen Suit",https://www.filmcrave.com/movie_page_main.php?id=59442,Unknown
Amerika Square ( Plateia Amerikis ),53469,3.0,10/16/2017,Greek,Drama,NR,Yannis Sakaridis,"Yannis Stankoglou, Makis Papadimitriou, Vassilis Koukalani, Ksenia Dania, Sultan Amir, Rea Pediaditaki",https://www.filmcrave.com/movie_page_main.php?id=59443,Unknown
Butcher the Bakers,53185,3.0,04/28/2017,English,"Comedy, Horror",NR,Tyler Amm,"Ryan Matthew Ziegler, Sean Walsh, Alex Dittmer, Mike Behrens, Lisa Wojcik, Devon Ford",https://www.filmcrave.com/movie_page_main.php?id=59444,Unknown
Control ( Het Tweede Gelaat ),53460,3.0,10/14/2017,Dutch,"Action, Crime",NR,Jan Verheyen,"Koen De Bouw, Werner De Smedt, Greg Timmermans, Sofie Hoflack, Marcel Hensema, Hendrik Aerts",https://www.filmcrave.com/movie_page_main.php?id=59445,Unknown
Sulayman too ( Suleiman Mountain ),53571,3.0,01/07/2018,Russian,Drama,NR,Elizaveta Stishova,"Daniel Daiyrbekov, Turgunai Erkinbekova, Perizat Ermanbaeva, Asset Imangaliev, Nasira Mambetova",https://www.filmcrave.com/movie_page_main.php?id=59446,Unknown
All I Want,53263,3.0,06/11/2017,English,"Comedy, Drama",R,West Liang,"Melissa Center, Drew Rausch, Josh Casaubon, Rebecca Larsen, Jonathan Chase, Laura Mann",https://www.filmcrave.com/movie_page_main.php?id=59447,Unknown
"Last Movie Star, The ( Dog Years )",14279,2.8,04/22/2017,English,Drama,R,Adam Rifkin,"Burt Reynolds, Ariel Winter, Clark Duke, Ellar Coltrane, Nikki Blonsky, Chevy Chase",https://www.filmcrave.com/movie_page_main.php?id=59448,Unknown
Show Dogs,44909,1.4,05/18/2018,English,Comedy,PG,Raja Gosnell,"Stanley Tucci, Natasha Lyonne, Alan Cumming, Will Arnett, Gabriel Iglesias, Ludacris",https://www.filmcrave.com/movie_page_main.php?id=59449,"Undercover work is for the dogs - and Max, the manliest Rottweiler police dog around, is willing to do anything to foil a plot that could lead to disaster... even if it means trading his solitary, macho life for the pampered, prestigious world of show dogs. --"
Defective,53545,3.0,12/09/2017,English,"Action, Sci-Fi",NR,Reese Eveneshen,"Colin Paradine, Raven Cousens, Ashley Armstrong, Dennis Andres, Jamie Tarantini, Nick Smyth",https://www.filmcrave.com/movie_page_main.php?id=59450,Unknown
May It Last: A Portrait of the Avett Brothers,53383,3.0,09/12/2017,English,Documentary,NR,"Judd Apatow, Michael Bonfiglio","Scott Avett, Seth Avett, Joe Kwon, Rick Rubin, Jennifer Carpenter, Tania Elizabeth",https://www.filmcrave.com/movie_page_main.php?id=59451,Unknown
Sunset Park,53445,3.0,10/09/2017,English,"Crime, Drama",NR,Jason Sarrey,"Michael Trevino, Robert Miano, Sam Douglas, Jamie Choi, Vladimir Versailles, Michael T. Weiss",https://www.filmcrave.com/movie_page_main.php?id=59452,Unknown
Victor Crowley,53614,3.0,02/06/2018,English,Horror,NR,Adam Green,"Parry Shen, Kane Hodder, Laura Ortiz, Dave Sheridan, Krystal Joy Brown, Brian Quinn",https://www.filmcrave.com/movie_page_main.php?id=59453,Unknown
Aliens Ate My Homework,39891,1.8,03/06/2018,English,"Comedy, Family",PG,Sean McNamara,"William Shatner, Dan Payne, Kirsten Robek, Christian Convery, Ty Consiglio, Sean McNamara",https://www.filmcrave.com/movie_page_main.php?id=59454,Unknown
