title,overall_rank,average_rating,number_reviews,theatrical_release_date,language,genre,mpaa_rating,director,actors,url,plot
Django's Cut Price Corpses ( Anche per Django le carogne hanno un prezzo ),48789,3.0,1,05/08/1971,Italian,"Action, Western",NR,Luigi Batzella,"Jeff Cameron, John Desmont, Esmeralda Barros, Gengher Gatti, Edilio Kim, Angela Portaluri",https://www.filmcrave.com/movie_page_main.php?id=48455,Unknown
Fire with Fire,26453,2.0,12,08/31/2012,English,"Action, Crime",R,David Barrett,"Josh Duhamel, Bruce Willis, Rosario Dawson, Vincent D'Onofrio, 50 Cent, Vinnie Jones",https://www.filmcrave.com/movie_page_main.php?id=48456,A fireman takes an action when a man whom he's forced to testify against threatens him. --
Sushi Girl,13291,2.4,8,01/04/2013,English,"Crime, Thriller",R,Kern Saxton,"Tony Todd, James Duval, Mark Hamill, Sonny Chiba, Andy Mackenzie, Noah Hathaway",https://www.filmcrave.com/movie_page_main.php?id=48457,"A recently-released prisoner and four men who all committed a robbery together sit down to a sushi dinner (served off the body of a beautiful woman) and the congratulations soon take a deadly turn as the men squabble over the missing loot - all the while, the sushi girl remains motionless. --"
A Fantastic Fear of Everything,11838,2.5,12,06/08/2012,English,Comedy,R,"Crispian Mills, Chris Hopewell","Simon Pegg, Paul Freeman, Clare Higgins, Kerry Shale, Amara Karan, Alan Drake",https://www.filmcrave.com/movie_page_main.php?id=48458,"A crime novelist has gotten too deep into his latest novel centered on Victorian serial killers, turning him in to a paranoid wreck. When a movie executive takes an interest in his script, he must face his fears. --"
The Iceman,2293,2.9,58,05/03/2013,English,"Crime, Drama",R,Ariel Vromen,"Michael Shannon, Winona Ryder, Chris Evans, Ray Liotta, David Schwimmer, James Franco",https://www.filmcrave.com/movie_page_main.php?id=48459,"Richard Kuklinski led a double life - on one hand he was a loving family man - on the other, a cold-blooded hitman - this is his story. --"
The Big Gamble,39029,1.8,3,09/27/1931,English,"Crime, Drama",NR,Fred Niblo,"William Boyd, James Gleason, Warner Oland, Dorothy Sebastian, Zasu Pitts, June MacCloy",https://www.filmcrave.com/movie_page_main.php?id=48460,Unknown
Time Zero: The Last Year of Polaroid Film,35930,2.0,3,04/28/2012,English,"Documentary, Historical",NR,Grant Hamilton,"Dave Bias, Gene Donovan, Paul Giambarba, David Hale, John Waters, Lou Noble",https://www.filmcrave.com/movie_page_main.php?id=48461,Unknown
Unfit: Ward vs. Ward ,28382,2.3,3,04/30/2012,English,Documentary,NR,"Katie Carmichael, Penny Edmiston, Edwin Scharlau","Cassey Ward, Susan Walch, Carla Janes, Donna Welch, Jessica Acebo, Neena Malik",https://www.filmcrave.com/movie_page_main.php?id=48462,Unknown
We Women Warriors,45452,1.5,3,08/10/2012,English,"Documentary, Drama",NR,Nicole Karsin,Unknown,https://www.filmcrave.com/movie_page_main.php?id=48463,Unknown
The Deadline,27056,2.3,3,12/03/1931,English,"Romance, Western",NR,Lambert Hillyer,"Buck Jones, Loretta Sayers, Robert Ellis, Edward LeSaint, G. Raymond Nye, Knute Erickson",https://www.filmcrave.com/movie_page_main.php?id=48464,Unknown
Ape,31439,2.2,3,11/03/2012,English,"Comedy, Drama",NR,Joel Potrykus,"Joshua Burge, Gary Bosek, Jason Roth, Daniel Falicki, Kevin Clancy, John Curtis",https://www.filmcrave.com/movie_page_main.php?id=48465,Unknown
Wrong Turn 5: Bloodlines,12271,2.5,8,10/18/2012,English,"Horror, Thriller",R,Declan O'Brien,"Doug Bradley, Camilla Arfwedson, Simon Ginty, Roxanne McKee, Paul Luebke, Borislav Iliev",https://www.filmcrave.com/movie_page_main.php?id=48466,Unknown
The Amazing Spider-Man 2,6083,2.5,124,05/02/2014,English,"Action, Fantasy",PG-13,Marc Webb,"Andrew Garfield, Emma Stone, Jamie Foxx, Paul Giamatti, Dane DeHaan, Sally Field",https://www.filmcrave.com/movie_page_main.php?id=48467,"Peter Parker, aka Spider-Man, deals with a dangerous pair of villains: the Rhino and Electro but even as he faces off against these new foes he also works to protect those he loves from danger. --"
Need for Speed,6097,2.6,37,03/14/2014,English,Action,PG-13,Scott Waugh,"Aaron Paul, Dominic Cooper, Imogen Poots, Michael Keaton, Rami Malek, Dakota Johnson",https://www.filmcrave.com/movie_page_main.php?id=48468,"After being framed, a street racer leaves prison with revenge on his mind. Entering into a cross-country race he plans to get back at the wealthy partner who sent him to prison. But his one-time partner hears about the plot and puts out a bounty on his head just before the race begins. --"
What a Man,26846,2.3,3,11/30/2012,German,"Comedy, Romance",R,Matthias Schweighöfer,"Matthias Schweighöfer, Sibel Kekilli, Elyas M'Barek, Mavie Hörbiger, Thomas Kretschmann, Milan Peschel",https://www.filmcrave.com/movie_page_main.php?id=48469,"After being dumped by his girlfriend, Caroline, young teacher Alex decides to strike out on his own on a journey of self-discovery. In this modern world, he aims to figure out what it really means to be a man. --"
Rhino Season ( Fasle kargadan ),5096,3.1,4,10/26/2012,Persian,Drama,NR,Bahman Ghobadi,"Behrouz Vossoughi, Beren Saat, Monica Bellucci, Yilmaz Erdogan, Belçim Bilgin, Caner Cindoruk",https://www.filmcrave.com/movie_page_main.php?id=48470,"As the Iranian revolution approaches, a driver for a wealthy family becomes a high-ranking revolutionary. The woman he drives around, Mina, is in love with poet - but he himself is falling for Mina. Setting the two up - he uses his power to incarcerate both of them, Mina for 10 years, the poet Sahel for 30. When Sahel is finally released from his prison sentence, he wants nothing else but to connect with Mina - who has been told he has been dead for the past 20 years. --"
The Lady Refuses,11562,2.8,4,03/08/1931,English,"Drama, Romance",NR,George Archainbaud,"Betty Compson, John Darrow, Gilbert Emery, Margaret Livingston, Ivan Lebedeff, Edgar Norton",https://www.filmcrave.com/movie_page_main.php?id=48471,Unknown
The Range Fued,21880,2.5,3,12/01/1931,English,"Mystery, Romance",NR,D. Ross Lederman,"Buck Jones, John Wayne, Susan Fleming, Edward LeSaint, Will Walling, Wallace MacDonald",https://www.filmcrave.com/movie_page_main.php?id=48472,Unknown
The Ridin' Fool,27048,2.3,3,05/31/1931,English,Western,NR,John P. McCarthy,"Bob Steele, Frances Morris, Florence Turner, Ted Adams, Al Bridge, Eddie Fetherston",https://www.filmcrave.com/movie_page_main.php?id=48473,Unknown
Addicted to Fame ( Craptastic! ),24473,2.3,4,03/19/2012,English,"Documentary, Biography",NR,David Giancola,"Anna Nicole Smith, David Giancola, John James, Chyna, Jesse Eisenberg, Sean Astin",https://www.filmcrave.com/movie_page_main.php?id=48474,Unknown
I Am Not a Rock Star,22990,2.5,3,08/01/2012,English,"Documentary, Drama",NR,Bobbi Jo Krals,Marika Bournaki,https://www.filmcrave.com/movie_page_main.php?id=48475,Unknown
Lost and Sound,31419,2.2,3,03/17/2012,English,Documentary,NR,Lindsey Dryden,Unknown,https://www.filmcrave.com/movie_page_main.php?id=48476,Unknown
Only the Young,14897,2.6,4,05/02/2012,English,"Documentary, Comedy",NR,"Elizabeth Mims, Jason Tippet","Kristen Cheriegate, Kevin Conway, Skye Elmore, Robin Levy, Garrison Saenz",https://www.filmcrave.com/movie_page_main.php?id=48477,"A documentary exploring the lives of three teens living out their days in the shadow of magic mountain amongst foreclosed houses and empty underpasses. Life, love, friendship and avoiding adulthood - there is always something, even amongst nothing. --"
To Redemption,39948,1.8,3,02/01/2012,English,Drama,NR,Alexia Oldini,"John Faughnan, James McCaffrey, Chris Riggi, Kathrine Narducci, Chelsea Amoroso, Arben Bajraktaraj",https://www.filmcrave.com/movie_page_main.php?id=48478,Unknown
War of the Dead,20331,2.2,8,05/04/2012,English,"Action, Horror",NR,Marko Mäkilaakso,"Andrew Tiernan, Mikko Leppilampi, Samuel Vauramo, Jouko Ahola, Mark Wingett, Andreas Wilson",https://www.filmcrave.com/movie_page_main.php?id=48479,A squad of Finnish soldiers aided by an American Special Forces unit discover a Nazi bunker containing an experiment designed to reanimate the dead.
Vincent,4040,2.9,12,10/01/1982,English,"Animation, Family",G,Tim Burton,Vincent Price,https://www.filmcrave.com/movie_page_main.php?id=48480,"Vincent is a seven year old boy, who is obsessed with the disturbing and the dark. --"
The Fighting Marshal,27055,2.3,3,11/25/1931,English,"Action, Drama",NR,D. Ross Lederman,"Tim McCoy, Dorothy Gulliver, Mary Carr, Matthew Betz, Pat O'Malley, Edward LeSaint",https://www.filmcrave.com/movie_page_main.php?id=48481,Unknown
The Fighting Sheriff,21873,2.5,3,05/15/1931,English,Western,NR,Louis King,"Buck Jones, Loretta Sayers, Robert Ellis, Harlan Knight, Paul Fix, Tom Bay",https://www.filmcrave.com/movie_page_main.php?id=48482,Unknown
Up Pops the Devil,17997,2.7,3,05/20/1931,English,Comedy,NR,A. Edward Sutherland,"Richard 'Skeets' Gallagher, Stuart Erwin, Carole Lombard, Lilyan Tashman, Norman Foster, Edward J. Nugent",https://www.filmcrave.com/movie_page_main.php?id=48483,Unknown
The Gang Buster,21867,2.5,3,01/17/1931,English,"Comedy, Crime",NR,A. Edward Sutherland,"Jack Oakie, Jean Arthur, William 'Stage' Boyd, Wynne Gibson, William Morris, Francis McDonald",https://www.filmcrave.com/movie_page_main.php?id=48484,Unknown
The Great Lover,34746,2.0,3,07/18/1931,English,Drama,NR,Harry Beaumont,"Adolphe Menjou, Irene Dunne, Ernest Torrence, Neil Hamilton, Olga Baclanova, Cliff Edwards",https://www.filmcrave.com/movie_page_main.php?id=48485,Unknown
X Marks the Spot,21881,2.5,3,12/13/1931,English,"Crime, Drama",NR,Erle C. Kenton,"Lew Cody, Sally Blane, Wallace Ford, Fred Kohler, Mary Nolan, Virginia Lee Corbin",https://www.filmcrave.com/movie_page_main.php?id=48486,Unknown
Three Girls Lost,24029,2.3,4,04/19/1931,English,Drama,NR,Sidney Lanfield,"Loretta Young, Lew Cody, John Wayne, Joan Marsh, Joyce Compton",https://www.filmcrave.com/movie_page_main.php?id=48487,Unknown
Two Fisted Justice,39031,1.8,3,10/20/1931,English,Western,NR,George Arthur Durlam,"Tom Tyler, Barbara Weeks, Bobby Nelson, Will Walling, John Elliott, Yakima Canutt",https://www.filmcrave.com/movie_page_main.php?id=48488,Unknown
Way Back Home,18004,2.7,3,11/13/1931,English,Drama,NR,William A. Seiter,"Phillips Lord, Effie Palmer, Frank Albertson, Bette Davis, Frankie Darro, Dorothy Peterson",https://www.filmcrave.com/movie_page_main.php?id=48489,Unknown
"70,000 Witnesses",27074,2.3,3,09/09/1932,English,Mystery,NR,Ralph Murphy,"Phillips Holmes, Dorothy Jordan, Charles Ruggles, Johnny Mack Brown, J. Farrell MacDonald, Lew Cody",https://www.filmcrave.com/movie_page_main.php?id=48490,Unknown
The Man from Death Valley,34749,2.0,3,09/09/1931,English,"Action, Romance",NR,Lloyd Nosler,"Tom Tyler, Betty Mack, Gino Corrado, John Oscar, Si Jenks, Stanley Blystone",https://www.filmcrave.com/movie_page_main.php?id=48491,Unknown
The Montana Kid,21877,2.5,3,08/10/1931,English,"Action, Drama",NR,Harry L. Fraser,"Bill Cody, Andy Shuford, Doris Hill, William L. Thorne, John Elliott, Gordon De Main",https://www.filmcrave.com/movie_page_main.php?id=48492,Unknown
Outlaws of the Range,21983,2.5,3,04/08/1936,English,Western,NR,Albert Herman,"Bill Cody, Marie Burton, William McCall, Gordon Griffith, Bill Cody Jr., Wally West",https://www.filmcrave.com/movie_page_main.php?id=48493,Unknown
Manila Skies ( Himpapawid ),18777,2.7,3,10/17/2010,Other,Drama,NR,Raymond Red,"Raul Arellano, John Arcilla, Ronnie Lazaro, Soliman Cruz, Karlo Altomonte, Raul Morit",https://www.filmcrave.com/movie_page_main.php?id=48494,Unknown
Talaash,10185,2.6,9,11/30/2012,Hindi,"Crime, Drama",NR,Reema Kagti,"Aamir Khan, Kareena Kapoor, Rani Mukerji, Nawazuddin Siddiqui, Raj Kumar Yadav, Om Prakash",https://www.filmcrave.com/movie_page_main.php?id=48495,"Three disparate souls - a policeman, a prostitute and a housewife, find their lives intertwined by a mystery with unexpected links between them. --"
Nothing Like Chocolate,22959,2.5,3,01/29/2012,English,Documentary,NR,Kum-Kum Bhavnani,"Susan Sarandon, Michael Pollan, Vandana Shiva, Mott Green, Tillman Thomas, Gary Guittard",https://www.filmcrave.com/movie_page_main.php?id=48496,Unknown
A Man's Land,39051,1.8,3,06/11/1932,English,Western,NR,Phil Rosen,"Hoot Gibson, Marion Shilling, Robert Ellis, Ethel Wales, Skeeter Bill Robbins, Al Bridge",https://www.filmcrave.com/movie_page_main.php?id=48497,Unknown
A Son of the Plains,30124,2.2,3,07/05/1931,English,"Action, Western",NR,Robert N. Bradbury,"Bob Custer, Doris Phillips, J.P. McGowan, Edward Hearn, Eve Humes, Gordon De Main",https://www.filmcrave.com/movie_page_main.php?id=48498,Unknown
Arizona Terror,30126,2.2,3,09/13/1931,English,"Romance, Western",NR,Phil Rosen,"Ken Maynard, Lina Basquette, Hooper Atchley, Nina Quartero, Michael Visaroff, Murdock MacQuarrie",https://www.filmcrave.com/movie_page_main.php?id=48499,Unknown
West of Broadway ,33253,2.0,4,11/28/1931,English,"Drama, Romance",NR,Harry Beaumont,"John Gilbert, El Brendel, Lois Moran, Madge Evans, Ralph Bellamy, Hedda Hopper",https://www.filmcrave.com/movie_page_main.php?id=48500,Unknown
West of Cheyenne,27046,2.3,3,03/01/1931,English,Western,NR,Harry S. Webb,"Tom Tyler, Josephine Hill, Harry Woods, Fern Emmett, Ben Corbett,  	Lafe McKee",https://www.filmcrave.com/movie_page_main.php?id=48501,Unknown
Dying to Do Letterman,31354,2.2,3,03/04/2011,English,"Documentary, Biography",NR,"Joke Fincioen, Biagio Messina","Steve Mazan, Debbie Mazan, Jim Gaffigan, Kevin Nealon, Ray Romano",https://www.filmcrave.com/movie_page_main.php?id=48502,Unknown
The Secret Witness,34756,2.0,3,12/12/1931,English,Drama,NR,Thornton Freeland,"Una Merkel, William Collier Jr., Zasu Pitts, Purnell Pratt, Ralf Harolde, Clyde Cook",https://www.filmcrave.com/movie_page_main.php?id=48503,Unknown
The Sky Raiders,30122,2.2,3,05/15/1931,English,Adventure,NR,Christy Cabanne,"Lloyd Hughes, Marceline Day, Wheeler Oakman, Walter Miller, Emerson Treacy, Edward LeSaint",https://www.filmcrave.com/movie_page_main.php?id=48504,Unknown
The Sky Spider,13760,2.8,3,10/01/1931,English,"Action, Drama",NR,Richard Thorpe,"Glenn Tryon, Beryl Mercer, Blanche Mehaffey, Pat O'Malley, John Trent, Philo McCullough",https://www.filmcrave.com/movie_page_main.php?id=48505,Unknown
Bigfoot: The Lost Coast Tapes,45063,1.5,3,10/26/2012,English,"Horror, Mystery",NR,Corey Grant,"Drew Rausch, Rich McDonald, Ashley Wood, Noah Weisberg, Frank Ashmore, Rowdy Kelley",https://www.filmcrave.com/movie_page_main.php?id=48506,"A disgraced investigative journalist, brought down after one of his biggest stories turned out to be a hoax, decides to redeem himself by debunking a rumor of a hunter who claims to have a corpse of a Sasquatch. Traveling to Norther California's ""Lost Coast"" with his old crew, he will stop at nothing to re-launch his career. --"
A Daughter of the Law,34656,2.0,3,11/01/1921,English,"Crime, Drama",NR,Jack Conway,"Carmel Myers, John B. O'Brien, Fred Kohler, Jack Walters, Dick La Reno, Charles Arling",https://www.filmcrave.com/movie_page_main.php?id=48507,Unknown
A Connecticut Yankee in King Arthur's Court,21789,2.5,3,03/14/1921,English,Comedy,NR,Emmett J. Flynn,"Harry Myers, Pauline Starke, Rosemary Theby, Charles Clary, William V. Mong, George Siegmann",https://www.filmcrave.com/movie_page_main.php?id=48508,Unknown
A Child for Sale,26937,2.3,3,04/01/1920,English,Drama,NR,Ivan Abramson,"Gladys Leslie, Creighton Hale, Bobby Connelly, Julia Swayne Gordon, Anna Lehr, William H. Tooker",https://www.filmcrave.com/movie_page_main.php?id=48509,Unknown
12.10,46780,1.3,3,12/14/1919,English,"Mystery, Thriller",NR,Herbert Brenon,"Marie Doro, Ben Webster, Geoffrey Kerr, James Carew, Frederick Kerr, Pierre Maillard",https://www.filmcrave.com/movie_page_main.php?id=48510,Unknown
A Man's Story,38826,1.8,4,11/02/2012,English,Documentary,NR,Varon Bonicos,"Ozwald Boateng, Giorgio Armani, Spike Lee, Daniel Day-Lewis, Richard Branson, Jamie Foxx",https://www.filmcrave.com/movie_page_main.php?id=48511,Unknown
The Dead Inside,22939,2.5,3,07/20/2011,English,"Horror, Musical",NR,Travis Betz,"Sarah Lassez, Dustin Fasching",https://www.filmcrave.com/movie_page_main.php?id=48512,Unknown
Honor Flight,21665,2.5,3,12/07/2012,English,"Documentary, Historical",PG,Dan Hayes,"Kenneth Holzer, Raymond Hasey, Sterling Hasey, Larry Parmalee, Bill Rossman, Charlie Sykes",https://www.filmcrave.com/movie_page_main.php?id=48513,"A group of volunteers in the Midwest has one goal: to send every living WWII veteran on a trip to Washington D.C. to see the memorials built in their honor before they die. But this cause soon takes on a life of its own, and not just the volunteers and veterans are affected by this profound journey. --"
Vinyl,34408,1.9,4,04/01/2012,English,Comedy,NR,Sara Sugarman,"Keith Allen, Phil Daniels, Jamie Blackley, Perry Benson, Julia Ford, Alexa Davies",https://www.filmcrave.com/movie_page_main.php?id=48514,"A rock group past its prime uses a new, popular punk band as a front for their own music, and to fool the music industry. --"
Beverly Hills Chihuahua 3: Viva la Fiesta,38822,1.8,4,09/18/2012,English,"Comedy, Family",G,Lev L. Spiro,"George Lopez, Odette Annable, Miguel Ferrer, Emily Osment, Kay Panabaker, Ernie Hudson",https://www.filmcrave.com/movie_page_main.php?id=48515,Papi and Chloe move into a luxurious hotel they think life couldn't get any better. When members of the hotel staff are up to no good it's up to Papi to save the day. Papi also throws a quinceañera for Rosa to show her that she is special. New dogs are introduced as well and the moral is to be yourself even if others don't like who you are. --
The Last Fall,24484,2.3,4,10/26/2012,English,Drama,NR,Matthew A. Cherry,"Lance Gross, Nicole Beharie, Vanessa Bell Calloway, Obba Babatundé, Keith David, Darrin Dewitt Henson",https://www.filmcrave.com/movie_page_main.php?id=48516,An NFL player finds it hard to adapt to life and all its complexities once his life on the field is over. --
Somm,21084,2.4,4,11/07/2012,English,Documentary,NR,Jason Wise,"Jean Marie Fourrier, Bobby Stuckey, Michael Jordan, Whitney Fisher, Reggie Narito, Sabato Sagaria",https://www.filmcrave.com/movie_page_main.php?id=48517,Follows four sommeliers as they attempt to pass the notoriously difficult Master Sommelier exam. --
The Nextnik,46946,1.3,3,01/01/2012,English,"Comedy, Drama",NR,Michael Kravinsky,"Rick Kain, Connie Bowman, Paul Fahrenkopf, Emily Morrison, Allison Howard, Joshua Dick",https://www.filmcrave.com/movie_page_main.php?id=48518,Unknown
Where the Yellowstone Goes,21075,2.4,4,04/01/2012,English,"Documentary, Adventure",NR,Hunter Weeks,Unknown,https://www.filmcrave.com/movie_page_main.php?id=48519,Unknown
Roadracers,19332,2.3,7,07/22/1994,English,"Action, Drama",R,Robert Rodriguez,"David Arquette, John Hawkes, Salma Hayek, Jason Wiles, William Sadler, O'Neal Compton",https://www.filmcrave.com/movie_page_main.php?id=48520,"A young rebel himself at a fork in the road: Should he marry his girlfriend, or should he join a band? But life is apparently not complicated enough for him, as he's also embroiled in a face-off with a rogue cop."
Touchdown,24032,2.3,4,11/15/1931,English,"Drama, Sport",NR,Norman Z. McLeod,"Richard Arlen, Peggy Shannon, Jack Oakie, Regis Toomey, George Barbier, George Irving",https://www.filmcrave.com/movie_page_main.php?id=48521,Unknown
"Blonde Dream, A ( Happy Ever After )",34758,2.0,3,01/01/1932,English,Musical,NR,"Paul Martin, Robert Stevenson","Lilian Harvey, Jack Hulbert, Cicely Courtneidge, Sonnie Hale, Edward Chapman, Percy Parsons",https://www.filmcrave.com/movie_page_main.php?id=48522,Unknown
DNA,49878,3.0,1,03/07/1997,English,"Action, Horror",R,William Mesa,"Mark Dacascos, Jürgen Prochnow, Robin McKee, Tom Taus, Roger Aaron Brown, John H. Brennan",https://www.filmcrave.com/movie_page_main.php?id=48523,Unknown
An Enemy to the King,42413,1.7,3,11/26/1916,English,"Adventure, Historical",NR,Frederick A. Thomson,"E.H. Sothern, Edith Storey, John S. Robertson, Frederick Lewis, Brinsley Shaw, Rowland Buckstone",https://www.filmcrave.com/movie_page_main.php?id=48524,Unknown
Long Shot: The Kevin Laue Story,22995,2.5,3,10/26/2012,English,Documentary,NR,Franklin Martin,"Kevin Laue, Barry Rohrssen",https://www.filmcrave.com/movie_page_main.php?id=48525,Unknown
Almost Married,39055,1.8,3,07/17/1932,English,Thriller,NR,William Cameron Menzies,"Violet Heming, Ralph Bellamy, Alexander Kirkland, Alan Dinehart, Mary Gordon, Tempe Pigott",https://www.filmcrave.com/movie_page_main.php?id=48526,Unknown
Hellgate,28361,2.3,3,11/05/2011,English,Thriller,NR,John Penney,"Liz Burnette, Cary Elwes, John Henbest, William Hurt, Ploy Jindachote, Paula Taylor",https://www.filmcrave.com/movie_page_main.php?id=48527,"Caught between life and death following an accident that took away his wife and son, a businessman must figure out a way to reunite his soul and body or pay the ultimate price. --"
Hitler's Children,12784,2.6,5,10/18/2012,German,Documentary,NR,Chanoch Zeevi,"Bettina Goering, Katrin Himmler, Monika Goeth, Rainer Hoess, Eldad Beck, Niklas Frank",https://www.filmcrave.com/movie_page_main.php?id=48528,"A legacy can be a blessing and a curse - this documentary looks into the lives of the descendants of some of the top Nazi officials: Hermann Göring, Heinrich Himmler, Rudolf Hoess, Amon Goeth and others and what it means to live with a family name associated with one of the darkest periods in human history and their German heritage. --"
Funeral Kings,14895,2.6,4,03/10/2012,English,"Comedy, Drama",R,"Kevin McManus, Matthew McManus","Dylan Hartigan, Alex Maizus, Jordan Puzzo, Charles Kwame Odei, Kevin Corrigan, Michaela McManus",https://www.filmcrave.com/movie_page_main.php?id=48529,Unknown
ThanksKilling 3,22996,2.5,3,11/01/2012,English,"Comedy, Horror",NR,Jordan Downey,"Daniel Usaj, Joe Hartzler, Benjamin Siemon, Bridge Stuart, Mike Litzenberg, Jordan Downey",https://www.filmcrave.com/movie_page_main.php?id=48530,Unknown
Insidious: Chapter 2,3217,2.8,63,09/13/2013,English,Horror,PG-13,James Wan,"Rose Byrne, Patrick Wilson, Lin Shaye, Barbara Hershey, Ty Simpkins, Jocelin Donahue",https://www.filmcrave.com/movie_page_main.php?id=48531,The Lambert family needs to figure out why their family is tied to the deadly spirit world and it involves delving in a dark family secret but it must be done before they are all claimed. --
Finding Joy,29654,2.0,5,02/08/2013,English,Comedy,NR,Carlo De Rosa,"Josh Cooke, Liane Balaban, Barry Bostwick, Lainie Kazan, Tyler Bunch, Kiki Harris",https://www.filmcrave.com/movie_page_main.php?id=48532,"A self-absorbed writer finds a new way to connect with life, and his offbeat family, when the free-spirit Joy approaches him and asks him to write her obituary. --"
Eden is West ( Eden à l'Ouest ),18734,2.7,3,03/01/2009,French,Drama,NR,Costa-Gavras,"Riccardo Scamarcio, Constantine Markoulakis, Eric Caravaca, Juliane Köhler, Ulrich Tukur, Mona Achache",https://www.filmcrave.com/movie_page_main.php?id=48533,Unknown
Dark Skies,8748,2.5,46,02/22/2013,English,Thriller,PG-13,Scott Charles Stewart,"Keri Russell, Dakota Goyo, Josh Hamilton, Kadan Rockett, J.K. Simmons, Annie Thurman",https://www.filmcrave.com/movie_page_main.php?id=48534,"A boy is targeted by abduction from aliens, who send one of their own after him, disguised as a human. --"
Admission,8920,2.5,35,03/22/2013,English,Comedy,PG-13,Paul Weitz,"Paul Rudd, Tina Fey, Lily Tomlin, Michael Sheen, Wallace Shawn, Gloria Reuben",https://www.filmcrave.com/movie_page_main.php?id=48535,"Portia Nathan, a by-the-books Princeton admissions officer on the fast-track to promotion finds herself bending the rules when a visit to an alternative school ran by an old college friend presents her with Jeremiah - a gifted young man who may very well be the child she gave up for adoption years before. Her job may be at risk, but her life has never been as rewarding. --"
The Last Exorcism Part II,33704,1.7,17,03/01/2013,English,"Horror, Thriller",PG-13,Ed Gass-Donnelly,"Ashley Bell, Andrew Sensenig, Spencer Treat Clark, Judd Lormand, Raeden Greer, Louis Herthum",https://www.filmcrave.com/movie_page_main.php?id=48536,"Nell Sweetzer is ready to get back to a normal life following the events of the first film. But the evil that possessed her is not willing to let her go, and she finds herself under attack once again, with an even more horrific end game. --"
One Direction: This is Us,39981,1.8,3,08/30/2013,English,Documentary,PG,Morgan Spurlock,"Harry Styles, Niall Horan, Louis Tomlinson, Zayn Malik, Liam Payne",https://www.filmcrave.com/movie_page_main.php?id=48537,"Morgan Spurlock (Super Size Me, The Greatest Movie Ever Sold) directs this 3D concert documentary that gives all access to British pop sensation One Direction on their tour.  --"
Spring Breakers,13168,2.3,57,03/22/2013,English,"Crime, Drama",R,Harmony Korine,"James Franco, Selena Gomez, Vanessa Hudgens, Heather Morris, Ashley Benson, Rachel Korine",https://www.filmcrave.com/movie_page_main.php?id=48538,Four college girls decide to fund their spring break by robbing a restaurant... and promptly wind up in prison. But they get bailed out by a drugs and arms dealer - and in return he wants them to do a little dirty work for him. --
Helldriver ( Nihon bundan: Heru doraibâ ),23942,2.3,4,09/28/2010,Japanese,"Horror, Sci-Fi",NR,Yoshihiro Nishimura,"Yumiko Hara, Eihi Shiina, Kazuki Namioka, Yûrei Yanagi, Minoru Torihada, Gadarukanaru Taka",https://www.filmcrave.com/movie_page_main.php?id=48539,Unknown
Love is All You Need ( Den skaldede frisør ),10563,2.5,12,05/03/2013,Danish,"Comedy, Romance",R,Susanne Bier,"Pierce Brosnan, Kim Bodnia, Trine Dyrholm, Paprika Steen, Sebastian Jessen, Bodil Jørgensen",https://www.filmcrave.com/movie_page_main.php?id=48540,"After battling through cancer treatment, a hairdressers returns home to"
Color Me Obsessed: A Film About The Replacements,28362,2.3,3,11/16/2011,English,Documentary,NR,Gorman Bechard,"Robert Voedisch, Tom Arnold, Dave Foley, Tommy Ramone, Mark Schwahn, David Carr",https://www.filmcrave.com/movie_page_main.php?id=48541,Unknown
Border Devils,13766,2.8,3,04/04/1932,English,"Action, Romance",NR,William Nigh,"Harry Carey, Kathleen Collins, George 'Gabby' Hayes, Niles Welch, Olive Carey, Art Mix",https://www.filmcrave.com/movie_page_main.php?id=48542,Unknown
The Video Dead,38585,1.7,5,11/01/1987,English,"Comedy, Horror",R,Robert Scott,"Michael St. Michaels, Jennifer Miro, Roxanna Augesen, Libby Russler, Rocky Duvall, Sam David McClelland",https://www.filmcrave.com/movie_page_main.php?id=48543,Unknown
Cannonball Express,27061,2.3,3,02/07/1932,English,"Action, Crime",NR,Wallace Fox,"Rex Lease, Tom Moore, Lucile Browne, Leon Ames, Ruth Renick",https://www.filmcrave.com/movie_page_main.php?id=48544,Unknown
Daring Danger,30138,2.2,3,07/27/1932,English,Western,NR,D. Ross Lederman,"Tim McCoy, Alberta Vaughn, Wallace MacDonald, Robert Ellis, Richard Alexander, Murdock MacQuarrie",https://www.filmcrave.com/movie_page_main.php?id=48545,Unknown
Drifting (1932) ,34774,2.0,3,08/09/1932,English,Drama,NR,Louis King,"Lois Wilson, Theodore von Eltz, Raymond Hatton, Gene Gowing, Guinn 'Big Boy' Williams, Mischa Auer",https://www.filmcrave.com/movie_page_main.php?id=48546,Unknown
End of the Trail,30154,2.2,3,12/19/1932,English,Western,NR,D. Ross Lederman,"Tim McCoy, Luana Walters, Wheeler Oakman, Wade Boteler, Lafe McKee, Wally Albright",https://www.filmcrave.com/movie_page_main.php?id=48547,Unknown
Fighting for Justice,21902,2.5,3,08/28/1932,English,Western,NR,Otto Brower,"Tim McCoy, Joyce Compton, Robert Frazer, William V. Mong, Hooper Atchley, Henry Sedley",https://www.filmcrave.com/movie_page_main.php?id=48548,Unknown
Flaming Guns,21921,2.5,3,12/22/1932,English,Western,NR,Arthur Rosson,"Tom Mix, William Farnum, Ruth Hall, Clarence Wilson, George Hackathorne, Duke R. Lee",https://www.filmcrave.com/movie_page_main.php?id=48549,Unknown
Forbidden Trail,18030,2.7,3,11/18/1932,English,"Action, Romance",NR,Lambert Hillyer,"Buck Jones, Barbara Weeks, Mary Carr, George Cooper, Ed Brady, Frank Rice",https://www.filmcrave.com/movie_page_main.php?id=48550,Unknown
Gorilla Ship,34773,2.0,3,07/20/1932,English,"Action, Drama",NR,Frank R. Strayer,"Ralph Ince, Vera Reynolds, Reed Howes, Wheeler Oakman, James Bradbury Jr., George Chesebro",https://www.filmcrave.com/movie_page_main.php?id=48551,Unknown
Between Fighting Men,27078,2.3,3,10/16/1932,English,"Action, Comedy",NR,Forrest Sheldon,"Ken Maynard, Ruth Hall, Josephine Dunn, Wallace MacDonald, Albert J. Smith, Walter Law",https://www.filmcrave.com/movie_page_main.php?id=48552,Unknown
Beyond the Rockies,18022,2.7,3,09/13/1932,English,Western,NR,Fred Allen,"Tom Keene, Rochelle Hudson, Marie Wells, Julian Rivero, Ernie Adams, Hank Bell",https://www.filmcrave.com/movie_page_main.php?id=48553,Unknown
Hypnotized,27086,2.3,3,12/25/1932,English,Comedy,NR,Mack Sennett,"George Moran, Charles Mack, Ernest Torrence, Charles Murray, Wallace Ford, Maria Alba",https://www.filmcrave.com/movie_page_main.php?id=48554,Unknown
The Vanishing Frontier,13767,2.8,3,07/29/1932,English,"Action, Romance",NR,Phil Rosen,"Johnny Mack Brown, Evalyn Knapp, Zasu Pitts, Raymond Hatton, Ben Alexander, George Irving",https://www.filmcrave.com/movie_page_main.php?id=48555,Unknown
False Faces,21912,2.5,3,10/13/1932,English,Drama,NR,Lowell Sherman,"Lowell Sherman, Peggy Shannon, Lila Lee, Berton Churchill, David Landau, Nance O'Neil",https://www.filmcrave.com/movie_page_main.php?id=48556,Unknown
Fantômas,27070,2.3,3,05/20/1932,French,"Crime, Thriller",NR,Pál Fejös,"Thomy Bourdelle, Tania Fédor, Jean Worms, George Rigaud, Anielka Elter, Roger Karl",https://www.filmcrave.com/movie_page_main.php?id=48557,Unknown
Ghost City,30131,2.2,3,01/02/1932,English,Western,NR,Harry L. Fraser,"Bill Cody, Andy Shuford, Helen Foster, Walter Miller, Thomas A. Curran, Kate Campbell",https://www.filmcrave.com/movie_page_main.php?id=48558,Unknown
Ghost Valley,34767,2.0,3,05/13/1932,English,"Romance, Western",NR,Fred Allen,"Tom Keene, Merna Kennedy, Kate Campbell, Mitchell Harris, Ted Adams, Harry Bowen",https://www.filmcrave.com/movie_page_main.php?id=48559,Unknown
"I by Day, You by Night ( Ich bei Tag und du bei Nacht )",34779,2.0,3,11/29/1932,German,"Comedy, Musical",NR,Ludwig Berger,"Käthe von Nagy, Willy Fritsch, Amanda Lindner, Julius Falkenstein, Elisabeth Lennartz, Albert Lieven",https://www.filmcrave.com/movie_page_main.php?id=48560,Unknown
Kriss,27084,2.3,3,11/25/1932,English,"Fantasy, Romance",NR,"Armand Denis, Andre Roosevelt",Unknown,https://www.filmcrave.com/movie_page_main.php?id=48561,Unknown
Lady and Gent,24035,2.3,4,07/15/1932,English,"Drama, Sport",NR,Stephen Roberts,"George Bancroft, Wynne Gibson, Charles Starrett, James Gleason, John Wayne, Morgan Wallace",https://www.filmcrave.com/movie_page_main.php?id=48562,Unknown
Destry Rides Again,21892,2.5,3,04/17/1932,English,"Western, Romance",NR,Benjamin Stoloff,"Tom Mix, Claudia Dell, Zasu Pitts, Stanley Fields, Earle Foxe, Edward Peil Sr.",https://www.filmcrave.com/movie_page_main.php?id=48563,Unknown
Disorderly Conduct,21889,2.5,3,03/20/1932,English,Comedy,NR,John W. Considine Jr.,"Spencer Tracy, Sally Eilers, El Brendel, Dickie Moore, Ralph Bellamy, Ralph Morgan",https://www.filmcrave.com/movie_page_main.php?id=48564,"A motorcycle cop just doing his job gives a ticket to Phyllis Crawford - but her father is a powerful influence and gets the man demoted to foot patrol. When he later busts a gangster's joint, he once again finds Phyllis - and uses this to blackmail her father. --"
Divorce in the Family,42503,1.7,3,08/27/1932,English,"Drama, Romance",NR,Charles Reisner,"Jackie Cooper, Conrad Nagel, Lewis Stone, Lois Wilson, Jean Parker, Maurice Murphy",https://www.filmcrave.com/movie_page_main.php?id=48565,Unknown
Crashin' Broadway,18036,2.7,3,06/01/1933,English,Western,NR,John P. McCarthy,"Rex Bell, Doris Hill, Harry Bowen, George 'Gabby' Hayes, Charles King, Henry Roquemore",https://www.filmcrave.com/movie_page_main.php?id=48566,Unknown
"Lena Rivers ( Sin of Lena Rivers, The )",18013,2.7,3,03/28/1932,English,"Drama, Romance",NR,Phil Rosen,"Charlotte Henry, Beryl Mercer, James Kirkwood, Clarence Muse, John Larkin, Betty Blythe",https://www.filmcrave.com/movie_page_main.php?id=48567,Unknown
Little Orphan Annie,18028,2.7,3,11/04/1932,English,"Comedy, Drama",NR,John S. Robertson,"Mitzi Green, Buster Phelps, May Robson, Matt Moore, Edgar Kennedy, Kate Drain Lawson",https://www.filmcrave.com/movie_page_main.php?id=48568,Unknown
Lucky Larrigan,34780,2.0,3,12/01/1932,English,Western,NR,John P. McCarthy,"Rex Bell, Helen Foster, Stanley Blystone, Julian Rivero, John Elliott, Gordon De Main",https://www.filmcrave.com/movie_page_main.php?id=48569,Unknown
The Fighting Texans,27096,2.3,3,06/15/1933,English,Western,NR,Armand Schaefer,"Rex Bell, Luana Walters, Betty Mack, Yakima Canutt, Hal Taliaferro, George 'Gabby' Hayes",https://www.filmcrave.com/movie_page_main.php?id=48570,Unknown
Gunfire,21958,2.5,3,12/01/1934,English,Western,NR,Harry L. Fraser,"Rex Bell, Ruth Mix, Buzz Barton, Philo McCullough, Ted Adams, Milburn Morante",https://www.filmcrave.com/movie_page_main.php?id=48571,Unknown
The Fugitive,42522,1.7,3,07/15/1933,English,Western,NR,Harry L. Fraser,"Rex Bell, Cecilia Parker, Bob Kortman, George 'Gabby' Hayes, Tom London, Gordon De Main",https://www.filmcrave.com/movie_page_main.php?id=48572,Unknown
Fighting Pioneers,18061,2.7,3,05/21/1935,English,"Western, Action",NR,Harry L. Fraser,"Rex Bell, Ruth Mix, Buzz Barton, Stanley Blystone, Earl Dwire, Chuck Morrison",https://www.filmcrave.com/movie_page_main.php?id=48573,Unknown
Lore,2896,2.9,15,10/05/2012,German,"Drama, Thriller",NR,Cate Shortland,"Saskia Rosendahl, Nele Trebs, André Frid, Mika Seidel, Kai-Peter Malina, Ursina Lardi",https://www.filmcrave.com/movie_page_main.php?id=48574,"The Nazi regime has fallen. As the allies sweep across Germany, Lore and her siblings trek across the country as refugees and learn first-hand the truth they have been told is all a front. Faced with the aftermath of WWII they will have to rely on people - including those they have been told are enemies - in order to survive.  --"
Trashed,29888,2.2,3,12/14/2012,English,Documentary,PG-13,Candida Brady,Jeremy Irons,https://www.filmcrave.com/movie_page_main.php?id=48575,"Jeremy Irons goes around the globe to focus on the problem of waste, and its wide-reaching effect on not only the environment and once-picturesque locations, but the people as well. --"
Accidents,49528,3.0,1,11/01/1989,English,"Sci-Fi, Thriller",R,Gideon Amir,"Edward Albert, Leigh Taylor-Young, Jon Cypher, Ian Yule, Candice Hillebrand, Tony Caprari",https://www.filmcrave.com/movie_page_main.php?id=48576,Unknown
"Matador's Mistress, A ( Manolete )",21032,2.4,4,03/31/2010,English,"Biography, Drama",NR,Menno Meyjes,"Adrien Brody, Penélope Cruz, Nacho Aldeguer, Juan Echanove, Josep Linuesa, Ann Mitchell",https://www.filmcrave.com/movie_page_main.php?id=48577,A biopic of Spanish bullfighter Manuel Laureano Rodríguez Sánchez better known as Manolete. The movie focuses on Manolete (Adrien Brody) and his disturbed relationship with actress Lupe Sino (Penelope Cruz). --
I Come with the Rain,25908,3.0,2,06/06/2009,English,Thriller,NR,Tran Anh Hung,"Josh Hartnett, Tran Nu Yên-Khê, Byung-hun Lee, Takuya Kimura, Elias Koteas, Shawn Yue",https://www.filmcrave.com/movie_page_main.php?id=48578,Unknown
56 Up,2815,3.1,8,01/04/2013,English,Documentary,NR,"Michael Apted, Paul Almond","Michael Apted, Bruce Balden, Neil Hughes, John Brisby, Tony Walker, Nicholas Hitchon",https://www.filmcrave.com/movie_page_main.php?id=48579,"Michael Apted's long-running documentary about the lives of a group of British individuals - started in 1963 and recorded every seven years since - catches up with the familiar faces, who are now 56 years old.  --"
"Joshua Tree, 1951: A Portrait of James Dean",17493,2.4,5,12/12/2012,English,Drama,NR,Matthew Mishory,"James Preston, Dan Glenn, Dalilah Rain, Erin Daniels, Rafael Morais, Edgar Morais",https://www.filmcrave.com/movie_page_main.php?id=48580,"Film that explores the life of James Dean, just before he became the quintessential face of American teenage rebellion on the big screen. --"
Something in the Air ( Après mai ),5684,2.9,6,05/03/2013,French,Drama,NR,Olivier Assayas,"Clément Métayer, Lola Créton, Felix Armand, Carole Combes, India Menuez, Hugo Conzelmann",https://www.filmcrave.com/movie_page_main.php?id=48581,"Paris, in the early 1970s. Gilles is a young high school student completely swept up in the political and creative effervescence of the times. Like his schoolmates, he wavers between radical commitment and more personal aspirations. Passing from sexual relations to artistic revelations on a journey through Italy and ending in London, Gilles and his friends have to make crucial choices in order to find themselves in a tumultuous age. --"
Trolls,4966,2.7,27,11/04/2016,English,"Animation, Adventure",PG,Mike Mitchell,"Anna Kendrick, James Corden, Justin Timberlake, Gwen Stefani, Russell Brand, Kunal Nayyar",https://www.filmcrave.com/movie_page_main.php?id=48582,"Most Trolls are spend their days in optimism - with a smile on their face and a song on their lips. Their biggest problem is the criminally unhappy Bergens - who only seem to get happy when they have Troll for dinner. When several Trolls are captured, the Troll princess, along with one of the few grump Trolls, will join forces to rescue their friends before they become a happy meal. --"
Reality,6700,2.9,5,09/28/2012,Italian,"Comedy, Drama",R,Matteo Garrone,"Aniello Arena, Loredana Simioli, Nando Paone, Nello Iorio, Nunzia Schiano, Rosaria D'Urso",https://www.filmcrave.com/movie_page_main.php?id=48583,"The narrative is set in the world of reality television, and follows a Neapolitan fishmonger who participates in Grande Fratello, the Italian version of Big Brother. --"
King for Two Days,35941,2.0,3,09/04/2012,English,"Documentary, Biography",NR,Noah Hutton,Dave King,https://www.filmcrave.com/movie_page_main.php?id=48584,Unknown
Manipulation,37356,2.5,2,09/17/1992,English,"Animation, Comedy",NR,Daniel Greaves,Unknown,https://www.filmcrave.com/movie_page_main.php?id=48585,A drawing is toyed with by the artist. --
The Ordinary Skier,31388,2.2,3,09/01/2011,English,"Documentary, Adventure",NR,Constantine Papanicolaou,"Seth Morrison, J.P. Auclair, Pep Fujas, Kye Petersen, Sean Pettit, Dave Rosenbarger",https://www.filmcrave.com/movie_page_main.php?id=48586,Unknown
Young and Wild ( Joven y alocada ),14246,2.8,3,11/30/2012,Spanish,Drama,NR,Marialy Rivas,"Alicia Rodríguez, Aline Küppenheim, María Gracia Omegna, Felipe Pinto, Alejandro Goic, Ingrid Isensee",https://www.filmcrave.com/movie_page_main.php?id=48587,A young woman raised up to be a proper Evangelical like her family instead goes down a different path and discovers her own spiritual freedom. --
Fairhaven,35940,2.0,3,06/17/2012,English,"Comedy, Drama",NR,Tom O'Brien,"Sarah Paulson, Chris Messina, Rich Sommer, Alexie Gilmore, Natalie Gold, Tom O'Brien",https://www.filmcrave.com/movie_page_main.php?id=48588,Unknown
Cognasse,34824,2.0,3,04/14/1935,French,Comedy,NR,Louis Mercanton,"Tramel, Thérèse Dorny, Marguerite Moreno, André Roanne, Christiane Tourneur, Gaston Mauger",https://www.filmcrave.com/movie_page_main.php?id=48589,Unknown
Comradeship ( Kameradschaft ),8555,2.8,5,11/08/1932,German,Drama,NR,Georg Wilhelm Pabst,"Alexander Granach, Fritz Kampers, Ernst Busch, Elisabeth Wendt, Gustav Püttjer, Oskar Höcker",https://www.filmcrave.com/movie_page_main.php?id=48590,Unknown
Cornered,18018,2.7,3,08/05/1932,English,Western,NR,B. Reeves Eason,"Tim McCoy, Shirley Grey, Noah Beery, Raymond Hatton, Niles Welch, Claire McDowell",https://www.filmcrave.com/movie_page_main.php?id=48591,Unknown
Hidden Gold,27079,2.3,3,11/03/1932,English,Western,NR,Arthur Rosson,"Tom Mix, Judith Barrie, Raymond Hatton, Eddie Gribbon, Donald Kirke, Wallis Clark",https://www.filmcrave.com/movie_page_main.php?id=48592,Unknown
Man Against Woman,30149,2.2,3,11/15/1932,English,"Action, Crime",NR,Irving Cummings,"Jack Holt, Lillian Miles, Walter Connolly, Gavin Gordon, Arthur Vinton, Clarence Muse",https://www.filmcrave.com/movie_page_main.php?id=48593,Unknown
McKenna of the Mounted,18020,2.7,3,08/26/1932,English,Western,NR,D. Ross Lederman,"Buck Jones, Greta Granstedt, Walter McGrail, Mitchell Lewis, Niles Welch, Ralph Lewis",https://www.filmcrave.com/movie_page_main.php?id=48594,Unknown
Men Like These,39041,1.8,3,01/30/1932,English,"Action, Drama",NR,Walter Summers,"John Batten, Sydney Seaward, James Enstone, Syd Crossley, John Hunt, Edward Gee",https://www.filmcrave.com/movie_page_main.php?id=48595,Unknown
"Orange Blossom ( fleur d'oranger, La )",21914,2.5,3,10/17/1932,French,Comedy,NR,Henry Roussel,"André Lefaur, André Alerme, José Noguéro, Marcel Lutrand, René Lefèvre, Simone Deguyse",https://www.filmcrave.com/movie_page_main.php?id=48596,Unknown
Partners,27059,2.3,3,01/08/1932,English,Western,NR,Fred Allen,"Tom Keene, Nancy Drexel, Otis Harlan, Victor Potel, Bobby Nelson, Lee Shumway",https://www.filmcrave.com/movie_page_main.php?id=48597,Unknown
Rackety Rax,21916,2.5,3,10/23/1932,English,"Comedy, Crime",NR,Alfred L. Werker,"Victor McLaglen, Greta Nissen, Nell O'Day, Alan Dinehart, Ward Bond, Allen Jenkins",https://www.filmcrave.com/movie_page_main.php?id=48598,Unknown
Robbers' Roost,30129,2.2,3,01/01/1932,English,"Action, Romance",NR,"David Howard, Louis King","George O'Brien, Maureen O'Sullivan, Walter McGrail, Maude Eburne, Reginald Owen, William Pawley",https://www.filmcrave.com/movie_page_main.php?id=48599,Unknown
Honor of the Mounted,21898,2.5,3,06/20/1932,English,Western,NR,Harry L. Fraser,"Tom Tyler, Stanley Blystone, Francis McDonald, Gordon De Main, Arthur Millett, William Dyer",https://www.filmcrave.com/movie_page_main.php?id=48600,Unknown
Silent Valley,27133,2.3,3,05/02/1935,English,Western,NR,Bernard B. Ray,"Tom Tyler, Al Bridge, Nancy Deshon, Hal Taliaferro, Charles King, Slim Whitaker",https://www.filmcrave.com/movie_page_main.php?id=48601,Unknown
Hotel Splendide,45124,1.5,3,07/18/1932,English,"Crime, Drama",NR,Michael Powell,"Jerry Verno, Anthony Holles, Edgar Norfolk, Philip Morant, Sybil Grove, Vera Sherborne",https://www.filmcrave.com/movie_page_main.php?id=48602,Unknown
Santa,39050,1.8,3,05/20/1932,Spanish,Drama,NR,Antonio Moreno,"Lupita Tovar, Carlos Orellana, Juan José Martínez Casado, Donald Reed, Antonio R. Frausto, Mimí Derba",https://www.filmcrave.com/movie_page_main.php?id=48603,Unknown
Sundown Rider,34784,2.0,3,12/30/1932,English,Western,NR,Lambert Hillyer,"Buck Jones, Barbara Weeks, Pat O'Malley, Niles Welch, Ward Bond, Wheeler Oakman",https://www.filmcrave.com/movie_page_main.php?id=48604,Unknown
"My Pal, the King",39056,1.8,3,08/04/1932,English,Western,NR,Kurt Neumann,"Tom Mix, Mickey Rooney, James Kirkwood, Wallis Clark, Noel Francis, Finis Barton",https://www.filmcrave.com/movie_page_main.php?id=48605,Unknown
Absent ( Ausente ),18809,2.7,3,06/19/2011,Spanish,"Drama, Thriller",NR,Marco Berger,"Carlos Echevarría, Javier De Pietro, Antonella Costa, Rocío Pavón, Alejandro Barbero",https://www.filmcrave.com/movie_page_main.php?id=48606,Unknown
The Men Next Door,51746,3.0,1,07/14/2012,English,Comedy,NR,Rob Williams,"Eric Dean, Michael Nicklin, Benjamin Lutz, Heidi Rhodes, Mark Cirillo, Christopher Schram",https://www.filmcrave.com/movie_page_main.php?id=48607,Unknown
Black Rock,23776,2.0,11,01/21/2012,English,"Horror, Thriller",R,Katie Aselton,"Katie Aselton, Lake Bell, Kate Bosworth, Will Bouvier, Jay Paulson, Anslem Richardson",https://www.filmcrave.com/movie_page_main.php?id=48608,"Three friends trying to mend personal issues reunite on a girl's retreat to a remote island. Once there, however, they find they are not alone and a chance meeting turns in to a fight for survival. --"
"Roll Out, Cowboy",35895,2.0,3,07/22/2011,English,"Documentary, Comedy",NR,Elizabeth Lawrence,Chris Sand,https://www.filmcrave.com/movie_page_main.php?id=48609,Unknown
Sky Bride,18015,2.7,3,04/20/1932,English,Drama,NR,Stephen Roberts,"Richard Arlen, Jack Oakie, Robert Coogan, Virginia Bruce, Charles Starrett, Randolph Scott",https://www.filmcrave.com/movie_page_main.php?id=48610,Unknown
Out of Singapore,21908,2.5,3,09/24/1932,English,"Action, Crime",NR,Charles Hutchison,"Noah Beery, Dorothy Burgess, Miriam Seegar, George Walsh, Montagu Love, Jimmy Aubrey",https://www.filmcrave.com/movie_page_main.php?id=48611,Unknown
Outlaw Justice,42505,1.7,3,10/01/1932,English,Western,NR,Armand Schaefer,"Jack Hoxie, Dorothy Gulliver, Donald Keith, Charles King, Jack Trent, Chris-Pin Martin",https://www.filmcrave.com/movie_page_main.php?id=48612,Unknown
The Yiddish King Lear,18042,2.7,3,01/01/1934,Yiddish,Drama,NR,Harry Thomashefsky,"Esther Adler, Jacob Bergreen, Miriam Grossman, Maurice Kroner, Fannie Levenstein, Eddie Pascal",https://www.filmcrave.com/movie_page_main.php?id=48613,Unknown
Justice Takes a Holiday,27092,2.3,3,04/18/1933,English,"Crime, Drama",NR,Spencer Gordon Bennet,"H.B. Warner, Patricia O'Brien, John Ince, Matty Kemp, Huntley Gordon, Audrey Ferris",https://www.filmcrave.com/movie_page_main.php?id=48614,Unknown
Sing Sing Nights,30196,2.2,3,12/15/1934,English,"Crime, Drama",NR,Lewis D. Collins,"Conway Tearle, Ferdinand Gottschalk, Hardie Albright, Jameson Thomas, Berton Churchill, Mary Doran",https://www.filmcrave.com/movie_page_main.php?id=48615,Unknown
"Voyage of Mr. Perrichon, The ( voyage de Monsieur Perrichon, Le )",30184,2.2,3,05/11/1934,French,Drama,NR,Jean Tarride,"Jeanne Cheirel, Léon Belières, Raymonde Allain, Arletty, André Roanne, Jacques Maury",https://www.filmcrave.com/movie_page_main.php?id=48616,Unknown
"New Relative, The ( Az új rokon )",45139,1.5,3,03/11/1935,Hungarian,Comedy,NR,Béla Gaál,"Zita Perczel, Ferenc Delly, Gyula Gózon, Lili Berky, Ella Gombaszögi, Sándor Pethes",https://www.filmcrave.com/movie_page_main.php?id=48617,Unknown
King of the Arena,45129,1.5,3,06/01/1933,English,Western,NR,Alan James,"Ken Maynard, Lucile Browne, John St. Polis, Bob Kortman, Michael Visaroff, James A. Marcus",https://www.filmcrave.com/movie_page_main.php?id=48618,Unknown
Back to 1942 ( Yi jiu si er ),6029,2.8,8,11/30/2012,Mandarin,Drama,NR,Xiaogang Feng,"Adrien Brody, Tim Robbins, Fan Xu, Daoming Chen, Hanyu Zhang, Guoli Zhang",https://www.filmcrave.com/movie_page_main.php?id=48619,"Henan province, China - 1942 - as a drought strikes, the government fights a war with Japan and corruption runs rampant. American journalist T.H. White searches for answers as millions suffer and die in one of the darkest periods in 20th-century China. --"
Birders: The Central Park Effect ,38899,1.8,3,03/11/2012,English,Documentary,NR,Jeffrey Kimball,"Jonathan Franzen, Jeffrey Kimball, Anya Auerbach, Dick Gershon, Irving Cantor, Joe DiCostanzo",https://www.filmcrave.com/movie_page_main.php?id=48620,Unknown
Tales of the Waria ,31357,2.2,3,03/13/2011,Other,"Documentary, Romance",NR,Kathy Huang,Unknown,https://www.filmcrave.com/movie_page_main.php?id=48621,Unknown
A Girl of the Limberlost,34813,2.0,3,10/15/1934,English,Drama,NR,Christy Cabanne,"Louise Dresser, Ralph Morgan, Marian Marsh, Henry B. Walthall, Edward J. Nugent, Gigi Parrish",https://www.filmcrave.com/movie_page_main.php?id=48622,Unknown
Deadwood Pass,21932,2.5,3,05/05/1933,English,Western,NR,J.P. McGowan,"Tom Tyler, Hal Taliaferro, Lafe McKee, Slim Whitaker, Alice Dahl, Edmund Cobb",https://www.filmcrave.com/movie_page_main.php?id=48623,Unknown
Eight Girls in a Boat,13776,2.8,3,01/05/1934,English,Drama,NR,Richard Wallace,"Dorothy Wilson, Douglass Montgomery, Kay Johnson, Walter Connolly, Ferike Boros, James Bush",https://www.filmcrave.com/movie_page_main.php?id=48624,Unknown
That's My Boy,21734,2.5,3,00/00/0000,English,"Comedy, Sport",NR,Roy William Neill,"Richard Cromwell, Dorothy Jordan, Mae Marsh, Arthur Stone, Douglass Dumbrille, Lucien Littlefield",https://www.filmcrave.com/movie_page_main.php?id=48625,Unknown
Vanity Street,21913,2.5,3,10/15/1932,English,"Crime, Drama",NR,Nick Grinde,"Charles Bickford, Helen Chandler, Mayo Methot, George Meeker, Arthur Hoyt, Raymond Hatton",https://www.filmcrave.com/movie_page_main.php?id=48626,Unknown
A Cuckoo in the Nest,42527,1.7,3,11/01/1933,English,Comedy,NR,Tom Walls,"Tom Walls, Ralph Lynn, Grace Edwin, Yvonne Arnaud, Mary Brough, Veronica Rose",https://www.filmcrave.com/movie_page_main.php?id=48627,Unknown
The Cohens and Kellys in Hollywood,34766,2.0,3,03/28/1932,English,"Comedy, Romance",NR,John Francis Dillon,"George Sidney, Charles Murray, June Clyde, Norman Foster, Esther Howard, Edwin Maxwell",https://www.filmcrave.com/movie_page_main.php?id=48628,Unknown
"Hypnotist, The ( Hypnotisören )",13579,2.5,6,03/01/2013,Swedish,"Crime, Thriller",NR,Lasse Hallström,"Tobias Zilliacus, Mikael Persbrandt, Lena Olin, Helena af Sandeberg, Jonatan Bökman, Eva Melander",https://www.filmcrave.com/movie_page_main.php?id=48629,"A killer has a vendetta against a family and wipes out everyone except for a now-traumatized boy and a daughter. The killer will not stop until they are both dead, and in order to stop him a detective works with a psychologist to hypnotize the boy and recover his painful memories before it's too late. --"
The All-American,30145,2.2,3,10/01/1932,English,"Drama, Sport",NR,Russell Mack,"Richard Arlen, Andy Devine, Gloria Stuart, James Gleason, John Darrow, Preston Foster",https://www.filmcrave.com/movie_page_main.php?id=48630,Unknown
The Broken Wing,21890,2.5,3,03/25/1932,English,"Romance, Drama",NR,Lloyd Corrigan,"Lupe Velez, Leo Carrillo, Melvyn Douglas, George Barbier, Willard Robertson, Claire Dodd",https://www.filmcrave.com/movie_page_main.php?id=48631,Unknown
The Devil is Driving,21919,2.5,3,12/09/1932,English,"Comedy, Crime",NR,Benjamin Stoloff,"Edmund Lowe, Wynne Gibson, James Gleason, Lois Wilson, Dickie Moore, Alan Dinehart",https://www.filmcrave.com/movie_page_main.php?id=48632,Unknown
The Expert,39044,1.8,3,03/05/1932,English,"Comedy, Drama",NR,Archie Mayo,"Charles 'Chic' Sale, Dickie Moore, Lois Wilson, Ralf Harolde, Adrienne Dore, Earle Foxe",https://www.filmcrave.com/movie_page_main.php?id=48633,Unknown
The Honor of the Press,24034,2.3,4,07/14/1932,English,"Crime, Drama",NR,B. Reeves Eason,"Edward J. Nugent, Rita La Roy, Dorothy Gulliver, Wheeler Oakman, Russell Simpson, John Ince",https://www.filmcrave.com/movie_page_main.php?id=48634,Unknown
The Night of June 13th,30143,2.2,3,09/17/1932,English,Mystery,NR,Stephen Roberts,"Clive Brook, Frances Dee, Charles Ruggles, Gene Raymond, Lila Lee, Charley Grapewin",https://www.filmcrave.com/movie_page_main.php?id=48635,Unknown
"Ownerless Ferryboat, The ( Imjaeobtneun naleutbae )",27076,2.3,3,09/14/1932,Korean,Drama,NR,Gyu-hwan Lee,"Woon-gyu Na, Hye-bong Mun, Yeon-shil Kim, Woon-hak Lim",https://www.filmcrave.com/movie_page_main.php?id=48636,Unknown
The Man from New Mexico,39046,1.8,3,04/01/1932,English,"Action, Romance",NR,J.P. McGowan,"Tom Tyler, Caryl Lincoln, Robert Walker, Jack Richardson, Lafe McKee, Slim Whitaker",https://www.filmcrave.com/movie_page_main.php?id=48637,Unknown
The Midnight Patrol,18014,2.7,3,04/10/1932,English,"Comedy, Crime",NR,Christy Cabanne,"Regis Toomey, Betty Bronson, Edwina Booth, Mary Nolan, Earle Foxe, Robert Elliott",https://www.filmcrave.com/movie_page_main.php?id=48638,Unknown
Unashamed,27072,2.3,3,07/02/1932,English,Drama,NR,Harry Beaumont,"Helen Twelvetrees, Robert Young, Lewis Stone, Jean Hersholt, John Miljan, Monroe Owsley",https://www.filmcrave.com/movie_page_main.php?id=48639,Unknown
Under-Cover Man,21918,2.5,3,12/02/1932,English,Crime,NR,James Flood,"George Raft, Nancy Carroll, Lew Cody, Roscoe Karns, Gregory Ratoff, Noel Francis",https://www.filmcrave.com/movie_page_main.php?id=48640,Unknown
Night Alarm,27118,2.3,3,12/11/1934,English,"Drama, Romance",NR,Spencer Gordon Bennet,"Bruce Cabot, Judith Allen, H.B. Warner, Sam Hardy, Harry Holman, Betty Blythe",https://www.filmcrave.com/movie_page_main.php?id=48641,Unknown
A Glimpse Inside the Mind of Charles Swan III,23226,2.1,8,02/08/2013,English,Comedy,R,Roman Coppola,"Charlie Sheen, Jason Schwartzman, Bill Murray, Katheryn Winnick, Patricia Arquette, Aubrey Plaza",https://www.filmcrave.com/movie_page_main.php?id=48642,A graphic designer living the sweet life finds things quickly falling apart after his girlfriend breaks up with him. --
Let Fury Have the Hour ,38895,1.8,3,12/14/2012,English,"Documentary, Biography",NR,Antonino D'Ambrosio,"Lewis Black, Chuck D., Shepard Fairey, Tom Morello, Sean Hayes, Ian MacKaye",https://www.filmcrave.com/movie_page_main.php?id=48643,"During the 1980s, reactionary politics forever changed the American landscape. It also influenced a generation of artists, activists and thinkers - leading to a rush of creativity in that era. --"
Parked,28408,2.3,3,11/30/2012,English,Drama,NR,Darragh Byrne,"Colm Meaney, Colin Morgan, Milka Ahlroth, Stuart Graham, Michael McElhatton, David Wilmot",https://www.filmcrave.com/movie_page_main.php?id=48644,"Fred Daly returns to Ireland with nowhere to go, and thus lives in his car. When a 21-year-old pothead Cathal parks next to him - it brightens up his drab life and, thanks to his intervention, helps him meet the attractive music teacher Jules. --"
Angel Without Wings ( Malaikat Tanpa Sayap ),11774,2.8,4,02/09/2012,Other,Drama,NR,Rako Prijanto,"Adipati Koesmadji, Maudy Ayunda, Ikang Fawzi, Surya Saputra, Kinaryosih, Agus Kuncoro",https://www.filmcrave.com/movie_page_main.php?id=48645,"Vino is not too close to the family, especially after his father, Amir went bankrupt.His mother, Mirna ran away from home, even leaving behind Vino and his 5 year old sister."
Emotional Arithmetic,51364,3.0,1,07/22/2008,English,Drama,PG-13,Paolo Barzman,"Susan Sarandon, Christopher Plummer, Gabriel Byrne, Roy Dupuis, Max von Sydow, Dakota Goyo",https://www.filmcrave.com/movie_page_main.php?id=48646,Unknown
Flying Lessons,22868,2.5,3,02/04/2010,English,Drama,R,Derek Magyar,"Maggie Grace, Cary Elwes, Hal Holbrook, Christine Lahti, Jonathan Tucker, Joanna Cassidy",https://www.filmcrave.com/movie_page_main.php?id=48647,"A 25-year-old woman, finding herself at a crossroads at life, returns to the one place she wants to forget: her hometown. Faced with the friends and lovers she left behind, along with a rocky relationship with her mother, she finds a kindred spirit in Harry Pleasant, an Alzheimer's patient who wants nothing more than to remember. --"
Noobz,33585,2.0,4,01/25/2013,English,Comedy,R,Blake Freeman,"Jason Mewes, Casper Van Dien, Jon Gries, Moises Arias, Mindy Sterling, Lin Shaye",https://www.filmcrave.com/movie_page_main.php?id=48648,"A group of friends look to conquer the Gamecon Championship, despite having a sever lack of skill. --"
Resolution,5858,2.9,7,04/22/2012,English,"Horror, Thriller",NR,"Justin Benson, Aaron Moorhead","Peter Cilella, Vinny Curran, Zahn McClarnon, Bill Oberst Jr., Kurt David Anderson, Emily Montague",https://www.filmcrave.com/movie_page_main.php?id=48649,Unknown
The Bus,14232,2.8,3,04/12/2012,English,Documentary,NR,Damon Ristau,Unknown,https://www.filmcrave.com/movie_page_main.php?id=48650,Unknown
Copper Mountain,46322,1.8,2,01/01/1983,English,Comedy,NR,David Mitchell,"Jim Carrey, Alan Thicke, Richard Gautier, Ziggy Lorenc, Rod Hebron, Jean Laplac",https://www.filmcrave.com/movie_page_main.php?id=48651,Unknown
Where There's a Will,34851,2.0,3,08/10/1936,English,Comedy,NR,William Beaudine,"Will Hay, Graham Moffatt, H.F. Maltby, Norma Varden, Peggy Simpson, Gibb McLaughlin",https://www.filmcrave.com/movie_page_main.php?id=48652,Unknown
The Girl from Calgary,34776,2.0,3,10/24/1932,English,"Comedy, Musical",NR,Phil Whitman,"Fifi D'Orsay, Paul Kelly, Robert Warwick, Edwin Maxwell, Astrid Allwyn, Eddie Fetherston",https://www.filmcrave.com/movie_page_main.php?id=48653,Unknown
The Golden West,18027,2.7,3,10/30/1932,English,Western,NR,David Howard,"George O'Brien, Janet Chandler, Marion Burns, Arthur Pierson, Onslow Stevens, Emmett Corrigan",https://www.filmcrave.com/movie_page_main.php?id=48654,Unknown
The Saddle Buster,27062,2.3,3,03/19/1932,English,Western,NR,Fred Allen,"Tom Keene, Helen Foster, Marie Quillan, Robert Frazer, Richard Carlyle, Charles Quigley",https://www.filmcrave.com/movie_page_main.php?id=48655,Unknown
The Lady in Ermine,23615,2.2,5,08/24/1948,English,"Comedy, Fantasy",NR,"Ernst Lubitsch, Otto Preminger","Betty Grable, Douglas Fairbanks Jr., Cesar Romero, Walter Abel, Reginald Gardiner, Harry Davenport",https://www.filmcrave.com/movie_page_main.php?id=48656,Unknown
Texas Across the River,19905,2.3,5,10/26/1966,English,"Comedy, Western",NR,Michael Gordon,"Dean Martin, Alain Delon, Rosemary Forsyth, Joey Bishop, Tina Aumont, Peter Graves",https://www.filmcrave.com/movie_page_main.php?id=48657,Unknown
Counterpoint,20814,2.4,4,03/13/1968,English,"Drama, War",NR,Ralph Nelson,"Charlton Heston, Maximilian Schell, Kathryn Hays, Leslie Nielsen, Anton Diffring, Linden Chiles",https://www.filmcrave.com/movie_page_main.php?id=48658,Unknown
"Hook, Line and Sinker",28964,2.1,4,06/06/1969,English,Comedy,G,George Marshall,"Jerry Lewis, Peter Lawford, Anne Francis, Pedro Gonzalez Gonzalez, Jimmy Miller, Jennifer Edwards",https://www.filmcrave.com/movie_page_main.php?id=48659,Unknown
Mr. Ricco,48985,3.0,1,02/01/1975,English,"Crime, Drama",PG,Paul Bogart,"Dean Martin, Eugene Roche, Thalmus Rasulala, Denise Nicholas, Cindy Williams, Philip Michael Thomas",https://www.filmcrave.com/movie_page_main.php?id=48660,Unknown
Sitting Target,37133,2.5,2,06/19/1972,English,"Crime, Drama",R,Douglas Hickox,"Oliver Reed, Jill St. John, Ian McShane, Edward Woodward, Frank Finlay, Freddie Jones",https://www.filmcrave.com/movie_page_main.php?id=48661,Unknown
Cannon for Cordoba ,41302,2.3,2,10/01/1970,English,Western,PG-13,Paul Wendkos,"George Peppard, Giovanna Ralli, Raf Vallone, Pete Duel, Don Gordon, John Russell",https://www.filmcrave.com/movie_page_main.php?id=48662,Unknown
Chubasco,48652,3.0,1,06/01/1968,English,Drama,NR,Allen H. Miner,"Richard Egan, Christopher Jones, Susan Strasberg, Ann Sothern, Simon Oakland, Audrey Totter",https://www.filmcrave.com/movie_page_main.php?id=48663,Unknown
Going Home,32249,2.8,2,12/01/1971,English,Drama,NR,Herbert B. Leonard,"Robert Mitchum, Brenda Vaccaro, Jan-Michael Vincent, Jason Bernard, Sally Kirkland, Josh Mostel",https://www.filmcrave.com/movie_page_main.php?id=48664,Unknown
Change of Heart,16890,2.5,4,05/18/1934,English,"Drama, Romance",NR,John G. Blystone,"Janet Gaynor, Charles Farrell, James Dunn, Ginger Rogers, Dick Foran, Beryl Mercer",https://www.filmcrave.com/movie_page_main.php?id=48665,Unknown
Holy Matrimony,22110,2.5,3,08/27/1943,English,"Comedy, Drama",NR,John M. Stahl,"Monty Woolley, Gracie Fields, Laird Cregar, Una O'Connor, Alan Mowbray, Franklin Pangborn",https://www.filmcrave.com/movie_page_main.php?id=48666,Unknown
Duel on the Mississippi,18316,2.7,3,09/16/1955,English,Drama,NR,William Castle,"Lex Barker, Patricia Medina, Warren Stevens, Craig Stevens, John Dehner, Ian Keith",https://www.filmcrave.com/movie_page_main.php?id=48667,Unknown
The Phantom Stagecoach,48299,3.0,1,04/01/1957,English,Western,NR,Ray Nazarro,"William Bishop, Kathleen Crowley, Richard Webb, Hugh Sanders, John Doucette, Ray Teal",https://www.filmcrave.com/movie_page_main.php?id=48668,Unknown
Ladies of Washington,47999,3.0,1,05/25/1944,English,Drama,NR,Louis King,"Trudy Marshall, Ronald Graham, Anthony Quinn, Sheila Ryan, Robert Bailey, Beverly Whitney",https://www.filmcrave.com/movie_page_main.php?id=48669,Unknown
Battle of Broadway,34900,2.0,3,04/22/1938,English,"Adventure, Comedy",NR,George Marshall,"Victor McLaglen, Brian Donlevy, Gypsy Rose Lee, Raymond Walburn, Lynn Bari, Jane Darwell",https://www.filmcrave.com/movie_page_main.php?id=48670,Unknown
Zig Zag,37106,2.5,2,09/11/1970,English,"Drama, Thriller",PG,Richard A. Colla,"George Kennedy, Anne Jackson, Eli Wallach, Steve Ihnat, William Marshall, Dana Elcar",https://www.filmcrave.com/movie_page_main.php?id=48671,Unknown
The Caribbean Mystery,48018,3.0,1,06/01/1945,English,"Crime, Mystery",NR,Robert D. Webb,"James Dunn, Sheila Ryan, Edward Ryan, Jackie Paley, Reed Hadley, Roy Roberts",https://www.filmcrave.com/movie_page_main.php?id=48672,Unknown
Gimme the Loot,7001,2.8,7,03/22/2013,English,"Crime, Drama",NR,Adam Leon,"Ty Hickson, Zoë Lescaze, Joshua Rivera, Tashiana Washington",https://www.filmcrave.com/movie_page_main.php?id=48673,"Malcolm and Sofia are street artists - specialty, graffiti. But when their latest masterpiece is disgraced by a replica of the Met's home-run apple they come up with an audacious plan of revenge - tagging the actual Mets home-run apple and becoming NY legends.  --"
Tyler Perry's Temptation,28646,1.9,9,03/29/2013,English,Drama,PG-13,Tyler Perry,"Eric West, Vanessa Williams, Kim Kardashian, Jurnee Smollett, Brandy Norwood, Lance Gross",https://www.filmcrave.com/movie_page_main.php?id=48674,"Although she is there for her clients, a marriage counselor puts her career at risk, and her personal life into a tailspin, when she starts a relationship with one of them. --"
Like Someone in Love,10002,2.7,6,02/15/2013,Japanese,Drama,NR,Abbas Kiarostami,"Ryo Kase, Rin Takanashi, Denden, Tadashi Okuno",https://www.filmcrave.com/movie_page_main.php?id=48675,A drama that explores the relationship between an older man and young woman in Tokyo. --
Frances Ha,906,3.1,37,05/17/2013,English,Comedy,R,Noah Baumbach,"Greta Gerwig, Mickey Sumner, Adam Driver, Michael Zegen, Patrick Heusinger, Justine Lupe",https://www.filmcrave.com/movie_page_main.php?id=48676,A 27-year-old New York woman tries to find her place in life - she works at a dance company but doesn't dance - has a best friend she hardly talks to and lives an apartment she doesn't really own. --
Paranormal Activity: The Ghost Dimension,38875,1.6,10,10/23/2015,English,Horror,R,Gregory Plotkin,"Chloe Csengery, Jessica Tyler Brown, Chris J. Murray, Brit Shaw, Ivy George, Dan Gill",https://www.filmcrave.com/movie_page_main.php?id=48677,"After moving into a new house, a family finds a cache of old VHS tapes in the attic. The family on the tapes are going through a paranormal event - one that seems to tie into their own family. After finding a camera that seems to be able to record events in the spirit world, they attempt to capture the events on film - and it seems their daughter is at the center it all. --"
Chronicle of a Summer ( Chronique d'un été (Paris 1960) ),8380,2.8,6,05/06/1965,French,Documentary,NR,"Edgar Morin, Jean Rouch","Régis Debray, Marceline Loridan Ivens, Marilù Parolini, Jean Rouch, Edgar Morin, Jean-Pierre",https://www.filmcrave.com/movie_page_main.php?id=48678,"Edgar Morin's and Jean Rouch's pioneering film in the cinema verite school in which they walk the streets of Paris in 1961 and engage in conversation with friends, associates and ordinary citizens about life, war, politics and more. --"
The Strange Case of Clara Deane,18017,2.7,3,05/06/1932,English,Drama,NR,"Louis J. Gasnier, Max Marcin","Wynne Gibson, Pat O'Brien, Dudley Digges, Frances Dee, George Barbier, Russell Gleason",https://www.filmcrave.com/movie_page_main.php?id=48679,Unknown
They Never Come Back,27067,2.3,3,05/10/1932,English,"Crime, Drama",NR,Fred C. Newmeyer,"Regis Toomey, Dorothy Sebastian, Edward Woods, Greta Granstedt, Earle Foxe, Gertrude Astor",https://www.filmcrave.com/movie_page_main.php?id=48680,Unknown
"Wrong Number, Miss ( Fräulein - Falsch verbunden )",21938,2.5,3,01/14/1934,German,"Comedy, Romance",NR,E.W. Emo,"Magda Schneider, Johannes Riemann, Trude Berliner, José Wedorn, Flockina von Platen, Alexa von Porembsky",https://www.filmcrave.com/movie_page_main.php?id=48681,Unknown
"Woman in Bondage ( Impassive Footman, The )",34777,2.0,3,11/18/1932,English,"Crime, Drama",NR,Basil Dean,"Owen Nares, Betty Stockfeld, Allan Jeayes, George Curzon, Aubrey Mather, Frances Rose Campbell",https://www.filmcrave.com/movie_page_main.php?id=48682,Unknown
The Gay Buckaroo,46799,1.3,3,01/17/1932,English,"Action, Comedy",NR,Phil Rosen,"Hoot Gibson, Roy D'Arcy, Merna Kennedy, Edward Peil Sr., Lafe McKee, Charles King",https://www.filmcrave.com/movie_page_main.php?id=48683,Unknown
The Gay Caballero,30132,2.2,3,02/14/1932,English,"Romance, Western",NR,Alfred L. Werker,"George O'Brien, Victor McLaglen, Conchita Montenegro, Linda Watkins, C. Henry Gordon, Weldon Heyburn",https://www.filmcrave.com/movie_page_main.php?id=48684,Unknown
Tess of the Storm Country,34778,2.0,3,11/20/1932,English,"Crime, Drama",NR,Alfred Santell,"Janet Gaynor, Charles Farrell, Dudley Digges, June Clyde, Claude Gillingwater, George Meeker",https://www.filmcrave.com/movie_page_main.php?id=48685,Unknown
"Love, Marilyn",26813,2.3,3,10/04/2012,English,Documentary,NR,Liz Garbus,"Elizabeth Banks, Paul Giamatti, Uma Thurman, Viola Davis, Viola Davis, David Strathairn",https://www.filmcrave.com/movie_page_main.php?id=48686,"Marilyn Monroe was the epitome of Hollywood - fashion, glamor, celebrity - which made her death all the more tragic. Years later her impact is still felt - as her personal thoughts and experiences are lived out through readings and interviews, including recently-discovered material - that sheds new life on just who Marilyn really was.  --"
Winnie the Pooh & Christmas Too,18535,2.7,3,12/14/1991,English,"Animation, Comedy",NR,Jamie Mitchell,"Jim Cummings, Peter Cullen, John Fiedler, Michael Gough, Edan Gross, Paul Winchell",https://www.filmcrave.com/movie_page_main.php?id=48687,Winnie the Pooh and friends attempt to get a letter to the North Pole before Christmas morning. --
The Western Code,21906,2.5,3,09/16/1932,English,Western,NR,John P. McCarthy,"Tim McCoy, Mischa Auer, Nora Lane, Dwight Frye, Wheeler Oakman, Matthew Betz",https://www.filmcrave.com/movie_page_main.php?id=48688,Unknown
Closed Circuit,12485,2.4,12,08/28/2013,English,Thriller,R,John Crowley,"Eric Bana, Rebecca Hall, Ciarán Hinds, Jim Broadbent, Riz Ahmed, Doug Allen",https://www.filmcrave.com/movie_page_main.php?id=48689,Claudia and Martin are two lawyers - and two ex-lovers - who find their lives in jeopardy after they take on a case working for the defense of an international terrorist. --
Delivery Man,11172,2.4,25,11/22/2013,English,Comedy,PG-13,Ken Scott,"Cobie Smulders, Vince Vaughn, Chris Pratt, Britt Robertson, Jack Reynor, Bobby Moynihan",https://www.filmcrave.com/movie_page_main.php?id=48690,"Twenty years ago, a man's fertility clinic visits were responsible for 533 different children. But when 142 of those women file suit to reveal the identity of the man - he will have to decide whether he is willing to come forward or not. --"
"Gatekeepers, The ( Shom'ray Ha'Saf Israell )",20259,2.2,7,02/01/2013,English,Documentary,PG-13,Dror Moreh,"Ami Ayalon, Avi Dichter, Yuval Diskin, Carmi Gillon, Yaakov Peri, Avraham Shalom",https://www.filmcrave.com/movie_page_main.php?id=48691,"A documentary that interviews all former surviving leaders of Israel's security agency, Shin Bet, a group whose members and activities are considered state secrets. --"
Koch,17316,2.5,4,10/08/2012,English,"Documentary, Biography",NR,Neil Barsky,"Ed Koch, Michael Bloomberg",https://www.filmcrave.com/movie_page_main.php?id=48692,"Although Ed Koch was a three-time mayor of New York (1978-1989), his life remained quite private. But this documentary finally gives us an intimate look into the life and view of the combative, funny, and blunt man who helped run one of the world's most wondrous cities. --"
"Rabbi's Cat, The ( chat du rabbin, Le )",8521,2.8,5,03/15/2012,French,"Animation, Adventure",NR,"Antoine Delesvaux, Joann Sfar","Mathieu Amalric, Daniel Cohen, Maurice Bénichou, Hafsia Herzi, Mohamed Fellag, Eric Elmosnino",https://www.filmcrave.com/movie_page_main.php?id=48693,"Rabbi Sfar has his hands full - his daughter Zlabya is entering her turbulent teen years and, to his wonder, his parrot-killing cat has decided to start talking. When a box arrives from Russia and a near-dead painter tumbles out - it is the start of a grand adventure for a mythical African city, --"
Fuzz Track City,45450,1.5,3,06/04/2012,English,Mystery,NR,Steve Hicks,"Todd Robert Anderson, Dee Wallace, Tarina Pouncy, Abby Miller, Matthew Ashford, Sean Wing",https://www.filmcrave.com/movie_page_main.php?id=48694,Unknown
Heleno,31416,2.2,3,03/04/2012,Portuguese,"Biography, Drama",R,José Henrique Fonseca,"Rodrigo Santoro, Angie Cepeda, Erom Cordeiro, Jean Pierre Noher, Othon Bastos, Priscila Assum",https://www.filmcrave.com/movie_page_main.php?id=48695,"Heleno de Freitas was arguably one of the greatest football stars in the history of Brazil. Yet his quick rise to fame led to a fast, dangerous lifestyle that ended with his early death. This is his story.  --"
Bible Storyland,39962,1.8,3,06/22/2012,English,"Documentary, Comedy",NR,Stephanie Hubbard,"Reverend Malcolm Boyd, Buddy Bregman, Debi Derryberry, William Dennis Hunt, Harvey L. Jordan, Carleen Mandolfo",https://www.filmcrave.com/movie_page_main.php?id=48696,Unknown
The Frozen,21082,2.4,4,10/12/2012,English,"Horror, Thriller",PG-13,Andrew Hyatt,"Seth David Mitchell, Brit Morgan, Noah Segan",https://www.filmcrave.com/movie_page_main.php?id=48697,"After a snowmobile leaves a couple stranded in the woods, they must figure out how to survive until help arrived. But Emma soon has a much more immediate problem to deal with: her husband disappears and mysterious, dangerous hunter begins to track her. --"
Lego Star Wars: The Empire Strikes Out,17315,2.5,4,09/26/2012,English,Family,G,Guy Vasilovich,"Anthony Daniels, Matt Sloan, Lloyd Floyd, Brian Blessed, Julian Glover, Sam Witwer",https://www.filmcrave.com/movie_page_main.php?id=48698,"A rivalry between Darth Vader and Darth Maul causes some family chaos, whilst the Rebels have bad luck elsewhere. --"
"Old Man and the Sea, The ( Roujin to umi )",15516,2.5,5,07/03/1999,Japanese,Anime,NR,Aleksandr Petrov,"Gordon Pinsent, Kevin Duhaney, Yôji Matsuda, Rentarô Mikuni",https://www.filmcrave.com/movie_page_main.php?id=48699,An elderly man attempts to catch a large fish. --
So You Want to Be a Pirate!,59536,2.0,1,08/13/2012,English,Animation,NR,Jay Grace,Sophie Laughton,https://www.filmcrave.com/movie_page_main.php?id=48700,Pirate Captain attempts to help Pirate amateurs learn to pillage like masters. --
The Wiser Sex,21888,2.5,3,03/15/1932,English,"Comedy, Drama",NR,"Berthold Viertel, Victor Viertel","Claudette Colbert, Melvyn Douglas, Lilyan Tashman, William 'Stage' Boyd, Ross Alexander, Franchot Tone",https://www.filmcrave.com/movie_page_main.php?id=48701,Unknown
"Wonderful Day, The ( merveilleuse journée, Le )",27083,2.3,3,11/23/1932,French,Comedy,NR,"Yves Mirande, Robert Wyler","André Alerme, Jean Aquistapace, Lucien Brulé, Frédéric Duvallès, Mona Goya, Milly Mathis",https://www.filmcrave.com/movie_page_main.php?id=48702,Unknown
The Wyoming Whirlwind,42509,1.7,3,12/30/1932,English,"Western, Romance",NR,Armand Schaefer,"Lane Chandler, Adele Lacy, Harry Todd, Loie Bridge, Yakima Canutt, Al Bridge",https://www.filmcrave.com/movie_page_main.php?id=48703,Unknown
White Eagle,30146,2.2,3,10/07/1932,English,"Action, Western",NR,Lambert Hillyer,"Buck Jones, Barbara Weeks, Robert Ellis, Jason Robards Sr., Ward Bond, Robert Elliott",https://www.filmcrave.com/movie_page_main.php?id=48704,Unknown
Self Defense,39064,1.8,3,12/15/1932,English,Drama,NR,Phil Rosen,"Pauline Frederick, Theodore von Eltz, Barbara Kent, Claire Windsor, Robert Elliott, Henry B. Walthall",https://www.filmcrave.com/movie_page_main.php?id=48705,Unknown
Servant's Entrance ( Vi som går köksvägen ),55531,1.0,3,10/06/1933,Swedish,Comedy,NR,Gustaf Molander,"Carl Barcklind, Tutta Rolf, Bengt Djurberg, Emma Meissner, Karin Swanström, Sigurd Wallén",https://www.filmcrave.com/movie_page_main.php?id=48706,Unknown
The Rider of Death Valley,13690,2.8,3,04/24/1932,English,Western,NR,Albert S. Rogell,"Tom Mix, Lois Wilson, Fred Kohler, Forrest Stanley, Edith Fellows, Mae Busch",https://www.filmcrave.com/movie_page_main.php?id=48707,Unknown
The Riding Tornado,27065,2.3,3,05/04/1932,English,Western,NR,D. Ross Lederman,"Tim McCoy, Shirley Grey, Montagu Love, Wheeler Oakman, Wallace MacDonald, Lafe McKee",https://www.filmcrave.com/movie_page_main.php?id=48708,Unknown
The Face on the Barroom Floor,27077,2.3,3,10/14/1932,English,"Crime, Drama",NR,Bertram Bracken,"Dulcie Cooper, Bramwell Fletcher, Alice Ward, Phillips Smalley, Walter Miller, Maurice Black",https://www.filmcrave.com/movie_page_main.php?id=48709,Unknown
The Famous Ferguson Case,27069,2.3,3,05/14/1932,English,"Crime, Drama",NR,Lloyd Bacon,"Joan Blondell, Grant Mitchell, Vivienne Osborne, Adrienne Dore, Tom Brown, Kenneth Thomson",https://www.filmcrave.com/movie_page_main.php?id=48710,Unknown
The Forty-Niners,34182,1.9,4,10/29/1932,English,Western,NR,John P. McCarthy,"Tom Tyler, Betty Mack, Al Bridge, Fern Emmett, Gordon De Main, Mildred Rogers",https://www.filmcrave.com/movie_page_main.php?id=48711,Unknown
Those We Love,21905,2.5,3,09/11/1932,English,Drama,NR,Robert Florey,"Mary Astor, Kenneth MacKenna, Lilyan Tashman, Hale Hamilton, Tommy Conlon, Earle Foxe",https://www.filmcrave.com/movie_page_main.php?id=48712,Unknown
Christmas in Compton,45454,1.5,3,11/09/2012,English,Comedy,PG-13,David Raynr,"Keith David, Omar Gooding, Porscha Coleman, Orlando Brown, Marcos De Silvas, Edwin Hodge",https://www.filmcrave.com/movie_page_main.php?id=48713,Unknown
Barrymore,33887,1.9,5,11/16/2012,English,Drama,NR,Erik Canuel,"Christopher Plummer, John Plumpis",https://www.filmcrave.com/movie_page_main.php?id=48714,"A look into the later life of John Barrymore (portrayed by Christopher Plummer) - time and excess has taken its toll but he plans a grand revival in the form of a Broadway performance in Richard III. In preparation, he rents an old theater to prepare. --"
Elsa & Fred,8924,2.9,4,11/06/2014,English,"Comedy, Romance",PG-13,Michael Radford,"Christopher Plummer, Marcia Gay Harden, Shirley MacLaine, George Segal, Erika Alexander, Reg Rogers",https://www.filmcrave.com/movie_page_main.php?id=48715,"From Director Patricia Riggen, Elsa and Fred are finding a way to make their dreams come true at the Fontana di Trevi in Rome following news of terminal illness."
Hearts of Humanity,21903,2.5,3,09/01/1932,English,Drama,NR,Christy Cabanne,"Jean Hersholt, Jackie Searl, J. Farrell MacDonald, Claudia Dell, Charles Delaney, Lucille La Verne",https://www.filmcrave.com/movie_page_main.php?id=48716,Unknown
Hotel Continental,18012,2.7,3,03/07/1932,English,"Crime, Drama",NR,Christy Cabanne,"Peggy Shannon, Theodore von Eltz, J. Farrell MacDonald, Henry B. Walthall, Alan Mowbray, Mary Carlisle",https://www.filmcrave.com/movie_page_main.php?id=48717,Unknown
Fading Gigolo,26719,2.1,5,04/18/2014,English,Comedy,R,John Turturro,"John Turturro, Woody Allen, Liev Schreiber, Sofía Vergara, Sharon Stone, Vanessa Paradis",https://www.filmcrave.com/movie_page_main.php?id=48718,"In order to help his friend, Murray, who is having money woes, Fioravante decides to become a professional Don Juan with Murray as his manager. Yet the duo find much more than they bargained as the lure of love and money come between them. --"
The Canterville Ghost,9084,2.9,4,01/27/1996,English,"Family, Drama",PG,Syd Macartney,"Patrick Stewart, Neve Campbell, Joan Sims, Donald Sinden, Cherie Lunghi, Leslie Phillips",https://www.filmcrave.com/movie_page_main.php?id=48719,"Ab American family moved into an English castle, feeling not a little bit inconvenienced by the ghost inhabiting it."
The Canterville Ghost,15492,2.5,5,01/01/1986,English,"Family, Comedy",PG,Paul Bogart,"John Gielgud, Ted Wass, Andrea Marcovicci, Alyssa Milano, Lila Kaye, Harold Innocent",https://www.filmcrave.com/movie_page_main.php?id=48720,"An American family inherits an heirloom English castle, but also the quite mischievous ghost who goes with it."
About Sunny,28351,2.3,3,10/15/2011,English,Drama,NR,Bryan Wizemann,"Lauren Ambrose, Penelope Ann Miller, Dylan Baker, David Conrad, Adina Porter, Audrey P. Scott",https://www.filmcrave.com/movie_page_main.php?id=48721,Unknown
American Mary,11246,2.5,10,09/20/2012,English,"Horror, Thriller",R,"Jen Soska, Sylvia Soska","Katharine Isabelle, Antonio Cupo, Tristan Risk, David Lovgren, Paula Lindberg, John Emmet Tracy",https://www.filmcrave.com/movie_page_main.php?id=48722,A woman in debt and disenchanted with her medical career turns to a way to
Bed Stuy: Do or Die,28335,2.3,3,06/07/2011,English,Documentary,NR,Daniel Bishop,James 'Rocky' Robinson,https://www.filmcrave.com/movie_page_main.php?id=48723,Unknown
New York Showcase,35866,2.0,3,01/01/2011,English,Documentary,NR,Albert Uria,Unknown,https://www.filmcrave.com/movie_page_main.php?id=48724,Unknown
Fools on the Hill,43114,1.7,3,03/08/2012,English,Documentary,NR,Jed Rigney,"Jerrol LeBaron, Dean Cain, Ed Begley Jr., Cary Harrison, John Phillips, Rick Amato",https://www.filmcrave.com/movie_page_main.php?id=48725,Unknown
The Single Moms Club,23248,2.1,8,03/14/2014,English,"Drama, Comedy",PG-13,Tyler Perry,"Tyler Perry, Amy Smart, Terry Crews, Nia Long, Wendi McLendon-Covey, Eddie Cibrian",https://www.filmcrave.com/movie_page_main.php?id=48727,"After an incident at their children's school, a group of single mothers from different walks of life come together. Their bond will help them face new challenges in life with a new outlook as well as overcome personal challenges. --"
Leila,28355,2.3,3,10/21/2011,English,"Drama, Thriller",NR,Lesley Manning,"Chloë Annett, Lee Boardman, Dorothy Duffy, Orlando Seale, David Balfour",https://www.filmcrave.com/movie_page_main.php?id=48728,Unknown
Stealing Elvis,31432,2.2,3,08/19/2012,English,"Crime, Drama",NR,Ed Edwards,"Naomi Baxter, Valentina Cocco, Charlotte Fine, Jeff Fine, Kirsty Fine, Ed Hunte",https://www.filmcrave.com/movie_page_main.php?id=48729,Unknown
Blancanieves,3542,3.0,10,10/11/2012,Spanish,Drama,PG-13,Pablo Berger,"Maribel Verdú, Ángela Molina, Daniel Giménez Cacho, Inma Cuesta, Macarena García, Pere Ponce",https://www.filmcrave.com/movie_page_main.php?id=48730,A unique take on the Snow White fable set in 1920s era Seville and centered around a female bullfighter. --
Sacrifice ( Zhao shi gu er ),2360,3.1,7,07/27/2012,Mandarin,"Drama, Historical",R,Kaige Chen,"Xueqi Wang, Fengyi Zhang, Xiaoming Huang, Bingbing Fan, Hai-Qing, Wenzhuo Zhao",https://www.filmcrave.com/movie_page_main.php?id=48731,Unknown
A Liar's Autobiography: The Untrue Story of Monty Python's Graham Chapman,22997,2.5,3,11/02/2012,English,"Comedy, Animation",R,"Bill Jones, Jeff Simpson, Ben Timlett","Graham Chapman, John Cleese, Cameron Diaz, Michael Palin, Terry Jones, Terry Gilliam",https://www.filmcrave.com/movie_page_main.php?id=48732,Unknown
The Custom Mary,43099,1.7,3,08/15/2011,English,Drama,NR,Matt Dunnerstick,"Alicia Sixtos, James Jolly, Travis Hammer, Henry LeBlanc, Spencer Scott, Dave Vescio",https://www.filmcrave.com/movie_page_main.php?id=48733,Unknown
Welcome to the Punch,7799,2.5,29,03/27/2013,English,"Action, Crime",R,Eran Creevy,"James McAvoy, David Morrissey, Mark Strong, Peter Mullan, Andrea Riseborough, Daniel Mays",https://www.filmcrave.com/movie_page_main.php?id=48734,"When a dangerous criminal is forced to return to London, the detective determined to capture the man has his chance to take down the man who he has been hunting.  --"
"Visitor to a Museum, A ( Posetitel muzeya )",57725,2.0,1,07/01/1989,Russian,"Drama, Sci-Fi",NR,Konstantin Lopushansky,"Viktor Mikhaylov, Vera Mayorova, Vadim Lobanov, Irina Rakshina, Aleksandr Rasinsky, Iosif Ryklin",https://www.filmcrave.com/movie_page_main.php?id=48735,"A man in a post-apocalyptic world arrives at a mysterious museum, which is inhabited by strange denizens who have created a bizarre tribute to the past in their isolated environment."
Chained,11109,2.5,11,10/02/2012,English,"Horror, Thriller",R,Jennifer Chambers Lynch,"Vincent D'Onofrio, Eamon Farren, Evan Bird, Julia Ormond, Conor Leslie, Jake Weber",https://www.filmcrave.com/movie_page_main.php?id=48736,"A boy and his mother are taken by a cab driving serial killer named Bob, and Bob keeps the boy chained as his apprentice/servant. The boy stays there for many years and studies people, until the time comes when he has to decide if he wants to follow in Bob's footsteps or break free. --"
Sightseers,6264,2.8,10,11/30/2012,English,Comedy,NR,Ben Wheatley,"Alice Lowe, Steve Oram, Eileen Davies, Richard Glover, Monica Dolan, Jonathan Aris",https://www.filmcrave.com/movie_page_main.php?id=48737,"All Chris wanted to do was give his girlfriend Tina a view into his own world - but a drastic turn of events soon gives new meaning to term ""killer holiday"". --"
Tomie,50037,3.0,1,01/01/1999,Japanese,"Drama, Horror",NR,Ataru Oikawa,"Miho Kanno, Mami Nakamura, Yoriko Dôguchi, Tomorowo Taguchi, Kouta Kusano, Kenji Mizuhashi",https://www.filmcrave.com/movie_page_main.php?id=48738,Unknown
Tomie: Another Face ( Tomie: anaza feisu ),50038,3.0,1,01/01/1999,Japanese,"Horror, Romance",NR,Toshirô Inomata,"Runa Nagai, Akira Hirai, Chie Tanaka, Mitsuaki Kaneko, Eriko Odaira, Mayumi Yoshida",https://www.filmcrave.com/movie_page_main.php?id=48739,Unknown
Tomie: Beginning,50815,3.0,1,04/09/2005,Japanese,Horror,NR,Ataru Oikawa,"Rio Matsumoto, Asami Imajuku, Kenji Mizuhashi, Yuka Iwasaki, Akifumi Miura, Takashi Sugiuchi",https://www.filmcrave.com/movie_page_main.php?id=48740,Unknown
Tomie: Revenge,50818,3.0,1,04/16/2005,Japanese,Horror,NR,Ataru Oikawa,"Anri Ban, Hisako Shirata, Minami, Hitoshi Kato, Kyûsaku Shimada, Hideo Nakaizumi",https://www.filmcrave.com/movie_page_main.php?id=48741,Unknown
Tomie vs Tomie,51257,3.0,1,11/17/2007,Japanese,Horror,NR,Tomohiro Kubo,"Yû Abiru, Chika Arakawa, Fukuten, Tôru Hachinohe, Yôzaburô Itô, Aki Kajiwara",https://www.filmcrave.com/movie_page_main.php?id=48742,Unknown
Tomie: Unlimited ( Tomie: Anrimiteddo ),28329,2.3,3,05/14/2011,Japanese,Horror,NR,Noboru Iguchi,"Miu Nakamura, Moe Arai, Maiko Kawakami, Kensuke Ohwada, Masaki Nishimura, Kôichi Ôhori",https://www.filmcrave.com/movie_page_main.php?id=48743,Unknown
5 Days in Denver,28393,2.3,3,07/28/2012,English,"Documentary, Action",NR,Todd Cassetty,Unknown,https://www.filmcrave.com/movie_page_main.php?id=48744,Unknown
Fast Talk,35877,2.0,3,02/28/2011,English,"Documentary, Sport",NR,Debra Kahn Tolchinsky,Unknown,https://www.filmcrave.com/movie_page_main.php?id=48745,Unknown
Cinderella 3D ( Cendrillon au Far West ),51725,3.0,1,04/16/2012,French,Animation,PG,Pascal Hérold,"Alexandra Lamy, Yolande Moreau, Isabelle Nanty, Antoine de Caunes, Michel Boujenah",https://www.filmcrave.com/movie_page_main.php?id=48746,Unknown
"Sorcerer and the White Snake , The ( Bai she chuan shuo )",8714,2.6,13,02/08/2013,Mandarin,"Action, Fantasy",PG-13,Siu-Tung Ching,"Jet Li, Shengyi Huang, Raymond Lam, Charlene Choi, Zhang Wen, Vivian Hsu",https://www.filmcrave.com/movie_page_main.php?id=48747,"A young physician finds himself falling in love with Madame White Snake - in actuality a 1000-year-old snake demon. Before his soul is lost forever, the powerful sorcerer Abott Fahai will attempt to stop the demon and save his life. --"
Yelling to the Sky,21088,2.4,4,12/14/2012,English,Drama,NR,Victoria Mahoney,"Jason Clarke, Zoë Kravitz, Tim Blake Nelson, Gabourey Sidibe, Sonequa Martin-Green, Antonique Smith",https://www.filmcrave.com/movie_page_main.php?id=48748,"At seventeen, Sweetness O'Hara watches as her family is torn apart - left to fend for herself in an unforgiving neighborhood, her future - and very survival, are brought into question. --"
Fight Life,31409,2.2,3,01/20/2012,English,"Documentary, Sport",NR,James Z. Feng,"Chuck Liddell, Frank Shamrock, Nick Diaz, Jake Shields, Matt Lindland, Sam Sheridan",https://www.filmcrave.com/movie_page_main.php?id=48749,Unknown
The Pill,35918,2.0,3,12/16/2011,English,"Comedy, Romance",NR,J.C. Khoury,"Noah Bean, Rachel Boston, Anna Chlumsky, Jean Brassard, Al Thompson, Dreama Walker",https://www.filmcrave.com/movie_page_main.php?id=48750,Unknown
Sneakers & Soul,18765,2.7,3,04/10/2010,English,"Comedy, Drama",NR,Jonathan Zelenak,"Billy Fenderson, S.J. Hannah, Marie Cecile Anderson, Juan Salvati, Carson Grant, Christopher Van Jura",https://www.filmcrave.com/movie_page_main.php?id=48751,Unknown
Grudge Match,14354,2.3,20,12/25/2013,English,"Comedy, Sport",PG-13,Peter Segal,"Robert De Niro, Sylvester Stallone, Kim Basinger, Kevin Hart, Alan Arkin, Jon Bernthal",https://www.filmcrave.com/movie_page_main.php?id=48752,"Two over-the-hill boxers, Henry 'Razor' Sharp and Billy 'The Kid'"
The Haunting in Connecticut 2: Ghosts of Georgia,24575,2.0,12,02/01/2013,English,"Horror, Drama",R,Tom Elkins,"Abigail Spencer, Morgana Shaw, Emily Alyn Lind, Chad Michael Murray, Katee Sackhoff, Grant James",https://www.filmcrave.com/movie_page_main.php?id=48753,"The Wyrick moves into a new house with ties to the underground railroad. But soon after moving in, strange figures begin to appear to four-year-old Heidi - and things soon spiral out of control for the family. --"
The Man Who Shook the Hand of Vicente Fernandez,51731,3.0,1,04/27/2012,English,"Comedy, Drama",NR,Elia Petridis,"Ernest Borgnine, Barry Corbin, Carla Ortiz, Arturo del Puerto, Tony Plana, Dale Dickey",https://www.filmcrave.com/movie_page_main.php?id=48754,Unknown
Trailing the Killer ( Call of the Wilderness ),18025,2.7,3,10/16/1932,English,"Adventure, Western",NR,Herman C. Raymaker,"Caesar the Dog, Francis McDonald, Heinie Conklin, Joe De La Cruz, Pedro Regas, Tom London",https://www.filmcrave.com/movie_page_main.php?id=48755,Unknown
Trapped in Tia Juana,30140,2.2,3,08/15/1932,English,"Action, Comedy",NR,Wallace Fox,"Edwina Booth, Duncan Renaldo, Dot Farley, Joseph W. Girard, Manuel París, Frank Lanning",https://www.filmcrave.com/movie_page_main.php?id=48756,Unknown
Hello Trouble,21900,2.5,3,07/15/1932,English,Western,NR,Lambert Hillyer,"Buck Jones, Lina Basquette, Russell Simpson, Otto Hoffman, Wallace MacDonald, Ward Bond",https://www.filmcrave.com/movie_page_main.php?id=48757,Unknown
Wild Horse Mesa,45126,1.5,3,11/25/1932,English,"Action, Western",NR,Henry Hathaway,"Randolph Scott, Sally Blane, Fred Kohler, Lucille La Verne, Charley Grapewin, George 'Gabby' Hayes",https://www.filmcrave.com/movie_page_main.php?id=48759,Unknown
South of the Rio Grande,10670,3.0,3,03/05/1932,English,"Action, Western",NR,Lambert Hillyer,"Buck Jones, Mona Maris, Philo McCullough, Doris Hill, George J. Lewis, Paul Fix",https://www.filmcrave.com/movie_page_main.php?id=48760,Unknown
South of Santa Fe,27060,2.3,3,01/08/1932,English,Western,NR,Bert Glennon,"Bob Steele, Janis Elliott, Ed Brady, Eddie Dunn, Al Bridge, Gordon De Main",https://www.filmcrave.com/movie_page_main.php?id=48761,Unknown
Hell-Fire Austin,34763,2.0,3,03/03/1932,English,"Action, Western",NR,Forrest Sheldon,"Ken Maynard, Ivy Merton, Nat Pendleton, Alan Roscoe, Jack Perrin, William Robyns",https://www.filmcrave.com/movie_page_main.php?id=48762,Unknown
Hell's Headquarters,10671,3.0,3,04/15/1932,English,"Drama, Mystery",NR,Andrew L. Stone,"Jack Mulhall, Barbara Weeks, Frank Mayo, Phillips Smalley, Fred Parker, Everett Brown",https://www.filmcrave.com/movie_page_main.php?id=48763,Unknown
The Texan,39043,1.8,3,02/02/1932,English,Western,NR,Clifford Smith,"Jay Wilsey, Lucile Browne, Bobby Nelson, Lafe McKee, Jack Mower, Art Mix",https://www.filmcrave.com/movie_page_main.php?id=48764,Unknown
The Great Defender,39097,1.8,3,07/03/1934,English,"Mystery, Romance",NR,Thomas Bentley,"Matheson Lang, Margaret Bannerman, Arthur Margetson, Richard Bird, Sam Livesey, Frank Atkinson",https://www.filmcrave.com/movie_page_main.php?id=48765,Unknown
Eight Bells,10676,3.0,3,04/11/1935,English,"Adventure, Romance",NR,Roy William Neill,"Ann Sothern, Ralph Bellamy, John Buckler, Catherine Doucet, Arthur Hohl, Charley Grapewin",https://www.filmcrave.com/movie_page_main.php?id=48766,Unknown
Hold the Press,21937,2.5,3,10/25/1933,English,"Crime, Mystery",NR,Phil Rosen,"Tim McCoy, Shirley Grey, Wheeler Oakman, Henry Wadsworth, Oscar Apfel, Bradley Page",https://www.filmcrave.com/movie_page_main.php?id=48767,Unknown
Hotel Transylvania 2,13304,2.3,23,09/25/2015,English,"Animation, Comedy",PG,Genndy Tartakovsky,"Adam Sandler, Selena Gomez, Steve Buscemi, Keegan-Michael Key, Andy Samberg, Mel Brooks",https://www.filmcrave.com/movie_page_main.php?id=48768,The insanely old-school Vlad (as in centuries old-school) arrives at the hotel for a family reunion where he will come face-to-face with the modern age. --
Molly's Theory of Relativity,21337,3.3,2,03/01/2013,English,"Drama, Family",NR,Jeff Lipsky,"Sophia Takal, Rebecca Schull, Adam LeFevre, Daisy Tahan, Cady Huffman, Reed Birney",https://www.filmcrave.com/movie_page_main.php?id=48769,"A young astronomer finds herself jobless on Halloween - the 28-year-old Molly is on the brink of making the first reckless decision of her life as family members (both living and deceased), a trick-or-treater and a next door neighbor - who may or may not be part of her imagination - all help her come to terms with life and death. --"
Upstream Color,1881,3.0,32,04/05/2013,English,Drama,NR,Shane Carruth,"Shane Carruth, Amy Seimetz, Mollie Milligan, Andrew Sensenig, Juli Erickson, Ted Ferguson",https://www.filmcrave.com/movie_page_main.php?id=48770,"A man and woman adrift, entangled - struggling to come to grips with reality and identity as the fragments of their lives come together. --"
Chicago Farmer,28373,2.3,3,03/11/2012,English,Documentary,NR,Cory Poplin,Cody Diekhoff,https://www.filmcrave.com/movie_page_main.php?id=48771,Unknown
The Devil and the Death Penalty,55495,1.2,3,06/23/2012,English,"Documentary, Crime",NR,Philip Gibbons,Philip Gibbons,https://www.filmcrave.com/movie_page_main.php?id=48772,Unknown
Pwners,59515,2.0,1,12/01/2011,English,"Comedy, Drama",NR,Nicholas de Fina,"Dan Aho, Kayce Alltop, Sally Anderson, Beverlee Bailey, Sharla Beaver, Amy Couey",https://www.filmcrave.com/movie_page_main.php?id=48773,Unknown
"Karayuki-san, the Making of a Prostitute ( ",48977,3.0,1,01/01/1975,Japanese,Drama,NR,Shôhei Imamura,Unknown,https://www.filmcrave.com/movie_page_main.php?id=48774,Unknown
Gandu,32794,2.8,2,10/29/2010,Bengali,Drama,NR,"Qaushiq Mukherjee, Q","Anubrata Basu, Joyraj Bhattacharya, Rii, Kamalika Banerjee, Shilajit Majumdar",https://www.filmcrave.com/movie_page_main.php?id=48775,Unknown
Love and Doves ( Lyubov i golubi ),49367,3.0,1,01/07/1985,Russian,"Comedy, Romance",NR,Vladimir Menshov,"Aleksandr Mikhajlov, Nina Doroshina, Lyudmila Gurchenko, Sergei Yursky, Natalya Tenyakova, Yanina Lisovskaya",https://www.filmcrave.com/movie_page_main.php?id=48776,Unknown
The Legend of Mor'du,41887,2.3,2,11/13/2012,English,"Animation, Family",NR,Brian Larsen,"Julie Walters, Steve Purcell, Callum O'Neill",https://www.filmcrave.com/movie_page_main.php?id=48777,The witch tells the legend of Mor'du (while her pet crow puts in his two cents throughout). --
4bia ( See prang ),15553,2.5,5,04/25/2008,Thai,"Drama, Horror",NR,"Banjong Pisanthanakun, Paween Purikitpanya, Yongyoot Thongkongtoon, Parkpoom Wongpoom","Maneerat Kham-uan, Nattapong Chartpong, Witawat Singlampong, Apinya Sakuljaroensuk, Laila Boonyasak, Nada Lesongan",https://www.filmcrave.com/movie_page_main.php?id=48778,Unknown
"Clown, The ( O Palhaço )",51695,3.0,1,10/28/2011,Portuguese,Drama,NR,Selton Mello,"Selton Mello, Paulo José, Larissa Manoela, Giselle Motta, Teuda Bara, Álamo Facó",https://www.filmcrave.com/movie_page_main.php?id=48779,Unknown
Ferlinghetti: A Rebirth of Wonder,34380,1.9,4,04/01/2009,English,Documentary,NR,Christopher Felver,"Lawrence Ferlinghetti, Allen Ginsberg, Dennis Hopper, Billy Collins, Michael McClure, Amiri Baraka",https://www.filmcrave.com/movie_page_main.php?id=48780,"Lawrence Ferlinghetti - poet, artist - literary mercenary. For half a century the man has influenced the face of poetic literature even as his ideologies put him in direct conflict with the government around him. --"
"I'm So Excited ( amantes pasajeros, Los )",14903,2.6,4,06/28/2013,Spanish,Comedy,PG-13,Pedro Almodóvar,"Penélope Cruz, Antonio Banderas, Paz Vega, Blanca Suárez, Hugo Silva, Javier Cámara",https://www.filmcrave.com/movie_page_main.php?id=48781,"A plane headed for Mexico City encounters technical problems that could very well lead to the death of everyone on board. The pilots, flight crew and passengers will face their mortality and deal with it accordingly. --"
The Accidental Missionary,25978,3.0,2,11/18/2012,English,"Comedy, Family",NR,Chip Rossetti,"Jilanne Klaus, Jason London, Markus Porter, Ed Caylor, Seth Adair, Jay Woolston",https://www.filmcrave.com/movie_page_main.php?id=48782,Unknown
Asura,17835,2.7,3,11/16/2012,Japanese,"Anime, Horror",NR,Kei'ichi Sato,"Megumi Hayashibara, Yoshihiro Ike, Kinya Kitaohgi, Masako Nozawa",https://www.filmcrave.com/movie_page_main.php?id=48783,Unknown
Casualties of the State,59549,2.0,1,10/13/2012,English,"Crime, Drama",NR,Jeremy Cropf,"David Robert Mueller, Alex McCormick, Ted Jordan, Portia Secor, Lauren Yates, Paul Russell",https://www.filmcrave.com/movie_page_main.php?id=48784,Unknown
"Fourth State, The ( vierte Macht, Die )",35951,2.0,3,11/10/2012,English,Thriller,NR,Dennis Gansel,"Moritz Bleibtreu, Kasia Smutniak, Max Riemelt, Rade Serbedzija, Mark Ivanir, Javgenji Sitochin",https://www.filmcrave.com/movie_page_main.php?id=48785,Unknown
The King is Dead,51790,3.0,1,11/16/2012,English,"Comedy, Mystery",NR,Rolf de Heer,"Gary Waddell, Bojana Novakovic, Dan Wyllie, Luke Ford, Anthony Hayes, Aaron J. March",https://www.filmcrave.com/movie_page_main.php?id=48786,Unknown
Love Sick Love,32841,2.8,2,11/15/2012,English,Thriller,R,Christian Charles,"Lindsay Rose Binder, Dean Kapica, Megan Raye Manzi, M. Emmet Walsh, Katia Winter, Matthew Settle",https://www.filmcrave.com/movie_page_main.php?id=48787,Unknown
P-047,44724,2.0,2,11/12/2012,Thai,Drama,NR,Kongdej Jaturanrasamee,"Parinya Kwamwongwan, Apichai Tragoolpadetgrai",https://www.filmcrave.com/movie_page_main.php?id=48788,Unknown
Qarantina,59562,2.0,1,11/15/2012,Arabic,Drama,NR,Oday Rasheed,"Asaad Abdul Majeed, Alaa Najem, Hattam Auda, Hayder Munather, Rawan Abdullah, Sajad Ali",https://www.filmcrave.com/movie_page_main.php?id=48789,Unknown
"Trip, A ( Izlet )",51775,3.0,1,10/10/2012,Other,Drama,NR,Nejc Gazvoda,"Luka Cimpric, Jure Henigman, Nina Rakovec",https://www.filmcrave.com/movie_page_main.php?id=48790,Unknown
Zarafa,41886,2.3,2,11/11/2012,French,"Animation, Family",NR,"Rémi Bezançon, Jean-Christophe Lie","Max Renaudin Pratt, Simon Abkarian, Mohamed Fellag, Déborah François, Roger Dumas, Ronit Elkabetz",https://www.filmcrave.com/movie_page_main.php?id=48791,Unknown
Dead Dad,59552,2.0,1,10/18/2012,English,"Comedy, Drama",NR,Ken J. Adachi,"Kyle Arrington, Jenni Melear, Lucas K. Peterson, Allyn Rachel, Ben Hethcoat, Brett Erlich",https://www.filmcrave.com/movie_page_main.php?id=48792,Unknown
Elemental,55496,1.2,3,10/19/2012,English,Documentary,NR,"Gayatri Roshan, Emmanuel Vaughan-Lee","Chief Alan Adam, Francesca Bertone, Kelsey Chapman, Eriel Tchekwie Deranger, Jaida Deranger, Sue Deranger",https://www.filmcrave.com/movie_page_main.php?id=48793,Unknown
We Are Wisconsin,39968,1.8,3,11/10/2012,English,"Documentary, Historical",NR,Amie Williams,Unknown,https://www.filmcrave.com/movie_page_main.php?id=48794,Unknown
The Garlock Incident,59559,2.0,1,11/10/2012,English,"Horror, Mystery",NR,Evan Cholfin,"Adam Chambers, Sean Durrie, Alycen Malone, Sean Muramatsu, Casey Ruggieri, Ana Lily Amirpour",https://www.filmcrave.com/movie_page_main.php?id=48795,Unknown
Granted,59539,2.0,1,09/15/2012,English,"Drama, Thriller",NR,Anthony Vescio,"Brian Bernys, Diane Curley, Jake Albarella, Bryan Patrick Stoyle, Rolando Gomez, Eve Everette",https://www.filmcrave.com/movie_page_main.php?id=48796,Unknown
The Real Rocky,29162,2.1,4,10/25/2011,English,Documentary,NR,Jeff Feuerzeig,"Chuck Wepner, Tony Mango, Muhammad Ali, Sonny Liston, Sylvester Stallone, Jerry Izenberg",https://www.filmcrave.com/movie_page_main.php?id=48797,"Was Chuck Wepner the inspiration behind Sylvester Stallone's Oscar-winning Rocky? Wepner's life - from his bouts with Sonny Liston and Muhammed Ali to wrestling Andre the Giant and even a bear - all seem to make it clear he has as good a claim as anyone to be proclaimed ""The Real Rocky"". --"
Vs ( All Superheroes Must Die ),8022,2.7,9,01/04/2013,English,Thriller,NR,Jason Trost,"Jason Trost, Lucas Till, James Remar, Sophie Merkley, Nick Principe, Lee Valmassy",https://www.filmcrave.com/movie_page_main.php?id=48798,A group of four superheroes are put to the test after their arch nemesis sets forth a set of grueling challenges in order to save an abandoned town filled with innocent civilians. --
Sound City,5731,2.8,11,02/01/2013,English,Documentary,NR,David Grohl,"Trent Reznor, Tom Petty, Mick Fleetwood, Rick Rubin, Barry Manilow, John Fogerty",https://www.filmcrave.com/movie_page_main.php?id=48799,"Dave Grohl goes from musician to documentary filmmaker as he explores the history behind a fabled recording studio located in Van Nuys, CA. --"
"Girl, The (2012/II)",12783,2.6,5,04/20/2012,English,Drama,PG-13,David Riker,"Abbie Cornish, Will Patton, Giovanna Zacarías, Luci Christian, Lauren Galley, Raúl Castillo",https://www.filmcrave.com/movie_page_main.php?id=48801,A mother loses her child to the foster care system and turns to smuggling illegal Mexican immigrants across the border. --
Aftershock,24857,1.9,16,05/10/2013,English,"Horror, Thriller",R,Nicolás López,"Eli Roth, Andrea Osvárt, Ariel Levy, Nicolás Martínez, Lorenza Izzo, Natasha Yarovenko",https://www.filmcrave.com/movie_page_main.php?id=48802,"When an earthquake rocks a popular underground nightclub in Chile, the travelers who survive reach the surface and find a nightmarish scenario much worse than their natural disaster. --"
The Playroom,43124,1.7,3,02/08/2013,English,Drama,NR,Julia Dyer,"John Hawkes, Molly Parker, Cody Linley, Lydia Mackay, Olivia Harris, Jonathon McClendon",https://www.filmcrave.com/movie_page_main.php?id=48805,Four children stuck in an attic make up their own fantastical world while downstairs their parents play a different kind of adult game as the alcohol flows.  --
My Best Enemy ( Mein bester Feind ),23740,2.2,5,03/11/2011,German,"Comedy, Drama",NR,Wolfgang Murnberger,"Moritz Bleibtreu, Georg Friedrich, Ursula Strauss, Marthe Keller, Udo Samel, Uwe Bohm",https://www.filmcrave.com/movie_page_main.php?id=48806,"In this satiric portrait of WWII - a Jewish man harbors a secret the Nazis want - a famed Michelangelo drawing - and his friend, a Nazi officer, find their identities switched as he works to keep the artwork safe. --"
X: Night of Vengeance,29647,2.0,5,08/30/2011,English,"Crime, Drama",NR,Jon Hewitt,"Viva Bianca, Hanna Mangan Lawrence, Peter Docker, Stephen Phillips, Eamon Farren, Belinda McClory",https://www.filmcrave.com/movie_page_main.php?id=48807,A high-class call girl looking to get out of the game has one last job - a runaway teen just needs to survive her first night of hooking - both worlds collide and lives are shattered after a dirty cop puts both of their lives in jeopardy. --
"Kill Reflex, The ( Soda Cracker )",49496,3.0,1,01/01/1989,English,Action,R,Fred Williamson,"Fred Williamson, Maud Adams, Bo Svenson, Phyllis Hyman, D.R. Jones, John Saunders",https://www.filmcrave.com/movie_page_main.php?id=48808,Unknown
Supporting Characters,25961,3.0,2,04/01/2012,English,Comedy,NR,Daniel Schechter,"Alex Karpovsky, Tarik Lowe, Arielle Kebbel, Kevin Corrigan, Lena Dunham, Michael Rivera",https://www.filmcrave.com/movie_page_main.php?id=48809,Unknown
"As Luck Would Have It ( chispa de la vida, La )",24476,2.3,4,04/24/2012,Spanish,Drama,NR,Álex de la Iglesia,"José Mota, Salma Hayek, Blanca Portillo, Juan Luis Galiardo, Fernando Tejero, Carolina Bang",https://www.filmcrave.com/movie_page_main.php?id=48810,"An out-of-work ad exec can't catch a break - that is, until a freak accident puts him in the media spotlight. His story sparks a bidding war for the interview and he finally finds a way to provide for his family again. --"
Small Apartments,16306,2.3,10,02/08/2013,English,"Comedy, Crime",R,Jonas Åkerlund,"Rebel Wilson, Matt Lucas, Billy Crystal, Dolph Lundgren, Juno Temple, Peter Stormare",https://www.filmcrave.com/movie_page_main.php?id=48811,Franklin Franklin has a problem - the Swiss-obsessed man is happy living his life - despite being surrounded by eccentric neighbors - but then he ends up killing his landlord and scrambles to cover up the death. --
Starbuck,15057,2.4,7,03/22/2013,French,Comedy,R,Ken Scott,"Patrick Huard, Julie LeBreton, Antoine Bertrand, Dominic Philie, Marc Bélanger, Sarah-Jeanne Labrosse",https://www.filmcrave.com/movie_page_main.php?id=48812,"A forty-something slacker finds out his lover is pregnant... but the news is tempered by the announcement that 142 other women, all of them who have had children via artificial insemination, are filing a class action lawsuit against him - the biological father. --"
Kai po che!,21707,2.5,3,02/22/2013,Hindi,Drama,NR,Abhishek Kapoor,"Raj Kumar Yadav, Sushant Singh Rajput, Amit Sadh, Amrita Puri",https://www.filmcrave.com/movie_page_main.php?id=48813,"Based on Chetan Bhagat’s bestselling novel “The 3 Mistakes of My Life” - the film follows three ambitious young men as the millennium dawns in India.  Ishaan, Omi and Govind have an idea - to capitalize on cricket - a near religion unto itself - and stake their claim to fame and fortune. Business, religion, friendship and finding love - the three will stop at nothing to achieve their dreams. --"
A Place at the Table,28415,2.3,3,03/01/2013,English,Documentary,PG,"Kristi Jacobson, Lori Silverbush","Jeff Bridges, Tom Colicchio",https://www.filmcrave.com/movie_page_main.php?id=48814,"Though America is one of the most advanced nations on the planet, the threat of hunger still affects millions of people each day. A Place at the Table takes a look at the problem and seeks answers. --"
A Schizophrenic Love Story,59565,2.0,1,12/01/2012,English,Comedy,NR,"Dylan Thomas Ellis, Glenn D. Levy","Andrew Pozza, Jamie Teer, Derek Lee Nixon, Richard Lukens, Jennifer Joseph, Bruce Davison",https://www.filmcrave.com/movie_page_main.php?id=48815,Unknown
Happy New Year,31441,2.2,3,12/07/2012,English,"Drama, War",R,K. Lorrel Manning,"Michael Cuomo, J.D. Williams, Monique Gabriela Curnen, Jose Yenque, Wilmer Calderon, Frank Harts",https://www.filmcrave.com/movie_page_main.php?id=48816,Unknown
Wushu,51477,3.0,1,04/04/2009,Mandarin,"Action, Drama",PG-13,Antony Szeto,"Sammo Hung Kam-Bo, Fengchao Liu, Wenjie Wang, Phoebe Wang, Yongchen Liu, Yachao Wang",https://www.filmcrave.com/movie_page_main.php?id=48817,Unknown
A Dark Truth,19391,2.2,16,01/04/2013,English,"Action, Thriller",R,Damian Lee,"Kevin Durand, Kim Coates, Eva Longoria, Forest Whitaker, Steven Bauer, Andy Garcia",https://www.filmcrave.com/movie_page_main.php?id=48818,A one-time CIA operative now working as a political talk show host is contacted by a corporate whistle-blower looking to expose atrocities by her company operating in South America. --
Bill W.,39959,1.8,3,05/12/2012,English,"Documentary, Biography",NR,"Dan Carracino, Kevin Hanlon","Bill Wilson, Dr. Bob, Blake J. Evans, Chris Gates, Dennis Lowell, Julia Schell",https://www.filmcrave.com/movie_page_main.php?id=48819,Unknown
Your Friend the Rat,25847,3.0,2,11/06/2007,English,"Animation, Family",NR,Jim Capobianco,"Patton Oswalt, Peter Sohn, Lou Romano, Tony Russel, Sigmund Vik, Jim Capobianco",https://www.filmcrave.com/movie_page_main.php?id=48820,Remy and Emile from 2007's Ratatouille attempt to get the audience to see eye-to-eye with them on rat-equality. --
Werewolf: The Beast Among Us,11778,2.8,4,10/09/2012,English,"Horror, Thriller",R,Louis Morneau,"Steven Bauer, Nia Peeples, Ed Quinn, Stephen Rea, Rachel DiPillo, Ana Ularu",https://www.filmcrave.com/movie_page_main.php?id=48821,"A group of hunters seek out a village terrorised by a werewolf, Daniel the local doctors apprentice seeks to join the group to defend his village, but it turns out that this is not an ordinary werewolf. --"
I Am Not a Hipster,28367,2.3,3,01/20/2012,English,Drama,NR,Destin Cretton,"Dominic Bogart, Alvaro Orlando, Tammy Minoff, Lauren Coleman, Kandis Erickson, Brad William Henke",https://www.filmcrave.com/movie_page_main.php?id=48822,Unknown
Vehicle 19,20358,2.2,10,02/07/2013,English,Thriller,R,Mukunda Michael Dewil,"Paul Walker, Naima McLean, Gys de Villiers, Leyla Haidarian, Tshepo Maseko, Andrian Mazive",https://www.filmcrave.com/movie_page_main.php?id=48823,A recently-paroled man gets much more than he bargained for after he picks up the wrong rental car and suddenly becomes a target for the corrupt local police force. --
Post Tenebras Lux,51906,3.0,1,05/01/2013,Spanish,Drama,NR,Carlos Reygadas,"Adolfo Jiménez Castro, Nathalia Acevedo, Willebaldo Torres",https://www.filmcrave.com/movie_page_main.php?id=48824,A Mexican family balances the success and troubles of living an urban life in the countryside and whether the two side will compliment or destroy each other. --
Renoir,6789,3.0,4,05/25/2012,French,Drama,R,Gilles Bourdos,"Michel Bouquet, Christa Theret, Vincent Rottiers, Thomas Doret, Romane Bohringer, Michèle Gleizer",https://www.filmcrave.com/movie_page_main.php?id=48825,"The French Riviera, summer 1915 - Jean Renoir, son of famous impressionist Pierre-Auguste, returns home to recover from wounds suffered on the battlefield in WWI. There he meets the enchanting Andrée - a woman who inspires father and son alike. --"
Hawaiian Vacation,5093,3.1,4,06/24/2011,English,"Animation, Comedy",G,Gary Rydstrom,"Tom Hanks, Tim Allen, Joan Cusack, Kristen Schaal, Michael Keaton, Jodi Benson",https://www.filmcrave.com/movie_page_main.php?id=48826,"When Ken and Barbie are left at Bonnie's house instead of leaving to Hawaii with her, the Toy Story gang gives Ken and Barbie the vacation of a lifetime. --"
The Traveler,46617,1.8,2,01/25/2011,English,"Horror, Thriller",R,Michael Oblowitz,"Val Kilmer, Dylan Neal, Paul McGillion, Camille Sullivan, Nels Lennarson, Chris Gauthier",https://www.filmcrave.com/movie_page_main.php?id=48827,It's Christmas evening in a small town and a storm is raging. The roads out of town are cut off because of an accident and the phones are down. Then  a man walks into the police station saying he wish to confess to murder.  --
The Vineyard,25575,3.0,2,07/01/1989,English,Horror,NR,"James Hong, William Rice","James Hong, Karen Witter, Michael Wong, Lars Wangberg, Cheryl Madsen, Sean P. Donahue",https://www.filmcrave.com/movie_page_main.php?id=48828,Unknown
Seven Below ( 7 Below ),29167,2.1,4,04/17/2012,English,"Thriller, Horror",R,Kevin Carraway,"Brianna Lee Johnson, Val Kilmer, Bonnie Somerville, Luke Goss, Kaleigh Howland, Silvio Wolf Busch",https://www.filmcrave.com/movie_page_main.php?id=48829,Unknown
The Sleep of Death,25534,3.0,2,11/23/1981,English,Horror,NR,Calvin Floyd,"Per Oscarsson, Patrick Magee, Marilù Tolo, Brendan Price, Niall Toibin, Curd Jürgens",https://www.filmcrave.com/movie_page_main.php?id=48830,Unknown
Texas Buddies,18026,2.7,3,10/19/1932,English,"Adventure, Romance",NR,Robert N. Bradbury,"Bob Steele, Nancy Drexel, Francis McDonald, Harry Semels, George 'Gabby' Hayes, William Dyer",https://www.filmcrave.com/movie_page_main.php?id=48831,Unknown
Texas Tornado,39047,1.8,3,04/01/1932,English,"Romance, Western",NR,Oliver Drake,"Lane Chandler, Doris Hill, Ben Corbett, J. Frank Glendon, Edward Hearn, Yakima Canutt",https://www.filmcrave.com/movie_page_main.php?id=48832,Unknown
The Texas Bad Man,34771,2.0,3,06/30/1932,English,Western,NR,Edward Laemmle,"Tom Mix, Lucille Powers, Willard Robertson, Fred Kohler, Joseph W. Girard, Tetsu Komai",https://www.filmcrave.com/movie_page_main.php?id=48833,Unknown
The Texas Ranger,30121,2.2,3,05/10/1931,English,Western,NR,D. Ross Lederman,"Buck Jones, Carmelita Geraghty, Harry Woods, Ed Brady, Nelson McDowell, Billy Bletcher",https://www.filmcrave.com/movie_page_main.php?id=48834,Unknown
A Shot in the Dark,20622,2.4,4,11/01/1933,English,Mystery,NR,George Pearson,"Dorothy Boyd, O.B. Clarence, Jack Hawkins, Michael Shepley, Davy Burnaby, A. Bromley Davenport",https://www.filmcrave.com/movie_page_main.php?id=48835,Unknown
"Song of Lisbon, A ( Canção de Lisboa, A )",27103,2.3,3,11/07/1933,Portuguese,Comedy,NR,José Cottinelli Telmo,"Maria Albertina, Beatriz Costa, Manoel de Oliveira, Eduardo Fernandes, Teresa Gomes, Vasco Santana",https://www.filmcrave.com/movie_page_main.php?id=48836,Unknown
Black Beauty,18035,2.7,3,04/01/1933,English,"Drama, Romance",NR,Phil Rosen,"Esther Ralston, Alexander Kirkland, Gavin Gordon, Hale Hamilton, Don Alvarado, George Walsh",https://www.filmcrave.com/movie_page_main.php?id=48837,Unknown
Britannia of Billingsgate,42510,1.7,3,01/01/1933,English,"Comedy, Drama",NR,Sinclair Hill,"Violet Loraine, Gordon Harker, Kay Hammond, John Mills, Drusilla Wills, Walter Sondes",https://www.filmcrave.com/movie_page_main.php?id=48838,Unknown
"Children of Montmartre ( maternelle, La )",27145,2.3,3,11/15/1935,French,Drama,NR,"Jean Benoît-Lévy, Marie Epstein","Madeleine Renaud, Alice Tissot, Paulette Élambert, Sylvette Fillacier, Mady Berry, Henri Debain",https://www.filmcrave.com/movie_page_main.php?id=48839,Unknown
Circle Canyon,17888,2.7,3,01/01/1933,English,Western,NR,Victor Adamson,"Buddy Roosevelt, June Mathews, Clarissa Woods, John Tyke, Allen Holbrook, Harry Leland",https://www.filmcrave.com/movie_page_main.php?id=48840,Unknown
Corruption,18038,2.7,3,06/19/1933,English,"Action, Crime",NR,Charles E. Roberts,"Evalyn Knapp, Preston Foster, Charles Delaney, Tully Marshall, Mischa Auer, Warner Richmond",https://www.filmcrave.com/movie_page_main.php?id=48841,Unknown
Cross Fire,27097,2.3,3,06/30/1933,English,"Romance, Western",NR,Otto Brower,"Tom Keene, Betty Furness, Edgar Kennedy, Eddie Phillips, Stanley Blystone, Lafe McKee",https://www.filmcrave.com/movie_page_main.php?id=48842,Unknown
Diamond Trail,45128,1.5,3,04/23/1933,English,Western,NR,Harry L. Fraser,"Rex Bell, Frances Rich, Lloyd Whitlock, Bud Osborne, Norman Feusier, Jerome Storm",https://www.filmcrave.com/movie_page_main.php?id=48843,Unknown
Drum Taps,34786,2.0,3,01/24/1933,English,"Action, Western",NR,J.P. McGowan,"Ken Maynard, Dorothy Dix, Frank Coghlan Jr., Charles Stevens, Al Bridge, Slim Whitaker",https://www.filmcrave.com/movie_page_main.php?id=48844,Unknown
Fury of the Jungle,18041,2.7,3,10/23/1933,English,Drama,NR,Roy William Neill,"Donald Cook, Peggy Shannon, Alan Dinehart, Harold Huber, Dudley Digges, Clarence Muse",https://www.filmcrave.com/movie_page_main.php?id=48845,Unknown
When a Man Rides Alone,21922,2.5,3,01/15/1933,English,"Romance, Western",NR,J.P. McGowan,"Tom Tyler, Adele Lacy, Al Bridge, Bob Burns, Frank Ball, Alma Chester",https://www.filmcrave.com/movie_page_main.php?id=48846,Unknown
Outside Satan ( Hors Satan ),14249,2.8,3,01/18/2013,French,Drama,NR,Bruno Dumont,"David Dewaele, Alexandra Lemâtre, Christophe Bon, Juliette Bacquet, Aurore Broutin, Sonia Barthélémy",https://www.filmcrave.com/movie_page_main.php?id=48847,A coastal French village is the setting for a dramatic confrontation when a drifter starts a relationship with a young woman who has been abused. --
Breaking the Taboo,22998,2.5,3,12/07/2012,English,Documentary,NR,Fernando Grostein Andrade,"Bill Clinton, Morgan Freeman, Gael García Bernal, Jimmy Carter, Ruth Dreifuss, Robert DuPont",https://www.filmcrave.com/movie_page_main.php?id=48848,"The war on drugs hasn't just been fought in the U.S, but the UN sanctioned their own war - and it has proven both costly and a tremendous failure. Breaking the Taboo takes a a hard look into this fiasco and seeks to set the record straight on what has gone wrong in the past 50 years. --"
Fire in the Blood,39975,1.8,3,01/20/2013,English,"Documentary, Historical",NR,Dylan Mohan Gray,"Bill Clinton, Desmond Tutu, Joseph Stiglitz, James P. Love, Yusuf Hamied, Linda-Gail Bekker",https://www.filmcrave.com/movie_page_main.php?id=48849,"After 1996, many countries were denied access to low-cost AIDS medication due to the influence of Western pharmaceutical companies and government meddling. With millions of deaths piling up, a coalition was formed from some of the strongest people on the planet, and they worked together in order to save others from the same fate. --"
Phantom,4897,2.7,19,03/01/2013,English,Thriller,R,Todd Robinson,"Ed Harris, David Duchovny, William Fichtner, Lance Henriksen, Johnathon Schaech, Sean Patrick Flanery",https://www.filmcrave.com/movie_page_main.php?id=48850,"A Soviet submarine captain with a long, haunted history leaves his family behind to take on a covert mission and soon realizes the fate of the world rests in his hands. --"
No Good Deed,12464,2.5,10,09/12/2014,English,Thriller,PG-13,Sam Miller,"Idris Elba, Taraji P. Henson, Mirage Moonschein, Kenny Alfonso, Kate del Castillo, Henry Simmons",https://www.filmcrave.com/movie_page_main.php?id=48851,"A devoted wife and mother of two finds her ideal life put in jeopardy when a smooth-talking stranger, who spins a tale about car trouble, manages to get inside her home and soon turns the invitation into a crisis. --"
The Call,5124,2.6,51,03/15/2013,English,Thriller,R,Brad Anderson,"Abigail Breslin, Halle Berry, Morris Chestnut, Michael Imperioli, Ella Rae Peck, Michael Eklund",https://www.filmcrave.com/movie_page_main.php?id=48852,A woman working as an emergency operator must confront a killer from her past in order to save the life of a young girl in the present. --
Zaytoun,12786,2.6,5,11/07/2012,English,"Adventure, Drama",NR,Eran Riklis,"Stephen Dorff, Abdallah El Akal, Alice Taglioni, Tarik Kopty, Jony Arbid, Jony Arbid",https://www.filmcrave.com/movie_page_main.php?id=48853,In 1982 a young Palestinian war orphan and an Israeli fighter pilot form an unlikely bond as they two strike out across war-torn Lebanon in order to get back to their respective homes. --
"Castle Ra-Tim-Bum ( Castelo Rá-Tim-Bum, O Filme )",46469,1.8,2,11/10/2001,Portuguese,"Adventure, Comedy",NR,Cao Hamburger,"Diego Kozievitch, Rosi Campos, Sérgio Mamberti, Marieta Severo, Pascoal da Conceição, Matheus Nachtergaele",https://www.filmcrave.com/movie_page_main.php?id=48854,Unknown
Love and Honor,9393,2.6,8,03/22/2013,English,"Drama, Romance",PG-13,Danny Mooney,"Liam Hemsworth, Teresa Palmer, Aimee Teegarden, Chris Lowell, Wyatt Russell, Max Adler",https://www.filmcrave.com/movie_page_main.php?id=48855,A young solider in Vietnam his suddenly dumped by his hometown girlfriend. He and his best fried decide to go AWOL in order to win her back. --
The Company You Keep,4590,2.7,29,04/05/2013,English,Thriller,R,Robert Redford,"Robert Redford, Shia LaBeouf, Julie Christie, Sam Elliott, Brendan Gleeson, Susan Sarandon",https://www.filmcrave.com/movie_page_main.php?id=48856,"A former activist for the Weather Underground has been keeping his past buried for years. But an intrepid journalist has uncovered his secret, forcing him to go on the run. --"
Girls Against Boys,15825,2.4,6,02/01/2013,English,"Drama, Thriller",R,Austin Chick,"Nicole LaLiberte, Liam Aiken, Michael Stahl-David, Andrew Howard, Reyna de Courcy, Aaron Glaser",https://www.filmcrave.com/movie_page_main.php?id=48858,A pair of bartenders who have been pushed too far exact a bloody revenge against the men who wronged them. --
"Madrid, 1987",25973,3.0,2,10/12/2012,Spanish,Drama,NR,David Trueba,"José Sacristán, María Valverde, Ramon Fontserè, Bárbara Lemus, Isabelle Stoffel, Eduardo Antuña",https://www.filmcrave.com/movie_page_main.php?id=48859,Unknown
The Night Shift,51694,3.0,1,10/25/2011,English,"Adventure, Comedy",NR,Thomas Smith,"Khristian Fulmer, Erin Lilley, Soren Odom, Jordan Woodall, Jonathan Pruitt, Don Bloom",https://www.filmcrave.com/movie_page_main.php?id=48860,Unknown
Our Paradise ( Notre paradis ),59511,2.0,1,09/28/2011,French,"Crime, Drama",NR,Gaël Morel,"Stéphane Rideau, Dimitri Durdaine, Béatrice Dalle, Didier Flamand, Malik Issolah, Ludovic Berthillot",https://www.filmcrave.com/movie_page_main.php?id=48861,Unknown
Felix Austria!,35959,2.0,3,04/27/2013,English,"Documentary, Biography",NR,Christine Beebe,"Felix Pfeifle, Otto von Habsburg, Tatyana Yassukovich, Robert von Dassanowsky, Terry Tempkin, Emily Bills",https://www.filmcrave.com/movie_page_main.php?id=48862,Unknown
The Phoenix Rises,59569,2.0,1,12/10/2012,English,Sci-Fi,NR,Drew Hall,"James Black, Adam Cardon, Catalina Soto-Aguilar, Christine Kozlowski, Susan LeCourt-Barbe, Casey Myers",https://www.filmcrave.com/movie_page_main.php?id=48863,Unknown
"Kung-fu master! ( petit amour, Le )",25578,3.0,2,11/01/1989,French,Drama,R,Agnès Varda,"Jane Birkin, Mathieu Demy, Charlotte Gainsbourg, Lou Doillon, David Birkin, Gary Chekchak",https://www.filmcrave.com/movie_page_main.php?id=48864,Unknown
Carmen G,59567,2.0,1,12/07/2012,English,"Drama, Thriller",NR,Hernan Herrera,"Pierangeli Llinas, María Cecilia Sánchez, Maria Jose Fajardo, Sissy Gamache, Albert Reyes, Amerindia Garrido",https://www.filmcrave.com/movie_page_main.php?id=48865,Unknown
Shoot First and Pray You Live (Because Luck Has Nothing to Do with It),32781,2.8,2,02/09/2010,English,"Action, Western",R,Lance Doty,"John Doman, Jim Gaffigan, Jeff Hephner, Tamara Hope, Richard Tyson, Clay Wilcox",https://www.filmcrave.com/movie_page_main.php?id=48866,Unknown
T.K.O.,51123,3.0,1,01/01/2007,English,"Action, Drama",R,Declan Mulvey,"Dianna Agron, Fernando Chien, Jasper Cole, Paul Green, Christian Boeving, Daz Crawford",https://www.filmcrave.com/movie_page_main.php?id=48867,Unknown
Crossroad,25980,3.0,2,11/30/2012,English,Drama,PG-13,Shervin Youssefian,"Philip Bulcock, Kim Estes, Sean Galuszka, Amy Weber, Matt Jones, Nathan Reid",https://www.filmcrave.com/movie_page_main.php?id=48868,"A man with revenge on his mind plans on meeting the man who killed his wife and daughter six years prior. But his diner meeting goes south when a robbery occurs. He manages to stop the holdup, but in order to complete his plan, he must hold everyone hostage until he kills his true target. --"
The Happy Hooker Goes to Washington,41372,2.3,2,07/15/1977,English,Comedy,R,William A. Levey,"Joey Heatherton, George Hamilton, Ray Walston, Jack Carter, Phil Foster, David White",https://www.filmcrave.com/movie_page_main.php?id=48869,Unknown
The Happy Hooker Goes Hollywood,44281,2.0,2,06/04/1980,English,Comedy,R,Alan Roberts,"Martine Beswick, Chris Lemmon, Adam West, Richard Deacon, Phil Silvers, Lisa London",https://www.filmcrave.com/movie_page_main.php?id=48870,Unknown
Bitter/Sweet,51422,3.0,1,01/01/2009,English,"Comedy, Romance",NR,Jeff Hare,"Kip Pardue, James Brolin, Napakpapha Nakprasitte, Spencer Garrett, Kalorin Supaluck Neemayothin, Laura Sorenson",https://www.filmcrave.com/movie_page_main.php?id=48871,Unknown
In Organic We Trust,35923,2.0,3,02/12/2012,English,Documentary,NR,Kip Pastor,"Marion Nestle, Craig McNamara, The Naked Cowboy, Timothy Lasalle, Craig Underwood, Kristie Knoll",https://www.filmcrave.com/movie_page_main.php?id=48872,Unknown
Knife Fight,33760,1.9,5,01/25/2013,English,Drama,R,Bill Guttentag,"Jennifer Morrison, Jamie Chung, Carrie-Anne Moss, Rob Lowe, Julie Bowen, Saffron Burrows",https://www.filmcrave.com/movie_page_main.php?id=48873,"A political strategist maneuvers the system to put a positive on any candidate his clients want. However, he finds the ugly side of his job steadily eroding his life away and finds himself willing to made a stand. --"
"Secret of the Magic Gourd, The ( Bao hu lu de mi mi )",51447,3.0,1,01/27/2009,Mandarin,"Drama, Family",G,"Jon M. Chu, Frankie Chung","Peisi Chen, Aaron Michael Drozin, Drake Johnston, Ching Wan Lau, Gigi Leung, Qilong Zhu",https://www.filmcrave.com/movie_page_main.php?id=48874,Unknown
Ghosts of Ole Miss,10001,2.7,6,10/30/2012,English,Documentary,NR,Fritz Mitchell,"Wright Thompson, James Meredith, Ross Barnett, Robert F. Kennedy, John F. Kennedy",https://www.filmcrave.com/movie_page_main.php?id=48875,"Peabody Award-winning filmmaker Fritz Mitchell presents this documentary following James Meredith on the eve of his entry into the University of Mississippi as the first African American student allowed in the school. Riots, deaths and the arrival of National Guard and Federal troops followed - but after the controversy, the school had an unprecedented football season. Told through the eyes of Wright Thompson, it looks back on these events and how it continues to shape the state today. --"
Apache Ambush,48253,3.0,1,08/24/1955,English,Western,NR,Fred F. Sears,"Bill Williams, Richard Jaeckel, Alex Montoya, Movita, Tex Ritter, James Griffith",https://www.filmcrave.com/movie_page_main.php?id=48876,Unknown
Target Hong Kong,48192,3.0,1,02/01/1953,English,"Action, Drama",NR,Fred F. Sears,"Richard Denning, Nancy Gates, Richard Loo, Soo Yong, Ben Astar, Michael Pate",https://www.filmcrave.com/movie_page_main.php?id=48877,Unknown
Ghost of the China Sea,48342,3.0,1,09/01/1958,English,"War, Drama",NR,Fred F. Sears,"David Brian, Lynette Bernay, Norman Wright, Harry Chang, Jonathan Haze, Gene Bergman",https://www.filmcrave.com/movie_page_main.php?id=48878,Unknown
Maya,48537,3.0,1,06/22/1966,English,"Adventure, Family",NR,John Berry,"Clint Walker, Jay North, I.S. Johar, Sajid Khan, Sonia Sahni, Nana Palsikar",https://www.filmcrave.com/movie_page_main.php?id=48879,Unknown
"Hey, Pop!",27081,2.3,3,11/12/1932,English,Comedy,NR,Alfred J. Goulding,Roscoe 'Fatty' Arbuckle,https://www.filmcrave.com/movie_page_main.php?id=48880,Unknown
Buzzin' Around,27087,2.3,3,02/04/1933,English,Comedy,NR,Alfred J. Goulding,"Roscoe 'Fatty' Arbuckle, Al St. John",https://www.filmcrave.com/movie_page_main.php?id=48881,Unknown
How've You Bean?,34791,2.0,3,06/24/1933,English,Comedy,NR,Alfred J. Goulding,"Roscoe 'Fatty' Arbuckle, Mildred Van Dorn, Fritz Hubert",https://www.filmcrave.com/movie_page_main.php?id=48882,Unknown
Tomalio,30173,2.2,3,12/30/1933,English,Comedy,NR,Ray McCarey,"Roscoe 'Fatty' Arbuckle, Charles Judels, Fritz Hubert, Phyllis Holden",https://www.filmcrave.com/movie_page_main.php?id=48883,Unknown
Close Relations,27099,2.3,3,09/30/1933,English,Comedy,NR,Ray McCarey,"Roscoe 'Fatty' Arbuckle, Charles Judels, Mildred Van Dorn, Harry Shannon, Shemp Howard, Hugh O'Connell",https://www.filmcrave.com/movie_page_main.php?id=48884,Unknown
In the Dough,30170,2.2,3,11/15/1933,English,Comedy,NR,Ray McCarey,Roscoe 'Fatty' Arbuckle,https://www.filmcrave.com/movie_page_main.php?id=48885,Unknown
"Paul Revere, Jr.",30169,2.2,3,10/07/1933,English,"Comedy, Musical",NR,Roy Mack,"Gus Shy, Janet Reade, Bert Frohman, Bobby Watson",https://www.filmcrave.com/movie_page_main.php?id=48886,Unknown
Salt Water Daffy,13775,2.8,3,09/16/1933,English,Comedy,NR,Ray McCarey,"Jack Haley, Shemp Howard, Charles Judels, Lionel Stander",https://www.filmcrave.com/movie_page_main.php?id=48887,Unknown
Howd' Ya Like That?,30176,2.2,3,01/13/1934,English,Comedy,NR,Ray McCarey,"George Givot, Charles Judels, Penny Singleton, J. Anthony Hughes, Lionel Stander",https://www.filmcrave.com/movie_page_main.php?id=48888,Unknown
I Scream,34803,2.0,3,05/19/1934,English,Comedy,NR,Ray McCarey,"Gus Shy, Shemp Howard, Lionel Stander, Curtis Karpe",https://www.filmcrave.com/movie_page_main.php?id=48889,Unknown
"The Wrong, Wrong Trail",39088,1.8,3,02/01/1934,English,Comedy,NR,Joseph Henabery,"Jesse Block, Eva Sully",https://www.filmcrave.com/movie_page_main.php?id=48890,Unknown
Here Comes Flossie!,34800,2.0,3,12/09/1933,English,Comedy,NR,Ray McCarey,"Ben Blue, Janet Reade, Shemp Howard, Paul Everton, Jack Cherry",https://www.filmcrave.com/movie_page_main.php?id=48891,Unknown
Pugs and Kisses,30178,2.2,3,02/17/1934,English,Comedy,NR,Ray McCarey,"Charles Judels, Lionel Stander, Shemp Howard, Greta Granstedt, Charles Anthony Hughes",https://www.filmcrave.com/movie_page_main.php?id=48892,Unknown
Mushrooms,39090,1.8,3,02/14/1934,English,Comedy,NR,Ralph Staub,"Harry Gribbon, Loretta Sayers, Cora Witherspoon, Lionel Stander, Shemp Howard",https://www.filmcrave.com/movie_page_main.php?id=48893,Unknown
Pure Feud,42536,1.7,3,04/21/1934,English,Comedy,NR,Joseph Henabery,"Edgar Bergen, Charlie McCarthy, Vicki Cummings, Valerie Bergere",https://www.filmcrave.com/movie_page_main.php?id=48894,Unknown
Corn on the Cop,13778,2.8,3,04/28/1934,English,Comedy,NR,Ralph Staub,"Harry Gribbon, Shemp Howard, Mary Doran, Boyd Davis",https://www.filmcrave.com/movie_page_main.php?id=48895,Unknown
Very Close Veins,18046,2.7,3,04/14/1934,English,Comedy,NR,Ralph Staub,"Ben Blue, Shemp Howard, Dorothy Dare, Robert Gleckler, Harry T. Morey",https://www.filmcrave.com/movie_page_main.php?id=48896,Unknown
Art Trouble,14547,2.6,4,06/23/1934,English,Comedy,NR,Ralph Staub,"Harry Gribbon, Shemp Howard, Beatrice Blinn, Leni Stengel",https://www.filmcrave.com/movie_page_main.php?id=48897,Unknown
There's Always a Woman,28840,2.1,4,04/20/1938,English,"Comedy, Mystery",NR,Alexander Hall,"Joan Blondell, Melvyn Douglas, Mary Astor, Frances Drake, Jerome Cowan, Robert Paige",https://www.filmcrave.com/movie_page_main.php?id=48898,Unknown
InAPPropriate Comedy,43166,1.4,7,03/22/2013,English,Comedy,R,Vince Offer,"Rob Schneider, Michelle Rodriguez, Adrien Brody, Lindsay Lohan, Ari Shaffir, Jonathan Spencer",https://www.filmcrave.com/movie_page_main.php?id=48899,The world's most racist and offensive apps have broken out of the computer tablet and are now on the big screen in the form of this sketch comedy. --
Christmas Lodge,20528,3.3,2,10/11/2011,English,"Comedy, Drama",G,Terry Ingram,"Erin Karpluk, Michael Shanks, Rukiya Bernard, Rebecca Toolan, Michael Kopsa, Victoria Banks",https://www.filmcrave.com/movie_page_main.php?id=48900,"During a weekend trip to the mountains, Mary (Erin Karpluk) finds herself at the now run-down lodge where she spent the holidays with her family growing up. She becomes determined to restore the building to its former glory. Inspired by her grandfather and guided by her grandmother in heaven, Mary throws herself into the project, and during the process finds herself drawn to Jack (Michael Shanks), a handsome man who loves the lodge as much as she does. Historically unlucky in love, this chance encounter allows Mary to renew her faith in life and discover her one true love."
Long Weekend ( Nature's Grave ),22848,2.5,3,08/04/2009,English,"Drama, Horror",R,Jamie Blanks,"Jim Caviezel, Claudia Karvan, Star, Robert Taylor, John Brumpton, Roger Ward",https://www.filmcrave.com/movie_page_main.php?id=48901,Unknown
Batman & Mr. Freeze: SubZero,3091,2.9,14,03/17/1998,English,"Animation, Action",NR,Boyd Kirkland,"Kevin Conroy, Michael Ansara, Loren Lester, Efrem Zimbalist Jr., Bob Hastings, Mary Kay Bergman",https://www.filmcrave.com/movie_page_main.php?id=48902,Unknown
"Wisher, The ( Spliced ) ",41676,2.3,2,07/01/2003,English,"Horror, Thriller",R,Gavin Wilding,"Ron Silver, Liane Balaban, Drew Lachey, Siri Baruc, Billy Morton, Wendy Anderson",https://www.filmcrave.com/movie_page_main.php?id=48903,Unknown
Paranormal Incident,41859,2.3,2,10/31/2011,English,"Horror, Sci-Fi",NR,Matthew Bolton,"Oliver Rayon, Chelsea Vincent, Amanda Barton, Brett Edwards, Derrick Scott, Sabrina Villalobos",https://www.filmcrave.com/movie_page_main.php?id=48904,Unknown
Under New Management,47160,3.0,1,01/01/2009,English,"Comedy, Crime",NR,Joe Otting,"Chris Diamantopoulos, Kelly Overton, Richard Portnow, Christian Stolte, Tony Ray Rossi, Johnny Williams",https://www.filmcrave.com/movie_page_main.php?id=48905,Unknown
Mark of Love,47161,3.0,1,07/26/2011,English,"Comedy, Romance",NR,Brett Simmons,"Bryan Price, Caitlin M. Shultz, Taylor M. Dooley, Kathrynn Cobbs, Brian Sheridan, Courtney Manning",https://www.filmcrave.com/movie_page_main.php?id=48906,Unknown
Mr. Fix It,36188,2.5,2,12/26/2006,English,"Comedy, Romance",R,Darin Ferriola,"David Boreanaz, Alana De La Garza, Scoot McNairy, Pat Healy, Mariam Vardanyan, Paul Sorvino",https://www.filmcrave.com/movie_page_main.php?id=48907,"Lance Valenteen, Mr. Fix It, is hired by men who have been recently dumped. Lance dates the guys' ex-girlfriend and treats them so badly, the ladies run back to their former boyfriends. But when he's hired by Bill Smith (Pat Healy) to get revenge on his ex-girlfriend Sophia (Alana De La Garza), Lance finds himself falling in love with her. --"
Emergency Call,46804,1.3,3,06/24/1933,English,"Action, Crime",NR,Edward L. Cahn,"William Boyd, Wynne Gibson, William Gargan, Betty Furness, Reginald Mason, Edwin Maxwell",https://www.filmcrave.com/movie_page_main.php?id=48908,Unknown
From Headquarters,39081,1.8,3,11/16/1933,English,"Mystery, Drama",NR,William Dieterle,"George Brent, Margaret Lindsay, Eugene Pallette, Robert Barrat, Henry O'Neill, Hugh Herbert",https://www.filmcrave.com/movie_page_main.php?id=48909,Unknown
Notorious But Nice,47355,3.0,1,08/05/1933,English,Drama,NR,Richard Thorpe,"Marian Marsh, Betty Compson, Don Dillaway, Rochelle Hudson, John St. Polis, J. Carrol Naish",https://www.filmcrave.com/movie_page_main.php?id=48910,Unknown
No Hands on the Clock,47922,3.0,1,12/01/1941,English,"Crime, Drama",NR,Frank McDonald,"Chester Morris, Jean Parker, Rose Hobart, Dick Purcell, Astrid Allwyn, Rod Cameron",https://www.filmcrave.com/movie_page_main.php?id=48911,Unknown
Double Exposure,48009,3.0,1,12/18/1944,English,"Comedy, Crime",NR,William Berke,"Chester Morris, Nancy Kelly, Jane Farrar, Phillip Terry, Richard Gaines, Charles Arnt",https://www.filmcrave.com/movie_page_main.php?id=48912,Unknown
Shadow of Doubt,30202,2.2,3,02/15/1935,English,"Mystery, Comedy",NR,George B. Seitz,"Ricardo Cortez, Virginia Bruce, Constance Collier, Isabel Jewell, Betty Furness, Regis Toomey",https://www.filmcrave.com/movie_page_main.php?id=48913,Unknown
The White Cockatoo,27123,2.3,3,01/29/1935,English,Mystery,NR,Alan Crosland,"Jean Muir, Ricardo Cortez, Ruth Donnelly, Minna Gombell, Walter Kingsford, John Eldredge",https://www.filmcrave.com/movie_page_main.php?id=48914,Unknown
Moonlight Murder,47562,3.0,1,03/27/1936,English,Mystery,NR,Edwin L. Marin,"Chester Morris, Madge Evans, Leo Carrillo, Frank McHugh, Benita Hume, Grant Mitchell",https://www.filmcrave.com/movie_page_main.php?id=48915,Unknown
The Vengeance of Fu Manchu,35399,2.0,3,01/01/1968,English,"Action, Crime",NR,Jeremy Summers,"Christopher Lee, Douglas Wilmer, Tsai Chin, Horst Frank, Wolfgang Kieling, Maria Rohm",https://www.filmcrave.com/movie_page_main.php?id=48916,Unknown
Confessions of an Opium Eater ( Souls for Sale ),18359,2.7,3,06/20/1962,English,Drama,NR,Albert Zugsmith,"Vincent Price, Linda Ho, Richard Loo, June Kyoto Lu, Philip Ahn, Yvonne Moray",https://www.filmcrave.com/movie_page_main.php?id=48917,Unknown
The Siege of Firebase Gloria,49501,3.0,1,01/27/1989,English,"Action, War",R,Brian Trenchard-Smith,"Wings Hauser, R. Lee Ermey, Robert Arevalo, Mark Neely, Gary Hershberger, Clyde Jones",https://www.filmcrave.com/movie_page_main.php?id=48918,Unknown
Lonely Wives,42485,1.7,3,02/22/1931,English,Comedy,NR,Russell Mack,"Edward Everett Horton, Esther Ralston, Laura La Plante, Patsy Ruth Miller, Spencer Charters, Maude Eburne",https://www.filmcrave.com/movie_page_main.php?id=48919,Unknown
Happy,42511,1.7,3,01/01/1933,English,"Comedy, Musical",NR,Frederic Zelnik,"Stanley Lupino, Laddie Cliff, Will Fyffe, Dorothy Hyson, Harry Tate, Renee Gadd",https://www.filmcrave.com/movie_page_main.php?id=48920,Unknown
Goodbye Love,42528,1.7,3,11/10/1933,English,Comedy,NR,H. Bruce Humberstone,"Charles Ruggles, Verree Teasdale, Sidney Blackmer, Phyllis Barry, Ray Walker, Mayo Methot",https://www.filmcrave.com/movie_page_main.php?id=48921,Unknown
I Loved You Wednesday,42520,1.7,3,06/16/1933,English,"Comedy, Drama",NR,"Henry King, William Cameron Menzies","Warner Baxter, Elissa Landi, Victor Jory, Miriam Jordan, Laura Hope Crews, June Lang",https://www.filmcrave.com/movie_page_main.php?id=48922,Unknown
If I Were King ( Wenn ich König wär ),45135,1.5,3,01/09/1934,German,Drama,NR,J.A. Hübler-Kahla,"Camilla Horn, Viktor de Kowa, Paul Westermeier, Walter Steinbeck, Eugen Rex, Josef Reithofer",https://www.filmcrave.com/movie_page_main.php?id=48923,Unknown
In the Money,39080,1.8,3,11/07/1933,English,"Comedy, Drama",NR,Frank R. Strayer,"Richard 'Skeets' Gallagher, Lois Wilson, Warren Hymer, Sally Starr, Arthur Hoyt, Frank Coghlan Jr.",https://www.filmcrave.com/movie_page_main.php?id=48924,Unknown
Leave It to Smith ( Just Smith ),39096,1.8,3,04/21/1934,English,Comedy,NR,Tom Walls,"Tom Walls, Carol Goodner, Anne Grey, Alan Aynesworth, Eva Moore, Reginald Gardiner",https://www.filmcrave.com/movie_page_main.php?id=48925,Unknown
Lone Cowboy,42529,1.7,3,12/02/1933,English,"Adventure, Western",NR,Paul Sloane,"Jackie Cooper, Lila Lee, John Wray, Addison Richards, Gavin Gordon, Barton MacLane",https://www.filmcrave.com/movie_page_main.php?id=48926,Unknown
"March of the Movies ( Film Parade, The )",55446,1.2,3,12/21/1933,English,Historical,NR,J. Stuart Blackton,"Kent Stevenson, Marian Constance Blackton, Charles Chaplin, Marlene Dietrich, Tom Mix, Theda Bara",https://www.filmcrave.com/movie_page_main.php?id=48927,Unknown
The Assassins,35943,2.0,3,09/26/2012,Mandarin,Drama,NR,Linshan Zhao,"Yun-Fat Chow, Yifei Liu, Hiroshi Tamaki, Alec Su, Roy Cheung, Ni Yan",https://www.filmcrave.com/movie_page_main.php?id=48928,Unknown
Creature Comforts,9078,2.9,4,07/15/1989,English,"Animation, Comedy",NR,Nick Park,Julie Sedgewick,https://www.filmcrave.com/movie_page_main.php?id=48929,A number of zoo animals comment on their surroundings and captivity. --
When the Day Breaks,5464,3.3,3,09/05/1999,English,"Animation, Drama",NR,"Amanda Forbis, Wendy Tilby",Unknown,https://www.filmcrave.com/movie_page_main.php?id=48930,Unknown
American Crime,31168,2.2,3,04/28/2004,English,"Crime, Thriller",R,Dan Mintz,"Annabella Sciorra, Cary Elwes, Kip Pardue, Rachael Leigh Cook, Cyia Batten, Wade Williams",https://www.filmcrave.com/movie_page_main.php?id=48931,"The film is presented in a documentary program style, taking off the style of series such as The FBI Files and The Young Detectives, both shows showcasing stories on crimes in America."
Nothing Left to Do But Cry ( Non ci resta che piangere ),6622,2.9,5,12/20/1984,Italian,"Comedy, Fantasy",NR,"Roberto Benigni, Massimo Troisi","Massimo Troisi, Roberto Benigni, Iris Peynado, Amanda Sandrelli, Carlo Monni, Livia Venturini",https://www.filmcrave.com/movie_page_main.php?id=48932,"School janitor Mario (Massimo Troisi) and teacher Saverio (Roberto Benigni) are in a car at a level crossing, waiting for the train to pass. The scenery is the Tuscan countryside, in 1984. As the train is late, the two decide to go for an alternative path and take a road through the fields. Shortly afterwards, the car gets stuck, and as the night approaches, it starts to rain. The two men manage to find shelter under a huge tree, but it is late, and there seems to be no hope the rain might stop before the night is over. While having a chat, they spot a light through the rain that turns out to be that of a small inn. Mario and Saverio decide to spend the night there and are hosted in a room along with a third man, who is already sleeping as they come in. The morning after, the two wake up to see that they have traveled back in time to year 1492."
Secret Sinners,34797,2.0,3,10/20/1933,English,"Drama, Romance",NR,Wesley Ford,"Jack Mulhall, Sue Carol, Nick Stuart, Cecilia Parker, Natalie Moorhead, Armand Kaliz",https://www.filmcrave.com/movie_page_main.php?id=48933,Unknown
Bound by Flesh,10510,2.7,5,10/19/2012,English,Documentary,NR,Leslie Zemeckis,"Lea Thompson, Nancy Allen, Timothy Stack, Blake Boyd",https://www.filmcrave.com/movie_page_main.php?id=48934,Unknown
Bwakaw,51771,3.0,1,10/07/2012,Other,Drama,NR,Jun Lana,"Eddie Garcia, Rez Cortez, Soliman Cruz, Bibeth Orteza, Joey Paras, Princess",https://www.filmcrave.com/movie_page_main.php?id=48935,Unknown
Clandestine Childhood ( Infancia clandestina ),41879,2.3,2,10/05/2012,Spanish,"Drama, Historical",NR,Benjamín Ávila,"Natalia Oreiro, Ernesto Alterio, César Troncoso, Cristina Banegas, Teo Gutiérrez Romero, Mayana Neiva",https://www.filmcrave.com/movie_page_main.php?id=48936,Unknown
Everyday,24492,2.3,4,11/22/2013,English,Drama,NR,Michael Winterbottom,"Shirley Henderson, John Simm, Shaun Kirk, Robert Kirk, Katrina Kirk, Stephanie Kirk",https://www.filmcrave.com/movie_page_main.php?id=48937,"The film takes place over the course of five years as a wife and four young children visit a husband imprisoned. Week by week, the family goes on - navigating schoolyard fights and indiscretions - but it leads up to the day when the man can finally spend a day out with his family - if a sudden allegation doesn't derail the whole thing. --"
"Dead Man and Being Happy, The ( muerto y ser feliz, El )",51776,3.0,1,10/11/2012,Spanish,Drama,NR,Javier Rebollo,"Valeria Alonso, Roxana Blanco, Lisa Caligaris, Jorge Jellinek, Carlos Lecuona, Vicky Peña",https://www.filmcrave.com/movie_page_main.php?id=48938,Unknown
Vanishing Waves ( Aurora ),31444,2.2,3,03/15/2013,Other,"Romance, Sci-Fi",NR,Kristina Buozyte,"Jurga Jutaite, Marius Jampolskis, Brice Fournier, Sharunas Bartas, Martina Jablonskyte, Vytautas Kaniusonis",https://www.filmcrave.com/movie_page_main.php?id=48939,A scientist working on neuron transfer decides to experiment on the thoughts of a young woman in a comatose state. --
Yossi ( Ha-Sippur Shel Yossi ),23751,2.2,5,04/19/2012,Hebrew,"Drama, Romance",NR,Eytan Fox,"Ohad Knoller, Oz Zehavi, Lior Ashkenazi, Orly Silbersatz Banai, Orly Silbersatz Banai, Meir Golan",https://www.filmcrave.com/movie_page_main.php?id=48940,Unknown
The Letter Writer,47162,3.0,1,11/01/2011,English,Family,NR,Christian Vuissa,"Matthew Flynn Bellows, Brandon Luke Bringhurst, Bernie Diamond, Pam Eichner, Marlys Fladeland, Nicholas Neve",https://www.filmcrave.com/movie_page_main.php?id=48941,Unknown
Cyberbully,15360,2.5,5,07/17/2011,English,Drama,PG-13,Charles Binamé,"Emily Osment, Kay Panabaker, Meaghan Rath, Robert Naylor, Kelly Rowan, Jon McLaren",https://www.filmcrave.com/movie_page_main.php?id=48942,A teenage girl gets assaulted regularly online.
The Great Gatsby,31091,2.2,3,01/14/2001,English,"Drama, Romance",NR,Robert Markowitz,"Mira Sorvino, Toby Stephens, Paul Rudd, Martin Donovan, Francie Swift, Heather Goldenhersh",https://www.filmcrave.com/movie_page_main.php?id=48943,"Another adaptation of F.S. Fitzgerald's jazz-age classic about a wealthy man still longing for the love of his war-time days, that is now richly married and living right across the lake."
The Snowman,922,3.3,9,12/26/1982,English,"Animation, Adventure",NR,"Dianne Jackson, Jimmy T. Murakami","Raymond Briggs, David Bowie",https://www.filmcrave.com/movie_page_main.php?id=48944,A young boy goes on an adventure with a snowman that has come to life. --
Jurassic World,3856,2.7,139,06/12/2015,English,"Action, Adventure",PG-13,Colin Trevorrow,"Chris Pratt, Bryce Dallas Howard, Jake Johnson, Vincent D'Onofrio, Nick Robinson, Ty Simpkins",https://www.filmcrave.com/movie_page_main.php?id=48945,"John Hammond's vision of a fully-operational Jurassic Park has been achieved. Now, 22 years later, Jurassic World welcomes visitors from around the world to explore the wonders of seeing dinosaurs roam the Earth once again. Yet waning attendance has the Masrani Corporation focused on a new attraction - a genetically-modified dinosaur - a brand new species - but the plan backfires and threatens everyone on the island. --"
Informant,29651,2.0,5,04/22/2012,English,Documentary,NR,Jamie Meltzer,"Scott Crow, Brandon Darby, David McKay",https://www.filmcrave.com/movie_page_main.php?id=48946,Documentary about Brandon Darby who went from a radical left-wing activist to a valued FBI informant. --
"Source, La",39961,1.8,3,06/21/2012,English,Documentary,NR,Patrick Shen,Don Cheadle,https://www.filmcrave.com/movie_page_main.php?id=48947,Unknown
Our Children ( À perdre la raison ),51782,3.0,1,10/12/2012,French,Drama,NR,Joachim Lafosse,"Niels Arestrup, Tahar Rahim, Émilie Dequenne, Stéphane Bissot, Mounia Raoui, Redouane Behache",https://www.filmcrave.com/movie_page_main.php?id=48948,Unknown
Happy,24458,2.3,4,01/01/2011,English,"Documentary, Drama",NR,Roko Belic,"The Dalai Lama, Roy Blanchard, Nic Marks, Melissa Moody, Richard Davidson, Michael Pritchard",https://www.filmcrave.com/movie_page_main.php?id=48949,Unknown
Mass Effect: Paragon Lost,51702,3.0,1,01/01/2012,English,"Animation, Action",NR,Atsushi Takeuchi,"Freddie Prinze Jr., Bruce Carey, Jamie Marchi, Patrick Seitz, Laura Bailey, Monica Rial",https://www.filmcrave.com/movie_page_main.php?id=48950,Unknown
The Patience Stone,24489,2.3,4,04/29/2013,Persian,"Drama, War",R,Atiq Rahimi,"Golshifteh Farahani, Massi Mrowat, Hamid Djavadan, Hassina Burgan, Mohamed Al Maghraoui, Malak Djaham Khazal",https://www.filmcrave.com/movie_page_main.php?id=48951,"Somewhere in the Middle-East, a wife looks after her husband - abandoned by his so-called friends and family after a bullet leaves him a vegetable. But though the days are lonely, she finds solace in speaking out - her history, her feelings, her suffering - things she could never say before, all come out. The only other person in her life is her aunt - who works as a prostitute, and understands her. But soon talking isn't enough and she finds herself becoming closer to a young soldier. --"
"Attack, The ( Attentat, L' )",37791,2.5,2,09/01/2012,Arabic,Drama,R,Ziad Doueiri,"Ali Suliman, Evgenia Dodena, Reymond Amsalem, Dvir Benedek, Uri Gavriel, Ruba Salameh",https://www.filmcrave.com/movie_page_main.php?id=48952,"After a suicide bombing in Tel Aviv, a surgeon uncovers a dark secret about his wife that threatens to change everything he thought he knew. --"
Touch of the Light ( Ni Guang Fei Xiang ),51755,3.0,1,09/21/2012,Mandarin,Drama,NR,Rong-ji Chang,"Yung-yung Chang, Yu-Siang Huang, Amy Sisson",https://www.filmcrave.com/movie_page_main.php?id=48953,Unknown
Fatherhood 101,59670,2.0,1,06/16/2013,English,Documentary,NR,Marquette Williams,"Tyrese Gibson, Christopher McDonald, Alan Thicke, Lee Daniels, Marquette Williams, Emilio Rivera",https://www.filmcrave.com/movie_page_main.php?id=48954,"A documentary that poses a simple question: What is the definition of a successful father? But the answer is anything but simple as fathers - both famous and unknown - share their wisdom, anecdotes and hardships about their own fathers and becoming on themselves. --"
Antarctica: A Year on Ice,51940,3.0,1,07/01/2013,English,Documentary,PG,Anthony Powell,"David Prutsman, Casey O'Brien, George Lampman, Anthony Powell, Andrew Velman, Genevieve Bachman",https://www.filmcrave.com/movie_page_main.php?id=48955,"What is it like to experience a year in Antarctica? From isolation to months of darkness, the documentary takes us on a visual chronicle of living in one of the most inhospitable locations on Earth. --"
Hair I Go Again,59822,2.0,1,05/15/2015,English,Documentary,NR,Steve McClure,"Jeff Pilson, Steve McClure, Geoff Tate, Paul Shortino, Phil Campbell, Frank Bello",https://www.filmcrave.com/movie_page_main.php?id=48956,Unknown
Radioman,35953,2.0,3,12/07/2012,English,Documentary,NR,Mary Kerr,"Josh Brolin, Craig Castaldo, George Clooney, Matt Damon, Helen Mirren, Meryl Streep",https://www.filmcrave.com/movie_page_main.php?id=48957,Unknown
Drivers Wanted,45455,1.5,3,11/30/2012,English,"Documentary, Comedy",NR,Joshua Z. Weinstein,"Johnnie ""Spider"" Footman",https://www.filmcrave.com/movie_page_main.php?id=48958,Unknown
Matinee ( Midnight Matinee ),37320,2.5,2,02/02/1990,English,"Comedy, Horror",NR,Richard Martin,"Ron White, Gillian Barber, Jeff Schultz, Beatrice Boepple, Timothy Webber, Don S. Davis",https://www.filmcrave.com/movie_page_main.php?id=48959,Unknown
Dracula II: Ascension,32582,2.8,2,06/07/2003,English,Horror,R,Patrick Lussier,"Jennifer Kroll, Jason Scott Lee, Craig Sheffer, Diane Neal, Stephen Billington, Jason London",https://www.filmcrave.com/movie_page_main.php?id=48960,Unknown
Dracula III: Legacy,32628,2.8,2,07/12/2005,English,Horror,R,Patrick Lussier,"Jason Scott Lee, Stephen Billington, Rutger Hauer, Jason London, Diane Neal, Roy Scheider",https://www.filmcrave.com/movie_page_main.php?id=48961,Unknown
Another Midnight Run,32416,2.8,2,02/06/1994,English,Comedy,NR,James Frawley,"Christopher McDonald, Julie Lott, Jeremy Lawrence, John Fleck, Dan Hedaya, Jeffrey Tambor",https://www.filmcrave.com/movie_page_main.php?id=48962,Unknown
Midnight Runaround,35559,2.0,3,03/20/1994,English,"Comedy, Adventure",NR,Frank De Palma,"Christopher McDonald, Kyle Secor, Ed O'Ross, Dan Hedaya, John Fleck, Rebecca Cross",https://www.filmcrave.com/movie_page_main.php?id=48963,Unknown
Midnight Run for Your Life,27952,2.3,3,06/11/1994,English,"Action, Comedy",NR,Daniel Sackheim,"Melora Walters, Christopher McDonald, John Fleck, Dan Hedaya, Michael Beach, Millie Perkins",https://www.filmcrave.com/movie_page_main.php?id=48964,Unknown
Bring It On Again,17203,2.5,4,01/13/2004,English,"Comedy, Sport",PG-13,Damon Santostefano,"Anne Judson-Yager, Bree Turner, Kevin Cooney, Faune A. Chambers, Bryce Johnson, Felicia Day",https://www.filmcrave.com/movie_page_main.php?id=48965,Unknown
Bring It On: In It to Win It,28172,2.3,3,12/18/2007,English,"Comedy, Sport",PG-13,Steve Rash,"Ashley Benson, Jennifer Tisdale, Cassie Scerbo, Noel Areizaga, Kierstin Koppel, Adam Vernier",https://www.filmcrave.com/movie_page_main.php?id=48966,Unknown
Escape,51701,3.0,1,01/01/2012,English,"Drama, Thriller",NR,Paul Emami,"C. Thomas Howell, John Rhys-Davies, Anora Lyn, Prinya Intachai, Khanchit Chompoos, Chayut Buanar",https://www.filmcrave.com/movie_page_main.php?id=48967,Unknown
The Letter,34574,2.0,3,09/09/2012,English,"Drama, Thriller",R,Jay Anania,"Winona Ryder, Josh Hamilton, Marin Ireland, Katherine Waterston, James Franco, Dagmara Dominczyk",https://www.filmcrave.com/movie_page_main.php?id=48968,Martine (Winona Ryder) is a playwright who suffers hallucinations. Tyrone (James Franco) is a new member of her on-going play.
Between Us,31624,2.8,2,10/05/2012,English,Drama,R,Dan Mirvish,"Julia Stiles, Melissa George, Taye Diggs, David Harbour, Robert S. Martin III, Malin Yhr",https://www.filmcrave.com/movie_page_main.php?id=48969,"Two couples - two evenings together - and the sparks fly as fidelity, marriage, disappointment and dreams all collide. --"
"Bless Me, Ultima",3630,3.3,4,02/22/2013,English,"Drama, War",PG-13,Carl Franklin,"Luke Ganalon, Miriam Colon, Benito Martinez, Dolores Heredia, Castulo Guerra, Joaquín Cosio",https://www.filmcrave.com/movie_page_main.php?id=48970,Mexico - WWII - a young man seeks out the help of an elderly medicine woman hoping to put an end to the battle between good and evil that has taken over his village. --
Hava Nagila: The Movie,28390,2.3,3,07/19/2012,English,"Documentary, Comedy",NR,Roberta Grossman,"Harry Belafonte, Glen Campbell, Connie Francis, Leonard Nimoy, Regina Spektor, Danny Maseng",https://www.filmcrave.com/movie_page_main.php?id=48971,"The Jewish staple ""Hava Nagila"" has a history and meaning all its own - this documentary travels far and wide to uncover the mystery surrounding the ubiquitous song.  --"
Mental,5174,2.8,12,03/29/2013,English,"Comedy, Drama",NR,P.J. Hogan,"Liev Schreiber, Toni Collette, Caroline Goodall, Anthony LaPaglia, Kerry Fox, Deborah Mailman",https://www.filmcrave.com/movie_page_main.php?id=48972,"After their mother cracks from the stress of political pressure facing her husband, five girls are assigned a new nanny - a charismatic slightly crazy woman who plans to shake things up for the family. --"
Planes,11941,2.4,26,08/09/2013,English,"Animation, Family",PG,Klay Hall,"Dane Cook, Val Kilmer, Julia Louis-Dreyfus, Teri Hatcher, Brad Garrett, John Cleese",https://www.filmcrave.com/movie_page_main.php?id=48973,"A lowly crop duster wants more than anything to join a spectacular aerial show - the only problem is, he's deathly afraid of heights. Yet with the help of his mentor Skipper, along with some new friends, he'll find the confidence he needs to make his dreams come true. --"
Rubberneck,32818,2.8,2,04/19/2012,English,"Drama, Thriller",NR,Alex Karpovsky,"Alex Karpovsky, Jaime Ray Newman, Dennis Staroselsky, Amanda Good Hennessey, Dakota Shepard, Marianna Bassham",https://www.filmcrave.com/movie_page_main.php?id=48974,Unknown
Under the Hawthorn Tree ( Shan Zha Shu Zhi Liann ),5092,3.1,4,11/11/2010,Mandarin,"Drama, Romance",NR,Yimou Zhang,"Dongyu Zhou, Shawn Dou, Meijuan Xi, Xuejian Li, Taisheng Chen, Rina Sa",https://www.filmcrave.com/movie_page_main.php?id=48975,Unknown
Dark Circles,12523,2.6,5,04/01/2013,English,Horror,R,Paul Soter,"Johnathon Schaech, Andrea Frankle, Glen Warner, Pell James, Philippe Brenninkmeyer, Suzanne Severio",https://www.filmcrave.com/movie_page_main.php?id=48976,"A couple with a new child decide to move from the city into a more appropriate environment. Yet soon after the move, the stress and lack of sleep from raising their infant soon wears down and cause them to start seeing strange things. But are these visions even real? And if not, what is really going on in their new home? --"
Ilegales,59497,2.0,1,07/28/2010,English,Drama,R,Ric Dupont,"Shirley Rumierk, Luis Bordonada, Omar Leyva, J. Salome Martinez, Art LaFleur, Jorge Jimenez",https://www.filmcrave.com/movie_page_main.php?id=48977,Unknown
The Bitter Buddha,34410,1.9,4,06/15/2012,English,"Documentary, Comedy",NR,Steven Feinartz,"Eddie Pepitone, Zach Galifianakis, Sarah Silverman, Patton Oswalt, B.J. Novak, Paul F. Tompkins",https://www.filmcrave.com/movie_page_main.php?id=48978,"Documentary that focuses on stand-up comedienne and cynical mastermind Eddie Pepitone and includes interviews with comedians who find him funny including the likes of Zach Galifianakis, Patton Oswalt, Sarah Silverman and B.J. Novak. --"
The Brass Teapot,6340,2.7,11,04/05/2013,English,"Comedy, Fantasy",R,Ramaa Mosley,"Juno Temple, Alexis Bledel, Alia Shawkat, Michael Angarano, Lucy Walters, Thomas Middleditch",https://www.filmcrave.com/movie_page_main.php?id=48979,A young couple find a windfall in the form of a magical brass teapot that
Oliver Twist,49944,3.0,1,11/16/1997,English,"Crime, Drama",NR,Tony Bill,"Richard Dreyfuss, Elijah Wood, David O'Hara, Alex Trench, Antoine Byrne, Olivia Caffrey",https://www.filmcrave.com/movie_page_main.php?id=48980,Unknown
Big Star: Nothing Can Hurt Me,21074,2.4,4,03/15/2012,English,Documentary,NR,"Drew DeNicola, Olivia Mori","Rick Clark, Alex Chilton, Chris Bell, Jon Auer, Andy Hummel, John Lightman",https://www.filmcrave.com/movie_page_main.php?id=48981,"Big Star gained critical acclaim but never caught on with the general public. That didn't stop the rock icons from influencing such alternative rock greats such as REM, The Replacements and The Flaming Lips amongst others. This is an in-depth look at cult phenomena and legacy of Big Star. --"
Fish Story ( Fisshu sutôrî ),5090,3.1,4,07/02/2009,Japanese,Comedy,NR,Yoshihiro Nakamura,"Vincent Giry, Gaku Hamada, Atsushi Itô, Kengo Kôra, Mirai Moriyama, Yoshihiro Nagata",https://www.filmcrave.com/movie_page_main.php?id=48982,Unknown
Knights,37369,2.5,2,11/17/1993,English,"Adventure, Sci-Fi",NR,Albert Pyun,"Kathy Long, Kris Kristofferson, Lance Henriksen, Scott Paulin, Gary Daniels, Nicholas Guest",https://www.filmcrave.com/movie_page_main.php?id=48983,Unknown
Dead in 3 Days 2 ( In 3 Tagen bist du tot 2 ),32731,2.8,2,12/25/2008,German,"Horror, Thriller",NR,Andreas Prochaska,"Sabrina Reiter, Andreas Kiendl, Anna Rot, Julia Rosa Stöckl, Martin Loos, Helmuth Häusler",https://www.filmcrave.com/movie_page_main.php?id=48984,Unknown
Negative Happy Chain Saw Edge ( Negatibu happî chênsô ejji ),21295,3.3,2,01/19/2008,Japanese,"Comedy, Horror",NR,Takuji Kitamura,"Yôsuke Asari, Terutaka Hasegawa, Hayato Ichihara, Itsuji Itao, Aya Kiguchi, Haruma Miura",https://www.filmcrave.com/movie_page_main.php?id=48985,Unknown
Night of the Living Dead 3D: Re-Animation,35946,2.0,3,10/16/2012,English,Horror,R,Jeff Broadstreet,"Andrew Divoff, Jeffrey Combs, Sarah Lieving, Robin Sydney, Adam Chambers, Scott Thomson",https://www.filmcrave.com/movie_page_main.php?id=48986,Unknown
Paganini,18532,2.7,3,05/25/1990,Italian,"Biography, Drama",NR,Klaus Kinski,"Klaus Kinski, Debora Caprioglio, Nikolai Kinski, Dalila Di Lazzaro, Tosca D'Aquino, Eva Grimaldi",https://www.filmcrave.com/movie_page_main.php?id=48987,Unknown
Somewhere,46510,1.8,2,07/14/2004,English,Romance,NR,Thomas Whelan,"Brian LaBelle, Laura Mazur",https://www.filmcrave.com/movie_page_main.php?id=48988,Unknown
Wagner & Me,15580,2.5,5,11/13/2012,English,"Documentary, Biography",NR,Patrick McGrady,Stephen Fry,https://www.filmcrave.com/movie_page_main.php?id=48989,"Stephen Fry is an ardent supporter of Richard Wagner's music and, as a Jewish man, grapples with the fact that the music he loves is often associated with the Nazi regime. In typical wit and fashion, fry delves into the life, and music, of the composer. --"
"Taste of Money, The ( Do-nui mat )",17762,2.4,5,05/17/2012,Korean,Drama,NR,Sang-soo Im,"Yun-shik Baek, Hyo-jin Kim, Kang-woo Kim, Yeo-Jung Yoon, Ju-wan On, Maui Taylor",https://www.filmcrave.com/movie_page_main.php?id=48990,"Young-Jak Joo is hired by the powerful South Korean Yoon family as a gofer but soon finds himself embroiled in the crimes, passion and power struggles the go on behind the scenes. --"
Crawlspace,7876,2.6,12,01/04/2013,English,Thriller,NR,Justin Dix,"Eddie Baroo, Justin Batchelor, Nicholas Bell, Amber Clayton, Peta Sergeant, Ditch Davey",https://www.filmcrave.com/movie_page_main.php?id=48991,"An elite special forces unit is sent to Australia's top secret military compound, Pine Gap in order to extract the lead scientist. But once there, the group comes under attack from unknown forces and, as they explore the facility, find that something far more sinister awaits them. --"
"High Tech, Low Life",22971,2.5,3,04/01/2012,Mandarin,Documentary,NR,Stephen T. Maing,"Shihe Zhang, Shuguang Zhou",https://www.filmcrave.com/movie_page_main.php?id=48992,Unknown
The End of Time,33179,2.0,4,09/06/2012,English,Documentary,NR,Peter Mettler,"Richie Hawtin, Peter Mettler, Julia Mettler, Rajeev Agrawal, George Mikenberg",https://www.filmcrave.com/movie_page_main.php?id=48993,What is our perception of time? The End of Time attempts to examine that notion. --
"Bottle in the Gaza Sea, A ( bouteille à la mer, Une )",23000,2.5,3,01/04/2013,Hebrew,Drama,NR,Thierry Binisti,"Agathe Bonitzer, Mahmud Shalaby, Hiam Abbass, Riff Cohen, Abraham Belaga, Jean-Philippe Écoffey",https://www.filmcrave.com/movie_page_main.php?id=48994,"Only 60 miles separates 17-year-old Tai and 20-year-old Naim - but is may as well be one million. Israel and Gaza - and between them a gulf of the dead from bombings, retaliations and more - can the two hope to overcome such obstacles and find each other? --"
Alias John Law,46815,1.3,3,11/05/1935,English,"Action, Romance",NR,Robert N. Bradbury,"Bob Steele, Roberta Gale, Buck Connors, Earl Dwire, Robert McKenzie, Steve Clark",https://www.filmcrave.com/movie_page_main.php?id=48995,Unknown
Such Women Are Dangerous,34806,2.0,3,06/08/1934,English,Drama,NR,James Flood,"Warner Baxter, Rosemary Ames, Rochelle Hudson, Mona Barrie, Herbert Mundin, Henrietta Crosman",https://www.filmcrave.com/movie_page_main.php?id=48996,Unknown
Cross Country Cruise,27105,2.3,3,01/15/1934,English,"Adventure, Comedy",NR,Edward Buzzell,"Lew Ayres, June Knight, Alice White, Alan Dinehart, Minna Gombell, Eugene Pallette",https://www.filmcrave.com/movie_page_main.php?id=48997,Unknown
One Year Later,34794,2.0,3,08/25/1933,English,"Crime, Drama",NR,E. Mason Hopper,"Mary Brian, Russell Hopton, Don Dillaway, DeWitt Jennings, Will Ahern, George Irving",https://www.filmcrave.com/movie_page_main.php?id=48998,Unknown
Along Came Sally ( Aunt Sally ),34807,2.0,3,06/14/1934,English,"Comedy, Musical",NR,Tim Whelan,"Cicely Courtneidge, Sam Hardy, Phyllis Clare, Billy Milton, Hartley Power, Ben Welden",https://www.filmcrave.com/movie_page_main.php?id=48999,Unknown
High School Girl,45134,1.5,3,01/01/1934,English,Drama,NR,Crane Wilbur,"Helen MacKellar, Cecilia Parker, Mahlon Hamilton, Carlyle Moore Jr., Noel Warwick, Treva Scott",https://www.filmcrave.com/movie_page_main.php?id=49000,Unknown
Social Register,27107,2.3,3,03/10/1934,English,"Comedy, Drama",NR,Marshall Neilan,"Colleen Moore,  Alexander Kirkland, Pauline Frederick, Robert Benchley, Charles Winninger, Ross Alexander",https://www.filmcrave.com/movie_page_main.php?id=49001,Unknown
City Park,27110,2.3,3,05/01/1934,English,"Comedy, Crime",NR,Richard Thorpe,"Sally Blane, Henry B. Walthall, Matty Kemp, Hale Hamilton, John Harron, Claude King",https://www.filmcrave.com/movie_page_main.php?id=49002,Unknown
Ever Since Eve,27108,2.3,3,03/25/1934,English,"Drama, Romance",NR,George Marshall,"George O'Brien, Mary Brian, Herbert Mundin, Betty Blythe, Roger Imhof, Russell Simpson",https://www.filmcrave.com/movie_page_main.php?id=49003,Unknown
War of the Range,42525,1.7,3,09/22/1933,English,Western,NR,J.P. McGowan,"Tom Tyler, Charles K. French, Ted Adams, Lane Chandler, Caryl Lincoln, William Malan",https://www.filmcrave.com/movie_page_main.php?id=49004,Unknown
"An Ideal Woman ( femme idéale, La )",56078,2.0,1,01/19/1934,French,Romance,NR,André Berthomieu,"André Alerme, Marie Glory, Inka Krymer, Robert Le Vigan, André Lefaur, René Lefèvre",https://www.filmcrave.com/movie_page_main.php?id=49005,Unknown
He Couldn't Take It,42530,1.7,3,12/15/1933,English,Comedy,NR,William Nigh,"Ray Walker, Virginia Cherrill, George E. Stone, Stanley Fields, Dorothy Granger, Jane Darwell",https://www.filmcrave.com/movie_page_main.php?id=49006,Unknown
The End of Love,11443,2.8,4,03/01/2013,English,Drama,NR,Mark Webber,"Shannyn Sossamon, Michael Cera, Aubrey Plaza, Amanda Seyfried, Diana Peña, Mimi Moss",https://www.filmcrave.com/movie_page_main.php?id=49007,A young father must learn to grow up after he is left to take care of his infant son following the death of his wife. --
The Sweeney,11240,2.5,13,03/01/2013,English,"Action, Crime",R,Nick Love,"Damian Lewis, Hayley Atwell, Ray Winstone, Ben Drew, Allen Leech, Steven Mackintosh",https://www.filmcrave.com/movie_page_main.php?id=49008,"Jack Reagan is an officer of the law, but that doesn't mean he has to play by the rules. With his old school attitude and unsubtle ways, he is constant thorn in the side of internal affairs - especially Officer Lewis. It doesn't help he's having an affair with his wife, Nancy. But when his ways end up in massive gun battle, and a lot of death, he's stripped of his title and briefly detained. But his young protege and a fellow senior officer aren't ready to let Reagan go, and once free, they plan a bloody retaliation. --"
The Tower,16192,3.5,2,01/11/2013,Korean,"Action, Drama",NR,Ji-hoon Kim,"Kyung-gu Sol, Ye-jin Son, Sang-kyung Kim, In-kwon Kim, Sung-kee Ahn, Jae-ho Song",https://www.filmcrave.com/movie_page_main.php?id=49009,A Christmas Eve party at the ultra-luxurious Tower Sky turns into a fight for survival when a fire breaks out and threatens the lives of thousands - including plenty of VIP guests. --
Innocent Bystanders,32258,2.8,2,01/24/1973,English,"Action, Crime",PG,Peter Collinson,"Stanley Baker, Geraldine Chaplin, Donald Pleasence, Dana Andrews, Derren Nesbitt, Vladek Sheybal",https://www.filmcrave.com/movie_page_main.php?id=49010,Unknown
Charleston,37203,2.5,2,12/01/1978,Italian,Comedy,PG,Marcello Fondato,"Bud Spencer, Herbert Lom, Jack La Cayenne, Dino Emanuelli, Geoffrey Bayldon, James Coco",https://www.filmcrave.com/movie_page_main.php?id=49011,Unknown
Jerry & Maggie: This is Not Photography,35945,2.0,3,10/01/2012,English,"Documentary, Biography",NR,Scott Erickson,"Maggie Taylor, Jerry Uelsmann",https://www.filmcrave.com/movie_page_main.php?id=49012,Unknown
Girl Most Likely,10112,2.5,17,07/19/2013,English,Comedy,PG-13,"Shari Springer Berman, Robert Pulcini","Kristen Wiig, Matt Dillon, Natasha Lyonne, Annette Bening, Darren Criss, Michelle Hurd",https://www.filmcrave.com/movie_page_main.php?id=49013,"Thinking she was going to make the big time - a failed New York playwright crawls back home New Jersey and finds her mother with a new man, and her room occupied by a stranger. She realizes in order to move on in her life, she'll have to learn to accept her eccentric family and her Jersey roots. --"
The Loft,29405,1.8,13,01/30/2015,English,Thriller,R,Erik Van Looy,"Karl Urban, Wentworth Miller, James Marsden, Eric Stonestreet, Isabel Lucas, Rachael Taylor",https://www.filmcrave.com/movie_page_main.php?id=49014,"Five friends turn a loft into their own extra-marital affair playground. But when a young woman if found murdered on the property, and the only five keys belong to each of the five men, the suspicions turns on each other. --"
37,59633,2.0,1,04/19/2013,English,Drama,NR,Randall Batinkoff,"Scottie Thompson, Tricia Helfer, Scott Wolf, Bruce Davison, Leon, Kate Nauta",https://www.filmcrave.com/movie_page_main.php?id=49015,"A man has a pact to kill himself on his 37th birthday. Mere months before that date he meets and falls in love with a terminally ill woman and it will change his outlook on ""life"". --"
Mimesis,39937,1.8,3,10/07/2011,English,Horror,R,Douglas Schulze,"Allen Maldonado, Sid Haig, Lauren Mae Shafer, Courtney Gains, Taylor Piedmonte, David G.B. Brown",https://www.filmcrave.com/movie_page_main.php?id=49016,Unknown
Excavating Taylor Mead,59149,2.0,1,04/22/2005,English,Documentary,NR,William A. Kirkley,"Taylor Mead, Steve Buscemi, Jim Jarmusch, Paul Morrissey, Penny Arcade, Robert Galinsky",https://www.filmcrave.com/movie_page_main.php?id=49017,Unknown
Disarm,41732,2.3,2,07/01/2005,English,"Documentary, Historical",NR,"Brian Liu, Mary Wareham",Unknown,https://www.filmcrave.com/movie_page_main.php?id=49018,Unknown
Frisbee: The Life and Death of a Hippie Preacher,50827,3.0,1,04/24/2005,English,Documentary,NR,David Di Sabatino,"Lonnie Frisbee, Kenn Gulliksen, Marjoe Gortner, Rich Buhler, Chuck Smith Jr., Bob Fulton",https://www.filmcrave.com/movie_page_main.php?id=49019,Unknown
A Sidewalk Astronomer,59172,2.0,1,07/06/2005,English,Documentary,NR,Jeffrey Jacobs,John Lowry Dobson,https://www.filmcrave.com/movie_page_main.php?id=49020,Unknown
As Smart As They Are: The Author Project,44583,2.0,2,08/20/2005,English,Documentary,NR,Joe Pacheco,"Joshua Camp, Michael Hearst, Paul Auster, Rick Moody, Jonathan Lethem, Dave Eggers",https://www.filmcrave.com/movie_page_main.php?id=49021,Unknown
Special Thanks to Roy London,59152,2.0,1,04/24/2005,English,Documentary,NR,Christopher Monger,"Roy London, Brad Pitt, Geena Davis, Famke Janssen, Forest Whitaker, Sharon Stone",https://www.filmcrave.com/movie_page_main.php?id=49022,Unknown
"Tales of the Night ( contes de la nuit, Les )",21323,3.3,2,10/15/2011,French,"Animation, Fantasy",NR,Michel Ocelot,"Yves Barsacq, Julien Beramis, Marine Griset, Michel Elias, Olivier Claverie, Isabelle Guiard",https://www.filmcrave.com/movie_page_main.php?id=49023,Unknown
Vers Mathilde,50825,3.0,1,04/22/2005,French,Documentary,NR,Claire Denis,Unknown,https://www.filmcrave.com/movie_page_main.php?id=49024,Unknown
We're Not Broke,43113,1.7,3,01/22/2012,English,Documentary,NR,"Victoria Bruce, Karin Hayes","Rebecca Wilkins, Frank Knapp, Jesse Drucker, David Marchant, Chris Priest, Jack Blum",https://www.filmcrave.com/movie_page_main.php?id=49025,Unknown
Stolen Seas,26833,2.3,3,01/18/2013,German,"Documentary, Crime",NR,Thymaya Payne,Unknown,https://www.filmcrave.com/movie_page_main.php?id=49026,"The story of the CEC Future, a Danish-owned merchant ship that, for two months, was held by Somali pirates. But this story isn't just about the 13 men aboard the ship, but the pirates behind the attack and what fuels the drive behind modern piracy. --"
"Story of Xiao-Yan, The ( Shang xue lu shang )",22726,2.5,3,01/01/2004,Mandarin,Family,NR,Gangliang Fang,Liya Ai,https://www.filmcrave.com/movie_page_main.php?id=49027,"Thirteen year old Xiao-Yan is devoted to her studies at her local school and determined to use them as a spring-board out of her mundane fate. Unfortunately for her, the school fees for the new term are set to increase from 20 yuan up to 24 and her mother, struggling to cope on her meager income while her husband is away working, is unwilling to stump up the new amount. Young Xiao-Yan is made of sterner stuff though and, in between looking after her two troublesome younger brothers during the holidays, she thinks of a way to raise the money herself. Initially she takes eggs from home and tries to sell them at the market, but this scheme proves to offer scant reward for her efforts. Inspired by the transactions of the local cattle market, Xiao-Yan forms an unsteady alliance with a street-smart urchin to raise a lamb with the intention of selling it on later for significant profit."
FrackNation,29174,2.1,4,01/11/2013,English,Documentary,NR,"Phelim McAleer, Ann McElhinney, Magdalena Segieda","Phelim McAleer, Karl Canfield, Josh Fox, Craig Sautner, Ron White, Karen Radwanski",https://www.filmcrave.com/movie_page_main.php?id=49028,"Journalist Phelim McAleer tries to discover the truth about fracking that is suppressed by alarmist environmental activists, and talks with poor and rural Americans whose livelihoods are at risk if fracking is banned. --"
Flight of the Butterflies,17306,2.5,4,01/01/2012,English,"Documentary, Family",NR,Mike Slee,"Gordon Pinsent, Patricia Phillips, Shaun Benson, Stephen Bogaert, Megan Follows, Stephanie Sigman",https://www.filmcrave.com/movie_page_main.php?id=49029,A Canadian lepidopterist spends decades trying to uncover the migration secrets of the Monarch butterfly in this IMAX documentary. --
Rajdhani Express,2434,3.4,4,01/04/2013,Hindi,"Action, Drama",NR,Ashok Kohli,"Ishrat Ali, Gulshan Grover, Kiran Kumar, Mukesh Rishi, Sayali Bhagat, Achint Kaur",https://www.filmcrave.com/movie_page_main.php?id=49030,Unknown
Attack the Gas Station! 2 ( Joo-yoo-so-seup-gyeok-sa-geon-too ),21312,3.3,2,01/21/2010,Korean,"Action, Comedy",NR,Sang-Jin Kim,"Hyun-woo Joo, Han-seon Jo, Jong-hak Baek, Won-ju Moon, Park Young-Kyu, Cho Han-Sun",https://www.filmcrave.com/movie_page_main.php?id=49031,Unknown
Black Rat ( Kuronezumi ),18769,2.7,3,06/05/2010,Japanese,"Drama, Horror",NR,Kenta Fukasaku,"Misaki Yonemura, Hiroya Matsumoto, Rina Saito, Haruka Shimizu, Mika Shimizu, Rihoko Shimomiya",https://www.filmcrave.com/movie_page_main.php?id=49032,Unknown
Death Race 3: Inferno,5868,2.7,13,01/01/2012,English,"Action, Sci-Fi",R,Roel Reiné,"Tanit Phoenix, Danny Trejo, Luke Goss, Ving Rhames, Dougray Scott, Fred Koehler",https://www.filmcrave.com/movie_page_main.php?id=49033,A group of prisoners have to win one more car race to secure their freedom. --
House of Angels: The Second Summer ( Änglagård - Andra sommaren ),37383,2.5,2,12/25/1994,Swedish,"Comedy, Drama",NR,Colin Nutley,"Helena Bergström, Rikard Wolff, Ernst Günther, Tord Peterson, Sven Wollter, Viveka Seldahl",https://www.filmcrave.com/movie_page_main.php?id=49034,Unknown
House of Angels: Third Time Lucky ( Änglagård - Tredje gången gillt ),25939,3.0,2,12/25/2010,Swedish,Comedy,NR,Colin Nutley,"Helena Bergström, Rikard Wolff, Sven Wollter, Reine Brynolfsson, Tord Peterson, Jakob Eklund",https://www.filmcrave.com/movie_page_main.php?id=49035,Unknown
Howling,13673,2.8,3,02/16/2012,Korean,Thriller,NR,Ha Yoo,"Kang-ho Song, Na-yeong Lee, Jang In-ho, Bo-ra Nam, Sung-min Lee, Young Jin Jo",https://www.filmcrave.com/movie_page_main.php?id=49036,Unknown
Howling: New Moon Rising,44413,2.0,2,10/24/1995,English,Horror,R,Clive Turner,"John Ramsden, Ernest Kester, Clive Turner, Jack Huff, Elizabeth Shé, Jaqueline Armitage",https://www.filmcrave.com/movie_page_main.php?id=49037,Unknown
Ligalig,46553,1.8,2,12/25/2006,Other,"Action, Crime",NR,Cesar Montano,"Cesar Montano, Sunshine Cruz, Bayani Agbayani, Celia Rodriguez, Johnny Delgado, Katya Santos",https://www.filmcrave.com/movie_page_main.php?id=49038,Unknown
XX aka X-Cross ( XX (ekusu kurosu): makyô densetsu ),21300,3.3,2,06/28/2008,Japanese,"Action, Comedy",NR,Kenta Fukasaku,"Nao Matsushita, Ami Suzuki, Hiroyuki Ikeuchi, Ayuko Iwane, Shôko Nakagawa, Maju Ozawa",https://www.filmcrave.com/movie_page_main.php?id=49039,Unknown
Edo Porn ( Hokusai manga ),37233,2.5,2,07/01/1982,Japanese,"Biography, Drama",NR,Kaneto Shindô,"Ken Ogata, Toshiyuki Nishida, Yûko Tanaka, Kanako Higuchi, Nobuko Otowa, Jô Shishido",https://www.filmcrave.com/movie_page_main.php?id=49040,Unknown
Chase Step by Step ( Bu bu zhui zong ),37157,2.5,2,02/06/1974,Mandarin,"Action, Adventure",NR,Yu Min Sheong,"Barry Chan, Shu Lin Chang, Chung-Lien Chou, Ping Ge, Yun Lan, Hua Li",https://www.filmcrave.com/movie_page_main.php?id=49041,Unknown
5-25-77,59378,2.0,1,10/17/2008,English,"Comedy, Drama",NR,Patrick Read Johnson,"John Francis Daley, Austin Pendleton, Colleen Camp, Neil Flynn, Emmi Chen, Justin Mentell",https://www.filmcrave.com/movie_page_main.php?id=49042,Unknown
Clip ( Klip ),32817,2.8,2,04/12/2012,Serbian,Drama,NR,Maja Milos,"Isidora Simijonovic, Vukasin Jasnic, Sanja Mikitisin, Jovo Maksic, Monja Savic, Katarina Pesic",https://www.filmcrave.com/movie_page_main.php?id=49043,"Jasna is a Serbian teen in the lower-class suburbs of Belgrade, dealing"
Beware of Mr. Baker,17845,2.7,3,11/28/2012,English,Documentary,NR,Jay Bulger,"Ginger Baker, Jack Bruce, Eric Clapton, Neil Peart, Carlos Santana, Charlie Watts",https://www.filmcrave.com/movie_page_main.php?id=49044,Ginger Baker was a drummer for Cream and Blind Faith - he is also
Seethamma Vakitlo Sirimalle Chettu,59575,2.0,1,01/11/2013,Other,"Comedy, Family",NR,Srikanth Addala,"Venkatesh Daggubati, Mahesh Babu, Samantha Ruth Prabhu, Prakash Raj, Anjali, Ravi Babu",https://www.filmcrave.com/movie_page_main.php?id=49045,Unknown
The Fifth Estate,9262,2.5,21,10/18/2013,English,"Documentary, Drama",R,"Bill Condon, R.J. Cutler","Benedict Cumberbatch, Daniel Brühl, Carice van Houten, Dan Stevens, Alicia Vikander, Egill Helgason",https://www.filmcrave.com/movie_page_main.php?id=49046,"Explores the relationship between WikiLeaks founder Julian Assange and Daniel Domscheit-Berg  and early colleague and supporter. Yet as the websites growth and influence spreads, it leads to an irreparable break between the one-time friends. --"
A Man Betrayed,47902,3.0,1,03/07/1941,English,"Crime, Drama",NR,John H. Auer,"John Wayne, Frances Dee, Edward Ellis, Wallace Ford, Ward Bond, Harold Huber",https://www.filmcrave.com/movie_page_main.php?id=49047,Unknown
"Grand Amour, Le",16132,3.5,2,03/21/1969,French,"Comedy, Romance",NR,Pierre Étaix,"Pierre Étaix, Annie Fratellini, Nicole Calfan, Alain Janey, Ketty France, Louis Maiss",https://www.filmcrave.com/movie_page_main.php?id=49048,Unknown
Land of Milk and Honey ( Pays de cocagne ),16133,3.5,2,02/01/1971,French,Documentary,NR,Pierre Étaix,"Pierre Étaix, Maurice Biraud, Michel Lewin",https://www.filmcrave.com/movie_page_main.php?id=49049,Unknown
Rupture,5452,3.3,3,01/01/1961,French,"Comedy, Drama",NR,"Jean-Claude Carrière, Pierre Étaix","Pierre Étaix, Anne-Marie Royer, Anny Nelsen",https://www.filmcrave.com/movie_page_main.php?id=49050,Unknown
Happy Anniversary ( Heureux anniversaire ),16127,3.5,2,01/01/1963,French,"Action, Comedy",NR,"Jean-Claude Carrière, Pierre Étaix","Pierre Étaix, Laurence Lignières, Georges Loriot, Nono Zammit, Lucien Frégis, Ican Paillaud",https://www.filmcrave.com/movie_page_main.php?id=49051,Unknown
Feeling Good ( En pleine forme ),16128,3.5,2,02/25/1966,French,Comedy,NR,Pierre Étaix,"Pierre Étaix, Roger Trapp, Robert Blome, Pierre Moncorbier, Preston, Bocky",https://www.filmcrave.com/movie_page_main.php?id=49052,Unknown
"Thick-Walled Room, The ( Kabe atsuki heya )",48189,3.0,1,01/01/1953,Japanese,Drama,NR,Masaki Kobayashi,"Kô Mishima, Torahiko Hamada, Keiko Kishi, Toshiko Kobayashi, Eitarô Ozawa, Tatsuya Nakadai",https://www.filmcrave.com/movie_page_main.php?id=49053,Unknown
I Will Buy You ( Anata kaimasu ),48289,3.0,1,11/21/1956,Japanese,"Drama, Sport",NR,Masaki Kobayashi,"Keiji Sada, Keiko Kishi, Minoru Oki, Yûnosuke Itô, Mitsuko Mito, Jun Tatara",https://www.filmcrave.com/movie_page_main.php?id=49054,Unknown
Black River ( Kuroi kawa ),32116,2.8,2,01/01/1957,Japanese,Drama,NR,Masaki Kobayashi,"Fumio Watanabe, Ineko Arima, Tatsuya Nakadai, Asao Sano, Seiji Miyaguchi, Eijirô Tôno",https://www.filmcrave.com/movie_page_main.php?id=49055,Unknown
Psycho Holocaust,25887,3.0,2,01/01/2009,English,Horror,NR,Krist Rufty,"Raine Brown, Trent Haaga, Vanelle, Billy Garberina, Craig Knitt, Nicole Blessing",https://www.filmcrave.com/movie_page_main.php?id=49056,Unknown
The Power of Few,40067,1.6,6,02/15/2013,English,"Action, Crime",R,Leone Marucci,"Christopher Walken, Christian Slater, Q'orianka Kilcher, Anthony Anderson, Jesse Bradford, Moon Bloodgood",https://www.filmcrave.com/movie_page_main.php?id=49057,The stories of five unusual characters are interconnected by one smuggling operation as urban crime and religious conspiracy collide. --
I Am the Other Woman ( Ich bin die Andere ),46550,1.8,2,10/05/2006,German,Drama,NR,Margarethe von Trotta,"Katja Riemann, Armin Mueller-Stahl, Karin Dor, August Diehl, Bernadette Heerwagen, Barbara Auer",https://www.filmcrave.com/movie_page_main.php?id=49058,"The young, successful, happily-engaged engineer Robert Fabry meets in a hotel by chance the lascivious prostitute Alice and spends a night with her. A little later he meets Carolin Winter at a law firm and  - recognizes her as Alice. After a dinner and a violent overtures he gains insight into the peculiarities of their family. Winter lives with her alcoholic mother and a domineering father, with whom she has a submissive relationship."
"Hello, Everybody!",27088,2.3,3,02/17/1933,English,Musical,NR,William A. Seiter,"Kate Smith, Randolph Scott, Sally Blane, Charley Grapewin, George Barbier, Wade Boteler",https://www.filmcrave.com/movie_page_main.php?id=49059,Unknown
Midshipman Jack,18039,2.7,3,09/22/1933,English,"Action, Drama",NR,Christy Cabanne,"Bruce Cabot, Betty Furness, Frank Albertson, Arthur Lake, Florence Lake, John Darrow",https://www.filmcrave.com/movie_page_main.php?id=49060,Unknown
Nearly Naked,21923,2.5,3,01/18/1933,English,Comedy,NR,H.H. Rogers Jr.,"Eddie Foy Jr., Vera Marshe, Dorothy Dare, Florence Earle, Billy Hughes, Ralph Sanford",https://www.filmcrave.com/movie_page_main.php?id=49061,Unknown
Elf Bowling the Movie: The Great North Pole Elf Strike,45409,1.5,3,10/02/2007,English,"Animation, Fantasy",PG,"Dave Kim, Rex Piano","Joe Alaskey, Sean Hart, Tom Kenny",https://www.filmcrave.com/movie_page_main.php?id=49062,Unknown
"Praying Mantis, The ( festin de la mante, Le )",37543,2.5,2,03/10/2004,French,"Romance, Sci-Fi",NR,Marc Levie,"Lou Broclain, Yann Chely, Sasa Nikolic, Adèle Jacques, Hugues Hausman, Michel de Warzee",https://www.filmcrave.com/movie_page_main.php?id=49063,Unknown
Daughter ( Sia dai ),46426,1.8,2,04/18/1997,Thai,Drama,NR,Chatrichalerm Yukol,"Johnny Anfone, Sorapong Chatree, Kemasorn Nookao, Lynn Nussara, Vichitra Triyakul",https://www.filmcrave.com/movie_page_main.php?id=49064,Unknown
Daughter 2 ( Sia dai 2 ),22634,2.5,3,12/31/1997,Thai,Drama,NR,Chatrichalerm Yukol,"Sorapong Chatree, Arunroj Liamthong, Marisa Anita, Wichuda Monkolket, Yani Tramod, 'Wave' Sarin Bangyeekan",https://www.filmcrave.com/movie_page_main.php?id=49065,Unknown
Tales of a Golden Geisha ( Ageman ),37326,2.5,2,09/13/1990,Japanese,Drama,NR,Jûzô Itami,"Nobuko Miyamoto, Masahiko Tsugawa, Hiroshi Ôkôchi, Ryûnosuke Kaneda, Atsuko Ichinomiya, Kin Sugai",https://www.filmcrave.com/movie_page_main.php?id=49066,Unknown
"Last Dance, The ( Daibyonin )",25601,3.0,2,05/29/1993,Japanese,Drama,NR,Jûzô Itami,"Rentarô Mikuni, Masahiko Tsugawa, Nobuko Miyamoto, Mami Kumagai, Haruna Takase, Yoshihiro Katô",https://www.filmcrave.com/movie_page_main.php?id=49067,Unknown
"Quiet Life, A ( vita tranquilla, Una )",51666,3.0,1,03/04/2011,Italian,"Crime, Drama",NR,Claudio Cupellini,"Toni Servillo, Marco D'Amore, Francesco Di Leva, Juliane Köhler, Leonardo Sprengler, Alice Dwyer",https://www.filmcrave.com/movie_page_main.php?id=49068,Unknown
"Taxing Woman 2, A ( Marusa no onna 2 )",5462,3.3,3,06/27/1989,Japanese,"Comedy, Crime",NR,Jûzô Itami,"Nobuko Miyamoto, Masahiko Tsugawa, Tetsurô Tanba, Yasuo Daichi, Tôru Masuoka, Kinzoh Sakura",https://www.filmcrave.com/movie_page_main.php?id=49069,Unknown
Woman in Witness Protection ( Marutai no onna ),25642,3.0,2,09/27/1997,Japanese,"Comedy, Crime",NR,Jûzô Itami,"Nobuko Miyamoto, Masahiko Nishimura, Yuji Murata, Kazuya Takahashi, Masahiko Tsugawa, Toru Emori",https://www.filmcrave.com/movie_page_main.php?id=49070,Unknown
A Lure: Teen Fight Club,37749,2.5,2,11/10/2010,English,"Action, Crime",NR,Bill McAdams Jr.,"Jessica Sonneborn, Michael McLafferty, Paulie Rojas, Augie Duke, Casey Reinhardt, Sita Young",https://www.filmcrave.com/movie_page_main.php?id=49071,Unknown
The Invention of Dr. Nakamats,25928,3.0,2,11/07/2009,Japanese,Documentary,NR,Kaspar Astrup Schröder,Yoshiro Nakamats,https://www.filmcrave.com/movie_page_main.php?id=49072,Unknown
Dante's Inferno: An Animated Epic,3080,3.1,7,02/09/2010,English,"Animation, Action",R,"Victor Cook, Mike Disa, Sang-Jin Kim, Shuko Murase, Jong-Sik Nam, Lee Seung-Gyu","Graham McTavish, Vanessa Branch, Steve Blum, Peter Jessop, Mark Hamill, Victoria Tennant",https://www.filmcrave.com/movie_page_main.php?id=49073,Unknown
Cheerleader Massacre,41669,2.3,2,03/25/2003,English,"Horror, Thriller",R,Jim Wynorski,"Tamie Sheffield, Charity Rahmer, Erin Byron, Lenny Juliano, Bill Langlois Monroe, Samantha Phillips",https://www.filmcrave.com/movie_page_main.php?id=49074,Unknown
Bestseller ( Be-seu-teu-sel-leo ),11759,2.8,4,04/15/2010,Korean,"Horror, Mystery",NR,Jeong-ho Lee,"Jeong-hwa Eom, Kang-hee Choi, Jin-woong Jo, Do-gyung Lee, Sa-rang Park, Seung-yong Ryoo",https://www.filmcrave.com/movie_page_main.php?id=49075,"After being accused of plagiarism, Hee-Soo decides to move from the big city and into a rural area with her small daughter and work on proving her innocence.  Yet, somebody doesn't want her to know the truth and soon she finds herself in danger."
The Thompsons,37772,2.5,2,01/01/2012,English,"Drama, Horror",R,"Mitchell Altieri, Phil Flores","Mackenzie Firgens, Elizabeth Henstridge, Cory Knauf, Ryan Hartwig, Samuel Child, Joseph McKelheer",https://www.filmcrave.com/movie_page_main.php?id=49076,Unknown
Call Me Kuchu,22988,2.5,3,07/06/2012,English,Documentary,NR,"Katherine Fairfax Wright, Malika Zouhali-Worrall","David Kato, Christopher Senyonjo",https://www.filmcrave.com/movie_page_main.php?id=49077,"In Uganda, a new bill threatens to make homosexuality punishable by death. David Kato - Uganda's first openly gay man - works with activists to stop its passage while daily persecution is the norm. Yet even as this story is being documented, Kato is brutally murdered and the shock waves are felt both near and far. --"
"Great Spy Chase, The ( Barbouzes, Les )",48529,3.0,1,05/01/1966,French,"Comedy, Action",NR,Georges Lautner,"Lino Ventura, Francis Blanche, Bernard Blier, Mireille Darc, Jess Hahn, André Weber",https://www.filmcrave.com/movie_page_main.php?id=49078,Unknown
"Monsieur Gangster ( tontons flingueurs, Les )",48452,3.0,1,11/27/1963,French,"Comedy, Action",NR,Georges Lautner,"Lino Ventura, Bernard Blier, Francis Blanche, Claude Rich, Pierre Bertin, Robert Dalban",https://www.filmcrave.com/movie_page_main.php?id=49079,Unknown
The Berlin File,23462,2.2,6,02/15/2013,Korean,"Action, Drama",NR,Seung-wan Ryoo,"Gianna Jun, Werner Daehn, Jung-woo Ha, John Keogh, Numan Açar, Seung-beom Ryu",https://www.filmcrave.com/movie_page_main.php?id=49080,"When an illegal arms trade goes wrong in Berlin, a North Korean ""ghost"" agent suddenly finds himself on the run - from both North and South Korean agents and doesn't even know if he can trust his own wife as the noose tightens and the manhunt heats up.  --"
7 Years Underground: A 60's Tale,43097,1.7,3,08/01/2011,English,"Documentary, Biography",NR,"Jason M. Solomon, Jack Chouchanian, Frank Franca",Jordan Marder,https://www.filmcrave.com/movie_page_main.php?id=49081,Unknown
The Dixie Hummingbirds: 80 Years Young,37673,2.5,2,03/28/2008,English,Documentary,NR,Jeff Scheftel,"The Dixie Hummingbirds, Philip Glass, Paul Simon, Stevie Wonder, James Taylor, Torrey Nettles",https://www.filmcrave.com/movie_page_main.php?id=49082,Unknown
HouseQuake,51548,3.0,1,08/01/2009,English,Documentary,NR,Karen Elizabeth Price,"James Carville, Bill Clinton, Newt Gingrich, Rahm Emanuel, George Bush, Tammy Duckworth",https://www.filmcrave.com/movie_page_main.php?id=49083,Unknown
Man Zou: Beijing to Shanghai,43080,1.7,3,12/02/2010,English,"Documentary, Adventure",NR,Jason Reid,"Jason Reid, Ian J. Connors, Christine Boyle, Doven Lu, Hardy Simes, Kam Wing Chan",https://www.filmcrave.com/movie_page_main.php?id=49084,Unknown
Sonicsgate,51586,3.0,1,10/09/2009,English,"Documentary, Sport",NR,Jason Reid,"John Keister , Kevin Calabro, Percy Allen, Chris Daniels, Art Thiel , Steve Kelley",https://www.filmcrave.com/movie_page_main.php?id=49085,Unknown
Star Wars: The Force Awakens,471,3.1,159,12/18/2015,English,"Sci-Fi, Fantasy",PG-13,J.J. Abrams,"John Boyega, Daisy Ridley, Adam Driver, Oscar Isaac, Harrison Ford, Carrie Fisher",https://www.filmcrave.com/movie_page_main.php?id=49086,"Thirty years after the events in ""Return of the Jedi"", the New Republic has been formed and now-General Leia leads an offshoot called The Resistance against the remnants of the Empire who have risen from the ashes to for The First Order. With Luke Skywalker missing following a betrayal leading to the destruction of his nascent Jedi Academy, The First Order, led by the mysterious Supreme Leader Snoke and his apprentice Kylo Ren, will stop at nothing to destroy the last Jedi. Leia sends her best pilot, Poe Dameron on a mission for a crucial piece of information that may lead The Resistance to Luke before The First Order can find him... --"
The Way Way Back,1455,3.0,61,07/05/2013,English,Comedy,PG-13,"Nat Faxon, Jim Rash","AnnaSophia Robb, Steve Carell, Sam Rockwell, Amanda Peet, Toni Collette, Allison Janney",https://www.filmcrave.com/movie_page_main.php?id=49087,"A 14-year-old isn't looking forward to the summer, as he has to deal with his single-mom's new overbearning boyfriend, Trent. Although he has trouble finding his way, at a local run-down waterpark where he takes a job he finds a mentor in the laid-back manager. --"
The Best Man Holiday,20172,2.2,7,11/15/2013,English,Comedy,R,Malcolm D. Lee,"Harold Perrineau, Terrence Howard, Taye Diggs, Sanaa Lathan, Nia Long, Morris Chestnut",https://www.filmcrave.com/movie_page_main.php?id=49088,"Follow the events of the 1999 The Best Man - now, 15 years later, the Christmas holiday brings together the group of friends and soon it becomes apparent that it doesn't take long for old rivalries and old flames to resurface. --"
Tomorrowland,7481,2.5,72,05/22/2015,English,Sci-Fi,PG,Brad Bird,"George Clooney, Britt Robertson, Hugh Laurie, Raffey Cassidy, Tim McGraw, Pierce Gagnon",https://www.filmcrave.com/movie_page_main.php?id=49089,"A pair of geniuses - one a bright, optimistic teen, the other a former boy-genius-turned-jaded adult - happen to share the same destiny - one that leads to a place outside time and space and into their collective memories - a place called Tomorrowland. --"
Wildwood Days,59371,2.0,1,06/30/2008,English,Documentary,NR,Richard J. Burns,"Bruce Willis, Dick Clark, Chubby Checker, Bobby Rydell, Carolyn Travis, Jerry Blavat",https://www.filmcrave.com/movie_page_main.php?id=49090,Unknown
Back Then,51735,3.0,1,05/11/2012,English,Comedy,NR,Danielle L. Ross,"Aaron D. Spears, Malinda Williams, Oren Williams, Sabrina Revelle, Tae Heckard, Chyna Layne",https://www.filmcrave.com/movie_page_main.php?id=49091,Unknown
Freaky Deaky,51730,3.0,1,04/22/2012,English,"Comedy, Crime",R,Charles Matthau,"Christian Slater, Crispin Glover, Michael Jai White, Billy Burke, Roger Bart, Andy Dick",https://www.filmcrave.com/movie_page_main.php?id=49092,Unknown
Barrio Tales,44710,2.0,2,01/12/2012,English,Horror,R,Jarret Tarnol,"Alexander Aguila, Carson Aune , Adam Beesely, Maritza Brikisak, Hunter Cope, Ana Corbi",https://www.filmcrave.com/movie_page_main.php?id=49093,"A couple of guys looking to score drugs across the border are first presented with three tales: a maid whose death results in a terrible curse, a taco truck driver who will do anything to keep his ""mystery meat"" a secret and a redneck family who picks the wrong border runners to torture. --"
"Last Shepherd, The ( ultimo pastore, L' )",46951,1.3,3,01/18/2013,Italian,Documentary,NR,Marco Bonfanti,"Renato Zucchelli, Piero Lombardi, Lucia Zucchelli, Gottardo Zucchelli, Giovanni Zucchelli, Margherita Zucchelli",https://www.filmcrave.com/movie_page_main.php?id=49094,Unknown
Kink,17767,2.4,5,01/19/2013,English,Documentary,NR,Christina Voros,"Peter Acworth, Princess Donna",https://www.filmcrave.com/movie_page_main.php?id=49095,Unknown
Interior. Leather Bar.,42171,1.6,4,01/19/2013,English,Drama,NR,"James Franco, Travis Mathews","Val Lauren, James Franco, Christian Patrick, Travis Mathews, Brenden Gregory, Brad Roberge",https://www.filmcrave.com/movie_page_main.php?id=49096,"Cruising was a landmark film where Al Pacino played an undercover officer sent into an urban world of gay and S&M culture in order to catch a serial killer. The film drew the ire of the homosexual community - as well as the MPAA - 40 minutes of the film was ultimately cut - much of it featuring club scenes depicting the gay culture. That footage was ultimately lost - most likely destroyed and Interior. Leather Bar. Re-imagines that cut footage, while also examining the culture it was trying to depict. --"
Soldier Jane ( Soldate Jeannette ),51815,3.0,1,01/18/2013,German,Drama,NR,Daniel Hoesl,"Johanna Orsini-Rosenberg, Christina Reichsthaler, Josef Kleindienst, Aurelia Burckhardt, Julia Schranz, Ines Röss",https://www.filmcrave.com/movie_page_main.php?id=49097,Unknown
What They Don't Talk About When They Talk About Love ( Yang tidak dibicarakan ketika membicarakan cinta ),51818,3.0,1,01/19/2013,Other,Drama,NR,Mouly Surya,"Nicholas Saputra, Ayushita, Karina Salim, Anggun Priambodo, Lupita Jennifer",https://www.filmcrave.com/movie_page_main.php?id=49098,Unknown
Two Lives ( Zwei Leben ),51806,3.0,1,01/07/2013,German,"Drama, Thriller",NR,Georg Maas,"Liv Ullmann, Ken Duken, Dennis Storhøi, Rainer Bock, Vicky Krieps, Juliane Köhler",https://www.filmcrave.com/movie_page_main.php?id=49099,Unknown
Riddle,34567,2.0,3,01/10/2013,English,Thriller,PG-13,"John O. Hartman, Nicholas Mross","Elisabeth Harnois, Val Kilmer, Diora Baird, William Sadler, Ryan Malgarini, Bryan Lillis",https://www.filmcrave.com/movie_page_main.php?id=49100,Unknown
Little World ( Món petit ),28410,2.3,3,01/10/2013,Spanish,"Documentary, Biography",NR,Marcel Barrena,"Pili Alamán, Alba Casals, Albert Casals, Àlex Casals, Anaïs Galván, Melanie Gordo",https://www.filmcrave.com/movie_page_main.php?id=49101,Unknown
"Bumblefuck, USA",2071,3.7,3,06/17/2011,English,Drama,NR,Aaron Douglas Johnston,"Ryan Gourley, Heidi M. Sallows, Cat Smits, John Watkins, Ryan Overton, Jeff Smith",https://www.filmcrave.com/movie_page_main.php?id=49102,Unknown
No Marriage Ties,39078,1.8,3,08/11/1933,English,Drama,NR,J. Walter Ruben,"Richard Dix, Elizabeth Allan, Doris Kenyon, Alan Dinehart, David Landau, Hobart Cavanaugh",https://www.filmcrave.com/movie_page_main.php?id=49103,Unknown
Professor Cupidon ( Professeur Cupidon ),39072,1.8,3,05/05/1933,French,Comedy,NR,"Robert Beaudoin, André Chemel","Truda Grosslichtová, Pierre Bertin, Pierre Finaly, Henri Kerny, Pierre Nay, Alice Tissot",https://www.filmcrave.com/movie_page_main.php?id=49104,Unknown
Our Flags Lead Us Forward ( Hitlerjunge Quex: Ein Film vom Opfergeist der deutschen Jugend ),42524,1.7,3,09/19/1933,German,Drama,NR,Hans Steinhoff,"Jürgen Ohlsen, Heinrich George, Berta Drews, Claus Clausen, Rotraut Richter, Hermann Speelmans",https://www.filmcrave.com/movie_page_main.php?id=49105,Unknown
Shanghai Madness,34793,2.0,3,08/04/1933,English,Drama,NR,John G. Blystone,"Spencer Tracy, Fay Wray, Ralph Morgan, Eugene Pallette, Herbert Mundin, Reginald Mason",https://www.filmcrave.com/movie_page_main.php?id=49106,Unknown
Silent Men,45127,1.5,3,03/03/1933,English,"Action, Drama",NR,D. Ross Lederman,"Tim McCoy, Florence Britton, J. Carrol Naish, Wheeler Oakman, Matthew Betz, William V. Mong",https://www.filmcrave.com/movie_page_main.php?id=49107,Unknown
Son of the Border,46803,1.3,3,05/05/1933,English,"Romance, Western",NR,Lloyd Nosler,"Tom Keene, Julie Haydon, Edgar Kennedy, David Durand, Lon Chaney Jr., Al Bridge",https://www.filmcrave.com/movie_page_main.php?id=49108,Unknown
Sucker Money,30161,2.2,3,03/01/1933,English,"Crime, Drama",NR,"Dorothy Davenport, Melville Shyer","Mischa Auer, Phyllis Barrington, Earl McCarthy, Ralph Lewis, Fletcher Norton, Mae Busch",https://www.filmcrave.com/movie_page_main.php?id=49109,Unknown
Terror Trail,39067,1.8,3,02/02/1933,English,Western,NR,Armand Schaefer,"Tom Mix, Naomi Judge, Arthur Rankin, John St. Polis, Frank Brownlee, Raymond Hatton",https://www.filmcrave.com/movie_page_main.php?id=49110,Unknown
The We and the I,51857,3.0,1,03/08/2013,English,Drama,NR,Michel Gondry,"Michael Brodie, Teresa Lynn, Raymond Delgado, Jonathan Ortiz, Jonathan Scott Worrell, Alex Raul Barrios",https://www.filmcrave.com/movie_page_main.php?id=49111,Examines the lives of a group of teenagers who share the same bus route as their relationships change on the last day of school. --
78 Days: A Tree Planting Documentary,28353,2.3,3,10/16/2011,English,"Documentary, Biography",NR,Jason Nardella,Jason Nardella,https://www.filmcrave.com/movie_page_main.php?id=49112,Unknown
I Am Hip Hop: The Chicago Hip Hop Documentary,51417,3.0,1,12/15/2008,English,Documentary,NR,Geoff Harkness,Unknown,https://www.filmcrave.com/movie_page_main.php?id=49113,Unknown
The Jeffrey Dahmer Files,29650,2.0,5,03/10/2012,English,"Documentary, Biography",NR,Chris James Thompson,"Andrew Swant, Pamela Bass, Jeffrey Jentzen, Pat Kennedy, Bobby Ciraldo, Mark Borchardt",https://www.filmcrave.com/movie_page_main.php?id=49114,Unknown
Legend of Billy Fail,59445,2.0,1,07/31/2009,English,Adventure,NR,Edward Ornelas,"Bryce Davis, Perry Ankoe, Robert S. Ball, Kricket Rhodes, Sloan Davis, Emilee Kyle",https://www.filmcrave.com/movie_page_main.php?id=49115,Unknown
Rurouni Kenshin ( Rurôni Kenshin: Meiji kenkaku roman tan ),10618,3.0,3,08/25/2012,Japanese,"Action, Drama",NR,Keishi Ohtomo,"Emi Takei, Takeru Sato, Yû Aoi, Teruyuki Kagawa, Yôsuke Eguchi, Munetaka Aoki",https://www.filmcrave.com/movie_page_main.php?id=49116,"Former legendary assassin Kenshin Himura (Takeru Sato) has now become a wandering samurai. Offering aid & protecting those in need as atonement for his past deeds. During this time Kenshin Himura comes across and aides Kaoru Kamiya (Emi Takei). Her father opened the Kamiya Kasshin-ryu, a Kendo school located in Tokyo and Kaoru is now an instructor there. Kaoru then invites Kenshin to stay at her dojo. Their relationship develops further, but Kenshin is still haunted by his violent past ... --"
Computer Chess,25989,3.0,2,01/21/2013,English,Comedy,NR,Andrew Bujalski,"Wiley Wiggins, Patrick Riester, Jim Lewis, Freddy Martinez, Myles Paige, Gerald Peary",https://www.filmcrave.com/movie_page_main.php?id=49117,"Set in the 1980s, the story is about the ultimate man vs. machine challenge... on the chess board. --"
"Batman: The Dark Knight Returns, Part 2",1144,3.0,46,01/29/2013,English,"Animation, Action",PG-13,Jay Oliva,"Peter Weller, Ariel Winter, Michael Emerson, David Selby, Mark Valley, Paget Brewster",https://www.filmcrave.com/movie_page_main.php?id=49118,"After 10 years, Batman has returned, but his presence is seemingly not welcomed: the Gotham police want him arrested,a familiar foe is looking for a reunion and The Man of Tomorrow has the support of the Feds to put him down.  --"
Cargo,24925,3.0,2,04/23/2010,German,"Mystery, Sci-Fi",NR,"Ivan Engler, Ralph Etter","Anna Katharina Schwabroh , Martin Rapold, Regula Grauwiller , Yangzom Brauen, Pierre Semmler, Claude-Oliver Rudolph",https://www.filmcrave.com/movie_page_main.php?id=49119,Unknown
Once Upon a Time in Seoul ( So-nyeon-eun wool-ji anh-neun-da ),32727,2.8,2,11/06/2008,Korean,"Drama, War",NR,Hyeong-jun Bae,"Wan Lee, Chang-ui Song, Grina Park, Ki-young Lee, Kil-Kang Ahn, Kyeong-ho Jeong",https://www.filmcrave.com/movie_page_main.php?id=49120,"In 1953, two South Korean orphan refugees steal supplies from the U.S. Army after the end of the Korean War and begin selling them on the black market. As their operation grows, they face the wrath of local gangsters who control the black market trade."
Along Recovery,45449,1.5,3,05/20/2012,English,Documentary,NR,Justin J. Springer,Unknown,https://www.filmcrave.com/movie_page_main.php?id=49121,Unknown
Satan's Angel: Queen of the Fire Tassels,28389,2.3,3,07/15/2012,English,"Documentary, Biography",NR,Joshua M. Dragotta,"Angel Walker, Vic Crotwell, Dixie Evans, Kitten Natividad, Michelle L'Amour, Ginger Lynn",https://www.filmcrave.com/movie_page_main.php?id=49122,"Satan's Angel takes you on a tour of her life - four decades worth of burlesque that has made her a legend in her field. From San Francisco counter-culture to wild Las Vegas nights - her insights offer a unique, colorful journey around the globe and behind the curtain. --"
Old Bones of the River,39179,1.8,3,12/01/1938,English,Comedy,NR,Marcel Varnel,"Will Hay, Moore Marriott, Graham Moffatt, Robert Adams, Wyndham Goldie, Jack London",https://www.filmcrave.com/movie_page_main.php?id=49123,Unknown
Hey! Hey! USA,39174,1.8,3,10/01/1938,English,Comedy,NR,Marcel Varnel,"Will Hay, Edgar Kennedy, David Burns, Edmon Ryan, Fred Duprez, Paddy Reynolds",https://www.filmcrave.com/movie_page_main.php?id=49124,Unknown
Caterpillar ( Kyatapirâ ),51676,3.0,1,05/16/2011,Japanese,Drama,NR,Kôji Wakamatsu,"Shinobu Terajima, Keigo Kasuya, Emi Masuda, Sabu Kawahara, Maki Ishikawa, Katsuyuki Shinohara",https://www.filmcrave.com/movie_page_main.php?id=49125,Unknown
Bringing King to China,35863,2.0,3,01/01/2011,English,"Documentary, Drama",NR,Kevin McKiernan,Unknown,https://www.filmcrave.com/movie_page_main.php?id=49126,Unknown
The Citizen,14242,2.8,3,09/20/2012,English,Drama,PG-13,Sam Kadi,"Khaled Nabawy, Agnes Bruckner, Rizwan Manji, William Atherton, Cary Elwes, Carl Harry Carlson",https://www.filmcrave.com/movie_page_main.php?id=49127,A Lebanese finally receives his Green Card. He immigrates to USA on September 10 2001 and he is called responsible by the authorities of what happened on September 11. Based on a true story.
The Last Gladiators,28380,2.3,3,04/22/2012,English,Documentary,R,Alex Gibney,"Donald Brashear, Marty McSorley, Chris Nilan, Paul Schantz, Tony Twist",https://www.filmcrave.com/movie_page_main.php?id=49128,"In Ice Hockey, the ""goon"" takes and gives the most punishment on the rink. He has one goal: to protect the star player at all costs - usually resulting in fights and injury - all with a smile on his face. --"
Confessions of an Eco-Terrorist,45447,1.5,3,04/22/2012,English,Documentary,NR,Peter Brown,"Peter Brown, Robert Hunter, Paul Watson",https://www.filmcrave.com/movie_page_main.php?id=49129,Unknown
The Purge,10076,2.4,77,06/07/2013,English,"Sci-Fi, Thriller",R,James DeMonaco,"Lena Headey, Ethan Hawke, Max Burkholder, Rhys Wakefield, Adelaide Kane, Tony Oller",https://www.filmcrave.com/movie_page_main.php?id=49130,"In order to combat the overcrowded prison systems, the government begins to implement 12-hour blocks where illegal activity is allowed. The film follows a family during one of these periods as they must protect themselves from a home invasion. --"
With Great Power: The Stan Lee Story,31328,2.2,3,07/24/2010,English,Documentary,NR,"Terry Dougas, Nikki Frakes, William Lawrence Hess","Stan Lee, Kevin Smith, Tobey Maguire, Jon Favreau, Kenneth Branagh, Bryan Singer",https://www.filmcrave.com/movie_page_main.php?id=49131,Unknown
Stand Off ( Whole Lotta Sole ),36037,1.8,6,12/01/2012,English,"Comedy, Drama",R,Terry George,"Colm Meaney, Martin McCann, Brendan Fraser, David O'Hara, Michael Legge, Amanda Hurwitz",https://www.filmcrave.com/movie_page_main.php?id=49132,"A group of robbers target a local fish market, but the job goes sour. Soon the local police become involved, along with gangster seeking revenge. --"
If I Were You,51704,3.0,1,01/10/2012,English,"Comedy, Drama",R,Joan Carr-Wiggin,"Marcia Gay Harden, Leonor Watling, Joseph Kell, Aidan Quinn, Valerie Mahaffey, Gary Piquer",https://www.filmcrave.com/movie_page_main.php?id=49133,"Two women meet seemingly by chance and come up with a plan to fix their unhappy lives: each will do what the other woman commands. Yet one woman if playing a different game - for she knows her new ""friend"" is actually her husbands mistress. Going along with the game she accepts taking part in an amateur production where she will play King Lear - while the other woman takes on the role of the Fool and the play begins to echo her life. --"
It's a Disaster,7352,2.7,13,06/20/2012,English,Comedy,R,Todd Berger,"Rachel Boston, Kevin M. Brennan, David Cross, America Ferrera, Jeff Grace, Julia Stiles",https://www.filmcrave.com/movie_page_main.php?id=49134,Four couples come together for a brunch that turns quickly into a group therapy session where many grievances come out. But things go from bad to worse as everyone finds themselves stuck inside while eminent catastrophe goes on outside. --
The World Unseen,51405,3.0,1,11/07/2008,English,Drama,PG-13,Shamim Sarif,"Lisa Ray, Sheetal Sheth, Parvin Dabas, Nandana Sen, David Dennis, Natalie Becker",https://www.filmcrave.com/movie_page_main.php?id=49135,Unknown
Elena Undone,32791,2.8,2,06/25/2010,English,Drama,NR,Nicole Conn,"Necar Zadegan, Traci Dinwiddie, Gary Weeks, Sam Harris, Connor Kramme, Sabrina Fuster",https://www.filmcrave.com/movie_page_main.php?id=49136,Unknown
The Devil's Rock,26809,2.3,3,07/08/2011,English,"Fantasy, Horror",NR,Paul Campion,"Craig Hall, Matthew Sunderland, Gina Varela, Karlos Drinkwater, Luke Hawker, Geraldine Brophy",https://www.filmcrave.com/movie_page_main.php?id=49137,"On a mission to destroy Nazi gun emplacements before D-Day, a pair of Kiwi commandos instead stumble upon an occult plot involving a shape-shifting demon that the Nazis plan to unleash unto the world. --"
I Am an Animal: The Story of Ingrid Newkirk and PETA,51256,3.0,1,11/17/2007,English,Documentary,NR,Matthew Galkin,"Pamela Anderson, Ingrid Newkirk, Pink, Marc Bouwer, Dan Matthews, Tracy Reiman",https://www.filmcrave.com/movie_page_main.php?id=49138,"This HBO documentary takes a close look at the founder of PETA and animal lover herself, Ingrid Newkirk. Through interviews from her critics and friends you get to see the woman and the company in a whole new way. --"
Jim Norton: Please Be Offended,37787,2.5,2,06/30/2012,English,Comedy,NR,Ryan Polito,"Jim Norton, Anthony Cumia, Gregg Hughes",https://www.filmcrave.com/movie_page_main.php?id=49139,The offensive yet quirky comedian makes us all laugh in shock in his newest comedy tour release. --
Mea Maxima Culpa: Silence in the House of God,8246,2.7,7,11/16/2012,English,Documentary,NR,Alex Gibney,"Jamey Sheridan, John Slattery, Chris Cooper, Ethan Hawke, Matthew Ryan Hughes, Donagh Gleason",https://www.filmcrave.com/movie_page_main.php?id=49140,Unknown
Stuck in Love ( Writers ),1957,3.0,14,07/05/2013,English,"Comedy, Drama",R,Josh Boone,"Logan Lerman, Jennifer Connelly, Greg Kinnear, Lily Collins, Kristen Bell, Nat Wolff",https://www.filmcrave.com/movie_page_main.php?id=49141,"Follows the lives of a writer, he ex and their teenaged children for one roller coaster ride of a year as each one experiences love in different ways. --"
Big Sur,47032,3.0,1,01/23/2013,English,Drama,R,Michael Polish,"Stana Katic, Radha Mitchell, Josh Lucas, Kate Bosworth, Anthony Edwards, Henry Thomas",https://www.filmcrave.com/movie_page_main.php?id=49142,"The sudden rise in fame of beat generation icon Jack Kerouac took a toll - drugs, alcohol and self-doubt - it all came crashing down and turned his life into a living hell. Seeking an escape, Kerouac heads to an isolated cabin owned by Lawrence Ferlinghetti in Big Sur. But the trials he will have to go through to find himself again may be the most dangerous trip of all. --"
"Wajma, an Afghan Love Story ( Wajma )",51823,3.0,1,01/20/2013,Persian,Drama,NR,Barmak Akram,"Wajma Bahar, Mustafa Abdulsatar, Haji Gul Aser, Brehna Bahar",https://www.filmcrave.com/movie_page_main.php?id=49143,Unknown
Jug Face,12427,2.5,10,01/23/2013,English,Horror,R,Chad Crawford Kinkle,"Sean Bridgers, Lauren Ashley Carter, Kaitlin Cullum, Larry Fessenden, Katie Groshong, Daniel Manche",https://www.filmcrave.com/movie_page_main.php?id=49144,"In the backwoods, a young, pregnant woman looks to escape after she learns she is to become a sacrifice to a creature in a pit. --"
V/H/S/2,6596,2.6,20,07/12/2013,English,"Horror, Thriller",NR,"Simon Barrett, Jason Eisener, Gregg Hale, Eduardo Sánchez, Adam Wingard","Kelsy Abbott, Hannah Hughes, Lawrence Michael Levine, Adam Wingard, Hannah Al Rashid, Samantha Gracie",https://www.filmcrave.com/movie_page_main.php?id=49145,"Two P.I.s, investigating the case of a missing student, finally break into his house and come across a group of VHS tapes - from the story of a robotic eye implant, a twist on the zombie genre, a cult interview that goes wrong and a slumber party invaded by aliens - the two finally come to the horrific realization of what happened. --"
The Brotherhood of the Traveling Rants,59579,2.0,1,01/19/2013,English,"Documentary, Comedy",NR,"Steve Durand, Bryan Gaynor, Gavin McInnes","Gavin McInnes, Steve Durand, Bryan Gaynor, Patton Oswalt, Carson Daly, Todd Barry",https://www.filmcrave.com/movie_page_main.php?id=49146,Unknown
"Ballad of the Weeping Spring, The ( Balada le'aviv ha'bohe )",51809,3.0,1,01/12/2013,Hebrew,Drama,NR,Benny Toraty,"Uri Gavriel, Lirit Balaban, Eli Havakok, Avi Levy, Shimon Mimran, Nir Levy",https://www.filmcrave.com/movie_page_main.php?id=49147,Unknown
Beijing Flickers,51808,3.0,1,01/10/2013,Mandarin,Drama,NR,Yuan Zhang,Unknown,https://www.filmcrave.com/movie_page_main.php?id=49148,Unknown
The Keyhole,14541,2.6,4,03/25/1933,English,"Comedy, Drama",NR,Michael Curtiz,"Kay Francis, George Brent, Glenda Farrell, Monroe Owsley, Allen Jenkins, Helen Ware",https://www.filmcrave.com/movie_page_main.php?id=49149,Unknown
Twenty-Six Commissars ( Dvadtsat shest komissarov ),42521,1.7,3,06/30/1933,Russian,Drama,NR,Nikoloz Shengelaya,"K. Gasanov, Mikhail Zharov, Igor Savchenko, Kote Andronikashvili, Vasili Kovrigin, Ivan Klyukvin",https://www.filmcrave.com/movie_page_main.php?id=49150,Unknown
"Tiger of Yautepec, The ( tigre de Yautepec, El )",39102,1.8,3,10/19/1934,Spanish,"Adventure, Drama",NR,Fernando de Fuentes,"Pepe Ortiz, Lupita Gallardo, Adria Delhort, Consuelo Segarra, Antonio R. Frausto, Alberto Miquel",https://www.filmcrave.com/movie_page_main.php?id=49151,Unknown
The Dude Bandit,39070,1.8,3,04/06/1933,English,"Action, Western",NR,George Melford,"Hoot Gibson, Gloria Shea, Hooper Atchley, Skeeter Bill Robbins, Horace B. Carpenter, Neal Hart",https://www.filmcrave.com/movie_page_main.php?id=49152,Unknown
The Merry Monarch,18065,2.7,3,07/16/1935,English,"Comedy, Fantasy",NR,Alexis Granowsky,"Emil Jannings, Sidney Fox, Josette Day, José Noguéro, Armand Bernard",https://www.filmcrave.com/movie_page_main.php?id=49153,Unknown
The Lone Avenger,42518,1.7,3,05/14/1933,English,Western,NR,Alan James,"Ken Maynard, Muriel Gordon, James A. Marcus, Al Bridge, Niles Welch, William Bailey",https://www.filmcrave.com/movie_page_main.php?id=49154,Unknown
The California Trail,13771,2.8,3,03/24/1933,English,"Action, Drama",NR,Lambert Hillyer,"Buck Jones, Helen Mack, Luis Alberni, George Humbert, Charles Stevens, Carlos Villarías",https://www.filmcrave.com/movie_page_main.php?id=49155,Unknown
The Cheyenne Kid,21924,2.5,3,01/20/1933,English,Western,NR,Robert F. Hill,"Tom Keene, Mary Mason, Roscoe Ates, Otto Hoffman, Al Bridge, Alan Roscoe",https://www.filmcrave.com/movie_page_main.php?id=49156,Unknown
The Crime of the Century,39068,1.8,3,02/18/1933,English,Mystery,NR,William Beaudine,"Jean Hersholt, Wynne Gibson, Stuart Erwin, Frances Dee, Gordon Westcott, Robert Elliott",https://www.filmcrave.com/movie_page_main.php?id=49157,Unknown
The Eleventh Commandment,42515,1.7,3,03/25/1933,English,Drama,NR,George Melford,"Marian Marsh, Theodore von Eltz, Alan Hale, Marie Prevost, Gloria Shea, Arthur Hoyt",https://www.filmcrave.com/movie_page_main.php?id=49158,Unknown
The Mad Game,11565,2.8,4,10/27/1933,English,"Crime, Drama",NR,Irving Cummings,"Spencer Tracy, Claire Trevor, Ralph Morgan, Howard Lally, J. Carrol Naish, John Miljan",https://www.filmcrave.com/movie_page_main.php?id=49159,Unknown
"Lark, The ( calandria, La )",34859,2.0,3,10/11/1936,Spanish,"Drama, Romance",NR,Fernando de Fuentes,"Carmen Guerrero, Paco Berrondo, Adria Delhort, Francisco Zárraga, Rosita Arriaga, Julio Villarreal",https://www.filmcrave.com/movie_page_main.php?id=49160,Unknown
The Right to Romance,39082,1.8,3,11/17/1933,English,"Drama, Romance",NR,Alfred Santell,"Ann Harding, Robert Young, Nils Asther, Sari Maritza, Irving Pichel, Helen Freeman",https://www.filmcrave.com/movie_page_main.php?id=49161,Unknown
The Wandering Jew,18051,2.7,3,01/11/1935,English,"Drama, Fantasy",NR,Maurice Elvey,"Conrad Veidt, Marie Ney, Basil Gill, Cicely Oates, Anne Grey, Dennis Hoey",https://www.filmcrave.com/movie_page_main.php?id=49162,Unknown
The Flaming Signal,30166,2.2,3,07/25/1933,English,Drama,NR,"George Jeske, Charles E. Roberts","John David Horsley, Marceline Day, Noah Beery, Henry B. Walthall, Mischa Auer, Flash the Dog",https://www.filmcrave.com/movie_page_main.php?id=49163,Unknown
The Gallant Fool,34790,2.0,3,05/29/1933,English,Western,NR,Robert N. Bradbury,"Bob Steele, Arletta Duncan, George 'Gabby' Hayes, Theodore Lorch, John Elliott, Pascale Perry",https://www.filmcrave.com/movie_page_main.php?id=49164,Unknown
Into the White ( Cross of Honour ),3001,3.0,12,04/12/2013,English,"Action, Drama",R,Petter Næss,"Florian Lukas, David Kross, Stig Henrik Hoff, Rupert Grint, Lachlan Nieboer, Sondre Krogtoft Larsen",https://www.filmcrave.com/movie_page_main.php?id=49166,"During WWII a German and British pilot shoot each other down. They both survive and find themselves in the same cabin during the brutal Norwegian winter. In order to brave this ordeal, the two men will have to work together, forming a most unlikely friendship. --"
Muppets Most Wanted,6477,2.6,35,03/21/2014,English,"Adventure, Comedy",PG,James Bobin,"Tina Fey, Ray Liotta, Ricky Gervais, Ty Burrell, Steve Whitmire, Eric Jacobson",https://www.filmcrave.com/movie_page_main.php?id=49167,"While embarking on a world-wide tour, the Muppets finds themselves tied to a European jewel heist caper when they run into a culprit who bears an uncanny resemblance to Kermit, along with his dastardly sidekick. --"
Simon Killer,10506,2.7,5,01/20/2012,English,Drama,NR,Antonio Campos,"Brady Corbet, Mati Diop, Michaël Abiteboul, Nicolas Ronchi, Lila Salet, Alexandra Neil",https://www.filmcrave.com/movie_page_main.php?id=49168,"Following a messy breakup, a recent college grad finds himself in Paris. Bonding with a local prostitute, he finds himself embroiled in a life of blackmail, betrayal and a startling revelation about his true nature. --"
Deadly Kick ( Gugje gyeonchal ),49051,3.0,1,05/14/1976,Korean,Action,NR,"Young Nam Ko, Lieh Lo","Lieh Lo, Su-il Bang, Bobby Kim, Il-su Kwon, Myeong-hwan Han, Bong-jin Jin",https://www.filmcrave.com/movie_page_main.php?id=49169,Unknown
Kung fu Ace ( Hao xiao zi di xia yi zhao ),49165,3.0,1,01/01/1979,Mandarin,Action,NR,Chih-chao Chang,"John Liu, Yeong-mun Kwon, Kuo Chung Ching, San Peng, Man Chuen Wang, Ming Kao",https://www.filmcrave.com/movie_page_main.php?id=49170,Unknown
Shaolin Deadly Kicks ( Tai ji ba jiao ),49289,3.0,1,10/22/1982,Mandarin,"Action, Drama",NR,Ma Wu,"Tao-liang Tan, Chung-erh Lung, Lieh Lo, Sae Ok Kim, Luo Hui Shaw, Hui Lou Chen",https://www.filmcrave.com/movie_page_main.php?id=49171,Unknown
Kung Fu Arts ( Hou fu ma ),49151,3.0,1,09/22/1978,Mandarin,"Action, Drama",NR,"Kuang Hui,  Hsi-chieh Lai,  Ju-shou Li","Carter Wong, Sing Chen, Chi-Min Chin, Chung-kuei Chang, Te-shan Wu, Ling Huang",https://www.filmcrave.com/movie_page_main.php?id=49172,Unknown
Forever Emmanuelle ( Laure ),49299,3.0,1,12/01/1982,Italian,"Drama, Romance",R,"Roberto D'Ettorre Piazzoli, Louis-Jacques Rollet-Andriane","Annie Belle, Emmanuelle Arsan, Pierre Haudebourg, Al Cliver, Orso Maria Guerrini, Michele Starck",https://www.filmcrave.com/movie_page_main.php?id=49173,Unknown
Crulic: The Path to Beyond ( Crulic - drumul spre dincolo ),39957,1.8,3,04/26/2012,Other,"Animation, Biography",NR,Anca Damian,"Sandrine Bonnaire, Vlad Ivanov, Jamie Sives",https://www.filmcrave.com/movie_page_main.php?id=49174,Unknown
"Night Across the Street ( noche de enfrente, La )",28402,2.3,3,10/07/2012,Spanish,Drama,NR,Raoul Ruiz,"Christian Vadim, Sergio Hernández, Valentina Vargas, Chamila Rodríguez, Pedro Villagra, Pedro Vicuña",https://www.filmcrave.com/movie_page_main.php?id=49175,Unknown
Murder 3,19764,2.3,5,02/14/2013,Hindi,Thriller,NR,Vishesh Bhatt,"Randeep Hooda, Aditi Rao Hydari, Sara Loren, Mona Lizza, Rajesh Shringarpore",https://www.filmcrave.com/movie_page_main.php?id=49176,"A woman enters into a relationship with a photographer, and she moves in to his palatial house that is as beautiful as it is mysterious. As she explores the secrets of this house her new boyfriend is also trying to unearth a mystery of his own: the disappearance of his former girlfriend. --"
Saving Lincoln,14902,2.6,4,02/13/2013,English,Biography,NR,Salvador Litvak,"Tom Amandes, Lea Coco, Penelope Ann Miller, Bruce Davison, Creed Bratton, Saidah Arrika Ekulona",https://www.filmcrave.com/movie_page_main.php?id=49177,"Using photographs taken during the Civil War, Saving Lincoln recreates the story of Abraham Lincoln and his personal bodyguard, the U.S. Marshal Ward Hill Lamon. --"
Inescapable,29426,2.0,5,02/22/2013,English,"Drama, Mystery",R,Ruba Nadda,"Alexander Siddig, Joshua Jackson, Marisa Tomei, Oded Fehr, Saad Siddiqui, Bonnie Lee Bouman",https://www.filmcrave.com/movie_page_main.php?id=49178,"A man who left Syria behind 30 years earlier, must confront his past when"
Leviathan,12969,2.5,7,10/13/2012,English,Documentary,NR,"Lucien Castaing-Taylor, Verena Paravel","Declan Conneely, Johnny Gatcombe, Adrian Guillette, Brian Jannelle, Clyde Lee, Arthur Smith",https://www.filmcrave.com/movie_page_main.php?id=49179,Documentary exploring the North Atlantic commercial fishing trade. --
"Monk, The ( moine, Le )",9696,2.6,7,07/13/2011,French,"Drama, Mystery",R,Dominik Moll,"Vincent Cassel, Déborah François, Catherine Mouchet, Roxane Duran, Geraldine Chaplin, Joséphine Japy",https://www.filmcrave.com/movie_page_main.php?id=49180,"In 17th century Madrid a boy is abandoned at a monastery where he is raised by the friars. Through rigor and virtue he becomes a friar and a well-respected, unrivaled preacher. He thinks he is above all temptations, but the devil has other plans.  --"
Dreams,35955,2.0,3,02/01/2013,English,Drama,NR,Joel Kapity,"Joshlyn Camille Lomax, Mel Jackson, Llou Johnson, Jazsmin Lewis, Syesha Mercado, Lou Myers",https://www.filmcrave.com/movie_page_main.php?id=49181,Unknown
Superpower,51375,3.0,1,08/28/2008,English,"Documentary, Historical",PG-13,Barbara-Anne Steegmuller,"Christy Johnson, Noam Chomsky, Robert Griffiths, Sergei Khrushchev, Dave Wiggins, Morgan Reynolds",https://www.filmcrave.com/movie_page_main.php?id=49182,Unknown
One Life,51843,3.0,1,02/21/2013,English,Documentary,NR,"Michael Gunton, Martha Holmes",Daniel Craig,https://www.filmcrave.com/movie_page_main.php?id=49183,Daniel Craig narrates this documentary that follows the cyclical journey taken by all living creature beginning at birth and ending with them having children of their own. --
How to Stop Being a Loser,51696,3.0,1,11/18/2011,English,Comedy,NR,Dominic Burns,"Simon Phillips, Craig Conway, Gemma Atkinson, Stephanie Leonidas, Billy Murray, Richard E. Grant",https://www.filmcrave.com/movie_page_main.php?id=49184,Unknown
Emperor,4630,2.8,16,03/08/2013,English,"Drama, Historical",PG-13,Peter Webber,"Tommy Lee Jones, Matthew Fox, Kaori Momoi, Aaron Jackson, Eriko Hatsune, Toshiyuki Nishida",https://www.filmcrave.com/movie_page_main.php?id=49185,"As WWII draws to a close, General Bonner Fellers is charged with deciding whether Japanese Emperor Hirohito will be hanged for war crimes. Even as the decision weighs heavy in his mind, he searches for Aya, an exchange student from his past. --"
American Hustle,1119,2.9,166,12/20/2013,English,"Drama, Historical",R,David O. Russell,"Bradley Cooper, Christian Bale, Jennifer Lawrence, Jeremy Renner, Amy Adams, Robert De Niro",https://www.filmcrave.com/movie_page_main.php?id=49186,"A con artist and his partner are forced into an alliance with a federal agent where they work against people just like them - all in a bid to bring down the corrupt, volatile mayor of Camden, New Jersey. --"
About Last Night,7826,2.6,11,02/14/2014,English,"Comedy, Drama",R,Steve Pink,"Kevin Hart, Michael Ealy, Regina Hall, Joy Bryant, Adam Rodriguez, Bryan Callen",https://www.filmcrave.com/movie_page_main.php?id=49187,"As one relationship is on the brink of failing, a man sets up his friend with his girlfriend's roommate - About Last Night explores the many ups and downs of modern relationships from the bar to the bedroom to making things work in the real world. --"
Greenwich Village: Music That Defined a Generation,51812,3.0,1,01/18/2013,English,Documentary,NR,Laura Archibald,"Kris Kristofferson, Pete Seeger, Carly Simon, Israel Horovitz, Oscar Brand, Susan Sarandon",https://www.filmcrave.com/movie_page_main.php?id=49188,Unknown
High Plains Doctor: Healing on the Tibetan Plateau,59580,2.0,1,01/25/2013,English,Documentary,NR,Michael Oved Dayan,"Isaac Sobol, Shenandoah Gills, Dawn Chisholm, Antonella Guggenheim, Dana Bacharach, Sheila Rittenberg",https://www.filmcrave.com/movie_page_main.php?id=49189,Unknown
Vampire Academy,24601,1.9,23,02/07/2014,English,Fantasy,PG-13,Mark Waters,"Zoey Deutch, Sarah Hyland, Olga Kurylenko, Joely Richardson, Claire Foy, Cameron Monaghan",https://www.filmcrave.com/movie_page_main.php?id=49190,"Rose Hathaway is a Dhampir - half-human and half-vampire - and she works to protect the Moroi, peaceful, mortal vampires who live unnoticed amongst humans. But the Moroi are targets of the vicious Strigoi - the immortal, bloodthirsty vampires of legend. She forms of bond with Princess Vasilisa Dragomir at St. Vladimir's Academy - but when she is targeted, the pair must flee the academy in order to survive. --"
The Maze Runner,6230,2.6,76,09/19/2014,English,"Action, Sci-Fi",PG-13,Wes Ball,"Will Poulter, Dylan O'Brien, Kaya Scodelario, Thomas Brodie-Sangster, Patricia Clarkson, Aml Ameen",https://www.filmcrave.com/movie_page_main.php?id=49191,"In a dark future, Thomas finds himself on an elevator, remembering nothing but his own name. He soon finds himself in ""The Glade"", a community of about 60 other young men - who have learned to survive in this enclosure while trying to find a means of escape. Every 30 days a new boy arrives - and they fight not only for survival, but also against the Grievers - creatures who plague the community. Their world is changed forever when the next arrival is comatose girl with a note. --"
Pirates of the Caribbean: Dead Men Tell No Tales,6744,2.6,37,05/26/2017,English,"Action, Adventure",PG-13,"Joachim Rønning, Espen Sandberg","Johnny Depp, Javier Bardem, Brenton Thwaites, Geoffrey Rush, Kaya Scodelario, Kevin R. McNally",https://www.filmcrave.com/movie_page_main.php?id=49192,"Captain Jack Sparrow's luck may have finally run out. His long-time rival, Captain Salazar, has found a way to escape from the Devil's Triangle and his ghostly crew is determined to kill every pirate at sea - with Sparrow at the top of his list. Gathering his friends, Sparrow's only hope lies in finding the legendary artifact, the Trident of Poseidon, said to give the owner total control over the sea. --"
"There Will Come a Day ( giorno devi andare, Un )",51826,3.0,1,01/21/2013,Italian,Drama,NR,Giorgio Diritti,"Jasmine Trinca, Anne Alvaro, Sonia Gessner, Pia Engleberth, Federica Fracassi, Amanda Fonseca Galvao",https://www.filmcrave.com/movie_page_main.php?id=49193,Unknown
The Teller and the Truth,44865,2.0,2,09/03/2014,English,Mystery,NR,Andrew Shapter,"Leilani Galvan, Russell Gustave Ochoa, Helena Stoddard, Mona Lee Fultz, Marco Perella, Michael Glasscock",https://www.filmcrave.com/movie_page_main.php?id=49194,Unknown
Spiders,38618,1.8,4,02/08/2013,English,"Sci-Fi, Thriller",PG-13,Tibor Takács,"Christa Campbell, William Hope, Patrick Muldoon, Shelly Varod, Jon Mack, Sydney Sweeney",https://www.filmcrave.com/movie_page_main.php?id=49195,A Soviet space station crashes into a New York City subway tunnel and unleashes a new species of venomous spiders. The creatures soon mutate to enormous proportions and wreak havoc on the city. --
The Reluctant Fundamentalist,6021,2.8,8,04/26/2013,English,Thriller,R,Mira Nair,"Kate Hudson, Kiefer Sutherland, Liev Schreiber, Nelsan Ellis, Martin Donovan, Riz Ahmed",https://www.filmcrave.com/movie_page_main.php?id=49196,A young Pakistani man has found success on Wall Street but will have to decide between his new life and loyalty to his homeland when he becomes involved in a hostage crisis. --
Gun Justice,47369,3.0,1,12/11/1933,English,Western,NR,Alan James,"Ken Maynard, Cecilia Parker, Hooper Atchley, Walter Miller, William Gould, Jack Rockwell",https://www.filmcrave.com/movie_page_main.php?id=49197,Unknown
Via Pony Express,47337,3.0,1,02/06/1933,English,Western,NR,Lewis D. Collins,"Jack Hoxie, Lane Chandler, Marceline Day, Matthew Betz, Julian Rivero, Doris Hill",https://www.filmcrave.com/movie_page_main.php?id=49198,Unknown
Peg o' My Heart,47348,3.0,1,05/26/1933,English,"Drama, Romance",NR,Robert Z. Leonard,"Marion Davies, Onslow Stevens, J. Farrell MacDonald, Juliette Compton, Irene Browne, Alan Mowbray",https://www.filmcrave.com/movie_page_main.php?id=49199,Unknown
The Fiddlin' Buckaroo,56061,2.0,1,07/20/1933,English,Western,NR,Ken Maynard,"Ken Maynard, Gloria Shea, Fred Kohler, Frank Rice, Jack Rockwell, Joseph W. Girard",https://www.filmcrave.com/movie_page_main.php?id=49200,Unknown
Viktor and Viktoria ( Viktor und Viktoria ),47447,3.0,1,01/27/1935,German,"Comedy, Musical",NR,Reinhold Schünzel,"Renate Müller, Hermann Thimig, Hilde Hildebrand, Friedel Pisetta, Fritz Odemar, Aribert Wäscher",https://www.filmcrave.com/movie_page_main.php?id=49201,Unknown
State Trooper,47338,3.0,1,02/10/1933,English,"Action, Crime",NR,D. Ross Lederman,"Regis Toomey, Evalyn Knapp, Barbara Weeks, Raymond Hatton, Edwin Maxwell, Walter McGrail",https://www.filmcrave.com/movie_page_main.php?id=49202,Unknown
The Important Witness,56060,2.0,1,07/15/1933,English,"Action, Comedy",NR,Sam Newfield,"Noel Francis, Don Dillaway, Dorothy Burgess, Noel Madison, Sarah Padden, Paul Fix",https://www.filmcrave.com/movie_page_main.php?id=49203,Unknown
A Very Honorable Guy,43548,2.0,2,05/05/1934,English,"Comedy, Crime",NR,Lloyd Bacon,"Joe E. Brown, Alice White, Robert Barrat, Alan Dinehart, Irene Franklin, Hobart Cavanaugh",https://www.filmcrave.com/movie_page_main.php?id=49204,Unknown
Strawberry Roan,47363,3.0,1,10/26/1933,English,Western,NR,Alan James,"Ken Maynard, Ruth Hall, Harold Goodwin, Frank Yaconelli, James A. Marcus, William Desmond",https://www.filmcrave.com/movie_page_main.php?id=49205,Unknown
"Inspector General, The ( Revizor/1937 )",56337,2.0,1,11/24/1937,Czech,Comedy,NR,Martin Fric,"Vlasta Burian, Jaroslav Marvan, Václav Trégl, Josef Vosalík, Alois Dvorský, Josef Rovenský",https://www.filmcrave.com/movie_page_main.php?id=49206,Unknown
Unknown Valley,47347,3.0,1,05/05/1933,English,Western,NR,Lambert Hillyer,"Buck Jones, Cecilia Parker, Wade Boteler, Frank McGlynn Sr., Ward Bond, Arthur Wanzer",https://www.filmcrave.com/movie_page_main.php?id=49207,Unknown
Saturday's Millions,56064,2.0,1,10/01/1933,English,"Drama, Sport",NR,Edward Sedgwick,"Robert Young, Andy Devine, Leila Hyams, Johnny Mack Brown, Mary Carlisle, Grant Mitchell",https://www.filmcrave.com/movie_page_main.php?id=49208,Unknown
Doss House,56057,2.0,1,06/01/1933,English,Crime,NR,John Baxter,"Frank Cellier, Arnold Bell, Herbert Franklyn, Mark Daly, Edgar Driver, Hubert Leslie",https://www.filmcrave.com/movie_page_main.php?id=49209,Unknown
A Grim Becoming,26154,3.0,2,10/25/2014,English,"Comedy, Horror",Unknown,Adam R. Steigert,"Bill Oberst Jr., Britt Griffith, Jessica Cameron, Lynn Lowry, Melantha Blackthorne, Devanny Pinn",https://www.filmcrave.com/movie_page_main.php?id=49210,Unknown
Before Midnight,915,3.0,62,05/24/2013,English,Drama,R,Richard Linklater,"Ethan Hawke, Julie Delpy, Seamus Davey-Fitzpatrick, Athina Rachel Tsangari, Ariane Labed, Xenia Kalogeropoulou",https://www.filmcrave.com/movie_page_main.php?id=49211,"Two decades after their fateful meeting on a train bound for Vienna, we meet back up with Jesse and Celine now in Greece. --"
Blue Jasmine,1562,2.9,73,07/26/2013,English,"Comedy, Drama",PG-13,Woody Allen,"Cate Blanchett, Sally Hawkins, Bobby Cannavale, Alec Baldwin, Peter Sarsgaard, Louis C.K.",https://www.filmcrave.com/movie_page_main.php?id=49212,"When her ex-husband leaves her with nothing, a woman moves in with her sister in San Francisco in the hopes of putting her life back together. --"
Welcome to Pine Hill,37773,2.5,2,01/01/2012,English,Drama,NR,Keith Miller,"Mark Anthony Hackett, Jaiden Kaine, Shanon Harper, Lily Jayne, Ernest Bastien, Mark Read",https://www.filmcrave.com/movie_page_main.php?id=49213,Unknown
The Believers,59551,2.0,1,10/16/2012,English,"Documentary, Biography",NR,"Clayton Brown, Monica Long Ross","Stanley Pons, Martin Fleischmann",https://www.filmcrave.com/movie_page_main.php?id=49215,Unknown
"Deep, The ( Djúpið )",51803,3.0,1,01/05/2013,Other,Drama,NR,Baltasar Kormákur,"Ólafur Darri Ólafsson, Jóhann G. Jóhannsson, Þorbjörg Helga Þorgilsdóttir, Theodór Júlíusson, María Sigurðardóttir, Björn Thors",https://www.filmcrave.com/movie_page_main.php?id=49216,"Based on true accounts: when an Icelandic fisherman capsizes off the south coast, he does everything he can to survive in the freezing ocean waters. --"
Habanastation,59508,2.0,1,08/25/2011,Spanish,"Drama, Family",NR,Ian Padrón,"Claudia Alvariño, Rubén Araujo, Blanca Rosa Blanco, René de la Cruz Jr., Ernesto Escalona, Pedro Fernández",https://www.filmcrave.com/movie_page_main.php?id=49217,Unknown
Long Distance Revolutionary: A Journey with Mumia Abu-Jamal,51837,3.0,1,02/01/2013,English,Documentary,NR,Stephen Vittoria,"Mumia Abu-Jamal, Giancarlo Esposito, Ruby Dee, Peter Coyote, Cornel West, Alice Walker",https://www.filmcrave.com/movie_page_main.php?id=49218,"Even though he spent a good deal of his life on death row, political prisoner Mumia Abu-Jamal would not let his voice be silenced. This is his story. --"
An Awkward Sexual Adventure,51828,3.0,1,01/25/2013,English,Comedy,NR,Sean Garrity,"Jonas Chernick, Emily Hampshire, Sarah Manninen, Vik Sahay, Melissa Marie Elias, Sarah Constible",https://www.filmcrave.com/movie_page_main.php?id=49219,Unknown
The Liability,29928,2.2,3,01/29/2013,English,"Thriller, Action",R,Craig Viveiros,"Tim Roth, Talulah Riley, Jack O'Connell, Peter Mullan, Kierston Wareing, Christopher Hatherall",https://www.filmcrave.com/movie_page_main.php?id=49220,"A revenge flick for ""the girl"" whose sister was abducted for sex trafficking.  A gangster named Adam (Jack O'Connell) snoops inside the laptop of Peter (Peter Mullan).  Adam tells Peter to accompany Roy (Roy (Tim Roth) for a job.  A mysterious girl (Talulah Riley) is chased."
Filly Brown,32865,2.8,2,04/19/2013,English,Drama,R,"Youssef Delara, Michael D. Olmos","Jenni Rivera, Lou Diamond Phillips, Edward James Olmos, Gina Rodriguez, Chrissie Fit, Jorge Diaz",https://www.filmcrave.com/movie_page_main.php?id=49221,"A tough poet from the streets, Maria Jose 'Majo' Tonorio goes from cutting a rough demo to being on the cusp of a major record deal. Yet while this would mean a great help to her struggling family - it would also mean leaving her old life, and friends, behind. --"
Erroll Garner: No One Can Hear You Read,51873,3.0,1,04/01/2013,English,Documentary,NR,Atticus Brady,"Steve Allen, Ruth Garner Moore, George Avakian, Ernest McCarty, Kim Garner, Dick Hyman",https://www.filmcrave.com/movie_page_main.php?id=49222,"A man who was instrumental in the world of jazz musicians, Erroll Garner was a piano prodigy who pushed the instrument to its limits.  Yet despite his international renown and talent, his story remained untold - but this documentary will change that. --"
"Zeta One ( Love Factor, The )",45319,1.5,3,06/22/1975,English,"Comedy, Family",R,Michael Cort,"James Robertson Justice, Charles Hawtrey, Robin Hawdon, Anna Gaël, Brigitte Skay, Dawn Addams",https://www.filmcrave.com/movie_page_main.php?id=49223,Unknown
Maximum Conviction,29653,2.0,5,11/06/2012,English,"Action, Thriller",R,Keoni Waxman,"Steven Seagal, Steve Austin, Michael Paré, Aliyah O'Brien, Zak Santiago, Bren Foster",https://www.filmcrave.com/movie_page_main.php?id=49224,Unknown
The Frankenstein Theory,36062,1.8,6,03/01/2013,English,Horror,NR,Andrew Weiner,"Kris Lemche, Joe Egender, Timothy V. Murphy, Eric Zuckerman, Christine Lakin, Heather Stephens",https://www.filmcrave.com/movie_page_main.php?id=49225,"An ousted university professor presents an outlandish theory to a documentary film crew: Mary Shelly's groundbreaking horror novel Frankenstein was a actually based on a true story but spun as a fiction novel. Traveling to the frozen reaches of the Arctic Circle, the group discovers the truth and unleashes a nightmare. --"
The Numbers Station,7903,2.5,22,04/26/2013,English,Thriller,R,Kasper Barfoed,"John Cusack, Malin Akerman, Hannah Murray, Liam Cunningham, Lucy Griffiths, Bryan Dick",https://www.filmcrave.com/movie_page_main.php?id=49226,"A long-time black ops operative is given a ""break"" when his latest operation results in an unfavorable psych evaluation. His usual wetworks assignment has now been downgraded to simple protection duty for a young code announcer and her station. But a sudden ambush turns this simple job into a fight for survival... for both of them. --"
Big Ass Spider,38522,1.7,6,03/08/2013,English,Sci-Fi,R,Mike Mendez,"Greg Grunberg, Ray Wise, Lin Shaye, Clare Kramer, Lloyd Kaufman, Patrick Bauchau",https://www.filmcrave.com/movie_page_main.php?id=49227,"A massive alien spider gets loose and begins terrorizing the city of Los Angeles. After a military retaliation fails to kill the beast, the only way to stop it lies in the hands of a group of scientists... and a lone exterminator. --"
Would You Rather,8684,2.5,21,10/14/2012,English,"Horror, Thriller",NR,David Guy Levy,"Brittany Snow, Jeffrey Combs, Enver Gjokaj, Lawrence Gilliard Jr., June Squibb, Sasha Grey",https://www.filmcrave.com/movie_page_main.php?id=49228,"A group of desperate strangers are invited to a wealthy man's dinner party, where they are forced to play a fatal game of Would You Rather, where the winner wins a grand amount of money and the losers meet an unfortunate end."
MURPH: The Protector,38827,1.8,4,03/22/2013,English,Documentary,PG,Scott Mactavish,"Daniel Murphy, John Murphy, Maureen Murphy, Kristin Bishop, Daniel O'Shea, James Emmerich",https://www.filmcrave.com/movie_page_main.php?id=49229,Documentary about Navy SEAL LT Michael P. Murphy - a man committed to honor and duty and his fellow soldiers. He sacrificed his life for his men in 2005 and was awarded the Medal of Honor posthumously in 2007 for his service and courageous act. --
The Battle of Pussy Willow Creek,59492,2.0,1,04/17/2010,English,"Comedy, Historical",NR,Wendy Jo Cohen,"Emily Mitchell, Christopher Lukas, Tim Cusack, John Redmond, Emilie Bonsant, Christine Tracy",https://www.filmcrave.com/movie_page_main.php?id=49230,Unknown
Gut Renovation,59534,2.0,1,06/08/2012,English,"Documentary, Historical",NR,Su Friedrich,Unknown,https://www.filmcrave.com/movie_page_main.php?id=49231,Unknown
Holla II,43267,1.5,4,04/19/2013,English,"Comedy, Horror",R,H.M. Coakley,"Kiely Williams, Vanessa Bell Calloway, Greg Cipes, Omar Gooding, Akeem Smith, Trae Ireland",https://www.filmcrave.com/movie_page_main.php?id=49232,"After Monica escapes from her mentally ill sister, Veronica, she and her mother, Marion, move down South to start up new lives. Six years pass and all seems well and Veronica is finally ready to feel safe - especially with her wedding coming up. But a plantation house with a dark history will be the setting for an unpleasant reunion as the killings begin again. --"
Language of a Broken Heart,59513,2.0,1,10/22/2011,English,"Comedy, Romance",R,Rocky Powell,"Juddy Talt, Julie White, Kate French, Ethan Cohn, Oscar Nuñez, Lara Pulver",https://www.filmcrave.com/movie_page_main.php?id=49233,Unknown
History of the Eagles Part One,25987,3.0,2,01/19/2013,English,Documentary,NR,Alison Ellwood,"Glenn Frey, Joe Walsh, Don Henley, Timothy B. Schmit",https://www.filmcrave.com/movie_page_main.php?id=49234,Unknown
No Place on Earth,16810,2.5,4,04/05/2013,German,Documentary,PG-13,Janet Tobias,"Chris Nicola, Saul Stermer, Sam Stermer, Sonia Dodyk, Sima Dodyk, Katalin Lábán",https://www.filmcrave.com/movie_page_main.php?id=49235,"While mapping out the largest cave system in the Ukraine, Chris Nicola makes a startling discovery: during WWII five Jewish families made their home in cave systems for a year and a half to escape the Nazis - the longest uninterrupted underground survival known to man. --"
Circles ( Krugovi ),51811,3.0,1,01/18/2013,Serbian,Drama,NR,Srdan Golubovic,"Aleksandar Bercek, Leon Lucev, Nebojsa Glogovac, Nikola Rakocevic, Hristina Popovic, Boris Isakovic",https://www.filmcrave.com/movie_page_main.php?id=49236,"One heroic act encased in tragedy - now, 12 years later, the five people involved will have to face their own past that has led them down this path - will they give in to their urges or do the right thing, no matter the cost? --"
The Sandwich Man,48539,3.0,1,07/01/1966,English,Comedy,NR,Robert Hartford-Davis,"Michael Bentine, Dora Bryan, Harry H. Corbett, Bernard Cribbins, Diana Dors, Wilfrid Hyde-White",https://www.filmcrave.com/movie_page_main.php?id=49237,Unknown
Genius on Hold,41897,2.3,2,03/01/2013,English,Documentary,PG,Gregory Marquette,"Frank Langella, Walter L. Shaw",https://www.filmcrave.com/movie_page_main.php?id=49238,"The true story of Walter L. Shaw - a telecommunications genius whose aspirations for a bright future never panned out - and his son, Walter T. Shaw - who saw fortune and prosperity slip away as he took to the life of crime as a ruthless jewel thief. --"
Family Weekend,32857,2.8,2,03/29/2013,English,"Comedy, Drama",R,Benjamin Epps,"Kristin Chenoweth, Matthew Modine, Olesya Rulin, Joey King, Robbie Tucker, Shirley Jones",https://www.filmcrave.com/movie_page_main.php?id=49239,"An over-achieving 16-year-old feels neglected by her workaholic mother and artist father and, with the help of her siblings, takes them hostage for the weekend with hopes of bringing them all together. --"
"Rice Paddy, The ( rizière, La )",51773,3.0,1,10/07/2012,Mandarin,Drama,NR,Xiaoling Zhu,"Xiang Chuifen, Shi Guangjin, Wu Shenming, Yang Xiaoyuan, O. Xuexin, Yang Yingqiu",https://www.filmcrave.com/movie_page_main.php?id=49240,Unknown
Barbie in the Pink Shoes,51834,3.0,1,02/01/2013,English,"Animation, Family",NR,Owen Hurley,"Kelly Sheridan, Katie Crown, Teryl Rothery, Brett Dier, Tabitha St. Germaine, Bill Mondy",https://www.filmcrave.com/movie_page_main.php?id=49241,Unknown
"Meteor, The ( météore, Le )",51816,3.0,1,01/19/2013,French,Drama,NR,François Delisle,"Noémie Godin-Vigneau, François Delisle, Laurent Lucas, Jacqueline Courtemanche, Dany Boudreault, Brigitte Pogonat",https://www.filmcrave.com/movie_page_main.php?id=49242,"Explores the lives of Pierre - a 40-ish man serving a 14-year prison sentence, his 80-year-old mother who visits him every week and Suzanne - his one-time wife who has since moved on after his incarceration. Time seems to stand still on the inside, yet still moves by on the outside. --"
Eden,6650,2.9,5,03/11/2012,English,Drama,R,Megan Griffiths,"Jamie Chung, Beau Bridges, Scott Mechlowicz, Matt O'Leary, Ernie Joseph, Tantoo Cardinal",https://www.filmcrave.com/movie_page_main.php?id=49243,A young Korean-American girl is kidnapped and forced into prostitution by
Kiss of the Damned,12478,2.4,12,05/03/2013,English,Horror,R,Xan Cassavetes,"Joséphine de La Baume, Roxane Mesquida, Milo Ventimiglia, Michael Rapaport, Anna Mouglalis, Riley Keough",https://www.filmcrave.com/movie_page_main.php?id=49244,A female vampire gives in to the advances of a handsome screenwriter but when her sister drops in for an unexpected visit it threatens her new romance and spells trouble for the entire vampire community. --
All the Labor,51846,3.0,1,03/01/2013,English,Documentary,NR,Doug Hawes-Davis,"Kevin Russell, Jimmy Smith, Claude Bernard, Keith Langford, Max Johnston",https://www.filmcrave.com/movie_page_main.php?id=49245,"Documentary about The Gourds, a Texas band whose most well-known song is a cover of a rap song but has a rabid, enthusiastic fan base that will follow them anywhere and everywhere because they know that the only way to truly experience this band is at a live show. --"
Jennifer on My Mind,48813,3.0,1,11/10/1971,English,Comedy,R,Noel Black,"Michael Brandon, Tippy Walker, Steve Vinovich, Lou Gilbert, Chuck McCann, Peter Bonerz",https://www.filmcrave.com/movie_page_main.php?id=49246,Unknown
Inside the Goldmine,49694,3.0,1,01/01/1994,English,Drama,NR,Josh Evans,"Alan Marshall, Josh Evans, Tully Jensen, Charlie Spradling, Gary Chazan, Casey Hirsch",https://www.filmcrave.com/movie_page_main.php?id=49247,Unknown
When Nature Calls,49381,3.0,1,09/13/1985,English,Comedy,R,Charles Kaufman,"David Orange, Barbara Marineau, Nicky Beim, Tina Marie Staiano, David Strathairn, Morey Amsterdam",https://www.filmcrave.com/movie_page_main.php?id=49248,Unknown
Sassy Pants,25976,3.0,2,10/26/2012,English,"Comedy, Drama",R,Coley Sohn,"Haley Joel Osment, Ashley Rickards, Anna Gunn, Diedrich Bader, Jenny O'Hara, Martin Spanjers",https://www.filmcrave.com/movie_page_main.php?id=49249,Unknown
The Lost Medallion: The Adventures of Billy Stone,41898,2.3,2,03/01/2013,English,Adventure,PG,Bill Muir,"Billy Unger, Sammi Hanratty, James Hong, Jansen Panettiere, Mark Dacascos, William Corkery",https://www.filmcrave.com/movie_page_main.php?id=49250,Unknown
The Spectacular Now,1435,3.0,51,08/02/2013,English,"Comedy, Drama",R,James Ponsoldt,"Shailene Woodley, Miles Teller, Brie Larson, Kyle Chandler, Jennifer Jason Leigh, Dayo Okeniyi",https://www.filmcrave.com/movie_page_main.php?id=49251,"A high school senior enjoys living in ""the now"" - a steady job, the life of the party, a budding alcoholic - and no thoughts for the future. Yet when his girlfriend dumps him, a night of binge drinking finds him being awoken on the lawn by Aimee Finicky - a the ""nice"" girl with plans for the future. Their paths may be as different as can be - but somehow the two click. --"
Once in a Lullaby: PS 22 Chorus Documentary,59548,2.0,1,10/12/2012,English,"Documentary, Adventure",NR,Jonathan Kalafer,Unknown,https://www.filmcrave.com/movie_page_main.php?id=49252,Unknown
Molly Maxwell,51804,3.0,1,01/06/2013,English,Drama,NR,Sara St. Onge,"Lola Bridgette Tash, Charlie Carrick, Krista Bridges, Rob Stewart, Richard Clarkin, Brooke Palsson",https://www.filmcrave.com/movie_page_main.php?id=49253,"In a school for the extraordinary, 16-year-old Molly just can't figure out how to distinguish herself. With pressure from both her family and fellow students, figuring out what path to take weighs heavy on her mind. When a young English teacher enters the picture, she feels an immediate bond - but when the relationship grows more intimate, it could bring down everything she has worked for.  --"
Hansel & Gretel Get Baked,23349,2.2,6,02/19/2013,English,"Comedy, Horror",NR,Duane Journey,"Molly C. Quinn, Michael Welch, Lara Flynn Boyle, Yancy Butler, Lochlyn Munro, Andrew James Allen",https://www.filmcrave.com/movie_page_main.php?id=49254,A new strain of Black Forest pot surfaces in a suburban neighborhood and the little old lady whose peddling it holds a secret: the pot is there to lure in unsuspecting buyers and to maintain her youth by consuming their flesh. --
Hannah Arendt,5351,3.0,5,02/16/2013,German,"Biography, Drama",NR,Margarethe von Trotta,"Barbara Sukowa, Axel Milberg, Janet McTeer, Nicholas Woodeson, Julia Jentsch, Ulrich Noethen",https://www.filmcrave.com/movie_page_main.php?id=49255,"Explores the life of philosopher, political theorist and reporter Hannah Arendt as she covers the trial of notorious Nazi war criminal Adolf Eichmann.  --"
Two Mothers ( Zwei Mütter ),59661,2.0,1,05/30/2013,German,Drama,NR,Anne Zohra Berrached,"Karina Plachetka, Sabine Wolf, Florian Weber, Maarten Van Santen, Tilmann A. Müller, Joachim Welz",https://www.filmcrave.com/movie_page_main.php?id=49256,Two women - long time friends and current neighbors - enter into a relationship with each others respective sons. --
Transcendence,12902,2.3,58,04/18/2014,English,"Drama, Sci-Fi",PG-13,Wally Pfister,"Johnny Depp, Paul Bettany, Kate Mara, Morgan Freeman, Cillian Murphy, Rebecca Hall",https://www.filmcrave.com/movie_page_main.php?id=49257,"A pair of computer scientists at the top of their field are closing in on the Technological Singularity - the ability for a computer to transcend the ability of the human brain. As their near their goal, an anti-technology radical group will stop at nothing to prevent the next stage of technological evolution. --"
Hercules,6325,2.6,54,07/25/2014,English,Action,PG-13,Brett Ratner,"Dwayne Johnson, Ian McShane, John Hurt, Rufus Sewell, Rufus Sewell, Ingrid Bolsø Berdal",https://www.filmcrave.com/movie_page_main.php?id=49258,"Having faced the twelve labors and survived, demigod Hercules, having"
Adorable,40458,2.3,2,05/19/1933,English,"Musical, Comedy",NR,William Dieterle,"Janet Gaynor, Henri Garat, C. Aubrey Smith, Herbert Mundin, Blanche Friderici, Hans Heinrich von Twardowski",https://www.filmcrave.com/movie_page_main.php?id=49259,Unknown
Before Morning,56066,2.0,1,10/19/1933,English,"Crime, Mystery",NR,Arthur Hoerl,"Leo Carrillo, Lora Baxter, Taylor Holmes, Blaine Cordner, Louise Prussing, Russell Hicks",https://www.filmcrave.com/movie_page_main.php?id=49260,Unknown
Below the Sea,36341,2.5,2,03/29/1933,English,"Adventure, Romance",NR,Albert S. Rogell,"Ralph Bellamy, Fay Wray, Frederick Vogeding, Esther Howard, Paul Page, Trevor Bland",https://www.filmcrave.com/movie_page_main.php?id=49261,Unknown
Under the Tonto Rim,47342,3.0,1,04/07/1933,English,"Comedy, Western",NR,Henry Hathaway,"Stuart Erwin, Fred Kohler, Raymond Hatton, Verna Hillie, John Lodge, Fuzzy Knight",https://www.filmcrave.com/movie_page_main.php?id=49262,Unknown
Don't Bet on Love,56059,2.0,1,07/01/1933,English,"Comedy, Drama",NR,Murray Roth,"Lew Ayres, Ginger Rogers, Charley Grapewin, Shirley Grey, Tom Dugan, Merna Kennedy",https://www.filmcrave.com/movie_page_main.php?id=49263,Unknown
Avellaneda's Moon ( Luna de Avellaneda ),16163,3.5,2,06/08/2005,Spanish,"Comedy, Sport",NR,Juan José Campanella,"Ricardo Darín, Eduardo Blanco, Mercedes Morán, Valeria Bertuccelli, Silvia Kutika, José Luis López Vázquez",https://www.filmcrave.com/movie_page_main.php?id=49264,Unknown
Dawn ( Morgenrot ),56055,2.0,1,05/15/1933,German,"Drama, War",NR,"Vernon Sewell, Gustav Ucicky","Rudolf Forster, Fritz Genschow, Adele Sandrock, Camilla Spira, Paul Westermeier, Gerhard Bienert",https://www.filmcrave.com/movie_page_main.php?id=49265,Unknown
Dangerous Crossroads,56058,2.0,1,06/15/1933,English,"Action, Crime",NR,Lambert Hillyer,"Charles 'Chic' Sale, Jackie Searl, Diane Sinclair, Frank Albertson, Preston Foster, Niles Welch",https://www.filmcrave.com/movie_page_main.php?id=49266,Unknown
Trailing North,56056,2.0,1,05/16/1933,English,"Crime, Western",NR,John P. McCarthy,"Bob Steele, Doris Hill, Arthur Rankin, George 'Gabby' Hayes, Norman Feusier, Fred Burns",https://www.filmcrave.com/movie_page_main.php?id=49267,Unknown
Rainbow Over Broadway,47367,3.0,1,12/01/1933,English,Musical,NR,Richard Thorpe,"Joan Marsh, Frank Albertson, Lucien Littlefield, Grace Hayes, Gladys Blake, Glen Boles",https://www.filmcrave.com/movie_page_main.php?id=49268,Unknown
Tango,47551,3.0,1,02/14/1936,English,Drama,NR,Phil Rosen,"Marian Nixon, Chick Chandler, Marie Prevost, Matty Kemp, Warren Hymer, Herman Bing",https://www.filmcrave.com/movie_page_main.php?id=49269,Unknown
Venus and Serena,10867,3.0,3,10/06/2012,English,Documentary,PG-13,"Maiken Baird, Michelle Major","Venus Williams, Serena Williams, Billie Jean King, John McEnroe, Anna Wintour, Richard Williams",https://www.filmcrave.com/movie_page_main.php?id=49270,"When Venus and Serena Williams burst on the tennis scene - they provoked an immediate reaction from respect to resentment. But through it all, the sisters proved time and time again they were a force to be reckoned with. In a sport where youth trumps experience, the two sisters have had a long and impressive career. The documentary looks back at their lives but also explores the 2011 season where one sister battled against an autoimmune disease, while the other fought a pulmonary embolism. --"
"Name of the Game is Kill, Thel",48647,3.0,1,05/01/1968,English,Thriller,NR,Gunnar Hellström,"Jack Lord, Tisha Sterling, Collin Wilcox Paxton, Susan Strasberg, T.C. Jones, Mort Mills",https://www.filmcrave.com/movie_page_main.php?id=49271,Unknown
Lunopolis,41809,2.3,2,01/01/2009,English,Sci-Fi,NR,Matthew Avant,"Dave Potter, Jed Himel, Matthew Avant, Hal Maynor, Nathan Avant, Sarah Avant",https://www.filmcrave.com/movie_page_main.php?id=49272,Unknown
Born to Ride,37337,2.5,2,05/03/1991,English,Action,PG,Graham Baker,"John Stamos, John Stockwell, Teri Polo, Sandy McPeak, Kris Kamm, Keith Cooke 	Keith Cooke",https://www.filmcrave.com/movie_page_main.php?id=49273,The U.S. military is trying to modernize the cavalry during WW2 by using motorcycles. --
Blackfish,461,3.2,60,01/19/2013,English,Documentary,PG-13,Gabriela Cowperthwaite,"Tilikum, Kim Ashdown, Samantha Berg, Dawn Brancheau, Daniel Patrick Dukes, John Hargrove",https://www.filmcrave.com/movie_page_main.php?id=49274,Documentary that explores the nature of keeping wild animals captive with
Fynbos,59577,2.0,1,01/18/2013,English,Drama,NR,Harry Patramanis,"Cara Roberts, Warrick Grier, Chad Phillips, Jessica Haines, John Herbert, Susan Danford",https://www.filmcrave.com/movie_page_main.php?id=49275,Unknown
The Book Thief,1137,3.0,55,11/08/2013,English,Drama,PG-13,Brian Percival,"Geoffrey Rush, Emily Watson, Sophie Nélisse, Hildegard Schroedter, Nico Liersch, Ben Schnetzer",https://www.filmcrave.com/movie_page_main.php?id=49276,"As Germany is plunged into the horrors of WWII, a young girl, Liesel, finds solace by stealing books and sharing them with others. Meanwhile, her adoptive parents are sheltering a Jewish refuge under their stairs. --"
Ride Along,9626,2.4,46,01/17/2014,English,"Action, Comedy",PG-13,Tim Story,"Kevin Hart, John Leguizamo, Ice Cube, Bruce McGill, Lucius Baston, Bryan Callen",https://www.filmcrave.com/movie_page_main.php?id=49277,A security guard whose mouth moves faster than his mind teams up with Jame's - the brother of the woman he plans to marry on a 24-hour Atlanta patrol - in order to prove his worth. --
Rhythm in the Clouds,47689,3.0,1,06/21/1937,English,"Comedy, Musical",NR,John H. Auer,"Patricia Ellis, Warren Hull, William Newell, Richard Carle, Zeffie Tilbury, Charles Judels",https://www.filmcrave.com/movie_page_main.php?id=49278,Unknown
Sitting on the Moon,47604,3.0,1,09/11/1936,English,"Comedy, Drama",NR,Ralph Staub,"Roger Pryor, Grace Bradley, William Newell, Pert Kelton, Henry Kolker, Henry Wadsworth",https://www.filmcrave.com/movie_page_main.php?id=49279,Unknown
Detour,51872,3.0,1,03/29/2013,English,Thriller,NR,William Dickerson,"Neil Hopkins, Brea Grant, John Forest, Ptolemy Slocum, Deb Snyder",https://www.filmcrave.com/movie_page_main.php?id=49280,Jackson Alder can usually talk his way out of any problem - but mother nature is about to give him one problem his mouth won't be of any help. A mudslide traps him - rescue isn't an option - he'll have to find a way to survive on his own. --
Home Run,51895,3.0,1,04/19/2013,English,"Drama, Sport",PG-13,David Boyd,"Scott Elrod, Dorian Brown, Charles Henry Wyson, James Devoti, Nicole Leigh, Drew Waters",https://www.filmcrave.com/movie_page_main.php?id=49281,"A baseball player admits he has an alcohol addiction and returns to his hometown for rehab. Although at first he considers his actions a farce, his return - including coaching a little league team and rekindling an old romance - lead him on the path of hope and ultimate redemption. --"
Astronaut: The Last Push,55837,2.0,1,02/13/2012,English,Sci-Fi,NR,Eric Hayden,"Khary Payton, Lance Henriksen, Brian Baumgartner, James Madio, Alec Gillis, Tom Woodruff Jr.",https://www.filmcrave.com/movie_page_main.php?id=49282,Unknown
Dark Hearts,23979,2.3,4,09/29/2012,English,"Drama, Thriller",R,Rudolf Buitendach,"Kyle Schmid, Sonja Kinski, Lucas Till, Goran Visnjic, Rachel Blanchard, Juliet Landau",https://www.filmcrave.com/movie_page_main.php?id=49283,An artist needing a spark of inspiration finds it in a new muse - sultry singer Fran. But even as the romance gives him new life - it also starts both of them down a dark path. --
Camp,59584,2.0,1,02/22/2013,English,Drama,PG-13,Jacob Roebuck,"Grace Johnston, Gianna Gomez, Miles Elliot, Meredith Thomas, Asante Jones, Conrad Bluth",https://www.filmcrave.com/movie_page_main.php?id=49284,Unknown
Tokyo Psycho ( Tôkyô densetsu: ugomeku machi no kyôki ),50716,3.0,1,09/11/2004,Japanese,Horror,NR,Ataru Oikawa,"Seiji Chihara, Yuka Hayashi, Sachiko Kokubu, Mizuho Nakamura, Masashi Taniguchi",https://www.filmcrave.com/movie_page_main.php?id=49285,Unknown
Unholy Women ( Kowai onna ),51113,3.0,1,11/25/2006,Japanese,"Horror, Mystery",NR,"Keita Amemiya, Takuji Suzuki, Keisuke Toyoshima","Tasuku Emoto, Teruyuki Kagawa, Noriko Nakagoshi, Yûko Kobayashi, Maki Meguro, Kenta Suga",https://www.filmcrave.com/movie_page_main.php?id=49286,Unknown
Chilling Romance aka Spellbound ( O-ssak-han Yeon-ae ),25956,3.0,2,12/16/2011,Korean,"Comedy, Horror",NR,In-ho Hwang,"Ye-jin Son, Min-ki Lee, Cheol-min Park, Hyeon-sook Kim, Mi-do Lee, Sin Seong-Hoon",https://www.filmcrave.com/movie_page_main.php?id=49287,Unknown
3 A.M. 3D,35952,2.0,3,11/22/2012,Thai,Horror,NR,"Isara Nadee, Kirati Nakintanon, Patchanon Thammajira","Apinya Sakuljaroensuk, Focus Jirakul, Shahkrit Yamnarm, Ray MacDonald, Toni Rakkaen, Karnklao Duaysianklao",https://www.filmcrave.com/movie_page_main.php?id=49288,Unknown
Her Bodyguard,47354,3.0,1,07/21/1933,English,Comedy,NR,William Beaudine,"Edmund Lowe, Wynne Gibson, Edward Arnold, Alan Dinehart, Marjorie White, Fuzzy Knight",https://www.filmcrave.com/movie_page_main.php?id=49289,Unknown
Her Splendid Folly,56065,2.0,1,10/07/1933,English,"Adventure, Comedy",NR,William A. O'Connor,"Lilian Bond, Theodore von Eltz, Alexander Carr, Beryl Mercer, J. Frank Glendon, Lloyd Whitlock",https://www.filmcrave.com/movie_page_main.php?id=49290,Unknown
The Fighting Code,47370,3.0,1,12/30/1933,English,"Action, Drama",NR,Lambert Hillyer,"Buck Jones, Diane Sinclair, Ward Bond, Richard Alexander, Alfred P. James, Erville Alderson",https://www.filmcrave.com/movie_page_main.php?id=49291,Unknown
The Fighting Cowboy,56054,2.0,1,05/01/1933,English,Western,NR,Victor Adamson,"Jay Wilsey, Genee Boutell, Allen Holbrook, William Ryno, Marin Sais, Tom Palky",https://www.filmcrave.com/movie_page_main.php?id=49292,Unknown
A Lost Lady,47415,3.0,1,09/29/1934,English,Drama,NR,Alfred E. Green,"Barbara Stanwyck, Frank Morgan, Ricardo Cortez, Lyle Talbot, Phillip Reed, Hobart Cavanaugh",https://www.filmcrave.com/movie_page_main.php?id=49293,Unknown
Black Moon,18047,2.7,3,06/15/1934,English,Horror,NR,Roy William Neill,"Jack Holt, Fay Wray, Dorothy Burgess, Cora Sue Collins, Clarence Muse, Arnold Korff",https://www.filmcrave.com/movie_page_main.php?id=49294,Unknown
Against the Law,56123,2.0,1,10/25/1934,English,"Crime, Drama",NR,Lambert Hillyer,"Johnny Mack Brown, Sally Blane, Arthur Hohl, George Meeker, James Bush, Ward Bond",https://www.filmcrave.com/movie_page_main.php?id=49295,Unknown
Desirable,47410,3.0,1,09/08/1934,English,"Drama, Romance",NR,Archie Mayo,"Jean Muir, George Brent, Verree Teasdale, John Halliday, Charles Starrett, Russell Hopton",https://www.filmcrave.com/movie_page_main.php?id=49296,Unknown
Double Door,31712,2.8,2,05/04/1934,English,"Drama, Horror",NR,Charles Vidor,"Evelyn Venable, Mary Morris, Anne Revere, Kent Taylor, Guy Standing, Colin Tapley",https://www.filmcrave.com/movie_page_main.php?id=49297,Unknown
Enlighten Thy Daughter,56077,2.0,1,01/15/1934,English,"Drama, Romance",NR,John Varley,"Herbert Rawlinson, Beth Barton, Charles Eaton, Claire Whitney, Edmund MacDonald, Russell Hicks",https://www.filmcrave.com/movie_page_main.php?id=49298,Unknown
Jealousy,47431,3.0,1,11/23/1934,English,Drama,NR,Roy William Neill,"Nancy Carroll, George Murphy, Donald Cook, Raymond Walburn, Arthur Hohl, Inez Courtney",https://www.filmcrave.com/movie_page_main.php?id=49299,Unknown
Kansas City Princess,56121,2.0,1,10/13/1934,English,"Comedy, Romance",NR,William Keighley,"Joan Blondell, Glenda Farrell, Robert Armstrong, Hugh Herbert, Osgood Perkins, T. Roy Barnes",https://www.filmcrave.com/movie_page_main.php?id=49300,Unknown
$10 Raise,56168,2.0,1,05/04/1935,English,"Comedy, Drama",NR,George Marshall,"Edward Everett Horton, Karen Morley , Alan Dinehart, Glen Boles, Berton Churchill, Rosina Lawrence",https://www.filmcrave.com/movie_page_main.php?id=49301,Unknown
"Rooster Trademark Paper, The ( Kaghaze Khoroos Neshan )",59555,2.0,1,10/28/2012,Persian,"Drama, Family",NR,Maryam Milani,"Parnia Alipanahi, Roya Bakhtiyari, Danial Ebadi, Nima Ensafian, Shayan Jalali, Narges Milani",https://www.filmcrave.com/movie_page_main.php?id=49302,Unknown
Bob's New Suit,51680,3.0,1,06/22/2011,English,Drama,NR,Alan R. Howard,"Hayley DuMond, Jenny Shimizu, Charlie Babcock, Jack Larson, John Bennett Perry, Candy Clark",https://www.filmcrave.com/movie_page_main.php?id=49303,Unknown
Citizen Hearst,51768,3.0,1,10/05/2012,English,Documentary,NR,Leslie Iwerks,"Mark Burnett, Nina Garcia, William H. Macy, Leonard Maltin, Robert A. Iger, Oprah Winfrey",https://www.filmcrave.com/movie_page_main.php?id=49304,Unknown
Generation Um...,39977,1.8,3,05/03/2013,English,Drama,R,Mark Mann,"Keanu Reeves, Adelaide Clemens, Daniel Sunjata, Bojana Novakovic, Sarita Choudhury, Jake Hoffman",https://www.filmcrave.com/movie_page_main.php?id=49305,"Three New York friends live out a day filled with sex, drugs and indecision but today their journey will be one of self-discovery. --"
Mandela: Long Walk to Freedom,13256,2.4,14,11/29/2013,English,"Biography, Drama",PG-13,Justin Chadwick,"Naomie Harris, Idris Elba, Mark Elderkin, Carl Beukes, Theo Landey, Grant Swanby",https://www.filmcrave.com/movie_page_main.php?id=49306,Follows the biography of Nelson Mandela from his rural village roots to his inauguration as the first democratically elected South African president.  --
In the House ( Dans la maison ),10003,2.7,6,04/19/2013,French,"Mystery, Thriller",R,François Ozon,"Fabrice Luchini, Ernst Umhauer, Kristin Scott Thomas, Emmanuelle Seigner, Denis Ménochet, Bastien Ughetto",https://www.filmcrave.com/movie_page_main.php?id=49307,"Claude is a student and a manipulative boy more then talented writer. Living with his paraplegic father he inserts him self in the house of others for experiences that bring him close to fell normal, although their banality (in his opinion) is same level of his writing skills. --"
The Look of Love,31628,2.8,2,01/19/2013,English,"Biography, Comedy",NR,Michael Winterbottom,"Steve Coogan, Imogen Poots, Anna Friel, Tamsin Egerton, Stephen Fry, James Lance",https://www.filmcrave.com/movie_page_main.php?id=49308,"The life and times of Paul Raymond, a British entrepreneur in the adult magazine industry, who became the richest man in Britain.  --"
Much Ado About Nothing,2271,3.0,21,06/07/2013,English,"Comedy, Drama",PG-13,Joss Whedon,"Amy Acker, Alexis Denisof, Spencer Treat Clark, Nathan Fillion, Clark Gregg, Emma Bates",https://www.filmcrave.com/movie_page_main.php?id=49309,Joss Whedon updates Shakespeare's classic tale about a pair of lovers with two different outlooks on love. --
Kehormatan di balik kerudung,16186,3.5,2,10/27/2011,Other,Drama,NR,Tya Subiakto Satrio,"Donita, Andhika Pratama, Ussy Sulistiawaty",https://www.filmcrave.com/movie_page_main.php?id=49310,A lovely Indonesian story revolving around a classic love triangle between a man and two women - one of whom he must choose for marriage.
Teketeke,59415,2.0,1,03/21/2009,Japanese,Horror,NR,Kôji Shiraishi,"Yûko Ôshima, Mami Yamasaki, Mai Nishida, Ikkei, Kaoru Mizuki, Michiko Sawayanagi",https://www.filmcrave.com/movie_page_main.php?id=49311,Unknown
Fresh Guacamole,14231,2.8,3,03/02/2012,English,Animation,NR,PES,Unknown,https://www.filmcrave.com/movie_page_main.php?id=49312,"A lovely fresh guacamole dip, made of unexpected ingredients. --"
The Longest Daycare,23521,2.2,5,07/13/2012,English,"Animation, Comedy",PG,David Silverman,Unknown,https://www.filmcrave.com/movie_page_main.php?id=49313,"Animated 3D short originally premiering before Ice Age: Continental Drift: Maggie SImpson returns to the Ayn Rand School for Tots, where she proves she is something special once again. --"
Head Over Heels,17317,2.5,4,10/21/2012,English,"Animation, Comedy",NR,Timothy Reckart,"Nigel Anthony, Rayyah McCaul",https://www.filmcrave.com/movie_page_main.php?id=49314,"An elderly couple has to cope with each other, despite one of them living on the floor, and the other, on the ceiling. --"
Dark Feed,46973,3.0,1,03/18/2013,English,Horror,R,"Michael Rasmussen, Shawn Rasmussen","Evalena Marie, Michael Reed, Michael Scott Allen, Dayna Cousins, Jason Beaubien, Jonathan Thomson",https://www.filmcrave.com/movie_page_main.php?id=49315,"A film crew is shooting a low budget horror movie and, to save money, decides to move into the abandoned psychiatric hospital they are shooting in - and the disturbing, dark past will come back to haunt them. --"
"Grow Up, Tony Phillips",52017,3.0,1,10/31/2013,English,Comedy,NR,Emily Hagins,"AJ Bowen, Seth Lee, Devin Bonnée, Caleb Barwick, Byron Brown, Tony Vespe",https://www.filmcrave.com/movie_page_main.php?id=49316,Unknown
Here I Learned How to Love ( Po Lamaditi L'ehove ),59588,2.0,1,03/01/2013,Hebrew,"Documentary, Historical",NR,Avi Angel,Unknown,https://www.filmcrave.com/movie_page_main.php?id=49317,Unknown
A Resurrection,32843,2.8,2,12/01/2012,English,Horror,R,Matt Orlando,"Mischa Barton, Devon Sawa, Michael Clarke Duncan, J. Michael Trautmann, Stuart Stone, Nick Jandl",https://www.filmcrave.com/movie_page_main.php?id=49318,"Eli, a high school student, and a frequent target of bullies, is sent to detention along with the group terrorizing him. Jessie, a psychologist, is set to interview them, and finds Eli is still volatile following the hit-and-run death of his brother. Eli blames the bullies targeting him and, after revealing that he is the subject of a curse, vows to take revenge on those he holds responsible. --"
Disconnect,1077,3.0,44,04/12/2013,English,"Drama, Thriller",R,Henry Alex Rubin,"Jason Bateman, Max Thieriot, Andrea Riseborough, Paula Patton, Alexander Skarsgård, Frank Grillo",https://www.filmcrave.com/movie_page_main.php?id=49319,As the world becomes more connected digitally - do we lose human
13 Eerie,41901,2.3,2,04/02/2013,English,Horror,NR,Lowell Dean,"Katharine Isabelle, Brendan Fehr, Brendan Fletcher, Nick Moran, Jesse Moss, Michael Eisner",https://www.filmcrave.com/movie_page_main.php?id=49320,Unknown
Before Midnight,47366,3.0,1,11/18/1933,English,Mystery,NR,Lambert Hillyer,"Ralph Bellamy, June Collyer, Claude Gillingwater, Bradley Page, Betty Blythe, Arthur Pierson",https://www.filmcrave.com/movie_page_main.php?id=49321,Unknown
"Rebellion ( ordre et la morale, L' )",25952,3.0,2,11/16/2011,French,"Action, Drama",NR,Mathieu Kassovitz,"Mathieu Kassovitz, Iabe Lapacas, Sylvie Testud, Alexandre Steiger, Philippe Torreton, Malik Zidi",https://www.filmcrave.com/movie_page_main.php?id=49322,Unknown
Western Spaghetti,37677,2.5,2,04/26/2008,English,Animation,NR,PES,Unknown,https://www.filmcrave.com/movie_page_main.php?id=49323,A delicious spaghetti made of slightly unusual ingredients. --
The Little Matchgirl,6612,2.9,5,09/07/2006,English,"Animation, Drama",G,Roger Allers,Unknown,https://www.filmcrave.com/movie_page_main.php?id=49324,A little girl selling matches remembers fond memories of her past while lighting the last of her merchandise. --
Import-Export ( Import-eksport ),25783,3.0,2,09/02/2005,Norwegian,"Comedy, Drama",NR,Khalid Hussain,"Asia Begum, Knut Erik Grorud, Niklas Gundersen, Iram Haq, Leaan Inger Helene Hiorth, Janicke Holden",https://www.filmcrave.com/movie_page_main.php?id=49325,A Norwegian drama tests the love between a Norwegian man and a Pakistani girl. Extremely hilarious drama coupled with all-good feeling. --
The Chubbchubbs Save Xmas,37655,2.5,2,08/08/2007,English,Animation,PG,Cody Cameron,"Cody Cameron, Mandy Freund, Zachary Gordon, Jeffrey Tambor, Jeff Wolverton, Bradford Simonsen",https://www.filmcrave.com/movie_page_main.php?id=49326,"Meeper takes Santa's job when the big guy gets hurt, but Meeper accidentally leaves a Chubbchubb behind. --"
"Cut, The ( Haebuhak-gyosil )",51194,3.0,1,07/11/2007,Korean,Horror,NR,Derek Son,"Yoon-seo Chae, Ji-min Han, Min-gi Jo, Won-ju Moon, Tae-gyeong Oh, Ju-wan On",https://www.filmcrave.com/movie_page_main.php?id=49327,Unknown
Helter Skelter ( Herutâ sukerutâ ),32827,2.8,2,07/14/2012,Japanese,"Drama, Fantasy",NR,Mika Ninagawa,"Kaori Momoi, Kiko Mizuhara, Erika Sawajiri, Nao Ohmori, Mieko Harada, Yôsuke Kubozuka",https://www.filmcrave.com/movie_page_main.php?id=49328,Unknown
Fifteen Wives,47403,3.0,1,07/15/1934,English,Mystery,NR,Frank R. Strayer,"Conway Tearle, Natalie Moorhead, Raymond Hatton, Noel Francis, John Wray, Margaret Dumont",https://www.filmcrave.com/movie_page_main.php?id=49329,Unknown
Glamour,47383,3.0,1,04/09/1934,English,Drama,NR,William Wyler,"Paul Lukas, Constance Cummings, Phillip Reed, Joseph Cawthorn, Doris Lloyd, Lyman Williams",https://www.filmcrave.com/movie_page_main.php?id=49330,Unknown
"Godfather Mendoza ( compadre Mendoza, El )",47429,3.0,1,11/18/1934,Spanish,"Drama, War",NR,"Juan Bustillo Oro, Fernando de Fuentes","Alfredo del Diestro, Carmen Guerrero, Antonio R. Frausto, Luis G. Barreiro, Emma Roldán, José Ignacio Rocha",https://www.filmcrave.com/movie_page_main.php?id=49331,Unknown
Gridiron Flash,56124,2.0,1,10/26/1934,English,"Comedy, Drama",NR,Glenn Tryon,"Eddie Quillan, Betty Furness, Grant Mitchell, Lucien Littlefield, Edgar Kennedy, Grady Sutton",https://www.filmcrave.com/movie_page_main.php?id=49332,Unknown
Hollywood Hoodlum,56111,2.0,1,06/21/1934,English,Drama,NR,B. Reeves Eason,"June Clyde, Frank Albertson, José Crespo, Tenen Holtz, John Davidson, Stanley Price",https://www.filmcrave.com/movie_page_main.php?id=49333,Unknown
Smoking Guns,47394,3.0,1,06/11/1934,English,"Crime, Western",NR,Alan James,"Ken Maynard, Gloria Shea, Walter Miller, Harold Goodwin, William Gould, Bob Kortman",https://www.filmcrave.com/movie_page_main.php?id=49334,Unknown
Billy the Kid's Smoking Guns,47936,3.0,1,05/01/1942,English,Western,NR,Sam Newfield,"Buster Crabbe, Al St. John, Dave O'Brien, John Merton, Milton Kibbee, Ted Adams",https://www.filmcrave.com/movie_page_main.php?id=49335,Unknown
Voice in the Night,56095,2.0,1,04/06/1934,English,"Action, Crime",NR,Charles C. Coleman,"Tim McCoy, Billie Seward, Joseph Crehan, Ward Bond, Kane Richmond, Frank Layton",https://www.filmcrave.com/movie_page_main.php?id=49336,Unknown
I'll Fix It,47426,3.0,1,11/10/1934,English,"Comedy, Romance",NR,Roy William Neill,"Jack Holt, Mona Barrie, Winnie Lightner, Jimmy Butler, Edward Brophy, Nedda Harrigan",https://www.filmcrave.com/movie_page_main.php?id=49337,Unknown
"Our Neighbor, Miss Yae ( Tonari no Yae-chan )",47399,3.0,1,06/28/1934,Japanese,"Comedy, Drama",NR,Yasujirô Shimazu,"Yukichi Iwata, Chôko Iida, Yumeko Aizome, Yoshiko Okada, Ryôtarô Mizushima, Ayako Katsuragi",https://www.filmcrave.com/movie_page_main.php?id=49338,Unknown
The Human Race,7160,2.7,11,06/13/2014,English,"Horror, Sci-Fi",NR,Paul Hough,"Paul McCarthy-Boyington, Eddie McGee, Brianna Lauren Jackson, Celine Tien, Ian Tien, Richard Gale",https://www.filmcrave.com/movie_page_main.php?id=49339,"Veronica, along with 79 other random people, are forced to take part in a marathon with severe consequences - and only one winner. If you are lapped, you die. If you stray from the path, you die. Who has the stamina and will to be the last human walking? --"
I Didn't Come Here to Die,51657,3.0,1,10/01/2010,English,"Comedy, Horror",NR,Bradley Scott Sullivan,"Indiana Adams, Kurt Cole, Madi Goff, Niko Red Star, Emmy Robbin, Jeremy Vandermause",https://www.filmcrave.com/movie_page_main.php?id=49340,Unknown
The Mangler Reborn,50932,3.0,1,11/29/2005,English,"Horror, Sci-Fi",R,"Matt Cunningham, Erik Gardner","Aimee Brooks, Reggie Bannister, Weston Blakesley, Scott Speiser, Juliana Dever, Sarah Lilly",https://www.filmcrave.com/movie_page_main.php?id=49341,Unknown
"Doll Master, The ( Inhyeongsa )",50700,3.0,1,08/06/2004,Korean,"Horror, Thriller",NR,Yong-ki Jeong,"Yu-mi Kim, Eun-kyeong Lim, Hyeong-tak Shin, Ji-young Ok, Hyeong-jun Lim, Ka-Yeong Lee",https://www.filmcrave.com/movie_page_main.php?id=49342,Unknown
Jupiter Ascending,19679,2.0,62,02/06/2015,English,"Action, Sci-Fi",PG-13,"Lana Wachowski, Lilly Wachowski","Mila Kunis, Channing Tatum, Eddie Redmayne, Sean Bean, Douglas Booth, Terry Gilliam",https://www.filmcrave.com/movie_page_main.php?id=49343,"In this universe, humans are at the bottom of the evolutionary ladder. Born under a sign of prophecy, Jupiter Jones finds herself as a lowly janitor - dreaming big, but getting nothing but bad breaks. But her perfect DNA signature could tip the entire balance of the universe, and the current queen will stop at nothing to make sure Jupiter won't fulfill  her destiny. --"
Interstellar,232,3.2,209,11/07/2014,English,Sci-Fi,PG-13,Christopher Nolan,"Matthew McConaughey, Anne Hathaway, Matt Damon, Jessica Chastain, Michael Caine, Topher Grace",https://www.filmcrave.com/movie_page_main.php?id=49344,"After a wormhole makes interstellar travel possible, a group of intrepid explorers decide to take the trip and inspire hope in a planet that desperately needs it. --"
Company of Heroes,31619,2.8,2,02/26/2013,English,"Action, War",R,Don Michael Paul,"Tom Sizemore, Chad Michael Collins, Vinnie Jones, Dimitri Diatchenko, Neal McDonough, Jürgen Prochnow",https://www.filmcrave.com/movie_page_main.php?id=49345,Unknown
There's No Place Like Home,32838,2.8,2,10/16/2012,English,"Documentary, Sport",NR,"Maura Mandt, Josh Swade","Josh Swade, Larry Brown, Roy Williams, Bill Self, Alexander Wolff, Seth Davis",https://www.filmcrave.com/movie_page_main.php?id=49346,"When Sotheby's auctioned off a copy of the original rules of basketball as written by Dr.Naismith, Josh Swade, a University of Kansas superfan, decided the only home for this holy grail of basketball history was his alma mater. With just a month before the auction, he goes on a cross-country recruitment drive to raise money and return the document to what he feels is its rightful home in Kansas. --"
Aroused,10871,3.0,3,02/20/2013,English,Documentary,NR,Deborah Anderson,"Belladonna, Kayden Kross, Lisa Ann, Katsuni, Teagan Presley, Allie Haze",https://www.filmcrave.com/movie_page_main.php?id=49347,Deborah Anderson asks 16 of the world's most recognizable and successful adult film stars to take part in her Fine Art photographic book and also this documentary that reveals a lot more than just their skin. --
"Erased ( Expatriate, The )",13207,2.3,16,05/17/2013,English,"Action, Thriller",R,Philipp Stölzl,"Aaron Eckhart, Olga Kurylenko, Liana Liberato, Neil Napier, Kate Linder, Alexander Fehling",https://www.filmcrave.com/movie_page_main.php?id=49348,An ex-CIA agent is forced to go on the run with his estranged daughter when all evidence of his life is erased and he is marked for termination as part of a wide-reaching conspiracy. --
The Kill Hole,25967,3.0,2,08/28/2012,English,Action,NR,Mischa Webley,"Chadwick Boseman, Tory Kittles, Billy Zane, Peter Greene, Ted Rooney, Dennis Adkins",https://www.filmcrave.com/movie_page_main.php?id=49349,Unknown
Salma,51822,3.0,1,01/20/2013,Other,"Documentary, Biography",NR,Kim Longinotto,Unknown,https://www.filmcrave.com/movie_page_main.php?id=49350,"As a young girl, Salma was locked away by her family - denied education and forced into marriage - yet she still found a voice. Writing bits and pieces of poems when she can, after 25 years she escapes and her notes are picked up by a publisher and she becomes a lauded Tamil poet and a voice for those who so often have theirs silenced. --"
Twenty Million People,59591,2.0,1,03/01/2013,English,"Comedy, Romance",NR,Michael Ferrell,"Michael Ferrell, Devin Sanchez, Chris Prine, Jason Kravits, Gregory Lay, Jennifer Bronstein",https://www.filmcrave.com/movie_page_main.php?id=49351,Unknown
Sanitarium,51849,3.0,1,03/01/2013,English,Thriller,NR,"Bryan Ortiz, Bryan Ramirez, Kerry Valderrama","Lou Diamond Phillips, John Glover, Robert Englund, David Mazouz, Chris Mulkey, Mayra Leal",https://www.filmcrave.com/movie_page_main.php?id=49352,"An anthology of three stories dealing with mental illness: in the first, an artist begins to talk and take orders from his exhibited dolls; in the second an 8-year-old has visions of a deadly stalker that become more and more real while his teacher is convinced his father is abusing him; and finally, a professor obsessed with the Mayan apocalypse begins construction on the ultimate bomb shelter, no matter how much it will cost him. --"
Kevin Hart: Let Me Explain,20369,2.2,10,07/03/2013,English,"Comedy, Documentary",R,Tim Story,"Kevin Hart, David Terrell, David Jason Perez, Na'im Lynn, Harry Ratchford, Joey Wells",https://www.filmcrave.com/movie_page_main.php?id=49353,Kevin Hart's 2012 Let Me Explain Tour took part in 10 sold-out venues across the country and grossed $32 million in ticket sales. The documentary goes behind the scenes and follows this tour at one of most impressive venues in the U.S.: Madison Square Garden. --
The Early Bird,48517,3.0,1,11/30/1965,English,Comedy,NR,Robert Asher,"Norman Wisdom, Edward Chapman, Jerry Desmonde, Paddie O'Neil, Bryan Pringle, Richard Vernon",https://www.filmcrave.com/movie_page_main.php?id=49354,Unknown
Child 44,7895,2.5,26,04/17/2015,English,"Drama, Thriller",R,Daniel Espinosa,"Tom Hardy, Noomi Rapace, Joel Kinnaman, Gary Oldman, Jason Clarke, Vincent Cassel",https://www.filmcrave.com/movie_page_main.php?id=49355,"Based on the novel by Tom Rob Smith, in Stalin-era Russia, a idealistic officer begins to investigate a series of child murders, but in a country where this kind of crime is glossed over, let alone acknowledging the existence of a serial killer, he is quickly demoted and exiled. He will not let the case rest, however, and with help from only his wife, sets out to find the killer. --"
The English Teacher,5515,2.8,10,05/17/2013,English,"Comedy, Drama",R,Craig Zisk,"Julianne Moore, Lily Collins, Greg Kinnear, Michael Angarano, Nathan Lane, Nikki Blonsky",https://www.filmcrave.com/movie_page_main.php?id=49356,"A small-town English teach who finds more comfort in her books than in personal relationships has her life turned around when a former student returns home after failing as a playwright in New York. On the verge of abandoning his art with pressure from his father, she plots with the local drama teacher to stage one of his plays and prove his dreams are still worth pursuing. --"
Fill the Void ( Lemale et ha'halal ),3904,3.0,7,01/20/2013,Hebrew,Drama,PG,Rama Burshtein,"Yiftach Klein, Renana Raz, Ido Samuel, Hadas Yaron, Irit Sheleg, Yael Tal",https://www.filmcrave.com/movie_page_main.php?id=49357,"This is about Shira (Hadas Yaron) the youngest Mendelman, an ultra-orthodox Jewish family living in the city of Tel-Aviv. She is about to marry a boy of his age and is very excited about the plans and preparations for the wedding. However, the illusion falls apart when suddenly, celebrating the Jewish holiday of Purim, her sister Esther (Rhenish Raz) dies leaving her husband alone, Yochai (Yiftach Klein) and young son. --"
The Story of Luke,23008,2.5,3,04/05/2013,English,"Comedy, Drama",NR,Alonso Mayo,"Cary Elwes, Seth Green, Lou Taylor Pucci, Al Sapienza, Kristin Bauer van Straten, Lisa Ryder",https://www.filmcrave.com/movie_page_main.php?id=49358,"A young man with autism, shelted by his grandparents, decides to strike out - for a job and for love. The world may not expect anything from him, but Luke isn't about to let that get him down. --"
The Colony,9725,2.4,38,04/12/2013,English,"Action, Sci-Fi",NR,Jeff Renfroe,"Laurence Fishburne, Kevin Zegers, Bill Paxton, Charlotte Sullivan, John Tench, Atticus Dean Mitchell",https://www.filmcrave.com/movie_page_main.php?id=49359,"After a man-made ice age forces the survivors underground, a distress call"
"Machine Which Makes Everything Disappear, The ( Manqana, romelic kvelafers gaaqrobs )",51813,3.0,1,01/18/2013,Other,Documentary,NR,Tinatin Gurchiani,Unknown,https://www.filmcrave.com/movie_page_main.php?id=49360,Unknown
A Song for You,56167,2.0,1,05/01/1935,English,"Comedy, Musical",NR,Maurice Elvey,"Jan Kiepura, Aileen Marson, Sonnie Hale, Reginald Smith, Emlyn Williams, George Merritt",https://www.filmcrave.com/movie_page_main.php?id=49361,Unknown
A Successful Failure,47419,3.0,1,10/15/1934,English,Comedy,NR,Arthur Lubin,"William Collier Sr., Lucile Gleason, Russell Hopton, George P. Breakston, William Janney, Gloria Shea",https://www.filmcrave.com/movie_page_main.php?id=49362,Unknown
"Waltz for You, A ( Ein Walzer für dich )",56271,2.0,1,09/28/1936,German,"Comedy, Drama",NR,Georg Zoch,"Louis Graveure, Camilla Horn, Heinz Rühmann, Maria Sazarina, Adele Sandrock, Theo Lingen",https://www.filmcrave.com/movie_page_main.php?id=49363,Unknown
"Meat Grinder, The ( Cheuuat gaawn chim )",44667,2.0,2,03/19/2009,Thai,Horror,NR,Tiwa Moeithaisong,"Mai Charoenpura, Anuway Niwartwong, Wiradit Srimalai, Rattanaballang Tohssawat, Duangta Tungkamanee",https://www.filmcrave.com/movie_page_main.php?id=49364,Unknown
Rule Number One ( Dai yat gaai ),51310,3.0,1,03/13/2008,Mandarin,"Crime, Horror",NR,Kelvin Tong,"Shawn Yue, Ekin Cheng, Stephanie Che, Renee Lee, Fiona Xie, Ben Yuen",https://www.filmcrave.com/movie_page_main.php?id=49365,Unknown
Sparrow ( Man jeuk ),10591,3.0,3,10/17/2008,Cantonese,"Drama, Romance",NR,Johnnie To,"Simon Yam, Kelly Lin, Ka Tung Lam, Hoi-Pang Lo, Wing-cheong Law, Kenneth Cheung",https://www.filmcrave.com/movie_page_main.php?id=49366,"A comedy caper influenced by French New Wave cinema, two rival gangs of pickpockets in Hong Kong try to outdo each other while vying for the hand of a beautiful woman.  --"
One Man's Trash,37631,2.5,2,11/01/2006,English,"Comedy, Family",NR,"Rhett McLaughlin, Link Neal","Rhett McLaughlin, Link Neal, Andrew Harvey, Anna Grace Clark, Gabe Clark",https://www.filmcrave.com/movie_page_main.php?id=49367,"Things are thrown away, only to be discovered by new, appreciative owners. --"
Frankenweenie,8124,2.7,8,12/14/1984,English,"Comedy, Drama",PG,Tim Burton,"Shelley Duvall, Daniel Stern, Barret Oliver, Joseph Maher, Roz Braverman, Paul Bartel",https://www.filmcrave.com/movie_page_main.php?id=49368,A young boy attempts to bring his dead dog back to life using electricity. --
Leonie,32793,2.8,2,10/16/2010,English,"Biography, Drama",PG-13,Hisako Matsui,"Emily Mortimer, Shidô Nakamura, Christina Hendricks, Jan Milligan, Mieko Harada, Keiko Takeshita",https://www.filmcrave.com/movie_page_main.php?id=49369,"Examines the life of Leonie Gilmour - American educator, editor, and journalist and mother of future artist and architect Isamu Noguchi as she struggles as a single mother in Japan. --"
Tomorrow You're Gone,14499,2.6,4,11/01/2012,English,Thriller,NR,David Jacobson,"Stephen Dorff, Michelle Monaghan, Willem Dafoe, Tara Buck, Robert LaSardo, Kerry Rossall",https://www.filmcrave.com/movie_page_main.php?id=49370,"While in prison, Charlie begins correspondence with ""The Buddha"" - and shortly after release is sent on a mission to kill a man. When this murder goes all wrong, Charlie reevaluates his life and finds a connection with the mysterious Florence Jane, who reminds him of someone he used to know. Together they set out on a journey of redemption. --"
Kirikou and the Men and the Women ( Kirikou et les hommes et les femmes ),16190,3.5,2,10/03/2012,French,Animation,NR,Michel Ocelot,"Romann Berrux, Awa Sene Sarr",https://www.filmcrave.com/movie_page_main.php?id=49371,Unknown
Fall and Winter,59604,2.0,1,03/11/2013,English,"Documentary, Adventure",NR,Matt Anderson,"Chris Hedges, Stanislav Grof, Joseph Tainter, Grace Lee Boggs, Bruce Damer, Chellis Glendinning",https://www.filmcrave.com/movie_page_main.php?id=49372,Unknown
Hours,4722,2.8,20,03/10/2013,English,Thriller,PG-13,Eric Heisserer,"Paul Walker, Genesis Rodriguez, Judd Lormand, Christopher Matthew Cook, Nick Gomez, Kerry Cahill",https://www.filmcrave.com/movie_page_main.php?id=49373,Nolan (Paul Walker) tries to survive a horrendous situation brought upon by Hurricane Katrina and tries to keep his new born daughter alive and away from danger.
Somewhere Slow,59594,2.0,1,03/02/2013,English,"Comedy, Drama",NR,Jeremy O'Keefe,"Jessalyn Gilsig, Robert Forster, David Costabile, Lindsay Crouse, Wallace Langham, Larry Cedar",https://www.filmcrave.com/movie_page_main.php?id=49374,Unknown
Solace,51850,3.0,1,03/01/2013,English,Thriller,NR,Vandon N. Gibbs,"Russell Durham Comegys, Rhoda Griffis, Dupree Lewis Jr., Dixie Light, Robert Pralgo, Ric Reitz",https://www.filmcrave.com/movie_page_main.php?id=49375,Unknown
I Am Divine,1874,3.3,6,03/09/2013,English,Documentary,NR,Jeffrey Schwarz,"Jayne Mansfield, John Waters, Divine, Ricki Lake, Tab Hunter, Mink Stole",https://www.filmcrave.com/movie_page_main.php?id=49376,Unknown
"Swimming Pool, The ( Piscine, La - 2013 )",59590,2.0,1,03/01/2013,Spanish,Drama,NR,Carlos Quintela,"Raúl Capote, Mónica Molinet, Carlos Javier Martinez, Felipe García, Marcos Costa, Francisco García",https://www.filmcrave.com/movie_page_main.php?id=49377,Unknown
Good Night,59600,2.0,1,03/08/2013,English,Drama,NR,Sean Gallagher,"Alex Karpovsky, Todd Berger, Jonny Mars, Adriene Mishler, Samantha Thomson, Parisa Fakhri",https://www.filmcrave.com/movie_page_main.php?id=49378,Unknown
Holy Ghost People,13580,2.5,6,03/10/2013,English,"Drama, Thriller",R,Mitchell Altieri,"Emma Greenwell, Joe Egender, Brendan McCarthy, Cameron Richardson, Don Harvey, Roger Aaron Brown",https://www.filmcrave.com/movie_page_main.php?id=49379,Unknown
Improvement Club,59601,2.0,1,03/10/2013,English,"Comedy, Drama",NR,Dayna Hanson,"Dayna Hanson, Wade Madsen, Maggie Brown, Paul Matthew Moore, Peggy Piacenza, Dave Proscia",https://www.filmcrave.com/movie_page_main.php?id=49380,Unknown
A Wicked Woman,43555,2.0,2,12/07/1934,English,"Drama, Romance",NR,Charles Brabin,"Mady Christians, Jean Parker, Charles Bickford, Betty Furness, William Henry, Jackie Searl",https://www.filmcrave.com/movie_page_main.php?id=49381,Unknown
Boots! Boots!,56115,2.0,1,07/30/1934,English,"Comedy, Musical",NR,Bert Tracy,"George Formby, Beryl Formby, Arthur Kingsley, Tonie Forde, Lilian Keyes, Donald Read",https://www.filmcrave.com/movie_page_main.php?id=49382,Unknown
Border Guns,47376,3.0,1,02/01/1934,English,Western,NR,"Robert J. Horner, Jack Nelson","Bill Cody, Blanche Mehaffey, George Chesebro, Fred Church, William Desmond, Jimmy Aubrey",https://www.filmcrave.com/movie_page_main.php?id=49383,Unknown
Call of the Coyote: A Legend of the Golden West,56082,2.0,1,02/01/1934,English,Western,NR,Pat Carlyle,"Pat Carlyle, Merrill McCormick, Marie Bracco, Sally Darling, Charles Stevens, Bartlett A. Carre",https://www.filmcrave.com/movie_page_main.php?id=49384,Unknown
Carolina,47377,3.0,1,02/02/1934,English,"Comedy, Romance",NR,Henry King,"Janet Gaynor, Lionel Barrymore, Robert Young, Henrietta Crosman, Richard Cromwell, Mona Barrie",https://www.filmcrave.com/movie_page_main.php?id=49385,Unknown
Cheaters,56104,2.0,1,05/11/1934,English,"Adventure, Crime",NR,Phil Rosen,"William Boyd, June Collyer, Dorothy Mackaill, William Collier Sr., Alan Mowbray, Guinn 'Big Boy' Williams",https://www.filmcrave.com/movie_page_main.php?id=49386,Unknown
Cheating Cheaters,56127,2.0,1,11/05/1934,English,Comedy,NR,Richard Thorpe,"Fay Wray, Cesar Romero, Minna Gombell, Henry Armetta, Francis L. Sullivan, Hugh O'Connell",https://www.filmcrave.com/movie_page_main.php?id=49387,Unknown
Twenty Feet from Stardom,1816,3.0,18,01/17/2013,English,Documentary,PG-13,Morgan Neville,"Lou Adler, Stephanie 'Stevvi' Alexander, Darlene Love, Janice Pendarvis, Mick Jagger, Bruce Springsteen",https://www.filmcrave.com/movie_page_main.php?id=49388,"The divas, the lead singers, the talented band - we know the face of the popular groups, but behind every great band and singer is a talented backup singer. These voices provide the harmony and cohesion to the group - with none of the fame or recognition - until now. --"
Free Birds,24596,2.0,16,11/01/2013,English,"Animation, Comedy",PG,Jimmy Hayward,"Woody Harrelson, Owen Wilson, Dan Fogler, Amy Poehler , David S. Lee",https://www.filmcrave.com/movie_page_main.php?id=49389,Two turkeys who come from completely different backgrounds must set aside
We Steal Secrets: The Story of WikiLeaks,2157,3.0,16,05/24/2013,English,Documentary,R,Alex Gibney,"Julian Assange, Adrian Lamo",https://www.filmcrave.com/movie_page_main.php?id=49390,"Documentary about Julian Assange, his website and the largest security breach in U.S history. --"
Annie,15754,2.3,17,12/19/2014,English,"Drama, Musical",PG,Will Gluck,"Quvenzhané Wallis, Jamie Foxx, Cameron Diaz, Rose Byrne, Bobby Cannavale, Adewale Akinnuoye-Agbaje",https://www.filmcrave.com/movie_page_main.php?id=49391,An orphan living under the tyrannical rule of Miss Hannigan finds her life changing for the better when she has a chance run-in with the wealthy Benjamin Stacks. --
Night at the Museum: Secret of the Tomb,7525,2.5,36,12/19/2014,English,"Comedy, Adventure",PG,Shawn Levy,"Ben Stiller, Robin Williams, Rebel Wilson, Owen Wilson, Rami Malek, Ben Kingsley",https://www.filmcrave.com/movie_page_main.php?id=49392,"Museum guard Larry Daley heads from New York City to London in order to save the magic that brings the displays to life, as the tablet is losing its power. --"
"Kings of Summer, The ( Toy's House )",1468,3.0,45,05/31/2013,English,Comedy,R,Jordan Vogt-Roberts,"Alison Brie, Nick Offerman, Megan Mullally, Angela Trimbur, Mary Lynn Rajskub, Moises Arias",https://www.filmcrave.com/movie_page_main.php?id=49393,"Three teens boys, fed up with their unhappy lives, decide to head off into the wilderness to build their own house and live on their own. --"
Minions,9733,2.4,53,07/10/2015,English,"Animation, Comedy",PG,"Kyle Balda, Pierre Coffin","Sandra Bullock, Pierre Coffin, Jon Hamm, Geoffrey Rush, Michael Keaton, Jennifer Saunders",https://www.filmcrave.com/movie_page_main.php?id=49394,"Just who are these Minions? The little, yellow creatures have always attached themselves to the most ambitious, powerful supervillain with one mission - serve them with all their might. But when the masters are killed, the Minions find themselves without a purpose and thus go into a self-imposed exile. After years, the Minions finally return and in the 60s attends a supervillain conference where they hope to find a new master - and the first female supervillain Scarlett Overkill seems to be the obvious choice. --"
Fruitvale Station,472,3.2,74,07/12/2013,English,Drama,R,Ryan Coogler,"Michael B. Jordan, Melonie Diaz, Octavia Spencer, Ariana Neal, Kevin Durand, Chad Michael Murray",https://www.filmcrave.com/movie_page_main.php?id=49395,"Based on the true story of Oscar Grant, who wakes up on Dec. 21, 2008 and feels something in the air - and resolves to change things - with his mother, his girlfriend, his 4-year-old daughter - but change is not easy and as he interacts with the family, friends and strangers throughout the day - he ends at Fruitvale BART station, where one more encounter, with police officers, will shake a city to it core."
Scenic Route,15008,2.4,9,03/09/2013,English,"Drama, Thriller",R,"Kevin Goetz, Michael Goetz","Josh Duhamel, Dan Fogler, Miracle Laurie, Christie Burson, Peter Michael Goetz, Jamie Donovan",https://www.filmcrave.com/movie_page_main.php?id=49396,"Suffering a breakdown on an isolated desert road, friends Mitchell and Carter find the tension slowly rising building up to a brutal confrontation over the paths their lives have taken. --"
William and the Windmill,51860,3.0,1,03/10/2013,English,"Documentary, Biography",NR,Ben Nabors,"William Kamkwamba, Tom Rielly",https://www.filmcrave.com/movie_page_main.php?id=49397,"Documentary about William Kamkwamba - a Malawi native who, in order to rescue his family from famine builds his ownpower-generating windmill from scrap - a simple idea that suddenly finds him on the world's stage. While the fame generates new opportunities - it also presents tough choices as his simple life is changed forever. --"
We Cause Scenes,32856,2.8,2,03/08/2013,English,Documentary,NR,Matt Adams,Charlie Todd,https://www.filmcrave.com/movie_page_main.php?id=49398,Unknown
Chiko (Chiko),16176,3.5,2,04/17/2008,German,"Crime, Drama",NR,Özgür Yildirim,"Denis Moschitto, Moritz Bleibtreu, Volkan Özcan, Reyhan Sahin, Fahri Yardim, Philipp Baltus",https://www.filmcrave.com/movie_page_main.php?id=49399,"A small time Turkish gangster tries to climb his way up the German underworld. Resorting to underhand means, he wants to graduate to a  feared gangster but at detrimental costs. --"
16 Wishes,47099,3.0,1,06/25/2010,English,"Family, Fantasy",G,Peter DeLuise,"Debby Ryan, Jean-Luc Bilodeau, Anna Mae Wills, Karissa Tynes, Kendall Cross, Patrick Gilmore",https://www.filmcrave.com/movie_page_main.php?id=49400,Unknown
AC/DC: Live at River Plate,16184,3.5,2,05/06/2011,English,Documentary,NR,David Mallet,"Angus Young, Malcolm Young, Brian Johnson, Cliff Williams, Phil Rudd",https://www.filmcrave.com/movie_page_main.php?id=49401,Unknown
Black Nativity,39985,1.8,3,11/27/2013,English,"Drama, Musical",PG,Kasi Lemmons,"Forest Whitaker, Angela Bassett, Tyrese Gibson, Jennifer Hudson, Mary J. Blige, Nas",https://www.filmcrave.com/movie_page_main.php?id=49402,"A contemporary take on Langston Hughes' celebrated play, we follow Langston, a street-wise Baltimore teen who is sent to New York to spend Christmas with his estranged relatives: the Reverend Cornell and wife Aretha Cobbs. But when he finds himself unable to comply with the strict rules set forth by the reverend, he plans to reunite with his mother. --"
Glitterbug,49737,3.0,1,10/01/1994,English,Biography,NR,Derek Jarman,"Derek Jarman, William S. Burroughs, Tilda Swinton, Genesis P-Orridge, Michael Clark",https://www.filmcrave.com/movie_page_main.php?id=49403,Unknown
Lucky Bastard,26797,2.3,3,04/05/2013,English,Drama,NC-17,Robert Nathan,"Don McManus, Betsy Rue, Jay Paulson, Chris Wylde, Catherine Annette, Deborah Zoe",https://www.filmcrave.com/movie_page_main.php?id=49404,"Mike is owner of the ""Lucky Bastard"" website that gives a select lucky few fans the chance of a lifetime - to have sex with their favorite porn stars. The seemingly mild-mannered Dave gets just a chance with the incredible Ashley Saint - but Dave has his own plans in mind and the cameras will capture everything. --"
Whore 2,58038,2.0,1,01/28/1994,English,Drama,R,Amos Kollek,"Nancy McPherson, Pat 'Delightful' Kelly, Sylvia Hill, Mari Nelson, Stacy Goodwin, Abelardo 'Chino' Coimbre",https://www.filmcrave.com/movie_page_main.php?id=49405,Unknown
Hatchet III,19820,2.2,7,06/14/2013,English,"Comedy, Horror",NR,BJ McDonnell,"Danielle Harris, Kane Hodder, Zach Galligan, Caroline Williams, Derek Mears, Cody Blue Snider",https://www.filmcrave.com/movie_page_main.php?id=49406,Following the events of Hatchet II - a search and rescue team is sent into
House Arrest,51708,3.0,1,02/11/2012,English,"Comedy, Drama",R,William Washington,"Aki Aleong, Chico Benymon, Cory Blevins, Shelli Boone, Stacey Dash, Olivia Brown",https://www.filmcrave.com/movie_page_main.php?id=49407,Unknown
Revenge for Jolly!,37782,2.5,2,04/21/2012,English,"Comedy, Drama",R,Chadd Harbold,"Brian Petsos, Oscar Isaac, Elijah Wood, Ryan Phillippe, Kristen Wiig, Adam Brody",https://www.filmcrave.com/movie_page_main.php?id=49408,Unknown
See Girl Run,40181,2.3,2,03/01/2012,English,Romance,NR,Nate Meyer,"Robin Tunney, Adam Scott, Jeremy Strong, William Sadler, Josh Hamilton, Aubrey Dollar",https://www.filmcrave.com/movie_page_main.php?id=49409,Unknown
Terminal Bar,58869,2.0,1,01/01/2003,English,Documentary,NR,Stefan Nadelman,"Sheldon Nadelman, Tom Clifford",https://www.filmcrave.com/movie_page_main.php?id=49410,Unknown
Spark: A Burning Man Story,51859,3.0,1,03/10/2013,English,"Documentary, Biography",NR,"Steve Brown, Jessie Deeter",Unknown,https://www.filmcrave.com/movie_page_main.php?id=49411,Unknown
An Unreal Dream: The Michael Morton Story,43126,1.7,3,03/11/2013,English,"Documentary, Biography",NR,Al Reinert,"Nellie Gonzalez, Michael Morton",https://www.filmcrave.com/movie_page_main.php?id=49412,"For anyone, fear of being sent to prison for a crime they didn't commit is something they only see in movies and TV - but for Michael Morton, who spent a quarter century in a Texas prison for murdering his wife - the story is all too real. Despair - abandonment - fear - this is a nightmare scenario - an unreal dream - and one that will make you appreciate the freedom of everyday life. --"
K-11,13675,2.8,3,03/15/2013,English,Drama,NR,Jules Stewart,"Goran Visnjic, Kate del Castillo, D.B. Sweeney, Portia Doubleday, Jason Mewes, Sonya Eddy",https://www.filmcrave.com/movie_page_main.php?id=49413,"A man accused of murder gets put in a section of jail usually reserved for LGBT+ inmates. There he becomes aware of the rigorously enforced hierarchy that exists, as well as the corruption on the part of the police."
The Great Hip Hop Hoax,59606,2.0,1,03/14/2013,English,"Documentary, Comedy",NR,Jeanie Finlay,"Gavin Bain, Billy Boyd",https://www.filmcrave.com/movie_page_main.php?id=49414,Unknown
Adjust Your Tracking,59621,2.0,1,04/05/2013,English,Documentary,NR,"Dan M. Kinem, Levi Peretic","Lloyd Kaufman, Anthony Timpone, Keith J. Crocker, Fred Vogel, Michael Raso, Justin Rice",https://www.filmcrave.com/movie_page_main.php?id=49415,"A documentary focused around the culture of directors, store owners and collectors who still revel in the VHS culture. --"
Finding the Funk,59587,2.0,1,03/01/2013,English,Documentary,NR,Nelson George,"George Clinton, Bootsy Collins, D'Angelo, Mike D, Sheila E., Sly Stone",https://www.filmcrave.com/movie_page_main.php?id=49416,Unknown
"Night of the Hunted, The ( nuit des traquées, La )",24969,3.0,2,08/20/1980,French,"Horror, Sci-Fi",NR,Jean Rollin,"Brigitte Lahaie, Vincent Gardère, Dominique Journet, Bernard Papineau, Rachel Mhas, Cathy Stewart",https://www.filmcrave.com/movie_page_main.php?id=49417,Unknown
White Elephant ( Elefante blanco ),51844,3.0,1,02/21/2013,Spanish,Drama,NR,Pablo Trapero,"Ricardo Darín, Jérémie Renier, Jérémie Renier, Miguel Arancibia, Raul Ramos, Esteban Díaz",https://www.filmcrave.com/movie_page_main.php?id=49418,Unknown
Divergent,3712,2.7,109,03/21/2014,English,"Sci-Fi, Romance",PG-13,Neil Burger,"Shailene Woodley, Kate Winslet, Miles Teller, Theo James, Jai Courtney, Ashley Judd",https://www.filmcrave.com/movie_page_main.php?id=49419,"In the future, society is divided into five factions each representing a different virtue. When they come of age, teens are given a choice to stay in their chosen faction or to switch to a new one - a choice that they must stay with for the rest of their lives. But Tris Prior is different - a Divergent - a person who doesn't fit into any one class - and soon she discovers her perfect society is anything but as a conspiracy seeks to wipe out all Divergents. --"
Magic Valley,41867,2.3,2,04/14/2012,English,Drama,NR,Jaffe Zinn,"Scott Glenn, Kyle Gallner, Alison Elliott, Brad William Henke, Johnny Lewis, Will Estes",https://www.filmcrave.com/movie_page_main.php?id=49420,Unknown
"Hunt, The ( Jagten )",143,3.4,83,02/08/2013,Danish,Drama,R,Thomas Vinterberg,"Mads Mikkelsen, Thomas Bo Larsen, Annika Wedderkopp, Alexandra Rapaport, Susse Wold, Lasse Fogelstrøm",https://www.filmcrave.com/movie_page_main.php?id=49421,"A lonely teacher, struggling to gain custody of his son, finds his entire world crashing down around him after being accused by a student of sexual molestation and finds everyone in his life turning against him. --"
Lady in Danger,56130,2.0,1,11/27/1934,English,"Comedy, Thriller",NR,Tom Walls,"Tom Walls, Yvonne Arnaud, Leon M. Lion, Anne Grey, Hugh Wakefield, Marie Lohr",https://www.filmcrave.com/movie_page_main.php?id=49422,Unknown
"Come On, Marines!",56092,2.0,1,03/23/1934,English,Drama,NR,Henry Hathaway,"Richard Arlen, Ida Lupino, Roscoe Karns, Grace Bradley, Fuzzy Knight, Monte Blue",https://www.filmcrave.com/movie_page_main.php?id=49423,Unknown
Cowboy Holiday,47437,3.0,1,12/15/1934,English,"Action, Comedy",NR,Robert F. Hill,"Guinn 'Big Boy' Williams, Janet Chandler, Julian Rivero, Richard Alexander, John Elliott, Julia Bejarano",https://www.filmcrave.com/movie_page_main.php?id=49424,Unknown
In Love with Life,47388,3.0,1,05/12/1934,English,"Drama, Sport",NR,Frank R. Strayer,"Lila Lee, Dickie Moore, Onslow Stevens, Claude Gillingwater, Rosita Marstini, Clarence Geldart",https://www.filmcrave.com/movie_page_main.php?id=49425,Unknown
Inside Information,47413,3.0,1,09/25/1934,English,"Action, Crime",NR,Robert F. Hill,"Rex Lease, Marion Shilling, Philo McCullough, Henry Hall, Charles King, Jean Porter",https://www.filmcrave.com/movie_page_main.php?id=49426,Unknown
"Love, Life and Laughter",56086,2.0,1,03/01/1934,English,"Comedy, Drama",NR,Maurice Elvey,"Gracie Fields, John Loder, Ivor Barnard, Alan Aynesworth, Fred Duprez, Esme Percy",https://www.filmcrave.com/movie_page_main.php?id=49427,Unknown
Murder in Trinidad,56105,2.0,1,05/16/1934,English,"Drama, Mystery",NR,Louis King,"Nigel Bruce, Heather Angel, Victor Jory, Murray Kinnell, Douglas Walton, J. Carrol Naish",https://www.filmcrave.com/movie_page_main.php?id=49428,Unknown
Now I'll Tell,47393,3.0,1,06/08/1934,English,Drama,NR,Edwin J. Burke,"Spencer Tracy, Helen Twelvetrees, Alice Faye, Robert Gleckler, Henry O'Neill, Hobart Cavanaugh",https://www.filmcrave.com/movie_page_main.php?id=49429,Unknown
GLOW: The Story of the Gorgeous Ladies of Wrestling,6950,3.0,4,06/23/2012,English,Documentary,NR,Brett Whitcomb,"Emily Dole, Dee Booher, Angelina Altishin, Jeanne Basone, Dawn Rice, Lorilyn Palmer",https://www.filmcrave.com/movie_page_main.php?id=49430,Unknown
A Madea Christmas,9620,2.5,12,12/13/2013,English,Comedy,PG-13,Tyler Perry,"Tyler Perry, Chad Michael Murray, Alicia Witt, Kathy Najimy, Tika Sumpter, Larry the Cable Guy",https://www.filmcrave.com/movie_page_main.php?id=49431,Madea is coaxed into helping a friend surprise her daughter for Christmas. But the rural setting and small town atmosphere still hides some secrets and relationships will be tested as Madea dispenses her own form of holiday spirit. --
A.K.A. Doc Pomus,59553,2.0,1,10/19/2012,English,"Documentary, Biography",NR,"William Hechter, Peter Miller","Doc Pomus, Dr. John, B.B. King, Joan Osborne, Lou Reed, Shawn Colvin",https://www.filmcrave.com/movie_page_main.php?id=49432,Unknown
9.79*,10868,3.0,3,10/09/2012,English,"Documentary, Sport",NR,Daniel Gordon,"David Harewood, Carl Lewis, Ben Johnson, Linford Christie, Robson da Silva, André Action Jackson",https://www.filmcrave.com/movie_page_main.php?id=49433,"The Seoul 1988 Olympics - the 100 meter race had been billed as an epic matchup between American Carl Lewis and Canadian Ben Johnson. Johnson won the race but in a stunning development, just three days later, was stripped of his medal after a drug test revealed he was on steroids. Director Daniel Gordon looks back on this controversy and the widespread use of performance enhancing drugs in the sport. --"
Dreaming Lhasa,9109,2.9,4,09/12/2005,English,"Drama, Mystery",NR,"Ritu Sarin, Tenzing Sonam","Tenzin Chokyi Gyatso, Tenzin Jigme, Jampa Kalsang, Jampa Kalsang Tamang",https://www.filmcrave.com/movie_page_main.php?id=49434,Unknown
What Happens Next,22961,2.5,3,02/07/2012,English,"Comedy, Romance",NR,Jay Arnold,"Kimberly S. Fairbanks, Ariel Shafir, James Duke Mason, Megan Hilty, Darrin Baker, Michael Blaustein",https://www.filmcrave.com/movie_page_main.php?id=49435,Unknown
Helter Skelter,50679,3.0,1,05/16/2004,English,"Crime, Drama",NR,John Gray,"Jeremy Davies, Clea DuVall, Allison Smith, Eric Dane, Mary Lynn Rajskub, Michael Weston",https://www.filmcrave.com/movie_page_main.php?id=49436,Unknown
Highway,50397,3.0,1,03/26/2002,English,"Crime, Drama",R,James Cox,"Jared Leto, Jake Gyllenhaal, Selma Blair, John C. McGinley, Jeremy Piven, Kimberley Kates",https://www.filmcrave.com/movie_page_main.php?id=49437,Unknown
In the Line of Duty: The F.B.I. Murders,25574,3.0,2,11/27/1988,English,"Crime, Drama",NR,Dick Lowry,"Ronny Cox, Bruce Greenwood, Michael Gross, Doug Sheehan, David Soul, Richard Jenkins",https://www.filmcrave.com/movie_page_main.php?id=49438,Unknown
The Living Museum,58376,2.0,1,10/16/1998,English,Documentary,NR,Jessica Yu,"Issa Ibrahim, John C. Mapp, Janos Morton, David Waldorf",https://www.filmcrave.com/movie_page_main.php?id=49439,Unknown
Operation Filmmaker,51230,3.0,1,10/01/2007,English,Documentary,NR,Nina Davenport,"Muthana Mohmed, Liev Schreiber, Nina Davenport, Elijah Wood, Doug Jones, Dwayne Johnson",https://www.filmcrave.com/movie_page_main.php?id=49440,Unknown
Tormented ( Rabitto horâ 3D ),25965,3.0,2,07/15/2012,Japanese,Horror,NR,Takashi Shimizu,"Teruyuki Kagawa, Hikari Mitsushima, Tamaki Ogawa, Momoko Tanabe, Takeru Shibuya, Nao Ohmori",https://www.filmcrave.com/movie_page_main.php?id=49441,Unknown
You Don't Know Bo,8643,2.8,5,12/08/2012,English,"Documentary, Sport",NR,Michael Bonfiglio,Bo Jackson,https://www.filmcrave.com/movie_page_main.php?id=49442,Unknown
Desperate Acts of Magic,51908,3.0,1,05/03/2013,English,Comedy,NR,"Tammy Caplan, Joe Tyler Gold","Valerie Dillman, Jordi Caballero, Jonathan Levit, Sascha Alexander, Nick Dopuch, John Getz",https://www.filmcrave.com/movie_page_main.php?id=49443,An international magic competition finds a man going up against the woman he loves. --
Down the Shore,40179,2.3,2,01/07/2011,English,"Romance, Thriller",R,Harold Guskin,"Famke Janssen, James Gandolfini, Maria Dizzia, John Magaro, Gabrielle Lazure, Joseph Pope",https://www.filmcrave.com/movie_page_main.php?id=49444,Unknown
"Prey, The ( proie, La )",16183,3.5,2,04/13/2011,French,"Crime, Thriller",R,Eric Valette,"Albert Dupontel, Alice Taglioni, Stéphane Debac, Sergi López, Natacha Régnier, Serge Hazanavicius",https://www.filmcrave.com/movie_page_main.php?id=49445,"A bankrobbert managed to hide the loot before he is sent to prison. While the police pressure him to reveal the truth, he finds a kindred soul in his cellmate. This man promises to look after his family - and is found innocent of charges child molestation. But he finds out too late he has been lied to and his new-found friend is a suspected serial killer and as soon as he gets out, he teams up with an officer to save his family. --"
Monster a-Go Go,45024,1.4,5,07/01/1965,English,"Sci-Fi, Horror",NR,Bill Rebane,"Phil Morton, June Travis, Peter M. Thompson, George Perry, Lois Brooks, Rork Stevens",https://www.filmcrave.com/movie_page_main.php?id=49446,Unknown
Survive and Advance,10873,3.0,3,03/17/2013,English,"Documentary, Sport",NR,Jonathan Hock,"Jim Valvano, Mike Krzyzewski, Dereck Whittenberg, Terry Gannon, Mike Warren, Sidney Lowe",https://www.filmcrave.com/movie_page_main.php?id=49447,"Follows the 1983 dream season of North Carolina State basketball team - who weren't even supposed to make it the NCAA tournament, let alone with the championship. A lot of credit goes to Coach Jim Valvano who, just 10 years after the famed run, would die of cancer. --"
A Green Story,51739,3.0,1,05/31/2012,English,Biography,NR,Nick Agiashvili,"Shannon Elizabeth, Ed O'Ross, Billy Zane, Annabella Sciorra, Malcolm McDowell, Roger Bart",https://www.filmcrave.com/movie_page_main.php?id=49448,Unknown
Free Angela & All Political Prisoners,18857,2.7,3,04/05/2013,English,Documentary,NR,Shola Lynch,"Angela Davis, Eisa Davis",https://www.filmcrave.com/movie_page_main.php?id=49449,"During the 1960s, college professor Angela Davis was vocal political activist - with ties to the Communist Party USA and Black Panther organization. In 1970 she was erroneously linked to a kidnapping plot - which left four people dead and  her name included on the FBI's 10 most wanted list. --"
Curandero,50911,3.0,1,10/18/2005,English,Horror,R,Eduardo Rodriguez,"Carlos Gallardo, Gizeht Galatea, Gabriel Pingarrón, José Carlos Ruiz, Jorge Zepeda, Sergio Acosta",https://www.filmcrave.com/movie_page_main.php?id=49450,Unknown
Charade,46333,1.8,2,01/01/1984,English,"Animation, Comedy",NR,John Minnis,John Minnis,https://www.filmcrave.com/movie_page_main.php?id=49451,"A man attempts to play ""Charade,"" though his efforts are wasted. --"
The Big Story,55740,1.3,2,10/01/1994,English,"Animation, Comedy",NR,"David Stoten, Tim Watts",Frank Gorshin,https://www.filmcrave.com/movie_page_main.php?id=49452,Three versions of the same man in different stages of his life have an argument. --
Laddaland ( Soi-lát-daa-laen ),44698,2.0,2,04/28/2011,Thai,Horror,NR,Sopon Sukdapisit,"Saharat Sangkapreecha, Piyathida Woramusik, Athipich Chutiwatkajornchai, Sahajak Boonthanakit, Sutatta Udomsilp",https://www.filmcrave.com/movie_page_main.php?id=49453,Unknown
100 Ghost Street: The Return of Richard Speck,22989,2.5,3,07/31/2012,English,Horror,R,Martin Andersen,"Jennifer Robyn Jacobs, Jim Shipley, Tony Besson, Jackie Moore, Hayley Derryberry, Mike Holley",https://www.filmcrave.com/movie_page_main.php?id=49454,Unknown
