title,overall_rank,average_rating,number_reviews,theatrical_release_date,language,genre,mpaa_rating,director,actors,url,plot
The Timber,52415,3.0,1,10/06/2015,English,"Drama, Western",NR,Anthony O'Brien,"James Ransone, Elisa Lasowski, Mark Caven, William Gaunt, Shaun O'Hagan, Attila Árpa",https://www.filmcrave.com/movie_page_main.php?id=55455,Unknown
Blood Rage,40140,2.3,2,06/01/1987,English,Horror,R,John Grissmer,"Louise Lasser, Mark Soper, Marianne Kanter, Julie Gordon, Ed French, Chad Montgomery",https://www.filmcrave.com/movie_page_main.php?id=55456,Unknown
Shout Gladi Gladi,52408,3.0,1,10/01/2015,English,"Documentary, Historical",NR,"Adam Friedman, Iain Kennedy","Meryl Streep, Melinda Gates, Wole Soyinka, Chris Baker-Brian, Nina Batchelor, Lois Boyle",https://www.filmcrave.com/movie_page_main.php?id=55457,Unknown
A New High,59836,2.0,1,06/14/2015,English,"Documentary, Action",NR,"Samuel Miron, Stephen Scott Scarpulla",Unknown,https://www.filmcrave.com/movie_page_main.php?id=55458,Unknown
Out of My Hand,59830,2.0,1,06/12/2015,English,Drama,NR,Takeshi Fukunaga,"Bishop Blay, Zenobia Taylor, Duke Murphy Dennis, Shelley Molad, Rodney Rogers Beckley, Charles Justo",https://www.filmcrave.com/movie_page_main.php?id=55459,Unknown
"Right Now, Wrong Then ( Ji-geum-eun-mat-go-geu-ddae-neun-teul-li-da )",52435,3.0,1,10/15/2015,Korean,Drama,G,Sang-soo Hong,"Jae-yeong Jeong, Min-hee Kim, Yeo-jeong Yoon, Ju-bong Gi, Hwa-Jeong Choi, Joon-sang Yoo",https://www.filmcrave.com/movie_page_main.php?id=55460,Unknown
When Animals Dream ( Når dyrene drømmer ),52079,3.0,1,08/28/2014,Danish,"Drama, Horror",NR,Jonas Alexander Arnby,"Sonia Suhl, Lars Mikkelsen, Sonja Richter, Jakob Oftebro, Stig Hoffmeyer, Mads Riisom",https://www.filmcrave.com/movie_page_main.php?id=55461,Unknown
Youth,1800,3.1,13,12/04/2015,English,Drama,R,Paolo Sorrentino,"Michael Caine, Harvey Keitel, Rachel Weisz, Paul Dano, Jane Fonda, Mark Kozelek",https://www.filmcrave.com/movie_page_main.php?id=55462,"Two old friends, a retired composer and conductor, the other a director about to finish one last, great project, find themselves on vacation at the alps. There they examine and talk about the young people around them: their children, their staff, the hotel employees - even as both face an unexpected development in their respective lives. --"
Listening,20390,2.4,4,09/11/2015,English,"Drama, Sci-Fi",NR,Khalil Sullins,"Thomas Stroppel, Artie Ahr, Amber Marie Bollinger, Christine Haeberman, Steve Hanks, Arn Chorn-Pond",https://www.filmcrave.com/movie_page_main.php?id=55463,"A team of grad students - smart, but with no money, come up with a device that can read minds. The technology is too much as it destroys their lives and even threatens the very ideal of free will for mankind. --"
The Dark Horse,1309,3.3,6,04/01/2016,English,Drama,R,James Napier Robertson,"Cliff Curtis, James Rolleston, Kirk Torrance, Miriama McDowell, James Napier Robertson, Xavier Horan",https://www.filmcrave.com/movie_page_main.php?id=55464,"A film about passion, hope and resilience as one man searches for the courage to lead while battling his own demons - all in order to pass on his gift to the next generation and inspire a community. --"
Last Summer,14255,2.8,3,07/13/2013,English,"Drama, Romance",NR,Mark Thiedeman,"Deb Lewis, Samuel Pettit, Sean Rose, Roben R. Sullivant, Byron Taylor",https://www.filmcrave.com/movie_page_main.php?id=55465,Unknown
Unsullied,52373,3.0,1,08/28/2015,English,"Action, Horror",R,Simeon Rice,"Rusty Joiner, Murray Gray, James Gaudioso, Erin Boyes, Cindy Karr, Nicole Paris Williams",https://www.filmcrave.com/movie_page_main.php?id=55466,Unknown
All Things Must Pass,21374,3.3,2,03/19/2015,English,"Documentary, Historical",NR,Colin Hanks,"Chris Cornell, Chuck D., Dave Grohl, David Geffen, Bruce Springsteen, Elton John",https://www.filmcrave.com/movie_page_main.php?id=55467,Unknown
The Armor of Light,52459,3.0,1,10/30/2015,English,Documentary,PG-13,"Abigail Disney, Kathleen Hughes","Lucy McBath, Rob Schenck",https://www.filmcrave.com/movie_page_main.php?id=55468,"An Evangelical, pro-life minister finds himself at odds with the majority of his congregation when he begins supporting gun control. He finds himself joining forces with a pro-choice mother, one who lost a son, as both take aim at Florida's ""Stand Your Ground"" law. --"
Paper Planes,32958,2.8,2,04/11/2015,English,Family,NR,Robert Connolly,"Ed Oxenbould, Sam Worthington, Julian Dennison, Peter Rowsthorn, Alex Williams, David Wenham",https://www.filmcrave.com/movie_page_main.php?id=55469,Unknown
Her Right to Live,55908,2.0,1,01/22/1917,English,Drama,NR,Paul Scardon,"Peggy Hyland, Antonio Moreno, Mae Costello, Bobby Connelly, Helen Connelly, Mildred Platz",https://www.filmcrave.com/movie_page_main.php?id=55470,Unknown
Wildlike,47118,3.0,1,09/25/2015,English,"Adventure, Drama",NR,Frank Hall Green,"Ella Purnell, Nolan Gerard Funk, Joshua Leonard, Diane Farr, Bruce Greenwood, Brian Geraghty",https://www.filmcrave.com/movie_page_main.php?id=55471,Unknown
Montana,52395,3.0,1,09/19/2015,English,"Action, Crime",NR,Mo Ali,"Michelle Fairley, Lars Mikkelsen, Adam Deacon, Ryan Oliva, Zlatko Buric, Dominique Tipper",https://www.filmcrave.com/movie_page_main.php?id=55472,Unknown
Theresa is a Mother,59866,2.0,1,09/25/2015,English,"Comedy, Drama",NR,"C. Fraser Press, Darren Press","Edie McClurg, C. Fraser Press, Richard Poe, Robert Turano, Matthew Gumley, Schuyler Press",https://www.filmcrave.com/movie_page_main.php?id=55473,Unknown
I Can See You,25855,3.0,2,01/06/2008,English,"Horror, Mystery",NR,Graham Reznick,"Benjamin Dickinson, Duncan Skiles, Christopher D. Ford, Larry Fessenden, Olivia Villanti, Heather Robb",https://www.filmcrave.com/movie_page_main.php?id=55474,Unknown
Love the Coopers,23322,2.1,7,11/13/2015,English,Comedy,PG-13,Jessie Nelson,"Amanda Seyfried, Olivia Wilde, Marisa Tomei, Ed Helms, Diane Keaton, John Goodman",https://www.filmcrave.com/movie_page_main.php?id=55475,Four generations of a family come together for the holidays but a series of unexpected visitors and guest turn the Christmas Eve get together upside down but ultimately helps solidify the bonds between them. --
Mademoiselle Has Fun ( Mademoiselle s'amuse ),56514,2.0,1,01/30/1948,French,Comedy,NR,Jean Boyer,"Ray Ventura, Giselle Pascal, Bernard Lancret, Catherine Gay, Jeannette Batti, Max Elloy",https://www.filmcrave.com/movie_page_main.php?id=55476,Unknown
How to Love ( Konsten att älska ),56498,2.0,1,02/10/1947,Swedish,Comedy,NR,Gunnar Skoglund,"Sture Lagerwall, Wanda Rothgardt, Ingegerd Westin, Sten-Åke Lindström, Björn Montin, Lauritz Falk",https://www.filmcrave.com/movie_page_main.php?id=55477,Unknown
Miss You Already,21109,2.4,4,11/06/2015,English,"Comedy, Drama",PG-13,Catherine Hardwicke,"Drew Barrymore, Toni Collette, Dominic Cooper, Paddy Considine, Tyson Ritter, Mem Ferda",https://www.filmcrave.com/movie_page_main.php?id=55478,The life-long friendship of two girlfriends is put to the test when one
Pay the Ghost,38105,2.5,2,09/23/2015,English,Thriller,NR,Uli Edel,"Nicolas Cage, Sarah Wayne Callies, Alex Mallari Jr., Veronica Ferres, Lyriq Bent, Sofia Wells",https://www.filmcrave.com/movie_page_main.php?id=55479,Unknown
Phantom of the Woods,51939,3.0,1,06/30/2013,English,"Drama, Horror",NR,Michael Storch,"Delaney Hathaway, J.R.S. Storch, Richard Hackel, Mark S. Esch, Matthew Finney, Rachel Bougher",https://www.filmcrave.com/movie_page_main.php?id=55480,Unknown
Sound of Nothing,59674,2.0,1,07/18/2013,English,Horror,NR,Chris Grega,"Robert Strasser, Melissa Jordan, Maggie Coerver Soto, Brock Roberts, Randy Manning, Carlos Antonio León",https://www.filmcrave.com/movie_page_main.php?id=55481,Unknown
Summer Forever,59864,2.0,1,09/04/2015,English,Musical,NR,Roman White,"Megan Nicole, Alyson Stoner, Anna Grace Barlow, Ryan McCartan, Cody Johns, Stephen Colletti",https://www.filmcrave.com/movie_page_main.php?id=55482,Unknown
This is Happening,52241,3.0,1,04/17/2015,English,"Comedy, Drama",NR,Ryan Jaffe,"Kenny Apel, Rene Auberjonois, J DOC Farrow, Jakki Jandrell, Cloris Leachman, Judd Nelson",https://www.filmcrave.com/movie_page_main.php?id=55483,Unknown
Rand University,32941,2.8,2,11/11/2014,English,"Documentary, Sport",NR,Marquis Daisy,"Randy Moss, Bobby Bowden, Cris Carter, Chad Pennington, Lou Holtz",https://www.filmcrave.com/movie_page_main.php?id=55484,Unknown
He Never Died,14286,2.8,3,12/18/2015,English,"Comedy, Horror",R,Jason Krawczyk,"Booboo Stewart, Steven Ogg, Henry Rollins, Jordan Todosey, James Cade, Michael Cram",https://www.filmcrave.com/movie_page_main.php?id=55485,Unknown
Just Let Go,52422,3.0,1,10/09/2015,English,Drama,PG-13,"Christopher S. Clark, Patrick Henry Parker","Henry Ian Cusick, Brenda Vaccaro, Jacob Buster, Sam Sorbo, Paris Warner, Darin Southam",https://www.filmcrave.com/movie_page_main.php?id=55486,"A drunk driving accident spares his life - but not that of his pregnant wife and two children. Chris Williams will never be the same and though he tries, may not be able to let things go, especially forgiving the young man responsible. --"
Attack on Titan: Part 2 ( Shingeki no kyojin: Attack on Titan - End of the World ),52446,3.0,1,10/20/2015,Japanese,"Action, Sci-Fi",NR,Shinji Higuchi,"Kiko Mizuhara, Kanata Hongô, Satomi Ishihara, Ayame Misaki, Nanami Sakuraba, Jun Kunimura",https://www.filmcrave.com/movie_page_main.php?id=55487,Unknown
The Beauty Inside,52385,3.0,1,09/11/2015,Korean,Romance,NR,Jong-Yeol Baek,"Woo-hee Chun, Ji-han Do, Hyo-ju Han, Karel Hermánek Jr., Dae-Myung Kim, Ju-hyuk Kim",https://www.filmcrave.com/movie_page_main.php?id=55488,Unknown
Jack Reacher: Never Go Back,15718,2.2,29,10/21/2016,English,"Action, Crime",PG-13,Edward Zwick,"Tom Cruise, Cobie Smulders, Patrick Heusinger, Aldis Hodge, Danika Yarosh",https://www.filmcrave.com/movie_page_main.php?id=55489,"When Jack Reacher decides to return to the headquarters of his old unit, he finds himself the number one suspect of a 16-year-old homicide and must go on the run to clear his name. --"
Welcome Back,52383,3.0,1,09/04/2015,Hindi,"Comedy, Crime",NR,Anees Bazmee,"Anil Kapoor, Nana Patekar, Dimple Kapadia, John Abraham, Shruti K. Haasan, Naseeruddin Shah",https://www.filmcrave.com/movie_page_main.php?id=55490,Unknown
The Lobster,961,3.0,55,05/13/2016,English,"Comedy, Romance",R,Yorgos Lanthimos,"Léa Seydoux, Rachel Weisz, Colin Farrell, Ben Whishaw, John C. Reilly, Ariane Labed",https://www.filmcrave.com/movie_page_main.php?id=55491,"In a dystopian future, the laws of The City dictate that anyone who is single must enter The Hotel and, if withing 45 days they cannot find a partner to connect with, are turned into beasts and sent off into The Woods. --"
The Falling,12797,2.6,5,08/07/2015,English,"Drama, Mystery",NR,Carol Morley,"Maxine Peake, Maisie Williams, Florence Pugh, Anna Burnett, Greta Scacchi, Rose Caton",https://www.filmcrave.com/movie_page_main.php?id=55492,"At a strict all-girls school, Abbie and Lydia are inseparable friends. But when tragedy strikes, Lydia is left alone and soon after, fainting spells take hold of many girls (and even a teacher) at the school. The epidemic leads to questions - but some answers are not easily explained. --"
Bread and Butter,59861,2.0,1,09/01/2015,English,Comedy,NR,Liz Manashil,"Lauren Lapkus, Bobby Moynihan, Eric Lange, Harry Groener, Micah Hauptman, Dawn Didawick",https://www.filmcrave.com/movie_page_main.php?id=55493,Unknown
Uncle John,26214,3.0,2,09/18/2015,English,"Crime, Drama",NR,Steven Piet,"John Ashton, Alex Moffat, Jenna Lyng, Ronnie Gene Blevins, Adria Dawn, Tim Decker",https://www.filmcrave.com/movie_page_main.php?id=55494,Unknown
Jeremy Scott: The People's Designer,52391,3.0,1,09/18/2015,English,Documentary,PG-13,Vlad Yudin,"Jeremy Scott, Jared Leto, Miley Cyrus, Lady Gaga, Rihanna, Katy Perry",https://www.filmcrave.com/movie_page_main.php?id=55495,Unknown
Bokura no ai no kanade,44646,2.0,2,03/21/2008,Japanese,"Drama, Romance",NR,Yôka Kusano,"Tsuyoshi Hayata, Teru Toko, Masato Uchiyama, Namihiko Ômura",https://www.filmcrave.com/movie_page_main.php?id=55496,"Maki, a struggling college student, suddenly becomes obsessed with a gifted boy who"
Doushitemo furetakunai,41962,2.3,2,05/31/2014,Japanese,"Drama, Romance",NR,Chihiro Amano,"Shôichi Matsuda, Yuya Mito, Masashi Taniguchi, Shou Tomita, Kôsuke Yonehara",https://www.filmcrave.com/movie_page_main.php?id=55497,A young gay man who has experienced a lot of homophobia must conquer his fear of
Drag King,38098,2.5,2,07/13/2015,English,Documentary,NR,Ben Churchill,Mady Giuliani,https://www.filmcrave.com/movie_page_main.php?id=55498,"The virtually unknown art of being a drag king is explored in this interview with Mady G., or"
"calle de los pianistas, La",59801,2.0,1,04/01/2015,Spanish,Drama,NR,Mariano Nante,"Martha Argerich, Natasha Binder, Alan Kwiek, Karin Lechner, Lyl Tiempo, Sergio Tiempo",https://www.filmcrave.com/movie_page_main.php?id=55499,Unknown
Our Brand is Crisis,7194,2.7,9,10/30/2015,English,"Comedy, Drama",R,David Gordon Green,"Sandra Bullock, Billy Bob Thornton, Anthony Mackie, Zoe Kazan, Scoot McNairy, Ann Dowd",https://www.filmcrave.com/movie_page_main.php?id=55500,"Based on the 2006 documentary of the same name, the film follows a group of American political strategists as they try to use their spin in South America. --"
Imminent Threat,52380,3.0,1,09/04/2015,English,"Documentary, War",NR,Janek Ambros,"David Boaz, Jodie Evans, Thomas Campbell, Julian Assange, George W. Bush, Barack Obama",https://www.filmcrave.com/movie_page_main.php?id=55501,Unknown
The Man Who Saved the World,52394,3.0,1,09/18/2015,Russian,Documentary,NR,Peter Anthony,"Stanislav Petrov, Kevin Costner, Sergey Shnyryov, Nataliya Vdovina, Walter Cronkite, Robert De Niro",https://www.filmcrave.com/movie_page_main.php?id=55502,Unknown
"Moving Creatures, The ( O Que Se Move )",52361,3.0,1,08/11/2015,Portuguese,"Drama, Musical",NR,Caetano Gotardo,"Cida Moreira, Andréa Marquee, Fernanda Vianna, Rômulo Braga, Wandré Gouveia, Henrique Schafer",https://www.filmcrave.com/movie_page_main.php?id=55503,Unknown
"Blood, Sweat, and Beer",59773,2.0,1,03/01/2015,English,"Documentary, Drama",NR,"Chip Hiden, Alexis Irvin","Brandon Capps, Asa Foster, Matt Katase, Danny Robinson",https://www.filmcrave.com/movie_page_main.php?id=55504,Unknown
"Complex, The ( Kuroyuri danchi )",51916,3.0,1,05/18/2013,Japanese,Horror,NR,Hideo Nakata,"Atsuko Maeda, Hiroki Narimiya, Masanobu Katsumura, Naomi Nishida, Masaya Takahashi, Kanau Tanaka",https://www.filmcrave.com/movie_page_main.php?id=55505,Unknown
As the Gods Will ( Kamisama no iu tôri ),21365,3.3,2,11/15/2014,Japanese,"Horror, Thriller",NR,Takashi Miike,"Ryûnosuke Kamiki, Rirî Furankî, Nao Ômori, Shôta Sometani, Sôta Fukushi, Mio Yûki",https://www.filmcrave.com/movie_page_main.php?id=55506,Unknown
"Sexual Tension: Volatile ( Tensión sexual, Volumen 1: Volátil )",41882,2.3,2,10/07/2012,Spanish,Drama,NR,"Marco Berger, Marcelo Mónaco","Lucas Lagré, Mario Verón, Javier De Pietro, Lautaro Machaca, Jair Toledo, Santiago Caamaño",https://www.filmcrave.com/movie_page_main.php?id=55507,"In six different short stories, men find themselves experiencing extremely homoerotic"
His Mystery Girl,55973,2.0,1,12/04/1923,English,Comedy,NR,Robert F. Hill,"Herbert Rawlinson, Ruth Dwyer, Margaret Campbell, Jere Austin, Ralph McCullough, William Quinn",https://www.filmcrave.com/movie_page_main.php?id=55508,Unknown
Life in the Raw,47353,3.0,1,07/07/1933,English,Western,NR,Louis King,"George O'Brien, Claire Trevor, Greta Nissen, Francis Ford, Warner Richmond, Steve Pendleton",https://www.filmcrave.com/movie_page_main.php?id=55509,Unknown
Life Returns,47442,3.0,1,01/02/1935,English,Drama,NR,"Eugene Frenke, James P. Hogan","Onslow Stevens, George P. Breakston, Lois Wilson, Valerie Hobson, Stanley Fields, Frank Reicher",https://www.filmcrave.com/movie_page_main.php?id=55510,Unknown
Number One Fan ( Elle l'adore ),52087,3.0,1,09/24/2014,French,"Comedy, Drama",NR,Jeanne Herry,"Sandrine Kiberlain, Laurent Lafitte, Pascal Demolon, Olivia Côte, Nicolas Bridet, Sébastien Knafo",https://www.filmcrave.com/movie_page_main.php?id=55511,Unknown
"Bélier Family, The ( famille Bélier, La )",52129,3.0,1,12/17/2014,French,"Comedy, Drama",NR,Eric Lartigau,"Karin Viard, François Damiens, Eric Elmosnino, Louane Emera, Roxane Duran, Ilian Bergala",https://www.filmcrave.com/movie_page_main.php?id=55512,Unknown
No Man's Woman,48261,3.0,1,10/27/1955,English,"Crime, Mystery",NR,Franklin Adreon,"Marie Windsor, John Archer, Patric Knowles, Nancy Gates, Jil Jarmyn, Richard Crane",https://www.filmcrave.com/movie_page_main.php?id=55513,Unknown
"Black Veil for Lisa, A ( morte non ha sesso, La )",48704,3.0,1,08/01/1969,Italian,Thriller,R,Massimo Dallamano,"John Mills, Luciana Paluzzi, Robert Hoffmann, Renate Kasché, Tullio Altamura, Carlo Hinterman",https://www.filmcrave.com/movie_page_main.php?id=55514,Unknown
"Dr. Goldfoot and the Girl Bombs ( spie vengono dal semifreddo, Le )",48556,3.0,1,11/09/1966,Italian,"Comedy, Adventure",NR,Mario Bava,"Vincent Price, Fabian, Franco Franchi, Ciccio Ingrassia, Francesco Mulé, Laura Antonelli",https://www.filmcrave.com/movie_page_main.php?id=55515,Unknown
"gallo con muchos huevos, Un",52379,3.0,1,09/04/2015,Spanish,"Animation, Comedy",NR,Gabriel Riva Palacio Alatriste,"Bruno Bichir, Carlos Espejel, Angélica Vale, Omar Chaparro, Maite Perroni, Sergio Sendel",https://www.filmcrave.com/movie_page_main.php?id=55516,"Toto was born the runt of the litter on his ranch. But when his owner is tricked by an evil rancher he will find himself going from zero to hero if he has a chance of saving his home and family. Joined by a few egg-cellent sidekicks, he will have a week to train his heart out and become the rooster he was meant to be. --"
A Ballerina's Tale,52434,3.0,1,10/14/2015,English,Documentary,NR,Nelson George,"Misty Copeland, Susan Fales-Hill, Victoria Rowell, Jessica Lauren Taylor, Raven Wilkinson",https://www.filmcrave.com/movie_page_main.php?id=55517,Unknown
Demolition,5791,2.7,23,04/08/2016,English,"Comedy, Drama",R,Jean-Marc Vallée,"Jake Gyllenhaal, Naomi Watts, Heather Lind, Chris Cooper, Wass Stevens, Polly Draper",https://www.filmcrave.com/movie_page_main.php?id=55518,"When a successful investment banker loses his wife in a tragic car accident, his life begins to unravel. After sending a complaint letter to a vending company, he begins a correspondence that becomes much more personal, catching the attention of a customer service rep dealing with burdens of her own. The unlikely pair form a connection that helps move on with their lives, even if it means tearing their old ones down. --"
Endgame,52221,3.0,1,04/12/2015,English,Drama,NR,Carmen Marron,"Rico Rodriguez, Ivonne Coll, Efren Ramirez, Justina Machado, Jon Gries, Cassie Brennan",https://www.filmcrave.com/movie_page_main.php?id=55519,Unknown
I Smile Back,34538,1.8,5,10/23/2015,English,Drama,R,Adam Salky,"Sarah Silverman, Josh Charles, Thomas Sadoski, Mia Barron, Skylar Gaertner, Shayne Coleman",https://www.filmcrave.com/movie_page_main.php?id=55520,"Even though Laney Brooks is married with kids, she lives life recklessly - drugs, sleeping around, disappearing - she does what she wants, when she wants. But her lifestyle is leading to a looming implosion - one that may finally cost her her family - but with temptation all around, she takes one final, desperate shot at redemption. --"
Poached,52190,3.0,1,03/16/2015,English,"Documentary, Comedy",PG-13,Timothy Wheeler,Lili Taylor,https://www.filmcrave.com/movie_page_main.php?id=55521,Unknown
Son of Saul ( Saul fia ),782,3.3,12,12/18/2015,Hungarian,Drama,R,László Nemes,"Géza Röhrig, Levente Molnár, Urs Rechn, Todd Charmont, Jerzy Walczak, Sándor Zsótér",https://www.filmcrave.com/movie_page_main.php?id=55522,"Saul is a Hungarian prisoner worker in the notorious Auschwitz concentration camp. We follow two days in his life - the Sonderkommando leads people to their death, but on this day he takes a young boy, who nearly survived the ordeal, as his own son. He wants to give the boy a proper burial, but even as he seeks his own redemption a group of prisoners plans an escape, but must have Saul's help for any chance of success. --"
Wind Walkers,43138,1.7,3,10/16/2015,English,"Action, Horror",R,Russell Friedenberg,"Zane Holtz, Glen Powell, Phil Burke, Rudy Youngblood, Johnny Sequoyah, Kiowa Gordon",https://www.filmcrave.com/movie_page_main.php?id=55523,Unknown
Just Jim,32953,2.8,2,03/14/2015,English,Comedy,NR,Craig Roberts,"Emile Hirsch, Craig Roberts, Richard Harrington, Mark Lewis Jones, Sai Bennett, Trystan Gravelle",https://www.filmcrave.com/movie_page_main.php?id=55524,Unknown
The Hallow,11800,2.8,4,11/06/2015,English,Horror,NR,Corin Hardy,"Joseph Mawle, Bojana Novakovic, Michael McElhatton, Gary Lydon, Stuart Graham, Conor Craig Stephens",https://www.filmcrave.com/movie_page_main.php?id=55525,A family hoping for a tranquil life following their move to a remote millhouse in Ireland will find anything but as a demonic force from the woods threatens their lives. --
Harvie Krumpet,7656,3.2,3,01/01/2004,English,"Animation, Comedy",NR,Adam Elliot,"Geoffrey Rush, Kamahl, John Flaus, Julie Forsyth",https://www.filmcrave.com/movie_page_main.php?id=55526,"Through thick and thin, Harvie (an ardent nudist, vegetarian and animal rights activist)"
Dyketactics,32271,2.8,2,01/01/1974,English,Unknown,NR,Barbara Hammer,Barbara Hammer,https://www.filmcrave.com/movie_page_main.php?id=55527,"Naked women frolic and become intimate in this dreamlike, classic lesbian short."
Walking ( En marchant ),21208,3.3,2,12/21/1969,English,Animation,NR,Ryan Larkin,Unknown,https://www.filmcrave.com/movie_page_main.php?id=55528,"Different people walk around to get to their destination, all with different body types and"
Ryan,50799,3.0,1,03/14/2005,English,"Documentary, Animation",NR,Chris Landreth,"Ryan Larkin, Chris Landreth, Felicity Fanjoy, Derek Lamb",https://www.filmcrave.com/movie_page_main.php?id=55529,Unknown
Alter Egos,50721,3.0,1,09/25/2004,English,"Documentary, Biography",NR,Laurence Green,"Felicity Fanjoy, Chris Landreth, Ryan Larkin, Tanya Tree, Robert Verrall",https://www.filmcrave.com/movie_page_main.php?id=55530,Unknown
Bingo,50012,3.0,1,10/01/1998,English,Animation,NR,Chris Landreth,"David Kodeski, Phil Ridarelli, Diana Slickman, Dave Awl, Greg Allen, Steve Mosqueda",https://www.filmcrave.com/movie_page_main.php?id=55531,Unknown
The End,49749,3.0,1,01/01/1995,English,Animation,NR,Chris Landreth,"Jeffrey Hirschfield, Gina Clayton, Hannah Kravitz, Vivian Chelette, Ami Choi, Wynn Fricke",https://www.filmcrave.com/movie_page_main.php?id=55532,Unknown
Bottle Rocket,6851,2.8,6,01/01/1994,English,"Comedy, Crime",NR,Wes Anderson,"Owen Wilson, Luke Wilson, Robert Musgrave, Elissa Sommerfield, Isiah Ellis, Temple Nash",https://www.filmcrave.com/movie_page_main.php?id=55533,"In this short, which would serve as the basis for Anderson's first feature-length film, three"
Extinction,17774,2.4,5,07/31/2015,English,"Drama, Horror",R,Miguel Ángel Vivas,"Matthew Fox, Jeffrey Donovan, Quinn McColgan, Valeria Vereau, Clara Lago, Eduardo Fedriani",https://www.filmcrave.com/movie_page_main.php?id=55534,Two men struggle with their hatred towards each other while protecting a nine year-old girl during the zombie apocalypse.
Last Cab to Darwin,5483,3.3,3,06/09/2015,English,"Comedy, Drama",NR,Jeremy Sims,"Jacki Weaver, John Howard, Emma Hamilton, Mark Coles Smith, David Field, Michael Caton",https://www.filmcrave.com/movie_page_main.php?id=55535,Unknown
Hero,52386,3.0,1,09/11/2015,Hindi,"Action, Drama",NR,Nikhil Advani,"Sooraj Pancholi, Athiya Shetty, Tigmanshu Dhulia, Aditya Pancholi",https://www.filmcrave.com/movie_page_main.php?id=55536,Unknown
London Road,16215,3.5,2,06/12/2015,English,"Adventure, Mystery",NR,Rufus Norris,"Tom Hardy, Olivia Colman, Kate Fleetwood, Eloise Laurence, Lynne Wilmot, Paul Thornley",https://www.filmcrave.com/movie_page_main.php?id=55537,Unknown
Hell and Back,18906,2.7,3,10/02/2015,English,"Animation, Comedy",R,"Tom Gianas, Ross Shuman","Nick Swardson, Mila Kunis, Bob Odenkirk, T.J. Miller, Rob Riggle, Susan Sarandon",https://www.filmcrave.com/movie_page_main.php?id=55538,Unknown
Last Shift,9506,2.6,8,10/06/2015,English,"Horror, Thriller",R,Anthony DiBlasi,"Juliana Harkavy, Joshua Mikel, J. LaRose, Natalie Victoria, Sarah Sculco, Kathryn Kilger",https://www.filmcrave.com/movie_page_main.php?id=55539,Unknown
Lost TIme,52083,3.0,1,09/14/2014,English,"Horror, Sci-Fi",NR,Christian Sesma,"Rochelle Vallese, Luke Goss, Robert Davi, Derek Mears, Lin Shaye, Jenni Blong",https://www.filmcrave.com/movie_page_main.php?id=55540,Unknown
I Didn't Do It,56491,2.0,1,08/06/1945,English,"Comedy, Crime",NR,Marcel Varnel,"George Formby, Billy Caryll, Hilda Mundy, Gaston Palmer, Jack Daly, Carl Jaffe",https://www.filmcrave.com/movie_page_main.php?id=55541,Unknown
Misbehaving Ladies,56032,2.0,1,04/18/1931,English,Drama,NR,William Beaudine,"Lila Lee, Ben Lyon, Louise Fazenda, Lucien Littlefield, Julia Swayne Gordon, Emily Fitzroy",https://www.filmcrave.com/movie_page_main.php?id=55542,Unknown
Men on Call,56028,2.0,1,01/18/1931,English,Drama,NR,John G. Blystone,"Edmund Lowe, Mae Clarke, William Harrigan, Sharon Lynn, Warren Hymer, Ruth Warren",https://www.filmcrave.com/movie_page_main.php?id=55543,Unknown
Mother's Boy,56013,2.0,1,07/01/1929,English,"Drama, Musical",NR,Bradley Barker,"Morton Downey, Beryl Mercer, John T. Doyle, Brian Donlevy, Helen Chandler, Osgood Perkins",https://www.filmcrave.com/movie_page_main.php?id=55544,Unknown
The Bronze,26781,2.0,8,03/18/2016,English,"Comedy, Drama",R,Bryan Buckley,"Melissa Rauch, Gary Cole, Haley Lu Richardson, Thomas Middleditch, Sebastian Stan, Cecily Strong",https://www.filmcrave.com/movie_page_main.php?id=55545,"A one-time Olympic gymnastics bronze medalist has turned her brief time in the spotlight to become a local celebrity. But her foul mouth and bad attitude has turned off nearly everyone in her life, with only her father left to indulge her. When a new gymnastic prodigy emerges, it may be the last nail in the coffin - unless she can turn things around before a rival (and potential love interest) steals the show. --"
Zombie Undead,41835,2.3,2,01/15/2010,English,Horror,NR,Rhys Davies,"Ruth King, Kris Tearse, Barry Thomas, Christopher J. Herbert, Steven Dolton, Sandra Wildbore",https://www.filmcrave.com/movie_page_main.php?id=55546,Unknown
Pro Wrestlers vs Zombies,46674,1.8,2,03/28/2014,English,"Comedy, Horror",NR,Cody Knotts,"Roddy Piper, Kurt Angle, Jim Duggan, Matt Hardy, Reby Sky, Shannon M. Hart",https://www.filmcrave.com/movie_page_main.php?id=55547,Unknown
She Devils of the SS aka Frauleins in Uniform ( Eine Armee Gretchen ),22467,2.5,3,08/24/1973,German,"Comedy, War",NR,Erwin C. Dietrich,"Elisabeth Felchner, Karin Heske, Renate Kasché, Carl Möhner, Helmut Förnbacher, Alexander Allerson",https://www.filmcrave.com/movie_page_main.php?id=55548,A group of girls volunteers for the German army during the end of the second world war.
Holding the Man,7592,3.2,3,08/27/2015,English,Drama,NR,Neil Armfield,"Guy Pearce, Geoffrey Rush, Sarah Snook, Ryan Corr, Anthony LaPaglia, Craig Stott",https://www.filmcrave.com/movie_page_main.php?id=55549,Unknown
Katti Batti,52392,3.0,1,09/18/2015,Hindi,Romance,NR,Nikhil Advani,"Kangana Ranaut, Imran Khan",https://www.filmcrave.com/movie_page_main.php?id=55550,Unknown
Prophet's Prey,26213,3.0,2,09/18/2015,English,"Documentary, Biography",NR,Amy Berg,"Sam Brower, Nick Cave, Andrew Chatwin, Lori Chatwin, Ross Chatwin, Craig Foster",https://www.filmcrave.com/movie_page_main.php?id=55551,Unknown
East Side Sushi,52117,3.0,1,11/12/2014,English,Drama,PG,Anthony Lucero,"Diana Elizabeth Torres, Yutaka Takeuchi, Rodrigo Duarte Clark, Kaya Jade Aguirre, Roji Oyama, Lane Nishikawa",https://www.filmcrave.com/movie_page_main.php?id=55552,Unknown
Uncanny,26173,3.0,2,01/30/2015,English,"Drama, Sci-Fi",NR,Matthew Leutwyler,"Mark Webber, Lucy Griffiths, David Clayton Rogers, Rainn Wilson",https://www.filmcrave.com/movie_page_main.php?id=55553,Unknown
"Bunker, Der",52400,3.0,1,09/26/2015,German,"Comedy, Drama",NR,Nikias Chryssos,"Pit Bukowski, Daniel Fripan, Oona von Maydell, David Scheller",https://www.filmcrave.com/movie_page_main.php?id=55554,Unknown
Hardcore Henry,13159,2.3,30,04/08/2016,English,"Action, Sci-Fi",R,Ilya Naishuller,"Sharlto Copley, Haley Bennett, Danila Kozlovsky, Cyrus Arnold, Ilya Naishuller, Will Stewart",https://www.filmcrave.com/movie_page_main.php?id=55555,"A film shot entirely from a first-person perspective - when Henry wakes up, he has no memory - and within five minutes, the woman who has brought him back from the dead tells him she is his wife, before being kidnapped. On the run in the unfamiliar city of Moscow, Henry finds himself on the run from everyone - the warlord Akan who has plans for world domination, local authorities and more - the mysterious British man Jimmy claims to be a friend - but who can you trust when you don't even know yourself?  --"
James White,21391,3.3,2,11/13/2015,English,Drama,R,Josh Mond,"Christopher Abbott, Cynthia Nixon, Scott Mescudi, Ron Livingston, Makenzie Leigh, David Call",https://www.filmcrave.com/movie_page_main.php?id=55556,"A twenty-something young man living in New York leads a reckless life. But when his mother is diagnosed with a serious illness he must face his life, take control or risk losing everything. --"
The Missing Girl,59867,2.0,1,09/26/2015,English,"Comedy, Drama",NR,A.D. Calvo,"Robert Longstreet, Alexia Rasmussen, Eric Ladin, Thomas Jay Ryan, Shirley Knight, Kevin Corrigan",https://www.filmcrave.com/movie_page_main.php?id=55557,Unknown
Shark Lake,42008,2.3,2,10/02/2015,English,Thriller,NR,Jerry Dugan,"Dolph Lundgren, Sara Malakul Lane, James Chalke, Michael Aaron Milligan, Lily Brooks O'Briant, Ibrahim Renno",https://www.filmcrave.com/movie_page_main.php?id=55558,Unknown
Too Late,52300,3.0,1,06/11/2015,English,Drama,NR,Dennis Hauck,"Dash Mihok, Crystal Reed, John Hawkes, Natalie Zea, Rider Strong, Robert Forster",https://www.filmcrave.com/movie_page_main.php?id=55559,Unknown
Lesser Prophets,37415,2.5,2,11/28/1997,English,"Crime, Drama",R,William DeVizia,"Michael Badalucco, Zachary Badalucco, Amy Brenneman, Dayton Callie, Suzanne Costollos, Sybil Darrow",https://www.filmcrave.com/movie_page_main.php?id=55560,Unknown
Reform School Girl,32420,2.8,2,09/23/1994,English,Drama,R,Jonathan Kaplan,"Aimee Graham, Teresa DiSpina, Matt LeBlanc, Carolyn Seymour, Marissa Ribisi, Eleanor O'Brien",https://www.filmcrave.com/movie_page_main.php?id=55561,"A teenage girl with a tough home life gets caught in the wrong place at the wrong time, and"
Mr. Angel,10885,3.0,3,12/03/2013,English,"Documentary, Biography",NR,Dan Hunt,"Buck Angel, Elayne Angel, Sasha Grey, Michael Lucas, Dan Savage, Lux Alptraum",https://www.filmcrave.com/movie_page_main.php?id=55562,"A transgender man tells his harrowing story about discovery, addiction and acceptance."
Wrecker ( Driver from Hell ),52475,3.0,1,11/06/2015,English,"Action, Thriller",NR,Michael Bafaro,"Anna Hutchison, Andrea Whitburn, Jennifer Koenig, Don Knodel, Michael Dickson, Kurtis Maguire",https://www.filmcrave.com/movie_page_main.php?id=55563,Unknown
In My Father's House,52232,3.0,1,04/16/2015,English,"Documentary, Drama",R,"Ricki Stern, Anne Sundberg","Che 'Rhymefest' Smith, Brian Smith",https://www.filmcrave.com/movie_page_main.php?id=55564,Unknown
Krisha,1302,3.3,6,03/16/2015,English,"Drama, Family",R,Trey Edward Shults,"Olivia Grace Applegate, Bryan Casserly, Alex Dobrenko, Chris Doubek, Billie Fairchild, Krisha Fairchild",https://www.filmcrave.com/movie_page_main.php?id=55565,Unknown
All American High,49392,3.0,1,01/01/1986,English,Documentary,NR,Keva Rosenfeld,Rikki Rauhala,https://www.filmcrave.com/movie_page_main.php?id=55566,Unknown
The Primary Instinct,52234,3.0,1,04/16/2015,English,"Documentary, Drama",NR,David Chen,Stephen Tobolowsky,https://www.filmcrave.com/movie_page_main.php?id=55567,Unknown
Where to Invade Next,8077,2.7,9,02/12/2016,English,Documentary,R,Michael Moore,"Michael Moore, Krista Kiuru, Tim Walker",https://www.filmcrave.com/movie_page_main.php?id=55568,"We grow up hearing about the great American Dream - but just how good is that dream? Michael Moore travels the world, ""invading"" several countries to see what we can take from each of them to make America a better place. --"
Getting Out,52326,3.0,1,07/03/2015,English,"Crime, Drama",NR,Nick Felice,"Kevin Hartzman, Michael Renda, Ashley-Rene' Everest, George Avgoustis, Jerry Hayes, Joe Elliott",https://www.filmcrave.com/movie_page_main.php?id=55569,Unknown
Seashore ( Beira-Mar ),9154,2.9,4,06/21/2015,Portuguese,Drama,NR,"Filipe Matzembacher, Marcio Reolon","Mateus Almada, Ariel Artur, Maurício Barcellos, Irene Brietzke, Elisa Brittes, Maitê Felistoffa",https://www.filmcrave.com/movie_page_main.php?id=55570,A young man must overcome the problems caused by his overbearing and abusive father
Life of Josutty,59865,2.0,1,09/18/2015,Other,Comedy,NR,Jeethu Joseph,"Dileep, Suraaj Venjarammoodu, Rachana Narayanankutty, Sunil Sukhada, Chemban Vinod Jose",https://www.filmcrave.com/movie_page_main.php?id=55571,Unknown
Mysterious Crossing,47637,3.0,1,12/27/1936,English,"Drama, Mystery",NR,Arthur Lubin,"James Dunn, Jean Rogers, Andy Devine, Hobart Cavanaugh, John Eldredge, Herbert Rawlinson",https://www.filmcrave.com/movie_page_main.php?id=55572,Unknown
Monte Carlo,55997,2.0,1,03/01/1926,English,"Comedy, Romance",NR,Christy Cabanne,"Lew Cody, Gertrude Olmstead, Roy D'Arcy, Karl Dane, Zasu Pitts, Trixie Friganza",https://www.filmcrave.com/movie_page_main.php?id=55573,Unknown
Married Alive,40364,2.3,2,07/17/1927,English,Comedy,NR,Emmett J. Flynn,"Lou Tellegen, Margaret Livingston, Matt Moore, Claire Adams, Gertrude Claire, Marcella Daly",https://www.filmcrave.com/movie_page_main.php?id=55574,Unknown
Heist,13048,2.4,9,11/13/2015,English,"Action, Thriller",R,Scott Mann,"Robert De Niro, Jeffrey Dean Morgan, Dave Bautista, Kate Bosworth, Gina Carano, Morris Chestnut",https://www.filmcrave.com/movie_page_main.php?id=55575,"After a heist, three man run for the hills in a bus half-full of people, taking them hostage in the process. --"
Tell,38063,2.5,2,12/04/2014,English,"Action, Crime",R,J.M.R. Luna,"Milo Ventimiglia, Katee Sackhoff, Jason Lee, Robert Patrick, Alan Tudyk, John Michael Higgins",https://www.filmcrave.com/movie_page_main.php?id=55576,Unknown
Close Range,26227,3.0,2,12/04/2015,English,"Action, Crime",NR,Isaac Florentine,"Scott Adkins, Nick Chinlund, Caitlin Keats, Jake La Botz, Tony Perez, Madison Lawlor",https://www.filmcrave.com/movie_page_main.php?id=55577,Unknown
Nasty Baby,26220,3.0,2,10/23/2015,English,Drama,R,Sebastián Silva,"Kristen Wiig, Alia Shawkat, Reg E. Cathey, Mark Margolis, Judy Marte, Sebastián Silva",https://www.filmcrave.com/movie_page_main.php?id=55578,Unknown
The Big Short,963,3.0,73,12/23/2015,English,Drama,R,Adam McKay,"Ryan Gosling, Christian Bale, Steve Carell, Brad Pitt, Finn Wittrock, John Magaro",https://www.filmcrave.com/movie_page_main.php?id=55579,"As the US approaches an invetable housing and credit meltdown, a group of calculating and unscrupulous men take advantage before the bubble bursts and make millions off the misery that follows. --"
Awaken,40182,2.3,2,07/07/2015,English,"Action, Horror",R,Mark Atkins,"Edward Furlong, Daryl Hannah, Vinnie Jones, Michael Paré, Jason London, Robert Davi",https://www.filmcrave.com/movie_page_main.php?id=55580,Unknown
Eating Happiness,59868,2.0,1,10/02/2015,English,Documentary,R,Genlin,"Cristina Parovel, Luciano Palermi, Genlin, Sandro Carotti",https://www.filmcrave.com/movie_page_main.php?id=55581,Unknown
Julia,52101,3.0,1,10/14/2014,English,"Horror, Thriller",R,Matthew A. Brown,"Ashley C. Williams, Tahyna Tozzi, Jack Noseworthy, Joel de la Fuente, Cary Woodworth, Darren Lipari",https://www.filmcrave.com/movie_page_main.php?id=55582,Unknown
Mi America,59878,2.0,1,10/16/2015,English,"Crime, Drama",R,Robert Fontaine,"Robert Fontaine, Brad Lee Wind, Michael Brainard, Grant Boyd, Angel Valle Jr., Michael Derek",https://www.filmcrave.com/movie_page_main.php?id=55583,Unknown
Mustang,1622,3.2,10,10/24/2015,Turkish,Drama,PG-13,Deniz Gamze Ergüven,"Günes Sensoy, Doga Zeynep Doguslu, Elit Iscan, Tugba Sunguroglu, Ilayda Akdogan, Nihal G. Koldas",https://www.filmcrave.com/movie_page_main.php?id=55584,Unknown
Truth,7281,2.7,12,10/16/2015,English,"Biography, Drama",R,James Vanderbilt,"Cate Blanchett, Robert Redford, Elisabeth Moss, Topher Grace, Dennis Quaid, Bruce Greenwood",https://www.filmcrave.com/movie_page_main.php?id=55585,"As the 2004 presidential election approached, 60 Minutes, led by CBS news head Mary Mapes and veteran newscaster Dan Rather, aired a segment on presidential hopeful George W. Bush - namely that his father's political ties led to him avoiding the Vietnam draft. When the Killian Documents were proved to be false, it led to a fallout ultimately ending the careers of many, including Mapes and, many have speculated, the retirement of Rather himself. --"
Manson Family Vacation,28468,2.3,3,10/06/2015,English,"Comedy, Drama",NR,J. Davis,"Jay Duplass, Linas Phillips, Leonora Pitts, Adam Chernick, Tobin Bell, Davie-Blue",https://www.filmcrave.com/movie_page_main.php?id=55586,Unknown
Reversion,59872,2.0,1,10/09/2015,English,"Sci-Fi, Thriller",NR,Jose Nestor Marquez,"Amanda Plummer, Gary Dourdan, Aja Naomi King, Colm Feore, Lela Rochon, David Clennon",https://www.filmcrave.com/movie_page_main.php?id=55587,Unknown
Evidence of Harm,59874,2.0,1,10/14/2015,English,"Documentary, Biography",NR,Randall Moore,"Tom Kane, Dan Burton, Karen Burns, Boyd Haley, Diane Watson, Stacy Case",https://www.filmcrave.com/movie_page_main.php?id=55588,Unknown
Meadowland,32983,2.8,2,10/16/2015,English,Drama,R,Reed Morano,"Olivia Wilde, Juno Temple, Elisabeth Moss, Giovanni Ribisi, John Leguizamo, Ty Simpkins",https://www.filmcrave.com/movie_page_main.php?id=55589,Unknown
Momentum,43137,1.7,3,10/16/2015,English,"Action, Thriller",NR,Stephen S. Campanelli,"Olga Kurylenko, Morgan Freeman, James Purefoy, Sabine Palfi, Jenna Saras, Karl Thaning",https://www.filmcrave.com/movie_page_main.php?id=55590,Unknown
Gravy,52410,3.0,1,10/02/2015,English,Comedy,NR,James Roday,"Lothaire Bluteau, Lily Cole, Molly Ephraim, Sutton Foster, Stefanie E. Frame, Dulé Hill",https://www.filmcrave.com/movie_page_main.php?id=55591,Unknown
Manhattan Romance,52411,3.0,1,10/02/2015,English,"Comedy, Documentary",NR,Tom O'Brien,"Gaby Hoffmann, Tom O'Brien, Katherine Waterston, Caitlin FitzGerald, Zach Grenier, Louis Cancelmi",https://www.filmcrave.com/movie_page_main.php?id=55592,Unknown
Guilty ( Talvar ),38107,2.5,2,10/02/2015,Hindi,"Drama, Mystery",NR,Meghna Gulzar,"Irrfan Khan, Konkona Sen Sharma, Tabu, Neeraj Kabi, Gajraj Rao, Sohum Shah",https://www.filmcrave.com/movie_page_main.php?id=55593,Unknown
What Our Fathers Did: A Nazi Legacy,31480,2.2,3,11/06/2015,English,Documentary,NR,David Evans,"Niklas Frank, Philippe Sands, Horst von Wächter",https://www.filmcrave.com/movie_page_main.php?id=55594,"Three men are on a journey across Europe - two of them are men whose fathers were senior Nazi officers, the third is prolific human rights lawyer and author Philippe Sands, whose Jewish family was destroyed by those same men. A documentary about confronting the past and how it affects the present. --"
Bare,59890,2.0,1,10/30/2015,English,Drama,NR,Natalia Leite,"Dianna Agron, Paz de la Huerta, Chris Zylka, Louisa Krause, Mary Price Moore, Lora Martinez-Cunningham",https://www.filmcrave.com/movie_page_main.php?id=55595,Unknown
Forever,52168,3.0,1,02/27/2015,English,Drama,R,Tatia Pilieva,"Deborah Ann Woll, Luke Grimes, John Diehl, Rhys Coiro, Jill Larson, Ioan Gruffudd",https://www.filmcrave.com/movie_page_main.php?id=55596,Unknown
Soldiers of the Damned,44919,2.0,2,08/15/2015,English,"Action, Horror",NR,Mark Nuttall,"Gil Darnell, Miriam Cooke, Lucas Hansen, Tom Sawyer, Jason Kennedy, Mark Fountain",https://www.filmcrave.com/movie_page_main.php?id=55597,Unknown
Starcrossed,25777,3.0,2,04/24/2005,English,Drama,NR,James Burkhammer,"J.B. Ghuman Jr., John Wesley Shipp, Simon Ragaine, Derek Sean Lara, Darcy DeMoss, Marshall Allman",https://www.filmcrave.com/movie_page_main.php?id=55598,"Despite the unloving nature of their father, two brothers find love in an unexpected and"
"Assassin, The ( Nie yin niang )",2847,3.0,13,10/16/2015,Mandarin,"Action, Drama",NR,Hsiao-Hsien Hou,"Qi Shu, Chen Chang, Satoshi Tsumabuki, Shao-Huai Chang, Dahong Ni, Fang-yi Sheu",https://www.filmcrave.com/movie_page_main.php?id=55599,"During the Tang Dynasty period in China, Nie Yinniang returns from exhile with a new mission - to oust the tyrannical governors who will not submit to the authority of the emperor. But she is faced with a dilemma when she has to choose between the man she loves and following the ""order of the Assassins"". --"
Boiling Pot,46701,1.8,2,09/29/2015,English,"Crime, Drama",NR,Omar Ashmawey,"Danielle Fishel, Louis Gossett Jr., M. Emmet Walsh, Keith David, John Heard, Ibrahim Ashmawey",https://www.filmcrave.com/movie_page_main.php?id=55600,Unknown
Difret,52032,3.0,1,01/18/2014,Other,Drama,NR,Zeresenay Mehari,"Meron Getnet, Tizita Hagere, Shitaye Abraha, Girma Teshome, Mekonen Laeake, Kiya Kennha",https://www.filmcrave.com/movie_page_main.php?id=55601,Unknown
Blood Moon,42005,2.3,2,09/01/2015,English,"Horror, Thriller",NR,Jeremy Wooding,"George Blagden, Tom Cotcher, Barrington De La Roche, Raffaello Degruttola, Shaun Dooley, Corey Johnson",https://www.filmcrave.com/movie_page_main.php?id=55602,Unknown
Extraordinary Tales,26222,3.0,2,10/30/2015,English,"Animation, Mystery",NR,Raul Garcia,"Roger Corman, Guillermo del Toro, Christopher Lee, Julian Sands, Bela Lugosi, Stephen Hughes",https://www.filmcrave.com/movie_page_main.php?id=55603,"A different animated take on five classic Edgar Allen Poe stories: The Tell-Tale Heart,"" ""The Pit and the Pendulum,"" ""The Fall of the House of Usher,"" ""The Masque of Red Death"" and ""The Facts in the Case of Mr. Valdemar."" --"
The Inhabitants,52432,3.0,1,10/13/2015,English,"Horror, Thriller",NR,"Michael Rasmussen, Shawn Rasmussen","Elise Couture, Michael Reed, India Pearl, Edmund Donovan, Rebecca Whitehurst, Erica Derrickson",https://www.filmcrave.com/movie_page_main.php?id=55604,Unknown
Brotherly,25864,3.0,2,05/03/2008,English,Drama,NR,J.C. Oliva,"Kevin Fabian, Malcolm McRae, Mathis Fender, Jonathan Robert Kaplan, Lisa Michel",https://www.filmcrave.com/movie_page_main.php?id=55605,"Two brothers, faced with abusive, alcoholic parents, form an incredibly strong bond."
Dare,41734,2.3,2,08/13/2005,English,Drama,NR,Adam Salky,"Adam Fleming, Michael Cassidy, Marla Burkholder, Terry Guerin, Carly Haines, Matt Lundy",https://www.filmcrave.com/movie_page_main.php?id=55606,Two boys that appear to be nothing alike share a ride home and find out that they have
We Are Animals,16199,3.5,2,06/28/2013,English,Sci-Fi,NR,Dominic Haxton,"Daniel Landroche, Clint Napier, Drew Droege, George Alvarez, Jeffrey O'Connell, Navarro Hall",https://www.filmcrave.com/movie_page_main.php?id=55607,"In this futuristic retelling of the 80s AIDS scare, the Pink Panthers, a group of rebellious"
Gay Mean Girls,37894,2.5,2,01/01/2014,English,"Comedy, Drama",NR,Heyishi Zhang,"Chelsea Leaman, Amika Cooper, Stephanie Neale",https://www.filmcrave.com/movie_page_main.php?id=55608,The conflicts that a teenager feels when faced with coming out of the closet is blatantly
Boy,38002,2.5,2,06/19/2014,English,Drama,NR,Lucas Helth Postma,"Laura Emilie Hancock, Christina Selden, Oliver Wollenberg, Pernille Dahl Nielsen, Susanne Solberg Hansen",https://www.filmcrave.com/movie_page_main.php?id=55609,A young transgender man has troubles communicating with his mom and making her
Barbie Boy,26166,3.0,2,12/12/2014,English,Family,NR,Nick Corporon,"Trent Carlton, Lauren Dobbins Webb, William Kidd, Shawn Kissinger",https://www.filmcrave.com/movie_page_main.php?id=55610,A father becomes angry with his son for playing with Barbie dolls.
"Crawlers, The ( Contamination .7 )",49687,3.0,1,12/23/1993,English,Horror,R,"Joe D'Amato, Fabrizio Laurenti","Mary Sellers, Jason Saucier, Bubba Reeves, Chelsi Stahr, Vince O'Neil, Patrick Collins",https://www.filmcrave.com/movie_page_main.php?id=55611,"In a small town, People are attacked by radioactive tree roots"
"Kiss in the Snow, A ( Kysset som fikk snøen til å smelte )",25640,3.0,2,06/24/1997,Norwegian,"Drama, Romance",NR,Frank Mosvold,"Kristian Dale Hakkelberg, Stian Barsnes Simonsen, Silje Andresen",https://www.filmcrave.com/movie_page_main.php?id=55612,Cecilie and Peter both become interested in a new boy that moves into town.
Believe,50168,3.0,1,03/22/2000,English,"Family, Horror",PG,Robert Tinnell,"Ricky Mabe, Christopher Heyerdahl, Jayne Heitmeyer, Elisha Cuthbert, Ben Gazzara, Stephanie Morgenstern",https://www.filmcrave.com/movie_page_main.php?id=55613,"After being kicked out of multiple boarding schools, A kid is sent to live with his"
Chicken,37484,2.5,2,06/15/2001,English,Drama,NR,Barry Dignam,"Darren Healy, Niall O'Shea",https://www.filmcrave.com/movie_page_main.php?id=55614,"Mick and Kev clown about near train tracks, but there may be unspoken feelings."
Oranges,37545,2.5,2,05/01/2004,English,Drama,NR,Kristian Pithie,"Thomas Blackburne, Brad Flynn, Kristen Hagen, Robyn Nethercote, Steven K. Perry, Gregory Thompson",https://www.filmcrave.com/movie_page_main.php?id=55615,Truths are revealed when a boy crashes his bike and wakes up in a strange room.
Valerian and the City of a Thousand Planets,8461,2.5,37,07/21/2017,English,Sci-Fi,PG-13,Luc Besson,"Cara Delevingne, Dane DeHaan, Clive Owen, Elizabeth Debicki, Sam Spruell, Rihanna",https://www.filmcrave.com/movie_page_main.php?id=55616,"Valerian and Laureline are special agents of the human species, whose main goal is to maintain harmony and order across the universe. Investigating the every-expanding intergalactic city of Alpha (17 million inhabitants and expanding), all seems well but sinister forces seek to upset the balance and plunge the known universe into chaos. --"
Carter High,52460,3.0,1,10/30/2015,English,"Drama, Sport",PG-13,Arthur Muhammad,"Vivica A. Fox, Pooch Hall, Charles S. Dutton, David Banner, Reginald C. Hayes, Robert Hayes",https://www.filmcrave.com/movie_page_main.php?id=55617,"The Dallas, Texas Carter High School footballs team was an 80s powerhouse, eventually going on to win the 1988 state championship. But the team was rocked by controversy when 9 out of its 18 players were caught in a robbery scheme that not only stripped them of their futures, but affected the Carter team as well. --"
Dancin' It's On,55806,1.3,2,10/16/2015,English,"Family, Musical",PG,David Winters,"Witney Carson, Gary Daniels, Jordan Clark, Ava Fabian, David Winters, Comfort Fedoke",https://www.filmcrave.com/movie_page_main.php?id=55618,Unknown
Remember,3195,3.0,9,01/15/2016,English,"Drama, Thriller",R,Atom Egoyan,"Dean Norris, Christopher Plummer, Martin Landau, Henry Czerny, Jürgen Prochnow, Bruno Ganz",https://www.filmcrave.com/movie_page_main.php?id=55619,"A man suffering from dementia, armed with a hand-written letter, relies on a fellow Auschwitz survivor in order to find the person responsible for the death of his family. --"
Stealing Cars,52309,3.0,1,06/13/2015,English,Drama,R,Bradley Kaplan,"William H. Macy, John Leguizamo, Felicity Huffman, Heather Lind, Mike Epps, Paul Sparks",https://www.filmcrave.com/movie_page_main.php?id=55620,Unknown
Swearnet: The Movie,52081,3.0,1,09/12/2014,English,Comedy,NC-17,Warren P. Sonoda,"Robb Wells, John Paul Tremblay, Mike Smith, Patrick Roach, Tom Green, Scott 'Carrot Top' Thompson",https://www.filmcrave.com/movie_page_main.php?id=55621,Unknown
No Stranger Than Love,52260,3.0,1,04/30/2015,English,"Comedy, Romance",R,Nick Wernham,"Alison Brie, Colin Hanks, Justin Chatwin, Dylan Everett, Aaron Poole, Jayne Eastwood",https://www.filmcrave.com/movie_page_main.php?id=55622,Unknown
Summer,32654,2.8,2,06/17/2006,English,Drama,NR,Hong Khaou,"Peter Peralta, Jay Brown",https://www.filmcrave.com/movie_page_main.php?id=55623,"Two friends, Leung and Will, wander around the woods together."
Davy and Stu,37617,2.5,2,05/27/2006,English,"Drama, Romance",NR,Soman Chainani,"Nicholas Cutro, Travis Walters",https://www.filmcrave.com/movie_page_main.php?id=55624,Two young Scottish boys meet up in the woods to talk about their lives and the creature
Lucky Blue,25827,3.0,2,01/30/2007,Swedish,Romance,NR,Håkon Liu,"Tobias Bengtsson, Tom Lofterud, Britta Andersson, Johan Friberg, Michaela Berner",https://www.filmcrave.com/movie_page_main.php?id=55625,"Kevin, a city boy, meets Olle at a campground."
"Romeo's Kiss ( baiser, Le )",37664,2.5,2,11/16/2007,French,"Drama, Romance",NR,Julien Eger,"Florent Arnoult, Matila Malliarakis, Héloïse Adam, Didier Tournan",https://www.filmcrave.com/movie_page_main.php?id=55626,"A boy goes with his girlfriend to her rehearsal of Romeo and Juliet, but what will happen"
Lloyd Neck,25853,3.0,2,01/01/2008,English,Drama,NR,Benedict Campbell,"Aaron Michael Davies, Carina Goldbach, Brian Dare",https://www.filmcrave.com/movie_page_main.php?id=55627,"Two gay friends (who may be in love), along with a little sister, hang out for a day in the"
Thirteen or So Minutes,25865,3.0,2,05/22/2008,English,"Comedy, Drama",NR,William Branden Blinn,"Nick Soper, Carlos Salas",https://www.filmcrave.com/movie_page_main.php?id=55628,"Immediately after sleeping with each other, two straight men talk through their actions and"
Chain Link,51318,3.0,1,04/01/2008,English,Drama,NR,Dylan Reynolds,"Peter Looney, David Kallaway, Jim Storm, Mark Irvingsen, Jody Jaress, Lelia Goldoni",https://www.filmcrave.com/movie_page_main.php?id=55629,A man just released from prison tries to reconnect with his son and girlfriend
The Golden Pin,25919,3.0,2,08/14/2009,English,"Drama, Romance",NR,Cuong Ngo,"Kris Duangphung, Ben Bela Böhm, Lily Nguyen, Minh Ngoc Nguyen, Viet Tien Nguyen, Kim Tran Trang",https://www.filmcrave.com/movie_page_main.php?id=55630,A young man must decide whether to obey his traditional father or be himself.
Honeypot,46609,1.8,2,01/01/2010,English,Documentary,NR,Julien Leyre,"Nick Teoh, Matthew Keating",https://www.filmcrave.com/movie_page_main.php?id=55631,Two men wander into a deserted bathroom together.
Triple Standard,41847,2.3,2,08/13/2010,English,"Drama, Romance",NR,William Branden Blinn,"Lee Amir-Cohen, William Jennings, Ronnie Prouty, Steve Alderfer, Dylan Mooney, Jay Ellis",https://www.filmcrave.com/movie_page_main.php?id=55632,Tensions rise when a closeted gay man makes aggressively homophobic comments in an
Raw Love ( Amor crudo ),21314,3.3,2,07/10/2010,Spanish,Romance,NR,"Juan Chappa, Martín Deus","Katja Alemann, Valentino Arocena, Juan Felipe Villanueva",https://www.filmcrave.com/movie_page_main.php?id=55633,Unspoken feelings and sadness create a melancholy atmosphere as two friends prepare
Cappuccino,25936,3.0,2,10/19/2010,French,"Comedy, Drama",NR,Tamer Ruggli,"Manuela Biedermann, Anton Ciurlia, Benjamin Décosterd",https://www.filmcrave.com/movie_page_main.php?id=55634,"When Jeremy arranges a date with the boy he likes, he's overjoyed, but what will be in"
Killer at Large,32711,2.8,2,04/08/2008,English,Documentary,NR,Steven Greenstreet,"Richard Atkinson, Arthur Frank, Michael F. Jacobson, Ralph Nader, Barry Popkin, Shawn M. Talbott",https://www.filmcrave.com/movie_page_main.php?id=55635,A documentary discussing the causes and possible solutions for obesity in American
Asthma,52453,3.0,1,10/23/2015,English,"Drama, Romance",NR,Jake Hoffman,"Benedict Samuel, Krysten Ritter, Nick Nolte, Rosanna Arquette, Goran Visnjic, Dov Tiefenbach",https://www.filmcrave.com/movie_page_main.php?id=55636,Unknown
A Bigger Splash,3748,2.9,15,05/05/2016,English,"Crime, Drama",R,Luca Guadagnino,"Tilda Swinton, Matthias Schoenaerts, Ralph Fiennes, Dakota Johnson, Aurore Clément, Lily McMenamy",https://www.filmcrave.com/movie_page_main.php?id=55637,"A rock star and her new, filmmaker boyfriend on the sunny, idyllic Italian island of Pantelleria. But the perfect getaway is spoiled by the arrival of an ex-flame and his daughter and soon jealousy and passion flare leading to danger for all four of them. --"
The Condemned 2,38115,2.5,2,11/06/2015,English,Action,R,Roel Reiné,"Randy Orton, Eric Roberts, Wes Studi, Steven Michael Quezada, Bill Stinchcomb, Alex Knight",https://www.filmcrave.com/movie_page_main.php?id=55638,Unknown
Moments of Clarity,59900,2.0,1,12/30/2015,English,"Comedy, Drama",NR,Stev Elam,"Lyndsy Fonseca, Eric Roberts, Marguerite Moreau, Jonathan Lajoie, Xander Berkeley, Mackenzie Astin",https://www.filmcrave.com/movie_page_main.php?id=55639,Unknown
Heart of a Dog,26210,3.0,2,09/04/2015,English,Documentary,NR,Laurie Anderson,"Jason Berg, Dustin Defa, Bob Currie, Paul Davidson, Evelyn Fleder, Julian Schnabel",https://www.filmcrave.com/movie_page_main.php?id=55640,Unknown
I Spit on Your Grave 3: Vengeance is Mine,31481,2.2,3,11/29/2015,English,"Crime, Horror",NR,R.D. Braunstein,"Sarah Butler, Gabriel Hogan, Doug McKeon, Karen Strassman, Jennifer Landon, Joshua Kovalscik",https://www.filmcrave.com/movie_page_main.php?id=55641,Unknown
Narcopolis,52412,3.0,1,10/02/2015,English,"Sci-Fi, Mystery",NR,Justin Trefgarne,"Elliot Cowan, Elodie Yung, Jonathan Pryce, Robert Bathurst, James Callis, Cosima Shaw",https://www.filmcrave.com/movie_page_main.php?id=55642,Unknown
The Redemption of the Heart,59762,2.0,1,01/17/2015,English,Drama,NR,"Isaac Meeks, Sandon Yahn","Crister De Leon, Melissa Dixon, David Morales, Joe Lambert, Deborah Cristobal, Claire Gordon-Harper",https://www.filmcrave.com/movie_page_main.php?id=55643,Unknown
Selected,52238,3.0,1,04/17/2015,English,"Documentary, Biography",NR,Kayla Cormick,Jahlil Okafor,https://www.filmcrave.com/movie_page_main.php?id=55644,Unknown
Steve McQueen: The Man & Le Mans,18910,2.7,3,11/13/2015,English,Documentary,NR,"Gabriel Clarke, John McKenna","Steve McQueen, Chad McQueen, John Sturges, Lee H. Katzin, Neile Adams, Alan Trustman",https://www.filmcrave.com/movie_page_main.php?id=55645,"Steve McQueen - the picture of cool - was also an actor with a curious obsession - that with the 24 race in France, Le Mans. His goal was to make a film about this race, but the film was plagues by financial troubles as well as personal issues McQueen faced. He ultimately finished the film, which premiered to a lackluster response in 1971 but ultimately let him fulfill one of his life-long goals.  --"
Bone Tomahawk,3337,2.8,27,10/23/2015,English,"Horror, Western",NR,S. Craig Zahler,"Kurt Russell, Richard Jenkins, Patrick Wilson, Matthew Fox, Lili Simmons, David Arquette",https://www.filmcrave.com/movie_page_main.php?id=55646,A murderous thief and his partner disturb the burial mound of a
Metamorphosis,25584,3.0,2,04/25/1990,English,"Horror, Sci-Fi",R,George Eastman,"Gene Lebrock, Catherine Baranov, Harry Cason, David Wicker, Jason Arnold, Stephen Brown",https://www.filmcrave.com/movie_page_main.php?id=55647,Unknown
"Beyond Darkness ( casa 5, La )",25585,3.0,2,07/31/1990,English,Horror,NR,Claudio Fragasso,"Gene Lebrock, David Brandon, Barbara Bingham, Michael Stephenson, Theresa Walker, Stephen Brown",https://www.filmcrave.com/movie_page_main.php?id=55648,Unknown
33 Teeth,21320,3.3,2,09/23/2011,English,"Comedy, Drama",NR,Evan Roberts,"Spencer Siegel, James Ratliff, Stephen Felix, Elizabeth Mason, Kathy Mayes, James Lee",https://www.filmcrave.com/movie_page_main.php?id=55649,"A hormonal boy catches his neighbor in a compromising situation in ""a short about length,"""
Trunks,41853,2.3,2,01/01/2011,English,"Comedy, Drama",NR,David Hewitt,"Frazer Douglas, Kiki Kendrick, Alex Magliaro",https://www.filmcrave.com/movie_page_main.php?id=55650,"A straight man goes to a pool, only to discover himself feeling attracted to a male"
Dead Hooker in a Trunk,51682,3.0,1,08/03/2011,English,Horror,NR,"Jen Soska, Sylvia Soska","Rikki Gagne, Jen Soska, Sylvia Soska, C.J. Wallis, Loyd Bateman, Farley M. Gagne",https://www.filmcrave.com/movie_page_main.php?id=55651,Unknown
Workout Buddies: A Bro Love Story,44709,2.0,2,01/01/2012,English,"Comedy, Romance",NR,Bubba Fish,"Melanie Avalon, Bubba Fish, Drew Sampson, Joe Snell, Michael Steves",https://www.filmcrave.com/movie_page_main.php?id=55652,"Two men work out together at the gym, but people come between them."
Love is All You Need?,21326,3.3,2,03/24/2012,English,Drama,NR,Kim Rocco Shields,"Louis Bottino, C. Ashleigh Caldwell, Patrick Charles, Lexi DiBenedetto, Orlando Magnus Griffin, Gabriella Holland",https://www.filmcrave.com/movie_page_main.php?id=55653,"In this alternate universe, homosexuality is the norm and heterosexuality is considered"
The Morning After,32808,2.8,2,01/03/2012,English,Drama,NR,Bruno Collins,"Joshua Berg, Luke Striffler, Juliet Lundholm, Alice Maguire",https://www.filmcrave.com/movie_page_main.php?id=55654,"In Bruno Collins's short, a man finds himself nude in a bed with another man after a night of"
Teens Like Phil,21328,3.3,2,05/08/2012,English,Drama,NR,"Dominic Haxton, David Newman","Adam Donovan, Jake Robbins, Margie Ferris, Bart Shatto, Virginia Bartholomew, Kelly Walters",https://www.filmcrave.com/movie_page_main.php?id=55655,"Phil, a gay high school student, gets bullied for his sexuality by a person who used to be"
Burroughs: The Movie,32325,2.8,2,10/08/1983,English,Documentary,NR,Howard Brookner,"William S. Burroughs, Mortimer Burroughs, Allen Ginsberg, Patti Smith, Terry Southern, Jackie Curtis",https://www.filmcrave.com/movie_page_main.php?id=55656,"The only documentary made with, about about, author William S. Burroughs who gave us, among other works, Naked Lunch. Director Howard Brookner started the film as his senior thesis in 1978 before expanding the film into a full-length documentary over the next five years.  --"
Ratchet & Clank,24590,2.0,12,04/29/2016,English,"Animation, Adventure",PG,"Jericca Cleland, Kevin Munroe","James Arnold Taylor, David Kaye, Jim Ward, Sylvester Stallone, Paul Giamatti, Rosario Dawson",https://www.filmcrave.com/movie_page_main.php?id=55657,"Based on the hit video game series, Ratchet, a Lombax and his robot sidekick Clank, find themselves facing the vile Chairman Drek, who has a weapon capable of destroying every planet in the Solana Galaxy. The duo will have to join forces with a colorful group known as the Galactic Rangers in order stop him and save the universe.  --"
The Sound and the Shadow,52108,3.0,1,10/19/2014,English,"Comedy, Mystery",R,Justin Paul Miller,"Joseph E. Murray, Mary Kate Wiles, Alex Anfanger, Rhomeyn Johnson, Angel Garcia, Jennifer Landa",https://www.filmcrave.com/movie_page_main.php?id=55658,Unknown
Tales of Halloween,12974,2.5,7,10/16/2015,English,Horror,R,"Darren Lynn Bousman, Axelle Carolyn, Adam Gierasch, Andrew Kasch, Neil Marshall, Lucky McKee, Mike Mendez, Dave Parker, Ryan Schifrin, John Skipp, Paul Solet","Greg Grunberg, Noel Jason Scott, Mick Garris, James Duval, Lin Shaye, Keir Gilchrist",https://www.filmcrave.com/movie_page_main.php?id=55659,A serie of short halloween horror stories that could happen to everyone. --
Terminus,29191,2.1,4,01/22/2016,English,Sci-Fi,R,Marc Furmie,"Jai Koutrae, Kendra Appleton, Todd Lasance, Bren Foster, Brendan Clearkin, Vincent Andriano",https://www.filmcrave.com/movie_page_main.php?id=55660,Unknown
The Horror Network Vol. 1,59712,2.0,1,10/11/2013,English,Horror,NR,"Brian Dorton, Joseph Graham, Manuel Marín, Lee Matthews, Douglas Conner, Ignacio Martín Lerma","Nick Frangione, Artem Mishin, Jan Cornet, Brian Dorton, Javier Botet, Macarena Gómez",https://www.filmcrave.com/movie_page_main.php?id=55661,Unknown
Lost in the Sun,42015,2.3,2,11/06/2015,English,"Action, Drama",NR,Trey Nelson,"Josh Duhamel, Josh Wiggins, Lynn Collins, Emma Fuhrmann, Larry Jack Dotson, Mylinda Royer",https://www.filmcrave.com/movie_page_main.php?id=55662,Unknown
Winter on Fire: Ukraine's Fight for Freedom,10907,3.0,3,10/09/2015,English,Documentary,NR,Evgeny Afineevsky,"Cissy Jones, Archbishop Petro Malchuk, Anna Kovalenko, Kurganskyi Eduard, Alexander Pyvovarov, Oleksandr Melnyk",https://www.filmcrave.com/movie_page_main.php?id=55663,Unknown
The Exorcism of Molly Hartley,42009,2.3,2,10/09/2015,English,Horror,NR,Steven R. Monroe,"Sarah Lind, Devon Sawa, Gina Holden, Peter MacNeill, Daina Leitold, Julia Arkos",https://www.filmcrave.com/movie_page_main.php?id=55664,Unknown
Ingrid Bergman in Her Own Words ( Jag är Ingrid ),10912,3.0,3,11/13/2015,Swedish,"Documentary, Biography",NR,Stig Björkman,"Ingrid Bergman, Jeanine Basinger, Melinda Kinnaman, Pia Lindström, Isabella Rossellini, Alicia Vikander",https://www.filmcrave.com/movie_page_main.php?id=55665,"Isabella Rossellini, the daughter of Ingrid Bergman, gives director Stig Björkman an idea - to ""make a film about Mama"". Given access to letters, notes, diaries and private footage, as well as interviews with her children and friends, we get a glimpse into the life of Bergman, a Swedish girl who became the toast of Hollywood in its Golden Age and whose legacy lives on to this day. --"
The Russian Woodpecker,52144,3.0,1,01/24/2015,English,"Documentary, Historical",NR,Chad Gracia,Fedor Alexandrovich,https://www.filmcrave.com/movie_page_main.php?id=55666,Unknown
Genius Party,16172,3.5,2,07/07/2007,Japanese,Anime,NR,"Nicolas de Crécy, Atsuko Fukushima, Yoji Fukuyama, Hideki Futamura, Shôji Kawamori, Shinji Kimura, Mahiro Maeda, Kôji Morimoto, Kazuto Nakazawa, Tatsuyuki Tanaka, Shinichirô Watanabe, Hiro Yamagata, Masaaki Yuasa, Shin'ya Ôhira","Tomoko Kaneda, Rinko Kikuchi, Lu Ningjuan, Taro Yabe, Yûya Yagira",https://www.filmcrave.com/movie_page_main.php?id=55667,Beautiful imagery and complex ideas combine in this collection of short anime films.
Disc of Love,37893,2.5,2,12/31/2013,English,Comedy,NR,Ryan Davey,"Luke Cosgrove, Brandon Taylor-Cotton",https://www.filmcrave.com/movie_page_main.php?id=55668,"As Jake bids goodbye to his roommate, Lucas, before leaving to visit his family, he can't"
My Friend Jaime ( Mi amigo Jaime ),37847,2.5,2,08/17/2013,Spanish,Drama,NR,Alejandro Beltrán,"Gloria Román, Marcos Ruiz, Jorge Valls",https://www.filmcrave.com/movie_page_main.php?id=55669,What will happen when Dani impulsively kisses his best friend?
Caged ( Uitgesproken ),37862,2.5,2,10/01/2013,Dutch,Drama,NR,"Dylan Tonk, Lazlo Tonk","Joël Mellenberg, Josha Stradowski, Yldau de Boer, Leendert de Ridder, Florus Hoogslag, Rosa van Iterson",https://www.filmcrave.com/movie_page_main.php?id=55670,"When a young man finds out that his best friend is gay, he is unsure about what to do."
Wastelands,25997,3.0,2,03/16/2013,Dutch,Drama,NR,Marco van Bergen,"Frederik Stuut, Daniël Brak, Henny Renes",https://www.filmcrave.com/movie_page_main.php?id=55671,"Marc seems to have found the man of his dreams, but what is he hiding?"
The Drownsman,44884,2.0,2,11/08/2014,English,"Fantasy, Horror",NR,Chad Archibald,"Michelle Mylett, Caroline Palmer, Ry Barrett, Gemma Bird Matheson, Sydney Kondruss, Clare Bastable",https://www.filmcrave.com/movie_page_main.php?id=55672,Unknown
45 Years,567,3.2,22,12/23/2015,English,"Drama, Romance",R,Andrew Haigh,"Charlotte Rampling, Dolly Wells, Geraldine James, Tom Courtenay, Hannah Chalmers, Richard Cunningham",https://www.filmcrave.com/movie_page_main.php?id=55673,Unknown
10 Days in a Madhouse,52477,3.0,1,11/11/2015,English,Drama,R,Timothy Hines,"Caroline Barry, Christopher Lambert, Kelly LeBrock, Julia Chantrey, Alexandra Callas, David Mitchum Brown",https://www.filmcrave.com/movie_page_main.php?id=55674,Unknown
Labyrinth of Lies ( Im Labyrinth des Schweigens ),52406,3.0,1,09/30/2015,German,Drama,R,Giulio Ricciarelli,"Alexander Fehling, André Szymanski, Friederike Becht, Johannes Krisch, Johann von Bülow, Robert Hunger-Bühler",https://www.filmcrave.com/movie_page_main.php?id=55675,Unknown
A Christmas Horror Story,10519,2.7,5,10/02/2015,English,Horror,NR,"Grant Harvey, Steven Hoban, Brett Sullivan","George Buza, Percy Hynes White, Rob Archer, Jessica Clement, Jeff Clarke, Amy Forsyth",https://www.filmcrave.com/movie_page_main.php?id=55676,Unknown
Ladrones,52423,3.0,1,10/09/2015,English,Comedy,PG-13,Joe Menendez,"Fernando Colunga, Eduardo Yáñez, Miguel Varoni, Jessica Lindsey, Frank Perozo, Oscar Torre",https://www.filmcrave.com/movie_page_main.php?id=55677,"Latin American superstars Fernando Colunga and Eduardo Yañez reunite in a comedy adventure that sees a community of humble, hardworking people being taken over by a diva and her team of thieves. The retired Robin Hoods will have to get back in the game in order to perform one last heist and save the day. --"
The Mourning,46695,1.8,2,03/17/2015,English,"Drama, Mystery",NR,Marc Clebanoff,"Michael Rene Walton, Louis Mandylor, Dominique Swain, Sally McDonald, Kinga Philipps, Peter Dobson",https://www.filmcrave.com/movie_page_main.php?id=55678,Unknown
Navy SEALs vs. Zombies,40172,2.3,2,10/08/2015,English,"Action, Horror",NR,Stanton Barrett,"Stephanie Honoré, Jackie Becker, Damon Lipari, Molly Hagan, Michael Dudikoff, Mikal Vega",https://www.filmcrave.com/movie_page_main.php?id=55679,Unknown
Ant-Man and the Wasp,3000,2.8,64,07/06/2018,English,"Action, Sci-Fi",PG-13,Peyton Reed,"Paul Rudd, Evangeline Lilly, Michael Douglas, Laurence Fishburne, Michelle Pfeiffer, Judy Greer",https://www.filmcrave.com/movie_page_main.php?id=55680,"Scott Lang is doing his best to balance being a hero with being a good husband and father. Professor Pim and his daughter, Hope, have been on the run, aided by their tech and a new enhanced suit. Their paths will cross when an urgent new missions arises, one that will uncover secrets from both their pasts. --"
Cars 3,11184,2.4,25,06/16/2017,English,"Animation, Comedy",G,Brian Fee,"Owen Wilson, Armie Hammer, Nathan Fillion, Kerry Washington, Bonnie Hunt, Margo Martindale",https://www.filmcrave.com/movie_page_main.php?id=55681,"A new generation of blazing-fast racers has pushed former champion Lightning McQueen our of the spotlight and out of the sport he loves. In order to get back in the game, McQueen will team up with a whip-smart race technician with her own plan to win, take inspiration from the late Fabulous Hudson Hornet, weather a few unexpected turns and ultimately prove himself back on the Piston Cup Racing circuit. --"
Incredibles 2,623,3.1,62,06/15/2018,English,"Animation, Fantasy",PG,Brad Bird,"Holly Hunter, Craig T. Nelson, Sarah Vowell, Huck Milner, Samuel L. Jackson, Bob Odenkirk",https://www.filmcrave.com/movie_page_main.php?id=55682,"In a bid to let ""supers"" get back to their heroic ways, Elastigirl becomes the new face of super heroes in a global tour of her prowess. But that leaves Mr. Incredible to take on a heroic task himself, namely taking care of his kids (including the ever-shifting Jack-Jack), on his own. --"
Coco,91,3.5,82,11/22/2017,English,"Animation, Family",PG,Lee Unkrich,"Anthony Gonzalez, Gael García Bernal, Benjamin Bratt, Renee Victor, Edward James Olmos, Alanna Ubach",https://www.filmcrave.com/movie_page_main.php?id=55684,"Budding musician Miguel wants nothing more than to be like his idol, Ernesto de la Cruz, despite the fact is family has forbidden music. But when he finds himself in the Land of the Dead, he sets off on an adventure that will solve a centuries old mystery, and his families' true origins. --"
Captain Marvel,3924,2.7,62,03/08/2019,English,"Action, Fantasy",PG-13,"Anna Boden, Ryan Fleck","Brie Larson, Samuel L. Jackson, Lee Pace, Gemma Chan, Annette Bening, Ben Mendelsohn",https://www.filmcrave.com/movie_page_main.php?id=55685,"Air Force pilot Carol Danvers finds herself transformed into an incredibly powerful individual after an accident, rescued by an alien race, the Kree and imbued with their own power. Joining the elite warrior team, the Starforce, led by commander Mar-Vell, she returns to Earth when she finds out her home planet is in the middle of a war between the Kree and the shape-shifting Skrulls. Beyond fighting this war, she hopes to learn more about her past and she catches the attention of Nick Fury, a bureaucrat who will one day go on to become the director of S.H.I.E.L.D. --"
The Amazing Nina Simone,59875,2.0,1,10/16/2015,English,"Documentary, Biography",NR,Jeff L. Lieberman,"Eric Burdon, Nikki Giovanni, Jeff L. Lieberman, Billy Vera, Tim Hauser, Sam Waymon",https://www.filmcrave.com/movie_page_main.php?id=55686,Unknown
Pyaar Ka Punchnama 2,59879,2.0,1,10/16/2015,Hindi,"Comedy, Drama",NR,Luv Ranjan,"Sunny Singh Nijjar, Sonalli Sehgal, Ishita Sharma, Omkar Kapoor, Nushrat Bharucha, Kartik Aaryan",https://www.filmcrave.com/movie_page_main.php?id=55687,Unknown
The Reflektor Tapes,32977,2.8,2,09/24/2015,English,Documentary,NR,Kahlil Joseph,"Win Butler, Régine Chassagne, Will Butler, Richard Reed Parry, Tim Kingsbury, Jeremy Gara",https://www.filmcrave.com/movie_page_main.php?id=55688,Unknown
Cellar Dweller,19060,2.3,6,09/20/1988,English,"Fantasy, Horror",R,John Carl Buechler,"Yvonne De Carlo, Debrah Farentino, Brian Robbins, Pamela Bellwood, Miranda Wilson, Vince Edwards",https://www.filmcrave.com/movie_page_main.php?id=55689,Unknown
Catacombs,25570,3.0,2,05/14/1988,English,Horror,R,David Schmoeller,"Timothy Van Patten, Ian Abercrombie, Jeremy West, Laura Schaefer, Vernon Dobtcheff, Michael Pasby",https://www.filmcrave.com/movie_page_main.php?id=55690,Unknown
Dark Vision,59766,2.0,1,01/28/2015,English,"Horror, Mystery",NR,Darren Flaxstone,"Bernie Hodges, Suzie Latham, Judith Haley, Oliver Park, Alicia Ancel, Simon Pearce",https://www.filmcrave.com/movie_page_main.php?id=55691,Unknown
#Horror ( horror ),43270,1.5,4,11/20/2015,English,"Drama, Horror",NR,Tara Subkoff,"Taryn Manning, Natasha Lyonne, Chloë Sevigny, Timothy Hutton, Balthazar Getty, Lydia Hearst",https://www.filmcrave.com/movie_page_main.php?id=55692,"A group of 12-year-old girls, glued to social media, find not is all fun and games when a bout of cyberbullying turns in to a night of horror. --"
Chronic,52449,3.0,1,10/21/2015,English,Drama,R,Michel Franco,"Tate Ellington, Tim Roth, Bitsie Tulloch, Maribeth Monroe, Claire van der Boom, Sarah Sutherland",https://www.filmcrave.com/movie_page_main.php?id=55693,Unknown
Love,34423,1.9,4,10/30/2015,English,"Drama, Romance",NC-17,Gaspar Noé,"Aomi Muyock, Karl Glusman, Klara Kristin, Juan Saavedra, Gaspar Noé, Vincent Maraval",https://www.filmcrave.com/movie_page_main.php?id=55694,A story about a boy and a girl and another girl - a sexual melodrama about love - in graphic detail. --
Shelter,32989,2.8,2,11/13/2015,English,Drama,NR,Paul Bettany,"Jennifer Connelly, Anthony Mackie, Amy Hargreaves, Bruce Altman, Babs Olusanmokun, Rob Morgan",https://www.filmcrave.com/movie_page_main.php?id=55695,"A man and woman, both homeless on the streets of New York, find each other and find love. But it is the story of how they arrived there that will help them come together and strive for a better future. --"
Why I'm Not on Facebook,59752,2.0,1,10/16/2014,Dutch,"Documentary, Comedy",NR,Brant Pinvidic,Unknown,https://www.filmcrave.com/movie_page_main.php?id=55696,Unknown
Hide and Creep,37558,2.5,2,09/23/2004,English,"Comedy, Horror",R,"Chuck Hartsell, Chance Shirley","Chuck Hartsell, Michael Shelton, Kyle Holman, Chris Garrison, Eric McGinty, Barry Austin",https://www.filmcrave.com/movie_page_main.php?id=55697,Unknown
The Supernaturals,39657,1.8,3,06/01/1986,English,"Horror, Mystery",R,Armand Mastroianni,"Maxwell Caulfield, Nichelle Nichols, Talia Balsam, Bradford Bancroft, LeVar Burton, Bobby Di Cicco",https://www.filmcrave.com/movie_page_main.php?id=55698,Unknown
Rockabilly Vampire,55290,1.5,2,10/31/1996,English,Comedy,NR,Lee Bennett Sobel,"Stephen Blackehart, Paul Stevenson, Margaret Lancaster, Valentine Miele, Dennis Davies, Wendy Walker",https://www.filmcrave.com/movie_page_main.php?id=55699,Unknown
Meat Market,46457,1.8,2,12/06/2000,English,"Action, Horror",NR,Brian Clement,"Bettina May, Paul Pedrosa, Alison Therriault, Teresa Simon, Chelsey Arentsen, Cam Pipes",https://www.filmcrave.com/movie_page_main.php?id=55700,Unknown
The Rage,41793,2.3,2,10/19/2007,English,Horror,R,Robert Kurtzman,"Andrew Divoff, Erin Brown, Ryan Hooks, Sean Serino, Rachel Scheer, Christopher Allen Nelson",https://www.filmcrave.com/movie_page_main.php?id=55701,Unknown
Dead and Deader,44619,2.0,2,12/16/2006,English,"Comedy, Horror",NR,Patrick Dinhut,"John Billingsley, Dean Cain, Colleen Camp, Greg Collins, Ellie Cornell, Peter Greene",https://www.filmcrave.com/movie_page_main.php?id=55702,Unknown
Dead Meat,55513,2.5,1,10/01/2004,English,"Comedy, Horror",R,Conor McMahon,"Marian Araujo, David Muyllaert, Eoin Whelan, David Ryan, Amy Redmond, Kathryn Toolan",https://www.filmcrave.com/movie_page_main.php?id=55703,Unknown
Mutant Vampire Zombies from the 'Hood!,41810,2.3,2,01/01/2009,English,"Comedy, Horror",NR,Thunder Levin,"C. Thomas Howell, Tyshawn Bryant, Rachel Montez Collins, Johanna Watts, Robert Wu, Gregory Alan Williams",https://www.filmcrave.com/movie_page_main.php?id=55704,Unknown
Dead Heist,44634,2.0,2,08/07/2007,English,"Action, Horror",NR,Bo Webb,"Big Daddy Kane, Brandon Xavier, D.J. Naylor, Dominic L. Santana, E-40, Traci Dinwiddie as T-Love",https://www.filmcrave.com/movie_page_main.php?id=55705,Unknown
Evilution,44656,2.0,2,09/28/2008,English,Horror,R,Chris Conlee,"Eric Peter-Kaiser, Tim Colceri, Sandra Eloani Ramirez, Noel Gugliemi, Guillermo Díaz, James Duval",https://www.filmcrave.com/movie_page_main.php?id=55706,Unknown
"Silent Night, Zombie Night",37730,2.5,2,11/22/2009,English,"Horror, Sci-Fi",R,Sean Cain,"Jack Forcinito, Andy Hopper, Nadine Stenovitch, Lew Temple, Vernon Wells, Felissa Rose",https://www.filmcrave.com/movie_page_main.php?id=55707,Unknown
Attack of the Herbals,41855,2.3,2,05/11/2011,English,"Comedy, Horror",NR,David Ryan Keith,"Calum Booth, Steve Worsley, Richard Currie, Liam Matheson, Lee Hutcheon, Claire McCulloch",https://www.filmcrave.com/movie_page_main.php?id=55708,Unknown
Janis: Little Girl Blue,26226,3.0,2,11/30/2015,English,Documentary,NR,Amy Berg,"Cat Power, Janis Joplin, Karleen Bennett, Laura Joplin, Michael Joplin, J. Dave Moriaty",https://www.filmcrave.com/movie_page_main.php?id=55709,Unknown
"Pearl Button, The ( botón de nácar, El )",52455,3.0,1,10/23/2015,Spanish,Documentary,NR,Patricio Guzmán,Unknown,https://www.filmcrave.com/movie_page_main.php?id=55710,Unknown
Dead Genesis,44690,2.0,2,04/17/2010,English,"Drama, Horror",NR,Reese Eveneshen,"Emily Alatalo, Lionel Boodlal, Colin Paradine, Erin Stuart, Tom Parkinson, Alex Mallari Jr.",https://www.filmcrave.com/movie_page_main.php?id=55711,Unknown
Zombie Farm,41811,2.3,2,01/01/2009,Spanish,Horror,NR,Ricardo Islas,"Adriana Cataño, Nadia Rowinsky, Khotan, Monika Munoz, Roberto Montesinos, Eduardo Ibarrola",https://www.filmcrave.com/movie_page_main.php?id=55712,Unknown
Remains,26860,2.3,3,12/06/2011,English,"Action, Horror",NR,Colin Theys,"Grant Bowler, Evalena Marie, Tawny Cypress, Miko Hughes, Lance Reddick, Anthony Marks",https://www.filmcrave.com/movie_page_main.php?id=55713,Unknown
Outpost: Black Sun,41874,2.3,2,08/02/2012,English,"Horror, Sci-Fi",NR,Steve Barker,"Richard Coyle, Clive Russell, Catherine Steadman, Nick Nevern, Michael Byrne, Julian Wadham",https://www.filmcrave.com/movie_page_main.php?id=55714,Unknown
Taxi Tehran ( Jafar Panahi's Taxi ),1786,3.2,7,09/04/2015,Persian,Drama,NR,Jafar Panahi,Jafar Panahi,https://www.filmcrave.com/movie_page_main.php?id=55715,Unknown
Cut Snake,38071,2.5,2,01/01/2015,English,Thriller,R,Tony Ayres,"Sullivan Stapleton, Alex Russell, Jessica De Gouw, Megan Holloway, Kerry Walker, Robert Morgan",https://www.filmcrave.com/movie_page_main.php?id=55716,Unknown
The Wannabe,32961,2.8,2,04/17/2015,English,"Crime, Drama",R,Nick Sandow,"Patricia Arquette, David Zayas, Michael Imperioli, Vincent Piazza, Domenick Lombardozzi, Nick Sandow",https://www.filmcrave.com/movie_page_main.php?id=55717,Unknown
Rams ( Hrútar ),52381,3.0,1,09/04/2015,Other,Drama,R,Grímur Hákonarson,"Sigurður Sigurjónsson, Theodór Júlíusson, Charlotte Bøving, Jon Benonysson, Gunnar Jónsson, Þorleifur Einarsson",https://www.filmcrave.com/movie_page_main.php?id=55718,Unknown
Hitchcock/Truffaut,6958,3.0,4,09/04/2015,English,Documentary,PG-13,Kent Jones,"Wes Anderson, Olivier Assayas, Peter Bogdanovich, Arnaud Desplechin, David Fincher, James Gray",https://www.filmcrave.com/movie_page_main.php?id=55719,Unknown
Creative Control,26180,3.0,2,03/14/2015,English,Drama,R,Benjamin Dickinson,"Benjamin Dickinson, Nora Zehetner, Dan Gill, Alexia Rasmussen, Reggie Watts, Gavin McInnes",https://www.filmcrave.com/movie_page_main.php?id=55720,Unknown
Brand: A Second Coming,52419,3.0,1,10/09/2015,English,"Documentary, Biography",R,Ondi Timoner,"Russell Brand, Shepard Fairey, David Lynch, Stephen Merchant, Barbara Brand, Ron Brand",https://www.filmcrave.com/movie_page_main.php?id=55721,Unknown
From A to B,59837,2.0,1,06/15/2015,Arabic,"Adventure, Comedy",NR,Ali F. Mostafa,"Fahad Albutairi, Shadi Alfons, Fadi Rifaai, Khaled Abol Naga, Samer Al Masry, Leem Lubany",https://www.filmcrave.com/movie_page_main.php?id=55722,Unknown
Hot Sugar's Cold World,52172,3.0,1,03/01/2015,English,Documentary,NR,Adam Bhala Lough,"Nick Koenig, Martin Starr, Rachel Trachtenburg, Neil deGrasse Tyson, Jim Jarmusch, Shelby Fero",https://www.filmcrave.com/movie_page_main.php?id=55723,Unknown
Billions in Change,59870,2.0,1,10/05/2015,English,Documentary,NR,Manoj Bhargava,Unknown,https://www.filmcrave.com/movie_page_main.php?id=55724,Unknown
The Boy,20472,2.1,17,01/22/2016,English,"Horror, Thriller",PG-13,William Brent Bell,"Lauren Cohan, Rupert Evans, Ben Robson, Diana Hardcastle, Jim Norton, James Russell",https://www.filmcrave.com/movie_page_main.php?id=55725,"Great, a young American, takes a job in remote English village as a nanny, only to realize her charge is actually a life-size doll that the parents care for as a real boy following the tragic death of their son 20 years before. When Greta violates a strict set of rules, things begin to change for the worse, leading Greta to believe the doll may be alive. --"
The Program,38129,2.5,2,03/18/2016,English,"Biography, Drama",R,Stephen Frears,"Ben Foster, Lee Pace, Jesse Plemons, Dustin Hoffman, Chris O'Dowd, Elaine Cassidy",https://www.filmcrave.com/movie_page_main.php?id=55726,Unknown
Miles Ahead,2583,3.0,15,04/01/2016,English,"Biography, Drama",R,Don Cheadle,"Ewan McGregor, Don Cheadle, Michael Stuhlbarg, Keith Stanfield, Emayatzy Corinealdi, Austin Lyon",https://www.filmcrave.com/movie_page_main.php?id=55727,Explores the life and times and music of the great Miles Davis. --
Kill Your Friends,12885,2.5,7,10/12/2015,English,"Comedy, Crime",NR,Owen Harris,"Nicholas Hoult, Ed Skrein, Rosanna Arquette, James Corden, Craig Roberts, Tom Riley",https://www.filmcrave.com/movie_page_main.php?id=55728,Unknown
Now Add Honey,52271,3.0,1,05/06/2015,English,Comedy,NR,Wayne Hope,"Robyn Butler, Lucy Fry, Portia de Rossi, Lucy Durack, Hamish Blake, Erik Thomson",https://www.filmcrave.com/movie_page_main.php?id=55729,Unknown
Bleeding Heart,52508,3.0,1,12/11/2015,English,Drama,NR,Diane Bell,"Jessica Biel, Zosia Mamet, Joe Anderson, Sam Ly, Michelle Brew, Edi Gathegi",https://www.filmcrave.com/movie_page_main.php?id=55730,Unknown
All Work All Play,52335,3.0,1,07/21/2015,English,Documentary,NR,Patrick Creadon,"Michal Blicharz, Jack Etienne, Marcus Hill, Hai Lam, Jarett Cale, Paul ""ReDeYe"" Chaloner",https://www.filmcrave.com/movie_page_main.php?id=55731,Unknown
Dreamrider,49650,3.0,1,01/01/1993,English,Drama,PG,"Bill Brown, Steve Grass","Stacy Bell, John Gowans, James Earl Jones, Matthew Geriak, E.J. Peaker, Lysa Nalin",https://www.filmcrave.com/movie_page_main.php?id=55732,Based on the true story of a young man's determination to bicycle across the United
Demon Baby ( Wandering Rose ),44912,2.0,2,06/02/2015,English,"Horror, Thriller",NR,Corrie Greenop,"Carina Birrell, David Wayman, Cameron Jack, Bhasker Patel, Lee Phillips, Anya Nixon",https://www.filmcrave.com/movie_page_main.php?id=55733,Unknown
The Hive,44920,2.0,2,09/14/2015,English,"Horror, Sci-Fi",R,David Yarovesky,"Steve Agee, Sean Gunn, Talitha Bateman, Kathryn Prescott, Gabriel Basso, Aurelia Scheppers",https://www.filmcrave.com/movie_page_main.php?id=55734,Unknown
Breaking Through ,52420,3.0,1,10/09/2015,English,Drama,NR,John Swetnam,"Sophia Aguiar, Jordan Rodrigues, Jay Ellis, Robert Roldan, Marissa Heart, Taeko McCarroll",https://www.filmcrave.com/movie_page_main.php?id=55735,Unknown
Tokyo Tribe,21389,3.3,2,10/23/2015,Japanese,"Sci-Fi, Musical",NR,Shion Sono,"Tomoko Karina, Akihiro Kitamura, Ryôhei Suzuki, Shôta Sometani, Kokone Sasaki, Hitomi Katayama",https://www.filmcrave.com/movie_page_main.php?id=55736,Unknown
The Looking Glass,59858,2.0,1,08/27/2015,English,Drama,NR,John D. Hancock,"Dorothy Tristan, Grace Tarnow, Harry Musselwhite, Jace Casey, Faith Marie, Jeff Puckett",https://www.filmcrave.com/movie_page_main.php?id=55737,Unknown
Blackhats,59885,2.0,1,10/23/2015,English,"Action, Thriller",NR,LaRon Austin,"Errol Sadler, Doris Morgado, Ted Huckabee, Cheri Christian, Neko Parham, Onira Tares",https://www.filmcrave.com/movie_page_main.php?id=55738,Unknown
Marguerite,3680,3.3,4,03/11/2016,French,Drama,R,Xavier Giannoli,"Catherine Frot, André Marcon, Michel Fau, Christa Théret, Denis Mpunga, Sylvain Dieuaide",https://www.filmcrave.com/movie_page_main.php?id=55739,"Follows Marguerite Dumont in 1920s Paris. The wealth woman is a patron of the arts, music and opera in particular and, on occasion, she performs for her husband and friends. Though they play along with her fantasty, things take a serious turn when she decides to take her ""talent"" to the actual stage in front of a live audience. --"
Mediterranea,52494,3.0,1,11/20/2015,French,Drama,NR,Jonas Carpignano,"Koudous Seihon, Alassane Sy, Annalisa Pagano, Sinka Bourehima, Davide Schipilliti, Pio Amato",https://www.filmcrave.com/movie_page_main.php?id=55740,Unknown
Re-Kill,17339,2.5,4,10/16/2015,English,"Action, Horror",R,Valeri Milev,"Bruce Payne, Layke Anderson, Jesse Garcia, Roger R. Cross, Rob Boltin, Scott Adkins",https://www.filmcrave.com/movie_page_main.php?id=55741,Unknown
The Subjects,55805,1.3,2,10/08/2015,English,Thriller,NR,Robert Mond,"Paul O'Brien, Charlotte Nicdao, Emily Wheaton, Spencer McLaren, Paul Henri, Katharine Innes",https://www.filmcrave.com/movie_page_main.php?id=55742,"In need for money, a few people agree to try a drug test, but this is not your usual clinical"
The Masked Saint,46704,1.8,2,01/08/2016,English,"Biography, Crime",PG-13,Warren P. Sonoda,"Brett Granstaff, Lara Jean Chorostecki, T.J. McGibbon, Diahann Carroll, Roddy Piper, Patrick McKenna",https://www.filmcrave.com/movie_page_main.php?id=55743,"A pastor finds that in order to help his community, he must risk his identity by turning to his former life as a wrestler. He must balance his current life and the choices he must make in order to help those he cares most about. --"
"World of Kanako, The ( Kawaki )",38044,2.5,2,10/11/2014,Japanese,"Crime, Horror",NR,Tetsuya Nakashima,"Kôji Yakusho, Nana Komatsu, Satoshi Tsumabuki, Hiroya Shimizu, Fumi Nikaidô, Jun Kunimura",https://www.filmcrave.com/movie_page_main.php?id=55744,Unknown
Froning: The Fittest Man in History,52409,3.0,1,10/02/2015,English,Documentary,PG,Heber Cannon,"Rich Froning, Darren Hunsucker, Hillary Froning, Rory McKernan, Dan Bailey, James Hobart",https://www.filmcrave.com/movie_page_main.php?id=55745,Unknown
"Last Diamond, The ( dernier diamant, Le )",52052,3.0,1,04/25/2014,French,"Crime, Drama",R,Eric Barbier,"Yvan Attal, Bérénice Bejo, Jean-François Stévenin, Antoine Basler, Jacques Spiesser, Charlie Dupont",https://www.filmcrave.com/movie_page_main.php?id=55746,Unknown
"Summer of Sangaile, The ( Sangailes vasara )",26169,3.0,2,01/22/2015,Other,"Drama, Romance",NR,Alanté Kavaïté,"Julija Steponaityte, Aiste Dirziute, Nele Savicenko, Laurynas Jurgelis, Martynas Budraitis, Jurate Sodyte",https://www.filmcrave.com/movie_page_main.php?id=55747,"A free-spirited artist wanders into the life of a hapless, self-harming teenager and inspires her to reach her full potential"
Kingsman: The Golden Circle,7518,2.5,38,09/22/2017,English,"Action, Comedy",R,Matthew Vaughn,"Taron Egerton, Julianne Moore, Mark Strong, Channing Tatum, Jeff Bridges, Halle Berry",https://www.filmcrave.com/movie_page_main.php?id=55748,"The Gentleman's Spy agency The Kingsman suffers an attack that leaves their headquarters destroyed and the world held hostage. All is not lost, however, as the British agency learns of a second secret agency in the United States. The two elite groups will have to come together in order to bring down a common, and very deadly, threat. --"
Ayanda,59833,2.0,1,06/13/2015,English,"Drama, Romance",NR,Sara Blecher,"Jafta Mamabolo, Fulu Moguvhani, Nthati Moshesh, Kenneth Nkosi, O.C. Ukeje",https://www.filmcrave.com/movie_page_main.php?id=55749,Unknown
"Oh, Doctor!",47245,3.0,1,02/23/1925,English,Comedy,NR,Harry A. Pollard,"Reginald Denny, Mary Astor, Otis Harlan, William V. Mong, Tom Ricketts, Lucille Ward",https://www.filmcrave.com/movie_page_main.php?id=55750,Unknown
Free State of Jones,13188,2.3,22,06/24/2016,English,"Drama, Historical",R,Gary Ross,"Matthew McConaughey, Gugu Mbatha-Raw, Mahershala Ali, Keri Russell, Sean Bridgers, Christopher Berry",https://www.filmcrave.com/movie_page_main.php?id=55751,"As the Civil War divides a nation, MIssissippi farmer Newt Knight defies the South by opposing both slavery and succession. He himself succeeds and forms his own ""Free State of Jones"" with the help of fellow like-minded farmers. The group lead their own rebellion against the South - one that continued long after the war as Knight marries a former slave, essentially former the first mixed-race community in the region. --"
The Space Between Us,15188,2.3,17,02/03/2017,English,Sci-Fi,PG-13,Peter Chelsom,"Britt Robertson, Carla Gugino, Gary Oldman, Asa Butterfield, BD Wong, Janet Montgomery",https://www.filmcrave.com/movie_page_main.php?id=55752,"A crew destined for Mars learns one of the astronauts is pregnant and she dies in childbirth without naming the father. The life of Gardner Elliot, the first person born on another planet, is extraordinary. Only knowing 14 people, the intelligent, inquisitive boy begins an online relationship with Tulsa, a girl in Colorado. When he finally gets the chance to return to Earth, he is more than eager to experience all he has read and learned and maybe even track down his father. But the return home comes with a big catch, and he soon must race against time to unravel the mystery of who he is and where he truly belongs. --"
Killing Them Safely,52495,3.0,1,11/27/2015,English,"Documentary, Drama",NR,Nick Berardini,"Rick Smith, Tom Smith",https://www.filmcrave.com/movie_page_main.php?id=55753,Unknown
Power Rangers,13186,2.3,24,03/24/2017,English,"Action, Fantasy",PG-13,Dean Israelite,"Naomi Scott, Becky G., Dacre Montgomery, RJ Cyler, Ludi Lin, Bryan Cranston",https://www.filmcrave.com/movie_page_main.php?id=55754,"A group of high school outcasts finds themselves imbued with superpowers after stumbling upon an alien ship. The new ""Power Rangers"" must harness their powers when an age-old enemy returns, having killed the previous generation of rangers, and imperils the world. --"
Criminal Activities,42016,2.3,2,11/20/2015,English,"Crime, Drama",NR,Jackie Earle Haley,"John Travolta, Dan Stevens, Michael Pitt, Jackie Earle Haley, Edi Gathegi, Rob Brown",https://www.filmcrave.com/movie_page_main.php?id=55755,Unknown
Mr. Shepard & Mr. Milne,41332,2.3,2,01/01/1974,English,Documentary,NR,Andrew Holmes,"Ernest Shepard, C.R. Milne, Richard Kay, David Horovitch, Barbara Beaton, Margaret Heery",https://www.filmcrave.com/movie_page_main.php?id=55756,"Christopher Robin Milne narrates the story of how his father, A.A. Milne collaborated with"
The Yellow Brick Road and Beyond,32740,2.8,2,02/24/2009,English,Documentary,NR,Troy Szebin,"Steve Stoliar, Tommy Tune, Mickey Rooney, Beverly D'Angelo, Rob Marshall, Meinhardt Raabe",https://www.filmcrave.com/movie_page_main.php?id=55757,A documentary that centers around the complete story and adaptations of The Wizard of
Band of Robbers,32998,2.8,2,01/15/2016,English,"Comedy, Crime",NR,"Aaron Nee, Adam Nee","Kyle Gallner, Adam Nee, Matthew Gray Gubler, Hannibal Buress, Melissa Benoist, Stephen Lang",https://www.filmcrave.com/movie_page_main.php?id=55758,Unknown
Don Verdean,21110,2.4,4,12/11/2015,English,Comedy,PG-13,Jared Hess,"Sam Rockwell, Amy Ryan, Jemaine Clement, Danny McBride, Will Forte, Leslie Bibb",https://www.filmcrave.com/movie_page_main.php?id=55759,"A ""biblical archaeologist"" is hired by a small-town pastor to discover artifacts in the holy land. But it turns out digging up priceless religious relics isn't so easy, and when he attempts to cover-up his short comings, it only makes things that much worse in this comedy of errors. --"
Flowers,52161,3.0,1,02/20/2015,English,"Horror, Mystery",NR,Phil Stevens,"Colette Kenny Mckenna, Krystle Fitch, Anastasia Blue, Tanya Erin Paoli, Kara A. Christiansen, Makaria Tsapatoris",https://www.filmcrave.com/movie_page_main.php?id=55760,Unknown
I Am Thor,32990,2.8,2,11/25/2015,English,"Documentary, Biography",NR,Ryan Wise,"Jon Mikl Thor, Mike Favata, Steve Price, John Fasano, Lou Ferrigno, Frank Meyer",https://www.filmcrave.com/movie_page_main.php?id=55761,Unknown
The Ridiculous 6,33729,1.8,11,12/11/2015,English,"Comedy, Western",NR,Frank Coraci,"Adam Sandler, Steve Buscemi, Taylor Lautner, Terry Crews, Danny Trejo, Will Forte",https://www.filmcrave.com/movie_page_main.php?id=55762,Unknown
John Wick: Chapter Two,962,3.0,71,02/10/2017,English,Action,R,Chad Stahelski,"Keanu Reeves, Riccardo Scamarcio, Common, Ruby Rose, Ian McShane, Laurence Fishburne",https://www.filmcrave.com/movie_page_main.php?id=55763,"John Wick wants nothing more than to leave his former life behind but an associate, one he is tied to by blood oath, calls on his help when he puts a plan in motion to take over an international assassins' guild. The call leads him to Rome, where he will square off against some of the world's deadliest assassins and hitmen. --"
1982,59721,2.0,1,10/27/2013,English,Drama,NR,Tommy Oliver,"Hill Harper, Bokeem Woodbine, Sharon Leal, Omar Benson Miller, Quinton Aaron, Wayne Brady",https://www.filmcrave.com/movie_page_main.php?id=55764,Unknown
Heneral Luna,10910,3.0,3,10/30/2015,Other,"Action, Historical",R,Jerrold Tarog,"John Arcilla, Mon Confiado, Arron Villaflor, Jeffrey Quizon, Paulo Avelino, Joem Bascon",https://www.filmcrave.com/movie_page_main.php?id=55765,"During the Philippine-American, General Antonio Luna must unite his own people against disputes and utilize his brilliant military mind to lead his countrymen against colonial masters new and old. --"
Sanjay's Super Team,11802,2.8,4,11/25/2015,English,Animation,PG,Sanjay Patel,Unknown,https://www.filmcrave.com/movie_page_main.php?id=55766,An imaginative little boy lets his love for action heroes and his religion merge in an exciting fantasy sequence
Song of Lahore,52482,3.0,1,11/13/2015,Other,Documentary,PG,"Sharmeen Obaid-Chinoy, Andy Schocken",Unknown,https://www.filmcrave.com/movie_page_main.php?id=55767,Unknown
Yosemite,52147,3.0,1,01/25/2015,English,Drama,R,Gabrielle Demeestere,"James Franco, Henry Hopper, Barry Del Sherman, Steven Wiig, George Maguire, Tony Vella",https://www.filmcrave.com/movie_page_main.php?id=55768,Unknown
"Forgotten, The ( Don't Look in the Basement )",41325,2.3,2,09/01/1973,English,"Horror, Thriller",R,S.F. Brownrigg,"Bill McGhee, Jessie Lee Fulton, Robert Dracup, Harryette Warren, Michael Harvey, Jessie Kirby",https://www.filmcrave.com/movie_page_main.php?id=55769,Unknown
Aagadu,52082,3.0,1,09/14/2014,Other,"Action, Comedy",NR,Sreenu Vaitla,"Mahesh Babu, Tamannaah Bhatia, Sonu Sood, Brahmanandam, Rajendraprasad, Vennela Kishore",https://www.filmcrave.com/movie_page_main.php?id=55770,Unknown
Safelink ,59749,2.0,1,06/30/2014,English,Drama,NR,Traci Kochendorfer,Traci Kochendorfer,https://www.filmcrave.com/movie_page_main.php?id=55771,Unknown
Can You Dig This,59829,2.0,1,06/11/2015,English,"Documentary, Family",NR,Delila Vallot,Ron Finley,https://www.filmcrave.com/movie_page_main.php?id=55772,Unknown
Over Your Dead Body ( Kuime ),5482,3.3,3,11/08/2014,Japanese,Horror,NR,Takashi Miike,"Ko Shibasaki, Hitomi Katayama, Hideaki Itô, Maiko, Toshie Negishi, Hiroshi Katsuno",https://www.filmcrave.com/movie_page_main.php?id=55773,"The production of a play based on the classic horror story Yotsuya Kaidan follows the star, Miyuki Goto, who manages to secure a part for an unknown actor, Kosuke Hasegawa, who is also her lover. But soon some of the other actresses in the play also become attracted to him and as the line between the play and reality begin to blur, things take a frightening turn for all involved. --"
Kidnapped Coed ( Date with a Kidnapper ),49032,3.0,1,01/01/1976,English,"Crime, Drama",R,Frederick R. Friedel,"Jack Canon, Leslie Rivers, Gladys Lavitan, Larry Lambeth, Jim Blankinship, Charles Elledge",https://www.filmcrave.com/movie_page_main.php?id=55774,Unknown
Hitch Hike to Hell,49088,3.0,1,01/01/1977,English,"Crime, Mystery",R,Irvin Berwick,"Robert Gribbin, Russell Johnson, John Harmon, Randy Echols, Dorothy Bennett, Kippi Bell",https://www.filmcrave.com/movie_page_main.php?id=55775,Unknown
Sonny Boy,49560,3.0,1,10/26/1990,English,"Drama, Thriller",R,Robert Martin Carroll,"David Carradine, Paul L. Smith, Brad Dourif, Conrad Janis, Sydney Lassick, Michael Boston",https://www.filmcrave.com/movie_page_main.php?id=55776,Unknown
Jack's Back,25569,3.0,2,05/06/1988,English,"Crime, Horror",R,Rowdy Herrington,"James Spader, Cynthia Gibb, Jim Haynie, Robert Picardo, Rod Loomis, Chris Mulkey",https://www.filmcrave.com/movie_page_main.php?id=55777,Unknown
Ghosts Can't Do It,49547,3.0,1,06/01/1990,English,"Comedy, Crime",R,John Derek,"Bo Derek, Anthony Quinn, Don Murray, Julie Newmar, Victoria Burgoyne, Jane Damian",https://www.filmcrave.com/movie_page_main.php?id=55778,Unknown
"Hello, My Name is Doris",2816,3.1,8,03/11/2016,English,Drama,R,Michael Showalter,"Sally Field, Max Greenfield, Beth Behrs, Wendi McLendon-Covey, Stephen Root, Elizabeth Reaser",https://www.filmcrave.com/movie_page_main.php?id=55779,A sixty-something woman attends a self-help seminar and finds inspiration - to pursue a romantic relationship with a much younger co-worker. --
The Brothers Grimsby,23505,2.0,18,03/11/2016,English,Comedy,R,Louis Leterrier,"Mark Strong, Isla Fisher, Sacha Baron Cohen, Ian McShane, Penélope Cruz, Rebel Wilson",https://www.filmcrave.com/movie_page_main.php?id=55780,Sebastian Graves is MI-5's top spy and has just stumbled upon a threat that could endanger the entire world. Nobby is a hooligan in Grimsby - thickheaded  and rough - and the estranged younger brother to Sebastian. Nobby has the great idea to finally reunite - not knowing this unexpected family reunion could very well decide the fate of the entire world. --
In the Basement ( Im Keller ),52216,3.0,1,04/10/2015,German,Documentary,NR,Ulrich Seidl,"Fritz Lang, Alfreda Klebinger, Manfred Ellinger, Inge Ellinger, Josef Ochs, Alessa Duchek",https://www.filmcrave.com/movie_page_main.php?id=55781,Unknown
MI-5 ( Spooks: The Greater Good ),19181,2.3,6,12/04/2015,English,"Drama, Thriller",R,Bharat Nalluri,"Kit Harington, Tuppence Middleton, Elyes Gabel, Jennifer Ehle, Lara Pulver, David Harewood",https://www.filmcrave.com/movie_page_main.php?id=55782,Unknown
The Dead Don't Die,46886,1.3,3,01/14/1975,English,"Horror, Thriller",NR,Curtis Harrington,"George Hamilton, Linda Cristal, Joan Blondell, Ralph Meeker, James McEachin, Ray Milland",https://www.filmcrave.com/movie_page_main.php?id=55783,Unknown
"Sex, Death and Bowling",52462,3.0,1,10/30/2015,English,"Comedy, Drama",R,Ally Walker,"Melora Walters, Selma Blair, Drea de Matteo, Adrian Grenier, Mary Lynn Rajskub, Bailey Chase",https://www.filmcrave.com/movie_page_main.php?id=55784,Unknown
"Witness, The ( Wo shi zheng ren )",52463,3.0,1,10/30/2015,Mandarin,Mystery,NR,Sang-hoon Ahn,"Han Lu, Jingchun Wang, Mi Yang, Yawen Zhu",https://www.filmcrave.com/movie_page_main.php?id=55785,Unknown
Of Miracles and Men,26175,3.0,2,02/08/2015,English,"Documentary, Sport",NR,Jonathan Hock,"Viacheslav Fetisov, Vitaly Melik-Karamov, Vladimir Myshkin, Vladislav Tretiak, Anatoli Tarasov, Viktor Tikhonov",https://www.filmcrave.com/movie_page_main.php?id=55786,Unknown
Anomalisa,381,3.3,36,12/30/2015,English,"Animation, Comedy",R,"Duke Johnson, Charlie Kaufman","Jennifer Jason Leigh, David Thewlis, Tom Noonan",https://www.filmcrave.com/movie_page_main.php?id=55787,A depressed customer service rep faces the mundanity of his life and one day finds someone he can finally connect with. --
Christmas Eve,52502,3.0,1,12/04/2015,English,Comedy,PG,Mitch Davis,"Jon Heder, James Roday, Patrick Stewart, Julianna Guill, Cheryl Hines, Gary Cole",https://www.filmcrave.com/movie_page_main.php?id=55788,"It's Christmas Eve and for six groups of New Yorkers, it's going to be a very different holiday. Each group finds themselves trapped in elevators - with no one to talk to but each other, it will be a night of humor, romance and transformation. --"
It's Already Tomorrow in Hong Kong,26238,3.0,2,02/12/2016,English,"Comedy, Romance",NR,Emily Ting,"Jamie Chung, Bryan Greenberg, Richard Ng, Sarah Lian, Zach Hines, Collin Leydon",https://www.filmcrave.com/movie_page_main.php?id=55789,Unknown
The Sound and the Fury,52456,3.0,1,10/23/2015,English,Drama,NR,James Franco,"James Franco, Seth Rogen, Joey King, Keegan Allen, Danny McBride, Tim Blake Nelson",https://www.filmcrave.com/movie_page_main.php?id=55790,Unknown
Murder by Natural Causes,37206,2.5,2,02/17/1979,English,"Drama, Mystery",NR,Robert Day,"Hal Holbrook, Katharine Ross, Richard Anderson, Barry Bostwick, Bill Fiore, Phil Leeds",https://www.filmcrave.com/movie_page_main.php?id=55791,Unknown
Halloween is Grinch Night,41375,2.3,2,10/29/1977,English,"Animation, Family",NR,Gerard Baldwin,"Hans Conried, Hal Smith, Gary Shapiro, Irene Tedrow, Henry Gibson, Jack DeLeon",https://www.filmcrave.com/movie_page_main.php?id=55792,Halloween themed musical prequel to How the Grinch Stole Christmas. --
"Halloween That Almost Wasn't, The ( Night Dracula Saved the World, The )",49203,3.0,1,10/28/1979,English,"Comedy, Family",NR,Bruce Bilson,"Judd Hirsch, Mariette Hartley, Henry Gibson, Jack Riley, Robert Fitch, John Schuck",https://www.filmcrave.com/movie_page_main.php?id=55793,Dracula tries to save Halloween from a witch. --
Raggedy Ann and Raggedy Andy in the Pumpkin Who Couldn't Smile,57267,2.0,1,10/31/1979,English,"Animation, Comedy",NR,Chuck Jones,"June Foray, Daws Butler, Stephen Rosenberg, Les Tremayne",https://www.filmcrave.com/movie_page_main.php?id=55794,Raggedy Ann and Andy help a little boy who can't go out for Halloween by giving him a
Witch's Night Out,49154,3.0,1,10/27/1978,English,"Animation, Family",NR,John Leach,"Gilda Radner, Bob Church, John Leach, Naomi Leach, Tony Molesworth, Catherine O'Hara",https://www.filmcrave.com/movie_page_main.php?id=55795,A witch is unhappy with the fact that no one thinks that Halloween is scary anymore so
Barista ,52471,3.0,1,11/06/2015,English,Documentary,NR,Rock Baijnauth,"Eden-Marie Abramowicz, Charles Babinski, Truman Severson, Charlie Habegger, Ryan Redden",https://www.filmcrave.com/movie_page_main.php?id=55796,Unknown
In Jackson Heights,44921,2.0,2,10/04/2015,English,Documentary,NR,Frederick Wiseman,Unknown,https://www.filmcrave.com/movie_page_main.php?id=55797,Unknown
"3 1/2 Minutes, Ten Bullets",23047,2.5,3,01/24/2015,English,"Documentary, Crime",NR,Marc Silver,"Leland Brunson, Angela B. Corey, Ron Davis, John Guy, Russell Healey, Lucia McBath",https://www.filmcrave.com/movie_page_main.php?id=55798,Unknown
All Roads Lead to Rome,55839,2.0,1,02/05/2016,English,Comedy,PG-13,Ella Lemhagen,"Sarah Jessica Parker, Paz Vega, Claudia Cardinale, Rosie Day, Raoul Bova, Paola Lavini",https://www.filmcrave.com/movie_page_main.php?id=55799,Unknown
The Boss,23252,2.0,17,04/08/2016,English,Comedy,R,Ben Falcone,"Melissa McCarthy, Kristen Schaal, Kristen Bell, Peter Dinklage, Kathy Bates, Tyler Labine",https://www.filmcrave.com/movie_page_main.php?id=55800,"An industry titan finds herself with a prison sentence after getting caught for insider trading. After serving her time, she re-enters society looking to reclaim her title as America's sweetheart only to find not everyone is so willing to forgive and forget. --"
The Happy Ending,48718,3.0,1,12/21/1969,English,Drama,R,Richard Brooks,"Jean Simmons, John Forsythe, Shirley Jones, Lloyd Bridges, Teresa Wright, Dick Shawn",https://www.filmcrave.com/movie_page_main.php?id=55801,Unknown
The Man in 3B,52473,3.0,1,11/06/2015,English,Mystery,NR,Trey Haley,"Lamman Rucker, Christian Keyes, Brely Evans, D.B. Woodside, Nafessa Williams, Kellita Smith",https://www.filmcrave.com/movie_page_main.php?id=55802,Unknown
Applesauce,59814,2.0,1,04/19/2015,English,Comedy,NR,Onur Tukel,"Max Casella, Trieste Kelly Dunn, Jennifer Prediger, Onur Tukel, Dylan Baker, Karl Jacob",https://www.filmcrave.com/movie_page_main.php?id=55803,Unknown
Stink!,52496,3.0,1,11/27/2015,English,"Documentary, Drama",NR,Jon J. Whelan,Unknown,https://www.filmcrave.com/movie_page_main.php?id=55804,Unknown
Chi-Raq,10281,2.6,9,12/04/2015,English,Drama,R,Spike Lee,"Nick Cannon, Teyonah Parris, Anya Engel-Adams, Wesley Snipes, Angela Bassett, Samuel L. Jackson",https://www.filmcrave.com/movie_page_main.php?id=55805,"Spike Lee's updated take on the ancient Greek play Lysistrata by Aristophanes: when a gang violence results in the death of a child, Lysistrata gathers a group of women together in Chicago's southside and begins a movement that challenges race, sex and violence that spreads from the city, to the nation then to the world. --"
Kilo Two Bravo ( Kajaki ),52481,3.0,1,11/13/2015,English,"Drama, Thriller",R,Paul Katis,"David Elliot, Mark Stanley, Scott Kyle, Benjamin O'Mahony, Bryan Parry, Liam Ainsworth",https://www.filmcrave.com/movie_page_main.php?id=55806,Unknown
Prescription Thugs,52532,3.0,1,01/22/2016,English,Documentary,NR,"Chris Bell, Josh Alexander, Greg Young",Jeff Hatch,https://www.filmcrave.com/movie_page_main.php?id=55807,Unknown
"Honest Candidate, The ( O Candidato Honesto )",38038,2.5,2,10/02/2014,Portuguese,Comedy,NR,Roberto Santucci,"Leandro Hassum, Luiza Valdetaro, Ellen Rocche, Antonio Pedro, Marcello Caridade, Iran Meu Nêgo",https://www.filmcrave.com/movie_page_main.php?id=55808,A corrupt politician looking to become Brazil's next president  receives a enchantment
Let Us Prey,14283,2.8,3,06/12/2015,English,Horror,NR,Brian O'Malley,"Liam Cunningham, Pollyanna McIntosh, Bryan Larkin, Hanna Stanbridge, Douglas Russell, Niall Greig Fulton",https://www.filmcrave.com/movie_page_main.php?id=55809,Unknown
God's Not Dead 2,46962,1.1,8,04/01/2016,English,Drama,PG,Harold Cronk,"Jesse Metcalfe, David A.R. White, Ray Wise, Robin Givens, Ernie Hudson, Eamonn McCrystal",https://www.filmcrave.com/movie_page_main.php?id=55810,"A high school teacher answers a question about Jesus in her class, but when her response goes viral, she will stand up to make sure God is not expelled from the public space once and for all. --"
American Hero,14285,2.8,3,12/11/2015,English,Action,NR,Nick Love,"Bill Billions, Jonathan Billions, Keena Ferguson, Stephen Dorff, Eddie Griffin, Luis Da Silva Jr.",https://www.filmcrave.com/movie_page_main.php?id=55811,Unknown
Touched With Fire ( Mania Days ),26185,3.0,2,03/15/2015,English,"Drama, Romance",R,Paul Dalio,"Katie Holmes, Luke Kirby, Christine Lahti, Griffin Dunne, Bruce Altman, Alex Manette",https://www.filmcrave.com/movie_page_main.php?id=55812,Unknown
Goal of the Dead,38046,2.5,2,10/18/2014,French,"Comedy, Horror",NR,"Thierry Poiraud, Benjamin Rocher","Alban Lenoir, Charlie Bruneau, Tiphaine Daviot, Ahmed Sylla, Bruno Salomone, Patrick Ligardes",https://www.filmcrave.com/movie_page_main.php?id=55813,A football match turns into a bloody battle for survival when a virus turns players and
Night of the Living Deb,32980,2.8,2,10/08/2015,English,"Comedy, Horror",NR,Kyle Rankin,"Maria Thayer, Ray Wise, Chris Marquette, Michael Cassidy, Syd Wilder, Grant Garry",https://www.filmcrave.com/movie_page_main.php?id=55814,Unknown
Relentless,56516,2.0,1,02/20/1948,English,Western,NR,George Sherman,"Robert Young, Marguerite Chapman, Willard Parker, Akim Tamiroff, Barton MacLane, Mike Mazurki",https://www.filmcrave.com/movie_page_main.php?id=55815,Unknown
"Queen of Atlantis ( Herrin von Atlantis, Die )",56048,2.0,1,09/06/1932,German,"Fantasy, Sci-Fi",NR,Georg Wilhelm Pabst,"Brigitte Helm, Heinz Klingenberg, Gustav Diessl, Vladimir Sokoloff, Tela Tchaï, Florelle",https://www.filmcrave.com/movie_page_main.php?id=55816,Unknown
Last Night of the Year,59898,2.0,1,12/19/2015,English,Comedy,NR,Ralston Ramsay,"Brian Gilbert, Derek Nelson, Joseph Foster, Jennifer Suter, Ralston Ramsay, Nimo Gandhi",https://www.filmcrave.com/movie_page_main.php?id=55817,Unknown
Free Fall,52105,3.0,1,10/17/2014,English,"Action, Drama",R,Malek Akkad,"D.B. Sweeney, Sarah Butler, Malcolm McDowell, Ian Gomez, Adam Tomei, Thea Rubley",https://www.filmcrave.com/movie_page_main.php?id=55818,Unknown
Lost After Dark,52369,3.0,1,08/21/2015,English,Horror,NR,Ian Kessner,"Sarah Fisher, Mark Wiebe, Jesse Camacho, Kendra Leigh Timmins, David Lipper, Robert Patrick",https://www.filmcrave.com/movie_page_main.php?id=55819,Unknown
Nightmare Weekend,49403,3.0,1,05/12/1986,English,"Horror, Sci-Fi",R,Henri Sala,"Debbie Laster, Dale Midkiff, Debra Hunter, Lori Lewis, Preston Maybank, Wellington Meffert",https://www.filmcrave.com/movie_page_main.php?id=55820,Unknown
Delirium,40000,1.8,3,12/30/2017,English,"Horror, Thriller",R,Dennis Iliadis,"Topher Grace, Genesis Rodriguez, Patricia Clarkson, Callan Mulvey, Daisy McCrackin, Robin Thomas",https://www.filmcrave.com/movie_page_main.php?id=55821,"After being released from a mental institution, a young man finds he has inherited a mansion following his parents' death. Once inside, he begins to experience strange phenomena - and he soon becomes convinced he is being haunted. --"
The Driftless Area,32962,2.8,2,04/18/2015,English,"Comedy, Drama",R,Zachary Sluser,"Anton Yelchin, Zooey Deschanel, John Hawkes, Alia Shawkat, Frank Langella, Ciarán Hinds",https://www.filmcrave.com/movie_page_main.php?id=55822,Unknown
The Funhouse Massacre,52480,3.0,1,11/13/2015,English,"Comedy, Horror",R,Andy Palmer,"Robert Englund, Scottie Thompson, Chasty Ballesteros, Courtney Gains, Clint Howard, Jere Burns",https://www.filmcrave.com/movie_page_main.php?id=55823,Unknown
Dream/Killer,52268,3.0,1,05/04/2015,English,"Documentary, Crime",NR,Andrew Jenks,"Bill Ferguson, Ryan Ferguson, Kelly Ferguson",https://www.filmcrave.com/movie_page_main.php?id=55824,Unknown
Miracles from Heaven,7409,2.6,14,03/18/2016,English,Drama,PG,Patricia Riggen,"John Carroll Lynch, Jennifer Garner, Martin Henderson, Brighton Sharbino, Queen Latifah, Hannah Alligood",https://www.filmcrave.com/movie_page_main.php?id=55825,"Based on a true story: Anna Beam suffers from a rare, incurable digestive disorder and her mother, Christy, does everything she can to help find a solution. But when a freak accident sends Anna to the hospital, she is miraculously healed - inspiring both wonder and hope to those around her. --"
My Big Fat Greek Wedding 2,23496,2.0,12,03/25/2016,English,Comedy,PG-13,Kirk Jones,"John Stamos, John Corbett, Alex Wolff, Rita Wilson, Mark Margolis, Nia Vardalos",https://www.filmcrave.com/movie_page_main.php?id=55826,Toula and Ian Miller have been focusing their time on their rebellious teenage daughter - but things are about to get even more hectic as they have to deal with another Greek wedding - the biggest and fattest one yet. --
Submerged,43139,1.7,3,11/27/2015,English,"Drama, Thriller",NR,Steven C. Miller,"Rosa Salazar, Tim Daly, Talulah Riley, Jonathan Bennett, Cody Christian, Mario Van Peebles",https://www.filmcrave.com/movie_page_main.php?id=55827,Unknown
Fifty Shades of Black,45045,1.3,13,01/26/2016,English,Comedy,R,Michael Tiddes,"Jane Seymour, Marlon Wayans, Kali Hawk, Mike Epps, Fred Willard, Affion Crockett",https://www.filmcrave.com/movie_page_main.php?id=55828,Marlon Wayans stars in this hilarious send-up of the steamy sensation Fifty Shades of Grey. --
Lights Out,9181,2.5,27,07/22/2016,English,Horror,PG-13,David F. Sandberg,"Teresa Palmer, Alicia Vela-Bailey, Amiah Miller, Gabriel Bateman, Alexander DiPersia, Maria Russell",https://www.filmcrave.com/movie_page_main.php?id=55829,Based on the 2013 short of the same name - a woman finds herself tormented by a creature that only appears when the lights go out. --
Prada: Candy,21344,3.3,2,03/23/2013,French,"Comedy, Romance",NR,"Wes Anderson, Roman Coppola","Léa Seydoux, Peter Gadiot, Rodolphe Pauly",https://www.filmcrave.com/movie_page_main.php?id=55830,"Candy, a beautiful young woman, attracts two best friends who constantly try to impress"
Castello Cavalcanti,21355,3.3,2,11/12/2013,Italian,Comedy,NR,Wes Anderson,"Jason Schwartzman, Giada Colagrande, Francesco Zippel, Luca Padrini, Fernando Lumaca, Giorgio Zancolla",https://www.filmcrave.com/movie_page_main.php?id=55831,A surprise is in store for Jed Cavalcanti when he crashes his race car in his ancestral
Condemned,38118,2.5,2,11/13/2015,English,Horror,NR,Eli Morgan Gesner,"Dylan Penn, Ronen Rubinstein, Genevieve Hudson-Price, Lydia Hearst, Perry Yung, Jon Abrahams",https://www.filmcrave.com/movie_page_main.php?id=55832,Unknown
American Reel,51662,3.0,1,11/24/2010,English,Drama,NR,Mark Archer,"David Carradine, Michael Maloney, Mariel Hemingway, Kevin Ferguson, Larissa Borkowski, Troy Clark",https://www.filmcrave.com/movie_page_main.php?id=55833,Unknown
City of Gold,26171,3.0,2,01/26/2015,English,"Documentary, Biography",NR,Laura Gabbert,"Jonathan Gold, Allen Salkin",https://www.filmcrave.com/movie_page_main.php?id=55834,Unknown
Horror Stories ( Moo-seo-woon I-ya-gi ),51749,3.0,1,07/25/2012,Korean,Horror,NR,"Ji-Yeong Hong, Beom-sik Jeong, Gok Kim, Sun Kim, Dae-wung Lim, Kyu-dong Min","Ji-won Kim, Tae-woo Kim, Bo-ra Nam, Mi-ran Ra, Yeon-Seok Yoo",https://www.filmcrave.com/movie_page_main.php?id=55835,Unknown
The Fairy Faith,25668,3.0,2,01/01/2000,English,Documentary,NR,John Walker,"John Walker, Brian Froud, Alex Goldie, John MacInnes, Sinead MacInnes, John Kell",https://www.filmcrave.com/movie_page_main.php?id=55836,Filmmaker John Walker goes to Scotland to film a documentary about fairies and their
Every Thing Will Be Fine,52503,3.0,1,12/04/2015,English,Drama,NR,Wim Wenders,"Rachel McAdams, James Franco, Peter Stormare, Charlotte Gainsbourg, Marie-Josée Croze, Patrick Bauchau",https://www.filmcrave.com/movie_page_main.php?id=55837,Unknown
Dementia,35981,2.0,3,12/04/2015,English,"Horror, Thriller",NR,Mike Testin,"Gene Jones, Kristina Klebe, Hassie Harrison, Peter Cilella, Richard Riehle, Steve Agee",https://www.filmcrave.com/movie_page_main.php?id=55838,Unknown
Caged No More,52524,3.0,1,01/15/2016,English,"Action, Drama",PG-13,Lisa Arnold,"Kevin Sorbo, Cassidy Gifford, Cynthia Gibb, Loretta Devine, Madison De La Garza, Alan Powell",https://www.filmcrave.com/movie_page_main.php?id=55839,Unknown
Queen of the Desert,28469,2.3,3,11/08/2015,English,"Biography, Drama",PG-13,Werner Herzog,"James Franco, Nicole Kidman, Robert Pattinson, Damian Lewis, Jenny Agutter, Holly Earl",https://www.filmcrave.com/movie_page_main.php?id=55840,Unknown
Addicted to Sexting,59895,2.0,1,11/17/2015,English,Documentary,NR,Joseph Tosconi,Unknown,https://www.filmcrave.com/movie_page_main.php?id=55841,Unknown
Agoraphobia,52464,3.0,1,10/31/2015,English,"Horror, Thriller",NR,Lou Simon,"Tony Todd, Cassie Scerbo, Maria Olsen, Gema Calero, Adam Brudnicki, Aniela McGuinness",https://www.filmcrave.com/movie_page_main.php?id=55842,Unknown
In the Grayscale ( En la gama de los grises ),26179,3.0,2,03/07/2015,Spanish,"Drama, Romance",NR,Claudio Marcone,"Francisco Celhay, Emilio Edwards, Daniela Ramírez, Matías Torres, Sergio Hernández, Marcial Tagle",https://www.filmcrave.com/movie_page_main.php?id=55843,"Faced with a failing marriage, Bruno turns to a new friend for passion and love"
The Sin Seer,52433,3.0,1,10/13/2015,English,"Drama, Thriller",NR,Paul D. Hannah,"C. Thomas Howell, Isaiah Washington, Michael Ironside, Richard Brooks, Lisa Arrindell Anderson, Salli Richardson-Whitfield",https://www.filmcrave.com/movie_page_main.php?id=55844,Unknown
A Monster Calls,1948,3.0,31,12/23/2016,English,"Drama, Fantasy",PG-13,J.A. Bayona,"Liam Neeson, Toby Kebbell, Felicity Jones, Lewis MacDougall, Geraldine Chaplin, Sigourney Weaver",https://www.filmcrave.com/movie_page_main.php?id=55845,"Connor is dealing with a lot in life - bullies in school, a mother with a terminal illness and seemingly nothing but pity from everyone else. But when tree monster comes calling, it may spell hope - until is asks for the one thing Connor cannot bring himself to do. --"
"Circle , The ( Kreis, Der )",21361,3.3,2,04/27/2014,German,"Documentary, Biography",NR,Stefan Haupt,"Matthias Hungerbühler, Peter Jecklin, Marie Leuenberger, Stefan Witschi, Claudio Schenardi, Anatole Taubman",https://www.filmcrave.com/movie_page_main.php?id=55846,Two men caught up in the underground gay scene of 1950s Zurich must overcome the
Kingdom of Shadows,52493,3.0,1,11/20/2015,Spanish,Documentary,PG-13,Bernardo Ruiz,Unknown,https://www.filmcrave.com/movie_page_main.php?id=55847,Unknown
Rocky,56513,2.0,1,01/17/1948,English,Drama,NR,"Phil Karlson, William Beaudine","Roddy McDowall, Edgar Barrier, Nita Hunter, Gale Sherwood, Jonathan Hale, William Ruhl",https://www.filmcrave.com/movie_page_main.php?id=55848,Unknown
Ray of Sunshine ( Sonnenstrahl ),47357,3.0,1,08/25/1933,German,Drama,NR,Pál Fejös,"Annabella, Gustav Fröhlich, Paul Otto, Hans Marr, Walter Brandt, Annie Rosar",https://www.filmcrave.com/movie_page_main.php?id=55849,Unknown
The Benefactor,38088,2.5,2,04/17/2015,English,Drama,NR,Andrew Renzi,"Dakota Fanning, Theo James, Richard Gere, Clarke Peters, Brian Anthony Wilson, Tibor Feldman",https://www.filmcrave.com/movie_page_main.php?id=55850,Unknown
Uncaged,52556,3.0,1,02/02/2016,English,"Horror, Thriller",NR,Daniel Robbins,"Gene Jones, Ben Getz, Kyle Kirkpatrick, Garrett Hendricks, Paulina Singer, Zack Weiner",https://www.filmcrave.com/movie_page_main.php?id=55851,"After he turns 18, Jack is invited out to his Uncle Mike's place for winter break. His uncle isn't there, so his cousin, Brandon, and friend, Turner, tag along in the hopes of having a peaceful, woman filled break. The first night they're there, though, Jack wakes up outside, naked, and with no clue how he got there. The next night he films himself in the hopes he'll discover what he's doing. What he finds out is far more complicated, and far more deadly, than he originally thought. --"
The Boneyard,41492,2.3,2,06/12/1991,English,Horror,R,James Cummins,"Ed Nelson, Deborah Rose, Norman Fell, James Eustermann, Phyllis Diller, Denise Young",https://www.filmcrave.com/movie_page_main.php?id=55852,Unknown
Satan's School for Girls,37147,2.5,2,09/19/1973,English,"Crime, Horror",NR,David Lowell Rich,"Pamela Franklin, Kate Jackson, Lloyd Bochner, Jamie Smith-Jackson, Jo Van Fleet, Cheryl Ladd",https://www.filmcrave.com/movie_page_main.php?id=55853,Unknown
Rubber Johnny,21274,3.3,2,06/20/2005,English,"Animation, Horror",NR,Chris Cunningham,"Percy Rutterford, Elvis",https://www.filmcrave.com/movie_page_main.php?id=55854,An already confusing situation takes a turn for the chaotic when a human-like being in a
Diablo,33890,1.9,5,01/08/2016,English,"Action, Thriller",R,Lawrence Roeck,"Scott Eastwood, Walton Goggins, Camilla Belle, Samuel Marty, Danny Glover, Adam Beach",https://www.filmcrave.com/movie_page_main.php?id=55855,Unknown
The Other Side of the Door,34049,1.8,7,03/04/2016,English,Horror,R,Johannes Roberts,"Sarah Wayne Callies, Jeremy Sisto, Javier Botet, Jax Malcolm, Sofia Rosinsky, Logan Creran",https://www.filmcrave.com/movie_page_main.php?id=55856,"A mother finds her idyllic family life shattered after the tragic death of her son. When she learns of an ancient ritual that will allow her to say one final goodbye, she seeks out a temple. But when she fails to heed the warnings, she upsets the balance between the world of the living and the dead - and her daughter is caught in the middle. --"
Barbershop: The Next Cut,24530,2.1,8,04/15/2016,English,Comedy,PG-13,Malcolm D. Lee,"Ice Cube, Common, Anthony Anderson, Nicki Minaj, Regina Hall, Cedric the Entertainer",https://www.filmcrave.com/movie_page_main.php?id=55857,"Some things never change but, then again, some things do. Calvin's Barbershop has stayed strong for ten years - even after breaking down and going co-ed. But gossip isn't the only thing the men have to deal with - the neighborhood has gotten rough and the crew will have to pull together not only to save the shop, but their entire community. --"
Dixieland,52509,3.0,1,12/11/2015,English,Crime,NR,Hank Bedford,"Chris Zylka, Riley Keough, Faith Hill, RJ Mitte, Brad Carter, Steve Earle",https://www.filmcrave.com/movie_page_main.php?id=55858,Unknown
Night Owls,47117,3.0,1,03/13/2015,English,"Comedy, Drama",R,Charles Hood,"Adam Pally, Rosa Salazar, Rob Huebel, Tony Hale, Peter Krause",https://www.filmcrave.com/movie_page_main.php?id=55859,Unknown
Night Owls ( Deti noci ),59400,2.0,1,01/14/2009,Czech,Drama,NR,Michaela Pavlátová,"Martha Issová, Jirí Mádl, Jan Dolanský, Kristýna Nováková, Lenka Termerová, Václav Helsus",https://www.filmcrave.com/movie_page_main.php?id=55860,Unknown
Painkillers,52486,3.0,1,11/15/2015,English,"Action, Sci-Fi",NR,Peter Winther,"Tahmoh Penikett, Lesley-Ann Brandt, Colm Feore, Erica Durance, Julia Voth, Tom Carey",https://www.filmcrave.com/movie_page_main.php?id=55861,Unknown
Rolling Papers,52570,3.0,1,02/19/2016,English,"Documentary, Comedy",NR,Mitch Dickman,Ricardo Baca,https://www.filmcrave.com/movie_page_main.php?id=55862,Unknown
A Christmas Carol,37372,2.5,2,01/01/1994,English,"Animation, Drama",NR,"Toshiyuki Hiruma, Takashi","Garry Chalk, Michael Donovan, Kathleen Barr, Kathleen Barr, Scott Swanson, Tom McBeath",https://www.filmcrave.com/movie_page_main.php?id=55863,An animated version of Charles Dickens' classic Christmas story. --
Said O'Reilly to McNab,56360,2.0,1,02/18/1938,English,Comedy,NR,William Beaudine,"Will Mahoney, Will Fyffe, Ellis Drake, Jean Winstanley, James Carney, Sandy McDougal",https://www.filmcrave.com/movie_page_main.php?id=55864,Unknown
Another World,41982,2.3,2,10/26/2014,English,"Horror, Sci-Fi",NR,Eitan Reuven,"Larry Butchins, Zach Cohen, Susanne Gschwendtner, Davina Kevelson, David Lavenski, Carl McCrystal",https://www.filmcrave.com/movie_page_main.php?id=55865,Unknown
Love Letters,55928,2.0,1,12/24/1917,English,"Drama, Mystery",NR,Roy William Neill,"Dorothy Dalton, William Conklin, Dorcas Matthews, Thurston Hall, Hayward Mack, William Hoffman",https://www.filmcrave.com/movie_page_main.php?id=55866,Unknown
Providence,21400,3.3,2,02/12/2016,English,"Drama, Romance",NR,Sharon Wilharm,"Stacey Bradshaw, Juli Tapken, Rich Swingle, Chase Anderson, Katie Pavao, Nathan Jacobson",https://www.filmcrave.com/movie_page_main.php?id=55867,"All their life growing up in Providence, Tennessee, Rachel and Mitchell always seemed to come together - but just when things seemed destined to bring them together, life set them on separate paths. But when a tragedy brings them together many years later, a flame is rekindled and maybe, this time, things will work out right. --"
Life,32992,2.8,2,12/04/2015,English,"Biography, Drama",R,Anton Corbijn,"Robert Pattinson, Peter Lucas, Lauren Gallagher, Kendal Rae, Drew Leger, Dane DeHaan",https://www.filmcrave.com/movie_page_main.php?id=55868,"In 1955 Life magazine photographer Dennis Stock was sent on assignment to photograph up-and-coming movie star James Dean. As Stock convinces Dean to participate, we learn about the young man, not just a rebel on screen, but an icon in his own right. --"
Imba Means Sing,52505,3.0,1,12/04/2015,English,Documentary,NR,Danielle Bernstein,"Angel, Moses, Nina",https://www.filmcrave.com/movie_page_main.php?id=55869,Unknown
My Friend Victoria ( Mon amie Victoria ),52126,3.0,1,12/04/2014,French,Drama,NR,Jean-Paul Civeyrac,"Guslagie Malanga, Nadia Moussa, Catherine Mouchet, Pascal Greggory, Alexis Loret, Pierre Andrau",https://www.filmcrave.com/movie_page_main.php?id=55870,Unknown
Fall in Love Like a Star ( Peng ran xin dong ),52504,3.0,1,12/04/2015,Mandarin,Romance,NR,Tony Chan,"Shu Chen, Yi Feng Li, Mi Yang, Yunlong Zhang, David Yao-Qing Wang",https://www.filmcrave.com/movie_page_main.php?id=55871,Unknown
The Hill Chris Climbed: The Gridiron Heroes Story,59500,2.0,1,01/01/2011,English,"Documentary, Biography",NR,"Seth Camillo, Andrew Lauer","Chris Canales, Taylor Kitsch, Eddie Canales, Al Michaels, Jerry Jones, Peter Berg",https://www.filmcrave.com/movie_page_main.php?id=55872,Unknown
Hot Water,59802,2.0,1,04/01/2015,English,"Documentary, Drama",NR,"Lizabeth Rogers, Kevin Flint",Lizabeth Rogers,https://www.filmcrave.com/movie_page_main.php?id=55873,Unknown
Secrets of Monte Carlo,48151,3.0,1,06/20/1951,English,"Crime, Romance",NR,George Blair,"Warren Douglas, Lois Hall, June Vincent, Stephen Bekassy, Robin Hughes, Otto Waldis",https://www.filmcrave.com/movie_page_main.php?id=55874,Unknown
411,59849,2.0,1,07/15/2015,English,Action,PG-13,Valentine,"Valentine, Jennifer Copeland, Neb Chupin",https://www.filmcrave.com/movie_page_main.php?id=55875,Unknown
Backtrack,23050,2.5,3,04/18/2015,English,"Mystery, Thriller",R,Michael Petroni,"Adrien Brody, Sam Neill, Bruce Spence, Robin McLeavy, Jenni Baird, Anna Lise Phillips",https://www.filmcrave.com/movie_page_main.php?id=55876,Unknown
Jeruzalem,34144,1.9,4,12/04/2015,English,Horror,R,"Doron Paz, Yoav Paz","Yael Grobglas, Yon Tumarkin, Danielle Jadelyn, Geri Gendel, Fares Hananya, Itsko Yampulski",https://www.filmcrave.com/movie_page_main.php?id=55877,Unknown
Romantic Schemer,59846,2.0,1,07/04/2015,English,Romance,PG-13,Valentine,"Valentine, Diane Sorrentino",https://www.filmcrave.com/movie_page_main.php?id=55878,Unknown
Curve,17338,2.5,4,10/14/2015,English,"Horror, Thriller",R,Iain Softley,"Julianne Hough, Teddy Sears, Penelope Mitchell, Madalyn Horcher, Kurt Bryant, Drew Rausch",https://www.filmcrave.com/movie_page_main.php?id=55879,Unknown
Red Butterfly,52121,3.0,1,11/15/2014,English,"Drama, Romance",NR,Jon Alston,"Diogo Morgado, Christine Evangelista, Wilson Jermaine Heredia, Laurence Mason, James A. Stephens, Jen Araki",https://www.filmcrave.com/movie_page_main.php?id=55880,Unknown
STREAMS in the DESERT Discovering God's Call,59850,2.0,1,07/15/2015,English,Western,NR,Scott Hester,Ricky Neeble,https://www.filmcrave.com/movie_page_main.php?id=55881,Unknown
The Girl in the Book,32993,2.8,2,12/11/2015,English,Drama,NR,Marya Cohn,"Emily VanCamp, Michael Nyqvist, Ana Mulvoy-Ten, Talia Balsam, Ali Ahn, Mason Yam",https://www.filmcrave.com/movie_page_main.php?id=55882,"Alice Harvey is a young editor in New York who finds her self-destructive life shattered when a painful wound from her past is reopened. But a new friend, and potential love interest, helps her find her creative voice once more - and maybe even be able to open her heart again. --"
Lamb,26232,3.0,2,01/08/2016,English,Drama,R,Ross Partridge,"Ross Partridge, Oona Laurence, Jess Weixler, Tom Bower, Scoot McNairy, Lindsay Pulsipher",https://www.filmcrave.com/movie_page_main.php?id=55883,Unknown
River of Fundament,59738,2.0,1,02/12/2014,English,Drama,NR,Matthew Barney,"Dave Bald Eagle, Milford Graves, John Buffalo Mailer, Ellen Burstyn, Maggie Gyllenhaal, Paul Giamatti",https://www.filmcrave.com/movie_page_main.php?id=55884,Unknown
Mojave,28462,2.3,3,04/18/2015,English,Thriller,R,William Monahan,"Mark Wahlberg, Oscar Isaac, Garrett Hedlund, Walton Goggins, Dania Ramirez, Kylie Rogers",https://www.filmcrave.com/movie_page_main.php?id=55885,Unknown
Daughter of God,59910,2.0,1,01/22/2016,English,Drama,R,Declan Dale,"Keanu Reeves, Ana de Armas, Mira Sorvino, Christopher McDonald, Laura Gómez, Big Daddy Kane",https://www.filmcrave.com/movie_page_main.php?id=55886,Unknown
Two Rabbits ( 2 Coelhos ),51759,3.0,1,09/23/2012,Portuguese,"Action, Thriller",NR,Afonso Poyart,"Fernando Alves Pinto, Alessandra Negrini, Marat Descartes, Caco Ciocler, Neco Villa Lobos, Robson Nunes",https://www.filmcrave.com/movie_page_main.php?id=55887,Unknown
"Temptation of St. Anthony, The ( tentation de Saint-Antoine, La )",21168,3.3,2,01/01/1898,French,Drama,NR,Georges Méliès,Georges Méliès,https://www.filmcrave.com/movie_page_main.php?id=55888,The religious St. Anthony is disturbed by a group of semi-nude women.
Eye in the Sky,1385,3.0,28,03/11/2016,English,"Drama, Thriller",R,Gavin Hood,"Helen Mirren, Aaron Paul, Alan Rickman, Barkhad Abdi, Jeremy Northam, Iain Glen",https://www.filmcrave.com/movie_page_main.php?id=55889,"Colonel Katherine Powell. a UK-based military commander, control a top secret drone program with the intent of targeting terrorists in Kenya. When word of a suicide mission comes down, the project switches from surveillance to a kill order, but as US drone pilot Steve Watts closes in on the targets, a nine-year-old girl enters the scene leading to a dilemma over the moral, political and personal implications of this technological warfare. --"
Monster: The Josef Fritzl Story,32778,2.8,2,01/01/2010,English,Documentary,NR,David Notman-Watt,"Daisy Beaumont, Josef Fritzl, Elisabeth Fritzl, Rosemarie Fritzl, Karl Dunkl, Friedrich Leimlehner",https://www.filmcrave.com/movie_page_main.php?id=55890,"In this documentary, the infamous story of Josef Fritzl, a man who imprisoned, raped,"
The Ouija Experiment,42295,1.6,4,05/06/2011,English,Horror,NR,Israel Luna,"Justin Armstrong, Dave Clark, Leah Diaz, Belmarie Huynh, Miranda Martinez, Swisyzinna",https://www.filmcrave.com/movie_page_main.php?id=55891,"A college film student decides to film some friends and acquaintances using an Ouija board. There's some conflict between a few of the characters, but two of them end the first night promising the entities that they'll speak to them again. The second night doesn't go so well, as they forget the first rule - they forget to say ""goodbye"". --"
Circle,16645,2.3,12,10/16/2015,English,"Horror, Sci-Fi",NR,"Aaron Hann, Mario Miscione","Michael Nardelli, Allegra Masters, Molly Jackson, Julie Benz, Jordi Vilasuso, Rene Heger",https://www.filmcrave.com/movie_page_main.php?id=55892,"Fifty people wake to find themselves standing in a circle, forced to play a deadly game"
Genius Party Beyond,10832,3.0,3,10/11/2008,Japanese,Anime,NR,"Masahiro Maeda, Kôji Morimoto, Kazuto Nakazawa, Shinya Ohara, Tatsuyuki Tanaka","Arata Furuta, Akiko Suzuki, Shôko Takada, Urara Takano",https://www.filmcrave.com/movie_page_main.php?id=55893,A collection of futuristic shorts make up this bizarre anime.
"Clan, The ( Clan, El )",47110,3.0,1,01/29/2016,Spanish,"Biography, Crime",R,Pablo Trapero,"Guillermo Francella, Peter Lanzani, Franco Masini, Gastón Cocchiarale, Giselle Motta, Lili Popovich",https://www.filmcrave.com/movie_page_main.php?id=55894,"Based on the true story of the Puccio family who, throughout the 1980s, kidnapped and killed a number of people in Argentina. --"
"Crouching Tiger, Hidden Dragon: Sword of Destiny",14289,2.8,3,02/26/2016,English,"Action, Adventure",PG-13,Woo-Ping Yuen,"Donnie Yen, Michelle Yeoh, Harry Shum Jr., Jason Scott Lee, Eugenia Yuan, Juju Chan",https://www.filmcrave.com/movie_page_main.php?id=55895,Unknown
Sherpa,52413,3.0,1,10/02/2015,Other,Documentary,NR,Jennifer Peedom,Unknown,https://www.filmcrave.com/movie_page_main.php?id=55896,Unknown
American Violence,59897,2.0,1,12/08/2015,English,"Crime, Drama",NR,Brent Conley,"Nelson Bonilla, Katherine Castro, Adi Spektor, Marek Matousek, Alina Gorun, Justin Geer",https://www.filmcrave.com/movie_page_main.php?id=55897,Unknown
600 Miles ( 600 Millas ),52439,3.0,1,10/17/2015,Spanish,"Drama, Thriller",R,Gabriel Ripstein,"Tim Roth, Kristyan Ferrer, Mónica Del Carmen, Greg Lutz, Harrison Thomas, Noé Hernández",https://www.filmcrave.com/movie_page_main.php?id=55898,Unknown
Capture the Flag,52501,3.0,1,12/04/2015,Spanish,"Animation, Adventure",PG,Enrique Gato,"Dani Rovira, Michelle Jenner, Carme Calvell, Javier Balas, Camilo García, Toni Mora",https://www.filmcrave.com/movie_page_main.php?id=55899,Unknown
Jack of the Red Hearts,52270,3.0,1,05/06/2015,English,"Drama, Family",PG,Janet Grillo,"AnnaSophia Robb, Famke Janssen, Taylor Richardson, Israel Broussard, Drena De Niro, Maria Rivera",https://www.filmcrave.com/movie_page_main.php?id=55900,Unknown
A Perfect Day,6873,2.8,6,01/15/2016,English,Drama,R,Fernando León de Aranoa,"Benicio Del Toro, Tim Robbins, Olga Kurylenko, Mélanie Thierry, Fedja Stukan, Sergi López",https://www.filmcrave.com/movie_page_main.php?id=55901,Unknown
Classic Kutz,59909,2.0,1,01/22/2016,English,Documentary,NR,Rueben Wood,"Theodore Maxwell, 	Craig Battle, Rueben Wood",https://www.filmcrave.com/movie_page_main.php?id=55902,Unknown
The Mirror,41974,2.3,2,09/08/2014,English,Horror,NR,Edward Boase,"Jemma Dallender, Joshua Dickinson, Nate Fallows, Abby Ford, Roisin Rae",https://www.filmcrave.com/movie_page_main.php?id=55903,Three flatmates purchase a supposedly haunted mirror in the hopes of getting
Sunday Ball ( Campo de Jogo ),52163,3.0,1,02/20/2015,Portuguese,Documentary,NR,Eryk Rocha,Unknown,https://www.filmcrave.com/movie_page_main.php?id=55904,Unknown
Anesthesia,31482,2.2,3,01/08/2016,English,"Drama, Thriller",R,Tim Blake Nelson,"Tim Blake Nelson, Kristen Stewart, Sam Waterston, Gretchen Mol, Glenn Close, Corey Stoll",https://www.filmcrave.com/movie_page_main.php?id=55905,"After being mugged, philosophy professor Walter Zarrow is wounded,"
Score: A Film Music Documentary,9156,2.9,4,06/16/2016,English,Documentary,NR,Matt Schrader,"Hans Zimmer, Danny Elfman, Trent Reznor, John Williams, James Horner, Howard Shore",https://www.filmcrave.com/movie_page_main.php?id=55906,Unknown
Dickson Experimental Sound Film,16105,3.5,2,01/01/1894,English,Unknown,NR,William K.L. Dickson,William K.L. Dickson,https://www.filmcrave.com/movie_page_main.php?id=55907,Two men waltz to a record being played.
Carmencita,24974,3.0,2,01/01/1894,English,Documentary,NR,William K.L. Dickson,Carmencita,https://www.filmcrave.com/movie_page_main.php?id=55908,The first female to ever to be captured in film in America rhythmically dances on a wooden
Falling Cat,24975,3.0,2,01/01/1894,French,Unknown,NR,Étienne-Jules Marey,Unknown,https://www.filmcrave.com/movie_page_main.php?id=55909,"In the world's first ever cat video, a cat is dropped to see if it will land on its feet."
Blacksmith Scene,16103,3.5,2,05/09/1893,English,Unknown,NR,William K.L. Dickson,"Charles Kayser, John Ott",https://www.filmcrave.com/movie_page_main.php?id=55910,"Three blacksmiths are hard at work, but occasionally they take a break to enjoy some"
"Blacksmith Scene ( forgerons, Les )",24976,3.0,2,12/28/1895,French,Documentary,NR,Louis Lumière,Unknown,https://www.filmcrave.com/movie_page_main.php?id=55911,Two men are hard at work until another brings drinks.
The Bye Bye Man,34435,1.7,11,01/13/2017,English,"Horror, Thriller",PG-13,Stacy Title,"Douglas Smith, Lucien Laviscount, Cressida Bonas, Doug Jones, Michael Trucco, Jenna Kanell",https://www.filmcrave.com/movie_page_main.php?id=55912,"Everyday people commit acts so vile and terrible that they can only be described as evil. What if these acts are not a matter of what but a matter of who. Three college students will find out an urban legend is all too true and once the curse of the Bye Bye Man gets in your head, it may be too late to get away. --"
Kubo and the Two Strings,255,3.3,58,08/19/2016,English,Animation,PG,Travis Knight,"Charlize Theron, Art Parkinson, Matthew McConaughey, Ralph Fiennes, Rooney Mara, George Takei",https://www.filmcrave.com/movie_page_main.php?id=55913,"Kubo is living a quiet, normal life in his village when a vindictive spirit from the past turns his life upside down. Now, the target of monsters and gods alike, Kubo will have to seek out a magic suit of armor, one worn by his late father,  a legendary samurai warrior. --"
Kill Game,35982,2.0,3,12/05/2015,English,Horror,NR,Robert Mearns,"Pierson Fode, Joe Adler, Laura Ashley Samuels, Sari Sanchez, Mouzam Makkar, Michael Galante",https://www.filmcrave.com/movie_page_main.php?id=55914,Unknown
Little Dead Rotting Hood,52520,3.0,1,01/05/2016,English,Horror,NR,Jared Cohn,"Eric Balfour, Bianca A. Santos, Patrick Muldoon, Romeo Miller, Heather Tom, Marina Sirtis",https://www.filmcrave.com/movie_page_main.php?id=55915,Unknown
Newark Athlete,16102,3.5,2,01/01/1891,English,Documentary,NR,William K.L. Dickson,Unknown,https://www.filmcrave.com/movie_page_main.php?id=55916,An athlete is shown swinging Indian clubs.
The KIss,16106,3.5,2,01/01/1896,English,Romance,NR,William Heise,"May Irwin, John C. Rice",https://www.filmcrave.com/movie_page_main.php?id=55917,"A man and a woman joyfully talk, then kiss."
Limited Partnership,32970,2.8,2,06/23/2015,English,"Documentary, Biography",NR,Thomas G. Miller,"Richard Adams, Tony Sullivan",https://www.filmcrave.com/movie_page_main.php?id=55918,The first gay couple to get married in the US struggles due to the fact that one of them is
"Mojin-The Lost Legend ( Ghouls, The )",31570,2.8,2,12/18/2015,Mandarin,"Action, Horror",NR,Wuershan,"Qi Shu, Angelababy, Bo Huang, Kun Chen, Yu Xia, Nesha Ward",https://www.filmcrave.com/movie_page_main.php?id=55919,Unknown
The Emperor's New Clothes,52512,3.0,1,12/16/2015,English,Documentary,NR,Michael Winterbottom,Russell Brand,https://www.filmcrave.com/movie_page_main.php?id=55920,Unknown
Side Streets,47402,3.0,1,07/14/1934,English,Drama,NR,Alfred E. Green,"Aline MacMahon, Paul Kelly, Ann Dvorak, Dorothy Tree, Helen Lowell, Mayo Methot",https://www.filmcrave.com/movie_page_main.php?id=55921,Unknown
Stranger in Town,47291,3.0,1,08/06/1931,English,Drama,NR,Erle C. Kenton,"Charles 'Chic' Sale, Ann Dvorak, David Manners, Noah Beery, Raymond Hatton, Lyle Talbot",https://www.filmcrave.com/movie_page_main.php?id=55922,Unknown
Big Hearted Herbert,40480,2.3,2,10/06/1934,English,Crime,NR,William Keighley,"Aline MacMahon, Guy Kibbee, Patricia Ellis, Helen Lowell, Phillip Reed, Robert Barrat",https://www.filmcrave.com/movie_page_main.php?id=55923,Unknown
Oregon Passage,44099,2.0,2,12/29/1957,English,Western,NR,Paul Landres,"John Ericson, Lola Albright, Toni Gerry, Edward Platt, Rachel Ames, H.M. Wynant",https://www.filmcrave.com/movie_page_main.php?id=55924,Unknown
Gunsmoke in Tucson,48350,3.0,1,12/07/1958,English,"Action, Western",NR,Thomas Carr,"Mark Stevens, Forrest Tucker, Gale Robbins, Vaughn Taylor, John Ward, Kevin Hagen",https://www.filmcrave.com/movie_page_main.php?id=55925,Unknown
Hell's Highway,21907,2.5,3,09/23/1932,English,"Crime, Drama",NR,Rowland Brown,"Richard Dix, Tom Brown, Rochelle Hudson, C. Henry Gordon, Oscar Apfel, Stanley Fields",https://www.filmcrave.com/movie_page_main.php?id=55926,Unknown
Thunder in the Night,47514,3.0,1,09/20/1935,English,"Comedy, Drama",NR,George Archainbaud,"Edmund Lowe, Karen Morley, Paul Cavanagh, Una O'Connor, Gene Lockhart, John Qualen",https://www.filmcrave.com/movie_page_main.php?id=55927,Unknown
Devil-May-Care,40377,2.3,2,12/27/1929,English,"Musical, Romance",NR,Sidney Franklin,"Ramon Novarro, Dorothy Jordan, Marion Harris, John Miljan, William Humphrey, George Davis",https://www.filmcrave.com/movie_page_main.php?id=55928,Unknown
Hotel Paradiso,32208,2.8,2,10/14/1966,English,Comedy,NR,Peter Glenville,"Gina Lollobrigida, Alec Guinness, Robert Morley, Peggy Mount, Douglas Byng, Robertson Hare",https://www.filmcrave.com/movie_page_main.php?id=55929,Unknown
Sol Madrid,37092,2.5,2,02/07/1968,English,"Action, Crime",NR,Brian G. Hutton,"David McCallum, Stella Stevens, Telly Savalas, Ricardo Montalban, Rip Torn, Pat Hingle",https://www.filmcrave.com/movie_page_main.php?id=55930,Unknown
Three Bites of the Apple,48586,3.0,1,05/24/1967,English,Comedy,NR,Alvin Ganzer,"David McCallum, Sylva Koscina, Tammy Grimes, Harvey Korman, Domenico Modugno, Aldo Fabrizi",https://www.filmcrave.com/movie_page_main.php?id=55931,Unknown
"Doctor, You've Got to Be Kidding!",37083,2.5,2,05/10/1967,English,"Comedy, Romance",NR,Peter Tewksbury,"Sandra Dee, George Hamilton, Celeste Holm, Bill Bixby, Dwayne Hickman, Mort Sahl",https://www.filmcrave.com/movie_page_main.php?id=55932,Unknown
Where the Spies Are,48524,3.0,1,01/26/1966,English,"Adventure, Comedy",NR,Val Guest,"David Niven, Françoise Dorléac, John Le Mesurier, Cyril Cusack, Eric Pohlmann, Richard Marner",https://www.filmcrave.com/movie_page_main.php?id=55933,Unknown
Kill or Cure,48426,3.0,1,11/12/1962,English,"Comedy, Mystery",NR,George Pollock,"Terry-Thomas, Eric Sykes, Dennis Price, Lionel Jeffries, Moira Redmond, Katya Douglas",https://www.filmcrave.com/movie_page_main.php?id=55934,Unknown
Trial,48258,3.0,1,10/07/1955,English,Drama,NR,Mark Robson,"Glenn Ford, Dorothy McGuire, Arthur Kennedy, John Hodiak, Katy Jurado, Rafael Campos",https://www.filmcrave.com/movie_page_main.php?id=55935,Unknown
Triple Cross,32214,2.8,2,07/19/1967,English,"Action, Drama",PG,Terence Young,"Christopher Plummer, Romy Schneider, Trevor Howard, Gert Fröbe, Claudine Auger, Yul Brynner",https://www.filmcrave.com/movie_page_main.php?id=55936,Unknown
"25th Hour, The ( vingt-cinquième heure, La )",48573,3.0,1,02/16/1967,French,"Drama, War",NR,Henri Verneuil,"Anthony Quinn, Virna Lisi, Grégoire Aslan, Michael Redgrave, Marcel Dalio, Jan Werich",https://www.filmcrave.com/movie_page_main.php?id=55937,Unknown
"Misfit Brigade, The ( Wheels of Terror )",49467,3.0,1,02/22/1988,English,"Action, Drama",R,Gordon Hessler,"Bruce Davison, David Patrick Kelly, D.W. Moffett, Jay O. Sanders, Keith Szarabajka, Oliver Reed",https://www.filmcrave.com/movie_page_main.php?id=55938,Unknown
High-Rise,8866,2.5,18,05/13/2016,English,"Action, Sci-Fi",R,Ben Wheatley,"Tom Hiddleston, Jeremy Irons, Sienna Miller, Luke Evans, Elisabeth Moss, James Purefoy",https://www.filmcrave.com/movie_page_main.php?id=55939,Follows the lives of the residents of tower block as things spin out of control. --
Synchronicity,26723,2.1,5,01/22/2016,English,"Mystery, Sci-Fi",R,Jacob Gentry,"Chad McKnight, Brianne Davis, AJ Bowen, Scott Poythress, Michael Ironside, Ashley Drayton",https://www.filmcrave.com/movie_page_main.php?id=55940,Unknown
"Treasure, The ( Comoara )",52522,3.0,1,01/08/2016,Other,Comedy,NR,Corneliu Porumboiu,"Toma Cuzin, Adrian Purcarescu, Corneliu Cozmei, Florin Kevorkian, Ana Maria Stegaru, Clemence Valleteau",https://www.filmcrave.com/movie_page_main.php?id=55941,Unknown
Out in the Line-up,26113,3.0,2,06/27/2014,English,"Documentary, Adventure",NR,Ian W. Thomson,"Fernando Aguerre, Simon Anderson, Barney Frank, Thomas Castets, Nell Schofield, Keala Kennelly",https://www.filmcrave.com/movie_page_main.php?id=55942,Gay surfers discuss the ingrained homophobia in the surfing community and how to
The Wicked Within,38113,2.5,2,10/16/2015,English,Horror,R,Jay Alaimo,"Sienna Guillory, Gianni Capaldi, Enzo Cilenti, Michele Hicks, Eric Roberts, Karen Austin",https://www.filmcrave.com/movie_page_main.php?id=55943,Unknown
Murder in the Dark,41913,2.3,2,08/09/2013,English,"Horror, Mystery",R,Dagen Merrill,"Luke Arnold, Phil Austin, Yann Bean, Samrat Chakrabarti, Kiran Deol, Eme Ikwuakor",https://www.filmcrave.com/movie_page_main.php?id=55944,Unknown
Last Girl Standing,26208,3.0,2,08/31/2015,English,"Drama, Horror",NR,Benjamin R. Moody,"Akasha Villalobos, Danielle Evon Ploeger, Brian Villalobos, JD Carrera, Kelsey Pribilski, Laura Ray",https://www.filmcrave.com/movie_page_main.php?id=55945,Unknown
Working It Out,44625,2.0,2,03/01/2007,English,Comedy,NR,Tim Hunter,"Simon Kearney, Paul Ross, Glaston Toft",https://www.filmcrave.com/movie_page_main.php?id=55946,"While initially jealous of a man his boyfriend acknowledges, the idea of a threesome"
Campaign of Hate: Russia and Gay Propaganda,16207,3.5,2,06/22/2014,English,Documentary,NR,Scott Stern,Unknown,https://www.filmcrave.com/movie_page_main.php?id=55947,As Russia becomes an increasingly toxic place for those who belong to the LGBT
It Gets Better,46679,1.8,2,06/30/2014,English,Drama,NR,Davin Tjen,"Jason Berrent, Brett Girard, Stefano Meier, Guilherme Scarabelot",https://www.filmcrave.com/movie_page_main.php?id=55948,"A group of high school jocks decide to target a lonely gay student, but he knows that life"
Chaser,25991,3.0,2,01/26/2013,English,Drama,NR,Sal Bardo,"Max Rhyser, Rachel Claire, Ismael Cruz Cordova, Karin de la Penha, Laurence Cantor, Aaron Isaacs",https://www.filmcrave.com/movie_page_main.php?id=55949,A Jewish New Yorker balances his time spent between traditional family and the fetish
Absolutely Anything,16520,2.3,11,05/12/2017,English,"Comedy, Sci-Fi",NR,Terry Jones,"Simon Pegg, Kate Beckinsale, Sanjeev Bhaskar, Rob Riggle, Robert Bathurst, Eddie Izzard",https://www.filmcrave.com/movie_page_main.php?id=55950,"An odd group of aliens travel from planet to planet with a simple test that will determine if the inhabitants will become their allies... or be annihilated. The choose one individual, bestow them with the power to do anything and see what happens. On Earth, special-ed teacher Neil Clarke is chosen. Will he get back at the headmaster and fellow teachers who berate him? Will he finally be able to woo his neighbor Catherine? He can do whatever he wants - but they are always watching and if they don't like the outcome, Earth is doomed. --"
Ronny ( Ronny & I ),25983,3.0,2,01/01/2013,English,Romance,NR,Guy Shalem,"Adam Berry, Luke Humphrey",https://www.filmcrave.com/movie_page_main.php?id=55951,"After breaking up with his girlfriend, a young man and his best friend go on a road trip"
It's Not a Cowboy Movie ( Ce n'est pas un film de cow-boys ),21329,3.3,2,05/21/2012,French,Drama,NR,Benjamin Parent,"Leïla Choukri, Damien Gomes, Garance Marillier, Finnegan Oldfield, Malivaï Yakou",https://www.filmcrave.com/movie_page_main.php?id=55952,Various students talk with their friends about an interesting movie that was playing on TV
Who We Are,32787,2.8,2,04/24/2010,English,"Drama, Family",NR,Sean Willis,"Taylor Caldwell, Justin Fix, John Patrick Kelly, Kim Reed, Tyler Rice, Vincent Velasquez",https://www.filmcrave.com/movie_page_main.php?id=55953,Two gay friends must overcome religious parents and gay-bashing peers to find love.
Diffidence,44683,2.0,2,01/01/2010,English,Drama,NR,Jerry Tai,"Aurora Buchanan, Dan Dumsha, Ryan Erwin",https://www.filmcrave.com/movie_page_main.php?id=55954,A closeted writer must learn how to accept himself regardless of how his family might feel.
306,44692,2.0,2,07/09/2010,English,Drama,NR,Elliot Dal Pra London,"Raquel Houghton, Brian Estel, Scott Lynch-Giddings",https://www.filmcrave.com/movie_page_main.php?id=55955,"As a young man's day unfolds, more and more is discovered about his tragic life."
Protect Me From What I Want,37704,2.5,2,04/06/2009,English,Drama,NR,Dominic Leclerc,"Naveed Choudhry, Elliott Tittensor",https://www.filmcrave.com/movie_page_main.php?id=55956,A young man is hesitant about acting on his feelings of attraction towards another man.
Racing Extinction,10905,3.0,3,09/18/2015,English,"Documentary, Action",NR,Louie Psihoyos,"Elon Musk, Louie Psihoyos, Jane Goodall, Leilani Münter, Charles Hambleton, Shawn Heinrichs",https://www.filmcrave.com/movie_page_main.php?id=55957,Unknown
Eddie the Eagle,3098,2.9,27,02/26/2016,English,"Drama, Sport",PG-13,Dexter Fletcher,"Taron Egerton, Hugh Jackman, Christopher Walken, Rune Temte, Tim McInnerny, Edvin Endre",https://www.filmcrave.com/movie_page_main.php?id=55958,"Based on the true story of Michael Edwards, aka ""Eddie the Eagle"" - Britain's first and one of the most celebrated ski jumpers. Against high odds and opposition, Eddie's perseverance and inspiration led to one of the most memorable moments in the Calgary Olympics."
Never Back Down 3,59935,2.0,1,04/05/2016,English,Action,R,Michael Jai White,"Gillian White, Michael Jai White, Eoin O'Brien, Josh Barnett, Stephen Quadros, Ron Smoorenburg",https://www.filmcrave.com/movie_page_main.php?id=55959,Unknown
Singing with Angels,52665,3.0,1,04/08/2016,English,Drama,PG,Brian Brough,"Sarah Kent, Scott Christopher, Anne Sward, Bailee Michelle Johnson, David DeVilliers, Paul D. Hunt",https://www.filmcrave.com/movie_page_main.php?id=55960,Unknown
Wildflower,59932,2.0,1,03/31/2016,English,"Drama, Thriller",PG-13,Nicholas DiBella,"Nathalia Ramos, Cody Longo, Alex Steele, Benjamin Ashbrook, Katie Gill, Kevin McCorkle",https://www.filmcrave.com/movie_page_main.php?id=55961,Unknown
Desierto,20028,2.3,5,10/14/2016,Spanish,"Drama, Thriller",R,Jonás Cuarón,"Gael García Bernal, Jeffrey Dean Morgan, Alondra Hidalgo, Diego Cataño, Marco Pérez, Oscar Flores",https://www.filmcrave.com/movie_page_main.php?id=55962,"A group hoping to cross from Mexico to the U.S. run into a man who has taken up border patrol duty in his own warped, racist way. --"
Whiskey Tango Foxtrot,9363,2.5,25,03/04/2016,English,"Biography, War",R,"Glenn Ficarra, John Requa","Margot Robbie, Tina Fey, Billy Bob Thornton, Martin Freeman, Josh Charles, Alfred Molina",https://www.filmcrave.com/movie_page_main.php?id=55963,"Wanting to escape her boring desk job, a journalist takes an offer to report from Afghanistan during Operation Enduring Freedom. Once there she meets a fellow female reporter while making bad decisions with a war time photographer and finding out reporting from a war zone is not always black and white. --"
"Club, The ( Club, El )",52431,3.0,1,10/11/2015,Spanish,Drama,NR,Pablo Larraín,"Roberto Farías, Antonia Zegers, Alfredo Castro, Alejandro Goic, Alejandro Sieveking, Jaime Vadell",https://www.filmcrave.com/movie_page_main.php?id=55964,Unknown
Against the Wild 2: Survive the Serengeti,52579,3.0,1,02/26/2016,English,Adventure,PG,Richard Boddington,"Jeri Ryan, John Paul Ruttan, Ella Ballentine, Hlomla Dandala, Lj Urbani, Ashley Dowds",https://www.filmcrave.com/movie_page_main.php?id=55965,Unknown
Intruders,29659,2.0,5,02/19/2016,English,"Horror, Thriller",NR,Adam Schindler,"Rory Culkin, Beth Riesgraf, Jack Kesy, Timothy T. McKinney, Joshua Mikel, Leticia Jimenez",https://www.filmcrave.com/movie_page_main.php?id=55966,Unknown
Misconduct,38834,1.8,4,02/05/2016,English,"Documentary, Thriller",R,Shintaro Shimosawa,"Malin Akerman, Julia Stiles, Alice Eve, Al Pacino, Glen Powell, Anthony Hopkins",https://www.filmcrave.com/movie_page_main.php?id=55967,Unknown
The Boy Next Door,32729,2.8,2,11/14/2008,English,Drama,NR,Gregor Schmidinger,"Michael Ellison, Truman Chambers, Damon Preston",https://www.filmcrave.com/movie_page_main.php?id=55968,A young male prostitute is unsure about what to do when the young son of the man he is
Steam,25909,3.0,2,06/07/2009,English,Drama,NR,Eldar Rapaport,"Amy Clites, Scott Hislop, Julien Zeitouni",https://www.filmcrave.com/movie_page_main.php?id=55969,What will happen when two men get stuck in a steam room?
Boy Meets Boy,32701,2.8,2,01/01/2008,Korean,Drama,NR,Jho Kwang-soo Kim,Unknown,https://www.filmcrave.com/movie_page_main.php?id=55970,"Two boys meet on a bus and there is an instant connection. However, their stories are"
Love Bite,28186,2.3,3,06/15/2008,English,Horror,NR,Craig Boreham,"Aidan Calabria, Will Field",https://www.filmcrave.com/movie_page_main.php?id=55971,"While two schoolboys hang out and get high together, one of them feels the pressing need"
Sweat,37674,2.5,2,04/01/2008,English,Drama,NR,John Lochland,Unknown,https://www.filmcrave.com/movie_page_main.php?id=55972,"After his boyfriend breaks up with him because he's not adventurous enough, Simon"
In the Closet,41802,2.3,2,07/10/2008,English,Horror,NR,Jody Wheeler,"J.T. Tepnapa, Sean Paul Lockhart",https://www.filmcrave.com/movie_page_main.php?id=55973,What seems to be an average one-night stand turns into something much more sinister.
Fair Play ( Blessure ),32733,2.8,2,01/01/2009,Dutch,Drama,NR,Johan Vancauwenbergh,"Steven Boen, Tom De Hoog, Janne Desmet",https://www.filmcrave.com/movie_page_main.php?id=55974,A man must face the music when his lover comes to his house to expose him to his wife.
James,25871,3.0,2,08/24/2008,English,Drama,NR,Connor Clements,"Niall Wright, Matt Jennings, Margaret Goodman, Gerry Doherty, Louis Rolston",https://www.filmcrave.com/movie_page_main.php?id=55975,"James, a quiet student who keeps to himself, must struggle with a father who doesn't want"
A New Flavor,41822,2.3,2,08/21/2009,English,Comedy,NR,Vu Nguyen,"Natalie Cottrell, Keli Wolfe, Renee Wiggins, Augustine Frizzell, Erica Hollings, Hannah Kim",https://www.filmcrave.com/movie_page_main.php?id=55976,"After becoming disillusioned with men, a young woman cautiously starts to experiment with"
Tech Support,37693,2.5,2,01/01/2009,English,"Comedy, Romance",NR,Erik Gernand,"Carrie Barrett, Marla Caceres, Melissa Cathcart, Neal Dandade, Noah Gregoropoulos, Jenny Hagel",https://www.filmcrave.com/movie_page_main.php?id=55977,What will happen when two newly-single women come into contact through a phone call
Embracing Butterflies,37691,2.5,2,01/01/2009,English,Drama,NR,Karen Davidsen,"Jaroslava Adamová, Laura Baranik, Remi Clarke, Sarah Dunn, Kveta Fialová",https://www.filmcrave.com/movie_page_main.php?id=55978,"An elderly woman feels lonely without someone to share her life with, but luckily for her it is"
Invitation,32588,2.8,2,10/16/2003,English,Drama,NR,Danny Vendramini,"Josie Vendramini, Andrew Kay, Bella Vendramini, Tamara Donnellan, Mark Pengilly, Pamela Western",https://www.filmcrave.com/movie_page_main.php?id=55979,"Zoe and Shane, two gay roommates, are content with keeping their out and proud lives"
The Little Mermaid,43181,1.5,4,08/17/2018,English,"Adventure, Fantasy",PG,"Chris Bouchard, Blake Harris","William Moseley, Poppy Drayton, Gina Gershon, Shirley MacLaine, William Forsythe, Loreto Peralta",https://www.filmcrave.com/movie_page_main.php?id=55980,Unknown
The Girl on the Train,11193,2.4,25,10/06/2016,English,"Mystery, Thriller",R,Tate Taylor,"Emily Blunt, Haley Bennett, Rebecca Ferguson, Justin Theroux, Luke Evans, Édgar Ramírez",https://www.filmcrave.com/movie_page_main.php?id=55981,"Rachel Watson has tried to move on with her life following her divorce. Yet every day she takes the same train - the same train that passes by her former house and her former husband and she glimpses his new life. In order to cope, she begins to watch another house with another couple and she creates the perfect world and relationship for them. But she witnesses something that shatters this image and enrages her. The next morning she wakes up battered and sporting a hangover and no memories of the night before other than a lingering feeling of dread. When she learns the woman she has been watching has gone missing, she pays close attention to the case while trying to unravel what really happened that night. --"
Storks,8186,2.6,20,09/23/2016,English,"Animation, Comedy",PG,"Nicholas Stoller, Doug Sweetland","Andy Samberg, Jennifer Aniston, Ty Burrell, Kelsey Grammer, Keegan-Michael Key, Jordan Peele",https://www.filmcrave.com/movie_page_main.php?id=55982,"Everyone knows storks delivers babies - at least they used to, now all the storks works for the internet giant Cornerstore.com. But when a top stork delivery agent, about to be promoted, accidentally activates the Baby Making Machine, he is left with the cutest bundle of joy - a wholly unauthorized one at that. Now, he needs to find a way to give this baby a new home before his mistake is found out. Teaming up with the only human around, Tulip, he races to complete the first baby drop in a very long time. --"
Question One,32839,2.8,2,10/19/2012,English,"Documentary, Biography",NR,"Joseph Fox, James Nubile",Unknown,https://www.filmcrave.com/movie_page_main.php?id=55983,"For a brief period in 2009, gay marriage was legalized in Maine. Those in favor of it and"
Big Joy: The Adventures of James Broughton,21341,3.3,2,03/09/2013,English,Documentary,NR,"Stephen Silha, Eric Slade, Dawn Logsdon","James Broughton, Neeli Cherkovski, Armistead Maupin, George Kuchar, Jack Foley, Alex Gildzen",https://www.filmcrave.com/movie_page_main.php?id=55984,"Controversial director James Broughton is brought to life through interviews with friends,"
"Rats Are Coming! The Werewolves Are Here!, The ( Curse of the Full Moon )",46263,1.8,2,02/01/1972,English,Horror,NR,Andy Milligan,"Hope Stansbury, Jackie Skarvellis, Noel Collins, Joan Ogden, Douglas Phair, Ian Innes",https://www.filmcrave.com/movie_page_main.php?id=55985,A woman returns home to put an end to the family curse
I Lost My 'M' in Vegas,37449,2.5,2,09/20/1999,English,Animation,NR,Gayle Ayers,"David Ruprecht, J.K. Simmons, Billy West",https://www.filmcrave.com/movie_page_main.php?id=55986,"Red makes the mistake of betting his 'M' on a roulette table, so he teams up with Yellow to"
Soarin' Over California,32520,2.8,2,02/08/2001,English,"Documentary, Family",NR,N/A,"Michael Eisner, Alan D. Purwin, Patrick Warburton",https://www.filmcrave.com/movie_page_main.php?id=55987,Unknown
It’s Tough To Be a Bug!,37426,2.5,2,04/22/1998,English,"Animation, Family",NR,Chris Bailey,"Dave Foley, Andrew Stanton, Cheech Marin, French Stewart, Tom Kenny, Jason Alexander",https://www.filmcrave.com/movie_page_main.php?id=55988,Find out what it’s like to be a bug during this 3D film and live show inspired by the
Quay,21386,3.3,2,08/19/2015,English,Documentary,NR,Christopher Nolan,"Stephen Quay, Timothy Quay",https://www.filmcrave.com/movie_page_main.php?id=55989,"The short documentary centres on Stephen and Timothy Quay, as viewers will get an"
"Mune: Guardian of the Moon ( Mune, le gardien de la lune )",32943,2.8,2,12/06/2014,French,Animation,PG,"Alexandre Heboyan, Benoît Philippon","Omar Sy, Izïa Higelin, Michaël Grégorio, Trevor Devall, Féodor Atkine, Patrice Dozier",https://www.filmcrave.com/movie_page_main.php?id=55990,Unknown
Voice Without a Shadow ( Kagenaki koe ),48346,3.0,1,10/22/1958,Japanese,"Crime, Drama",NR,Seijun Suzuki,"Hideaki Nitani, Yôko Minamida, Jô Shishido, Nobuo Kaneko, Kotoe Hatsui, Toshio Takahara",https://www.filmcrave.com/movie_page_main.php?id=55991,Unknown
Red Pier ( Akai hatoba ),48324,3.0,1,01/01/1958,Japanese,Action,NR,Toshio Masuda,"Yûjirô Ishihara, Mie Kitahara, Masumi Okada, Sanae Nakahara, Shirô Ôsaka",https://www.filmcrave.com/movie_page_main.php?id=55992,Unknown
"Rambling Guitarist, The ( Guitar o motta wataridori )",48362,3.0,1,10/11/1959,Japanese,"Action, Crime",NR,Takeichi Saitô,"Akira Kobayashi, Ruriko Asaoka, Sanae Nakahara, Misako Watanabe, Nobuo Kaneko, Kyôji Aoyama",https://www.filmcrave.com/movie_page_main.php?id=55993,Unknown
Curse II: The Bite,41478,2.3,2,06/27/1989,English,Horror,R,Frederico Prosperi,"Jill Schoelen, J. Eddie Peck, Jamie Farr, Savina Gersak, Marianne Muellerleile, Sydney Lassick",https://www.filmcrave.com/movie_page_main.php?id=55994,Unknown
I Knew Her Well ( Io la conoscevo bene ),25463,3.0,2,12/01/1965,Italian,Drama,NR,Antonio Pietrangeli,"Stefania Sandrelli, Mario Adorf, Jean-Claude Brialy, Joachim Fuchsberger, Nino Manfredi, Ugo Tognazzi",https://www.filmcrave.com/movie_page_main.php?id=55995,"In Italy, Adriana, a native country girl, decides she is going to move to Rome and become a movie star. Once in the city, she discovers the dark side of the industry. --"
Monster Dog ( Leviatán ),49394,3.0,1,01/01/1986,Spanish,Horror,R,Claudio Fragasso,"Alice Cooper, Victoria Vera, Carlos Santurio, Pepa Sarsa, Pepita James, Emilio Linder",https://www.filmcrave.com/movie_page_main.php?id=55996,Unknown
Women's Prison Massacre ( Blade Violent - I violenti ),49366,3.0,1,01/01/1985,Italian,"Action, Drama",NR,Bruno Mattei,"Laura Gemser, Gabriele Tinti, Ursula Flores, Maria Romano, Antonella Giacomini, Raul Cabrera",https://www.filmcrave.com/movie_page_main.php?id=55997,Unknown
Shock 'Em Dead,49575,3.0,1,01/31/1991,English,"Horror, Thriller",R,Mark Freed,"Traci Lords, Troy Donahue, Aldo Ray, Stephen Quadros, Tim Moffett, Markus Grupa",https://www.filmcrave.com/movie_page_main.php?id=55998,Unknown
The Witch Who Came from the Sea,49038,3.0,1,02/01/1976,English,"Drama, Horror",R,Matt Cimber,"Millie Perkins, Lonny Chapman, Vanessa Brown, Peggy Feury, Jean Pierre Camps, Mark Livingston",https://www.filmcrave.com/movie_page_main.php?id=55999,Unknown
Malatesta's Carnival of Blood,48869,3.0,1,01/01/1973,English,Horror,NR,Christopher Speeth,"Janine Carazo, Jerome Dempsey, Daniel Dietrich, Lenny Baker, Hervé Villechaize, William Preston",https://www.filmcrave.com/movie_page_main.php?id=56000,Unknown
The Premonition,49052,3.0,1,05/19/1976,English,"Horror, Sci-Fi",PG,Robert Allen Schnitzer,"Sharon Farrell, Edward Bell, Danielle Brisebois, Ellen Barber, Richard Lynch, Jeff Corey",https://www.filmcrave.com/movie_page_main.php?id=56001,Unknown
Jane B. for Agnes V. ( Jane B. par Agnès V. ),49469,3.0,1,03/02/1988,French,"Biography, Fantasy",NR,Agnès Varda,"Jane Birkin, Agnès Varda, Charlotte Gainsbourg, Serge Gainsbourg, Jean-Pierre Léaud, Mathieu Demy",https://www.filmcrave.com/movie_page_main.php?id=56002,Unknown
Blue,59884,2.0,1,10/22/2015,English,"Drama, Mystery",R,Charles Huddleston,"Drew Connick, Michele Martín, Kenny Johnson, Sean Bridgers, Dale Dye, Kelly McGillis",https://www.filmcrave.com/movie_page_main.php?id=56003,Unknown
Greater,17919,2.7,3,01/22/2016,English,"Biography, Family",PG,David Hunt,"Christopher Severio, Neal McDonough, Leslie Easterbrook, Michael Parks, Nick Searcy, M.C. Gainey",https://www.filmcrave.com/movie_page_main.php?id=56004,Unknown
Snowtime!,33003,2.8,2,02/26/2016,English,"Animation, Comedy",PG,"Jean-François Pouliot, François Brisson","Angela Galuppo, Mariloup Wolfe, Lucinda Davis, Nicholas Savard-L'Herbier, Sophie Cadieux, Anne Casabonne",https://www.filmcrave.com/movie_page_main.php?id=56005,During winter school break Sophie and Luke lead their respective armies in a massive snowball fight. Sophie must defend her fort against Luke's hoard - whoever manages to capture the fort at the end with be declared the victors. --
"Abandoned, The ( Confines, The )",42000,2.3,2,06/15/2015,English,"Horror, Mystery",NR,Eytan Rockaway,"Jason Patric, Louisa Krause, Mark Margolis, Carlos Velazquez, Brandon Kieffer, Lou Carbonneau",https://www.filmcrave.com/movie_page_main.php?id=56006,A man and woman working nights as security guards at an abandoned luxury apartment building hear some noises coming from the basement and decide to investigate.
Moonwalkers,38124,2.5,2,01/15/2016,English,Comedy,R,Antoine Bardou-Jacquet,"Ron Perlman, Rupert Grint, Robert Sheehan, Stephen Campbell Moore, Jeanne Abraham, Kerry Shale",https://www.filmcrave.com/movie_page_main.php?id=56007,Unknown
Adama,16220,3.5,2,10/21/2015,French,"Animation, Drama",NR,Simon Rouby,"Azize Diabaté Abdoulaye, Pascal N'Zonzi, Oxmo Puccino, Jack Mba",https://www.filmcrave.com/movie_page_main.php?id=56008,Unknown
Everybody Wants Some!!,1705,3.0,35,04/08/2016,English,Comedy,R,Richard Linklater,"Zoey Deutch, Glen Powell, Tyler Hoechlin, Ryan Guzman, Wyatt Russell, Dora Madison",https://www.filmcrave.com/movie_page_main.php?id=56009,"In this spiritual successor to Dazed and Confused, the film follows a college baseball players in college as they navigate a weekend full of freedom and responsibilities as they face the realities of life in the face of looming adulthood. --"
"Boy and the Beast, The ( Bakemono no ko )",757,3.3,11,09/25/2015,Japanese,"Anime, Action",PG-13,Mamoru Hosoda,"Shôta Sometani, Kôji Yakusho, Aoi Miyazaki, Suzu Hirose, Sumire Morohoshi, Mamoru Miyano",https://www.filmcrave.com/movie_page_main.php?id=56010,Unknown
Ernie Biscuit,26200,3.0,2,06/13/2015,English,Animation,NR,Adam Elliot,Unknown,https://www.filmcrave.com/movie_page_main.php?id=56011,Unknown
Bastard,14284,2.8,3,10/16/2015,English,Horror,R,"Powell Robinson, Patrick Robert Young","Rebekah Kennedy, Ellis Greer, Dan Creed, Will Tranfo, Tonya Kay, Burt Culver",https://www.filmcrave.com/movie_page_main.php?id=56012,Unknown
Yellow Day,52514,3.0,1,12/25/2015,English,"Family, Drama",PG,Carl Lauten,"Drew Seeley, Lindsey Shaw, Ashley Boettcher, Akeem Smith, Meagan Holder, Rose Abdoo",https://www.filmcrave.com/movie_page_main.php?id=56013,Unknown
Deep Dark,18904,2.7,3,09/04/2015,Dutch,"Horror, Fantasy",NR,Michael Medaglia,"Sean McGrath, Denise Poirier, Anne Sorce, Tabor Helton, Monica Graves, Mary McDonald-Lewis",https://www.filmcrave.com/movie_page_main.php?id=56014,Unknown
Radiator,21377,3.3,2,04/15/2015,English,Drama,NR,Tom Browne,"Daniel Cerqueira, Julia Ford, Richard Johnson, Gemma Jones",https://www.filmcrave.com/movie_page_main.php?id=56015,Unknown
"Idol, The ( Ya Tayr El Tayer )",21388,3.3,2,09/11/2015,Arabic,"Biography, Comedy",NR,Hany Abu-Assad,"Tawfeek Barhom, Nadine Labaki, Hiba Attalah, Ahmad Qasem, Kais Attalah, Saber Shreim",https://www.filmcrave.com/movie_page_main.php?id=56016,Unknown
Little from the Fish Shop ( Malá z rybárny ),38093,2.5,2,05/28/2015,Czech,"Animation, Drama",NR,Jan Balej,"Oldrich Kaiser, Radek Holub, Jan Novotný, Petr Forman, Barbora Hrzánová, Nina Divísková",https://www.filmcrave.com/movie_page_main.php?id=56017,Unknown
The Little Prince,1962,3.0,19,03/18/2016,French,"Animation, Fantasy",PG,Mark Osborne,"Mackenzie Foy, Riley Osborne, Jeff Bridges, James Franco, Marion Cotillard, Rachel McAdams",https://www.filmcrave.com/movie_page_main.php?id=56018,"A little girl whose mother is pressuring her to join the adult world finds a different world when her eccentric neighbor, The Aviator, introduces her to an extraordinary world limited only by her imagination. This amazing universe is held together by The Little Prince and together they will journey - ultimately leading to a new outlook on life and that human connection and that the most important things that can only be experienced through the heart. --"
This Changes Everything,52425,3.0,1,10/09/2015,English,Documentary,NR,Avi Lewis,Unknown,https://www.filmcrave.com/movie_page_main.php?id=56019,Unknown
Sunset Song,9702,2.6,7,05/13/2016,English,Drama,R,Terence Davies,"Peter Mullan, Agyness Deyn, Kevin Guthrie, Ian Pirie, Jack Greenlees, Daniela Nardini",https://www.filmcrave.com/movie_page_main.php?id=56020,"Follows the life of Chris, one of many children of a tyrannical Scottish farmer, as she comes of age in the 1910s and experiences the good and bad that this life has to offer. --"
"Himalayas, The ( Himalaya )",52518,3.0,1,01/01/2016,Korean,Drama,NR,Seok-hoon Lee,"Jeong-min Hwang, Sung-ha Jo, Woo Jung, In-kwon Kim, Mi-ran Ra",https://www.filmcrave.com/movie_page_main.php?id=56021,Unknown
De Palma,5109,3.1,4,09/30/2015,English,Documentary,R,"Noah Baumbach, Jake Paltrow",Brian De Palma,https://www.filmcrave.com/movie_page_main.php?id=56022,Unknown
Alias Maria,52426,3.0,1,10/10/2015,Spanish,"Drama, War",NR,José Luis Rugeles,"Carlos Clavijo, Anderson Gomez, Erik Ruiz, Karen Torres, Fabio Velazco, Lola Lagos",https://www.filmcrave.com/movie_page_main.php?id=56023,Unknown
Gueros ( Güeros ),7688,3.2,3,05/20/2015,Spanish,Comedy,NR,Alonso Ruizpalacios,"Tenoch Huerta, Sebastián Aguirre, Ilse Salas, Leonardo Ortizgris, Raúl Briones, Laura Almela",https://www.filmcrave.com/movie_page_main.php?id=56024,Unknown
Astral City: A Spiritual Journey ( Nosso Lar ),51654,3.0,1,09/03/2010,Portuguese,Drama,NR,Wagner de Assis,"Renato Prieto, Fernando Alves Pinto, Rosanne Mulholland, Inez Viana, Rodrigo dos Santos, Werner Schünemann",https://www.filmcrave.com/movie_page_main.php?id=56025,A drama movie about astral journey of a deceased doctor. --
Still,32950,2.8,2,03/01/2015,English,Thriller,NR,Simon Blake,"Aidan Gillen, Jonathan Slinger, Elodie Yung, Amanda Mealing, Sonny Green, Kate Ashfield",https://www.filmcrave.com/movie_page_main.php?id=56026,Unknown
O Beautiful,41650,2.3,2,08/07/2002,English,Drama,NR,Alan Brown,"Jay Gillespie, David Clayton Rogers",https://www.filmcrave.com/movie_page_main.php?id=56027,"After a violent gay bashing, one of the perpetrators returns to the victim as a result of his"
And Thou Shalt Love,37635,2.5,2,01/01/2007,Hebrew,Drama,NR,Chaim Elbaum,"Ori Lachmi, Omer Zonenshein, Yehonadav Perlman, Itzik Haikeh, Yerav Kook, Sigalit Ya'akobi",https://www.filmcrave.com/movie_page_main.php?id=56028,"An Orthodox Jew, pressured by his peers and superiors to get married, must learn to"
Caught,25931,3.0,2,01/01/2010,English,"Crime, Drama",NR,Monte Patterson,"Benjamin Pascoe, Cole Simon, Seth Caskey, Christine Leistner, Liz Wicker, Richard 'Rick' Bobier",https://www.filmcrave.com/movie_page_main.php?id=56029,"In this retelling of a bathroom raid done in 1962, a hidden camera was placed in a men's"
Truth or Drink,37766,2.5,2,12/01/2011,English,"Comedy, Romance",NR,Amy Reedy,"Kelsey Reinhardt, Diane Rosser",https://www.filmcrave.com/movie_page_main.php?id=56030,What truths will be revealed when two girls play an altered version of truth or dare?
"Boy Who Couldn't Swim, The ( Drengen der ikke kunne svømme )",21327,3.3,2,04/01/2012,Danish,"Comedy, Drama",NR,Anders Helde,"Jonas Wandschneider, Sebastian Elkrog Sørensen, Christian Damsgaard, Danny Thykær, Dorte Skjoldemose, Michael Liltorp",https://www.filmcrave.com/movie_page_main.php?id=56031,"While searching for his biological mother, Rasmus meets a strange boy with a background"
Dear Friend,25940,3.0,2,01/01/2011,English,"Documentary, Romance",NR,"Sophie Boyce, George Fox","Christopher Gee, Julian Mack, Joshua Miles",https://www.filmcrave.com/movie_page_main.php?id=56032,"During a time when homosexuality was looked upon as an illness, how will a young man"
Water ( Vattnet ),41862,2.3,2,01/01/2012,Dutch,Drama,NR,Marco van Bergen,"Tobias Kersloot, Barbara Labrie, Serge Mensink",https://www.filmcrave.com/movie_page_main.php?id=56033,A lonely boy spots a handsome soccer player from the window of his room.
Violin (Violine),37786,2.5,2,06/29/2012,German,Drama,NR,Roman Ilyushenko,"Johannes Huth, Hannes Sell",https://www.filmcrave.com/movie_page_main.php?id=56034,"A pot dealer, instead of demanding money, asks his client to play something on a violin."
Blooming,37877,2.5,2,10/31/2013,English,Drama,NR,Harrison J. Bahe,"Sammi Pechman, Shanae Styles",https://www.filmcrave.com/movie_page_main.php?id=56035,A teenage girl faces her fears and confesses her feelings to her best friend.
Midnights with Adam,26006,3.0,2,05/08/2013,English,Drama,NR,Yudho Aditya,"Paul Yen, Amanda Kathleen Ward, Ben Whalen, Autumn Harrison, Tsubee U, Ryan Tsang",https://www.filmcrave.com/movie_page_main.php?id=56036,How will a young gay man deal with feelings of isolation and loneliness as his straight
Scattergood Baines,47900,3.0,1,02/21/1941,English,"Drama, Comedy",NR,Christy Cabanne,"Guy Kibbee, Carol Hughes, John Archer, Dink Trout, Emma Dunn, Willie Best",https://www.filmcrave.com/movie_page_main.php?id=56037,Unknown
Scattergood Rides High,47939,3.0,1,05/08/1942,English,"Comedy, Drama",NR,Christy Cabanne,"Guy Kibbee, Jed Prouty, Dorothy Moore, Charles Lind, Kenneth Howell, Regina Wallace",https://www.filmcrave.com/movie_page_main.php?id=56038,Unknown
Scattergood Pulls the Strings,47910,3.0,1,05/23/1941,English,Comedy,NR,Christy Cabanne,"Guy Kibbee, Bobs Watson, Susan Peters, James Corner, Emma Dunn, Dink Trout",https://www.filmcrave.com/movie_page_main.php?id=56039,Unknown
Scattergood Survives a Murder,47955,3.0,1,10/01/1942,English,Mystery,NR,Christy Cabanne,"Guy Kibbee, John Archer, Margaret Hayes, Wallace Ford, Spencer Charters, Eily Malyon",https://www.filmcrave.com/movie_page_main.php?id=56040,Unknown
Scattergood Meets Broadway,47912,3.0,1,08/22/1941,English,Comedy,NR,Christy Cabanne,"Guy Kibbee, Mildred Coles, William Henry, Emma Dunn, Frank Jenks, Joyce Compton",https://www.filmcrave.com/movie_page_main.php?id=56041,Unknown
Speed Devils,47496,3.0,1,06/21/1935,English,Drama,NR,Joseph Henabery,"Paul Kelly, Marguerite Churchill, Russell Hardie, Leo Curley, Walter Fenner, Earl Mitchell",https://www.filmcrave.com/movie_page_main.php?id=56042,Unknown
Hector,26219,3.0,2,10/16/2015,English,Drama,NR,Jake Gavin,"Peter Mullan, Keith Allen, Natalie Gavin, Sharon Rooney, Sarah Solemani, Ewan Stewart",https://www.filmcrave.com/movie_page_main.php?id=56043,"The tragic story of a homeless man is revealed as he travels from place to place, trying to"
Thylacine,46660,1.8,2,01/01/2014,English,"Drama, Romance",NR,Alex Lampsos,"Peter Michael Biondolillo, Trevor LaPaglia, Rob August, Hans Stjernsward",https://www.filmcrave.com/movie_page_main.php?id=56044,Charlie must confront the jealousy he feels when other men check out his boyfriend.
Escapade,38068,2.5,2,12/11/2014,Dutch,Drama,NR,Gijs Blom,"Robin Boissevain, Gijs Blom, Daniël Boissevain, Marloes van den Heuvel, Bart Blom, Sjeng Kessels",https://www.filmcrave.com/movie_page_main.php?id=56045,Two good friends smoke and philosophize together while they deal with troubles at home.
Stranger Within,32878,2.8,2,09/03/2013,English,"Mystery, Thriller",R,Adam Neutzsky-Wulff,"William Baldwin, Estella Warren, Sarah Butler, Jeffrey Pierce, Katia Winter, Kim Bodnia",https://www.filmcrave.com/movie_page_main.php?id=56046,"After a famous actress is abducted and assaulted, she becomes paranoid about past"
Suspension,32994,2.8,2,12/16/2015,English,Thriller,R,Jeffery Scott Lando,"Ellen MacNevin, Kylee Bush, Rustin Gresiuk, Johannah Newmarch, Courtney Paige Theroux, Craig March",https://www.filmcrave.com/movie_page_main.php?id=56047,Unknown
"Little Death ( petite mort, La )",25674,3.0,2,06/19/2000,French,Drama,NR,François Ozon,"François Delaive, Camille Japy, Martial Jacques, Michel Beaujard",https://www.filmcrave.com/movie_page_main.php?id=56048,"An artist, distant from his family, must deal with his emotions when his father becomes ill"
Truth or Dare ( Action vérité ),41520,2.3,2,01/01/1994,French,Drama,NR,François Ozon,"Farida Rahmatoullah, Aylin Argun, Fabien Billet, Adrien Pastor",https://www.filmcrave.com/movie_page_main.php?id=56049,"A group of four teens play truth or dare, each turn progressively becoming more shocking."
"Summer Dress, A ( robe d'été, Une )",25639,3.0,2,06/22/1997,French,"Comedy, Drama",NR,François Ozon,"Sébastien Charles, Frédéric Mangenot, Lucia Sanchez",https://www.filmcrave.com/movie_page_main.php?id=56050,"During vacation, a teenage boy gets fed up with his boyfriend, but after he receives a"
I Don't Want to Go Back Alone ( Eu Não Quero Voltar Sozinho ),21315,3.3,2,07/18/2010,Portuguese,Drama,NR,Daniel Ribeiro,"Tess Amorim, Fabio Audi, Ghilherme Lobo, Júlio Machado, Nora Toledo",https://www.filmcrave.com/movie_page_main.php?id=56051,"A new kid in school befriends a kind girl and a blind boy, Leonardo, only to fall in love with"
Silver Road,41744,2.3,2,01/01/2006,English,Drama,NR,Bill Taylor,"Jonathan Keltz, Andrew Hachey",https://www.filmcrave.com/movie_page_main.php?id=56052,Two friends must say goodbye on the eve before one of them leaves for the city while the
Summer Blues,32583,2.8,2,06/14/2003,Norwegian,Drama,NR,Frank Mosvold,"Kristoffer Berre Alberts, Julia Schacht, Tord Vandvik Haugen, Hanne Bach Hansen, Erik Aleksander Schjerven, Stian Barsnes Simonsen",https://www.filmcrave.com/movie_page_main.php?id=56053,"After fighting with his girlfriend, Mads meets up with his best friend. Bottled up feelings rise"
Au Pair,44459,2.0,2,08/22/1999,English,"Comedy, Family",NR,Mark Griffiths,"Gregory Harrison, Heidi Lenhart, Jane Sibbett, Katie Volding, Jake Dinwiddie, John Rhys-Davies",https://www.filmcrave.com/movie_page_main.php?id=56054,A made for TV movie about a nanny who cares for a CEO's two spoiled children. --
My Normal,25886,3.0,2,01/01/2009,English,"Drama, Romance",NR,Irving Schwartz,"Nicole LaLiberte, Ty Jones, Dawn Noel, Naama Kates, Abdul Malik Abbott, Jacqueline Hendy",https://www.filmcrave.com/movie_page_main.php?id=56055,"Natalie, a professional dominatrix living in NYC, must balance her clients, her love life, and"
Pulsar,37753,2.5,2,01/11/2011,Other,"Drama, Mystery",NR,Alex Stockman,"Matthias Schoenaerts, Tine Van den Wyngaert, Josse De Pauw, Liesje De Backer, Sien Eggers, Jessica De Baere",https://www.filmcrave.com/movie_page_main.php?id=56056,A man in Brussels stars suspecting his neighbors when his computer appears to be
The Parent Trap II,30971,2.2,3,07/26/1986,English,"Comedy, Family",NR,Ron Maxwell,"Hayley Mills, Tom Skerritt, Carrie Kei Heim, Bridgette Andersen, Alex Harvey, Gloria Cromwell",https://www.filmcrave.com/movie_page_main.php?id=56057,"Twins Sharon and Susan are grown up now and Sharon's daughter, Nikki, wants her"
Dish,55348,1.5,2,01/16/2009,English,Comedy,NR,Brian Krinsky,"Matthew Monge, Jeff Martin, Octavio Altamirano, Lainnie Felan, Gabriel Romero, Yolanda Rubio-Soto",https://www.filmcrave.com/movie_page_main.php?id=56058,"Two gay teens compare sexual experiences, and one is left feeling incredibly"
Keanu,9770,2.4,28,04/29/2016,English,Comedy,R,Peter Atencio,"Will Forte, Keegan-Michael Key, Jason Mitchell, Luis Guzmán, Rob Huebel, Jordan Peele",https://www.filmcrave.com/movie_page_main.php?id=56059,"When a prized cat is kidnapped, a pair of friends decide the best course of action is to pose as drug dealers to infiltrates the street gang who has the feline. --"
Viral,12799,2.6,5,07/29/2016,English,"Horror, Sci-Fi",R,"Henry Joost, Ariel Schulman","Analeigh Tipton, Michael Kelly, Sofia Black-D'Elia, Brianne Howey, Machine Gun Kelly, Travis Tope",https://www.filmcrave.com/movie_page_main.php?id=56060,"Two teen girls become separated from their parents when their town faces a quarantine following a mysterious outbreak. At first the two explore their new-found freedom, partying and doing whatever they want - but as the infection begins to affect people they know, they soon turn to self preservation. Barricading themselves in with a neighbor, things get even worse when one of the sisters shows signs of the infection - and it soon become a choice between family or survival. --"
The Witch,2667,2.8,62,02/19/2016,English,Horror,R,Robert Eggers,"Anya Taylor-Joy, Ralph Ineson, Kate Dickie, Harvey Scrimshaw, Lucas Dawson, Ellie Grainger",https://www.filmcrave.com/movie_page_main.php?id=56061,"In 1630 a devout New England family - William, Katherine and their five children, lead a hard but rewarding life on the edge of a vast wilderness. But when the youngest child goes missing and their crops begin to fail - the family turns on one another as fear and paranoia grip them as they search for an evil that may or may not exist. --"
Sully,2677,2.8,52,09/09/2016,English,"Biography, Drama",PG-13,Clint Eastwood,"Tom Hanks, Laura Linney, Anna Gunn, Aaron Eckhart, Autumn Reeser, Sam Huntington",https://www.filmcrave.com/movie_page_main.php?id=56062,"Follows the life of Chesley ""Sully"" Sullenberger, an airline pilot responsible for the ""Miracle on the Hudson"" where he safely glided his damaged plane onto the Hudson River, saving all 155 people aboard. But beyond this one event, even a hero's life isn't always heroic and when people begin digging, it could ultimately destroy everything he has worked toward. --"
Wazir,47091,3.0,1,01/08/2016,Hindi,"Crime, Drama",NR,Bejoy Nambiar,"Amitabh Bachchan, Farhan Akhtar, Aditi Rao Hydari, John Abraham, Neil Nitin Mukesh, Anjum Sharma",https://www.filmcrave.com/movie_page_main.php?id=56063,An aging chest grandmaster confined to a wheelchair and an up-and-coming ATS officer form an unlikely friendship when grief and fate bring them together. The two decide to join forces when they realize they can help each other - but lurking in the shadows is an opponent who is as ruthless as he is cunning. --
Troublemakers: The Story of Land Art,52523,3.0,1,01/08/2016,English,"Documentary, Biography",NR,James Crump,"Lawrence Weiner, Pamela Sharp, Dennis Oppenheim, Carl Andre, Walter De Maria, Willoughby Sharp",https://www.filmcrave.com/movie_page_main.php?id=56064,Unknown
400 Days,24842,2.1,6,01/15/2016,English,"Mystery, Sci-Fi",NR,Matt Osterman,"Brandon Routh, Dane Cook, Caity Lotz, Ben Feldman, Tom Cavanagh, Grant Bowler",https://www.filmcrave.com/movie_page_main.php?id=56065,"Four people are locked in an underground simulated spaceship for the purpose of testing the long-term psychological consequences of space exploration. This 400-day missions is interrupted by an unknown event and when they reach the surface, they find things completely changed - but is this reality or part of the experiment? --"
China Strike Force ( Leui ting jin ging ),32530,2.8,2,07/17/2001,Mandarin,Action,R,Stanley Tong,"Aaron Kwok, Norika Fujiwara, Leehom Wang, Coolio, Mark Dacascos, Ruby Lin",https://www.filmcrave.com/movie_page_main.php?id=56066,Unknown
Montana,18562,2.7,3,01/16/1998,English,"Action, Comedy",R,Jennifer Leitzes,"Kyra Sedgwick, Stanley Tucci, Robin Tunney, Robbie Coltrane, John Ritter, Ethan Embry",https://www.filmcrave.com/movie_page_main.php?id=56067,Unknown
Lost Junction,25728,3.0,2,02/01/2003,English,"Drama, Thriller",R,Peter Masterson,"Neve Campbell, Billy Burke, Jake Busey, Charles Edwin Powell, David Gow, Michel Perron",https://www.filmcrave.com/movie_page_main.php?id=56068,Unknown
Connors' War,41766,2.3,2,09/26/2006,English,"Action, Sci-Fi",R,Nick Castle,"Anthony 'Treach' Criss, Nia Peeples, Blu Mankuma, Tom Heaton, Garwin Sanford, Warren Derosa",https://www.filmcrave.com/movie_page_main.php?id=56069,Unknown
Metalhead ( Málmhaus ),5104,3.1,4,03/20/2015,Other,Drama,NR,Ragnar Bragason,"Ingvar Eggert Sigurðsson, Thora Bjorg Helga, Sveinn Ólafur Gunnarsson, Magnús Ólafsson, Halldóra Geirharðsdóttir, Þröstur Leó Gunnarsson",https://www.filmcrave.com/movie_page_main.php?id=56070,Follows the Black Metal music scene and how this music helped Hera to deal with her older brother's death. --
Sherlock: The Abominable Bride,11978,2.6,6,01/01/2016,English,"Drama, Mystery",NR,Douglas Mackinnon,"Benedict Cumberbatch, Martin Freeman, Rupert Graves, Una Stubbs, Mark Gatiss, Andrew Scott",https://www.filmcrave.com/movie_page_main.php?id=56071,Unknown
Goodbye Mr. Loser ( Xia Luo Te Fan Nao ),52402,3.0,1,09/26/2015,Mandarin,Comedy,NR,"Da-Mo Peng, Fei Yan","Allen Ai, Yuan Chang, Li-Chun Lee, Ping Li, Li Ma, Teng Shen",https://www.filmcrave.com/movie_page_main.php?id=56072,Unknown
Bill,26212,3.0,2,09/18/2015,English,Family,NR,Richard Bracewell,"Mathew Baynton, Simon Farnaby, Martha Howe-Douglas, Jim Howick, Laurence Rickard, Ben Willbond",https://www.filmcrave.com/movie_page_main.php?id=56073,Unknown
Dark Entry,59942,2.0,1,04/20/2016,English,Horror,NR,Thomas David Dean,"Thomas David Dean, Jessica Anne Barone",https://www.filmcrave.com/movie_page_main.php?id=56074,Unknown
Ratter,52586,3.0,1,03/01/2016,Dutch,"Drama, Thriller",R,Branden Kramer,"Ashley Benson, Matt McGorry, Kaili Vernoff, Rebecca Naomi Jones, Alex Cranmer, Michael William Freeman",https://www.filmcrave.com/movie_page_main.php?id=56075,Unknown
Viva,26236,3.0,2,02/05/2016,Spanish,Drama,R,Paddy Breathnach,"Héctor Medina, Jorge Perugorría, Luis Alberto García, Renata Maikel Machin Blanco, Luis Manuel Alvarez, Paula Andrea Ali Rivera",https://www.filmcrave.com/movie_page_main.php?id=56076,Unknown
Bloomington,37744,2.5,2,06/23/2010,English,Drama,NR,Fernanda Cardoso,"Allison McAtee, Sarah Stouffer, Katherine Ann McGregor, Ray Zupp, Erika Heidewald, J. Blakemore",https://www.filmcrave.com/movie_page_main.php?id=56077,"Jackie, a former child-star, decides to take a break from acting in order to go to college."
Lost in Hong Kong ( Gang jiong ),52398,3.0,1,09/25/2015,Mandarin,Comedy,NR,Zheng Xu,"Zheng Xu, Wei Zhao, Andrew Dasz, Juan Du, Xun Wang, Singh Hartihan Bitto",https://www.filmcrave.com/movie_page_main.php?id=56078,Unknown
Tumbledown,33002,2.8,2,02/12/2016,English,"Comedy, Romance",R,Sean Mewshaw,"Joe Manganiello, Rebecca Hall, Dianna Agron, Jason Sudeikis, Blythe Danner, Griffin Dunne",https://www.filmcrave.com/movie_page_main.php?id=56079,Unknown
There Will Be No Stay,59774,2.0,1,03/01/2015,English,"Documentary, Biography",NR,Patty Ann Dillon,"Allen Ault, Craig Baxley, Terry Bracey, Bill Pelke, Carroll Pickett, Jim Willet",https://www.filmcrave.com/movie_page_main.php?id=56080,Unknown
June,44922,2.0,2,10/06/2015,English,"Horror, Sci-Fi",NR,L. Gustavo Cooper,"Casper Van Dien, Victoria Pratt, Eddie Jemison, Kennedy Brice, Lance E. Nichols, Addy Miller",https://www.filmcrave.com/movie_page_main.php?id=56081,Unknown
"Colliding Dreams ( Zionist Idea, The )",52516,3.0,1,01/01/2016,English,"Documentary, Biography",NR,"Joseph Dorman, Oren Rudavsky",Unknown,https://www.filmcrave.com/movie_page_main.php?id=56082,Unknown
Elvis & Nixon,5905,2.9,7,04/22/2016,English,"Comedy, Historical",R,Liza Johnson,"Michael Shannon, Kevin Spacey, Alex Pettyfer, Johnny Knoxville, Colin Hanks, Evan Peters",https://www.filmcrave.com/movie_page_main.php?id=56083,"December, 1970, the King of Rock n Roll shows up on the White House lawn with a request to meet the most powerful man in the world - President Nixon. This look into the untold true story behind the most unique meeting leading into one of the most iconic photos of all time (and the most requested in the National Archives). --"
The Final Project,52563,3.0,1,02/12/2016,English,"Horror, Thriller",NR,Taylor Ri'chard,"Benjie Anderson, Amber Erwin, Tiffany Ford, Tiffany Ford, Arin Jones, Robert McCarley",https://www.filmcrave.com/movie_page_main.php?id=56084,Unknown
Black Road,52549,3.0,1,01/28/2016,English,Action,NR,Gary Lundgren,"Sam Daly, Simon Templeman, Leilani Sarelle, Michelle Lombardo, Danforth Comins, Mike Estes",https://www.filmcrave.com/movie_page_main.php?id=56085,Unknown
Sticky: A (Self) Love Story,59922,2.0,1,02/14/2016,English,"Documentary, Comedy",NR,Nicholas Tana,"Janeane Garofalo, Nina Hartley, Alexander Rhodes, Larry Flynt, Chris Gore, Carol Queen",https://www.filmcrave.com/movie_page_main.php?id=56086,Unknown
The Alphabet,5455,3.3,3,01/01/1968,English,"Animation, Fantasy",NR,David Lynch,Peggy Lynch,https://www.filmcrave.com/movie_page_main.php?id=56087,"What starts as a slightly strange dream turns into a disturbing nightmare, all revolving"
The Gay Deceivers,44195,2.0,2,07/30/1969,English,Comedy,R,Bruce Kessler,"Kevin Coughlin, Brooke Bundy, Lawrence P. Casey, Jo Ann Harris, Michael Greer, Sebastian Brook",https://www.filmcrave.com/movie_page_main.php?id=56088,"In order to avoid getting drafted, two friends pretend to be gay. Despite initially thinking it"
Falling Leaves,31639,2.8,2,03/15/1912,English,Drama,NR,Alice Guy,"Mace Greenleaf, Blanche Cornwall, Marian Swayne, Magda Foy, Darwin Karr",https://www.filmcrave.com/movie_page_main.php?id=56089,"A young woman is dying of consumption, but her younger sister accidentally finds a way"
The Skeleton Dance,5316,3.0,5,08/29/1929,English,"Animation, Family",NR,Walt Disney,Unknown,https://www.filmcrave.com/movie_page_main.php?id=56090,"During the nighttime, four skeletons gain consciousness and make music."
Balance,3668,3.3,4,01/01/1989,German,"Animation, Drama",NR,"Christoph Lauenstein, Wolfgang Lauenstein",Unknown,https://www.filmcrave.com/movie_page_main.php?id=56091,"A group of mysterious men, all balancing upon a square that floats above an abyss,"
Little Dark Poet,25661,3.0,2,06/17/1999,English,Animation,NR,Mike Booth,"Sarah Walden, Darren Walsh",https://www.filmcrave.com/movie_page_main.php?id=56092,A poet's beautiful love story occasionally twists into something more vile as his imagination
The Cat with Hands,10790,3.0,3,01/01/2001,English,"Animation, Horror",NR,Robert Morgan,"Livy Armstrong, Daniel Hogwood-Kane, Victoria Hayes",https://www.filmcrave.com/movie_page_main.php?id=56093,There once was a cat that wanted to be a person so badly that it took different parts of
Dad's Dead,32597,2.8,2,03/19/2004,English,"Animation, Drama",NR,Chris Shepherd,"Ian Hart, Chris Freeney, Dallas Messias, John Murphy, Kay D'Arcy, Charlotte McDougall",https://www.filmcrave.com/movie_page_main.php?id=56094,"A man recounts his childhood in Liverpool, dominated by his sick friend Johnno."
Admiral ( Michiel de Ruyter ),16088,3.5,2,02/11/2016,English,"Action, Biography",NR,Roel Reiné,"Charles Dance, Rutger Hauer, Barry Atsma, Daniel Brocklebank, Derek de Lint, Filip Peeters",https://www.filmcrave.com/movie_page_main.php?id=56095,Unknown
Dheepan,1668,3.2,9,05/06/2016,French,"Crime, Drama",R,Jacques Audiard,"Jesuthasan Antonythasan, Kalieaswari Srinivasan, Claudine Vinasithamby, Vincent Rottiers, Faouzi Bensaïdi, Marc Zinga",https://www.filmcrave.com/movie_page_main.php?id=56096,"A former Tamil warrior in Sri Lanka finds himself having to make an exit after coming out on the wrong side of a civil war. Finding a woman and child, he picks them up along the way, hoping this new ""family"" will lead to a better chance at asylum. They find themselves in Paris, struggling to find a life and home but even after finally settling into some sense of normalcy, violence still finds them and the man finds the warrior still inside will have to come out to protect those he has come to love. --"
Kevin Hart: What Now?,9885,2.7,6,10/14/2016,English,"Documentary, Comedy",R,Leslie Small,"Kevin Hart, Dennis Keiffer, Richardson Jones, Ben Seaward, Jeff Baumann",https://www.filmcrave.com/movie_page_main.php?id=56097,"A new documentary that follows the red-hot comedian Kevin Hart as he takes his act before a crowd of 50,000 at Philadelphia's outdoor venue, Lincoln Financial Field. --"
31,17443,2.2,14,01/23/2016,English,"Horror, Thriller",R,Rob Zombie,"Elizabeth Daily, Malcolm McDowell, Sheri Moon Zombie, Meg Foster, Daniel Roebuck, Ginger Lynn",https://www.filmcrave.com/movie_page_main.php?id=56098,Unknown
The Bounce Back,53059,3.0,1,12/31/2016,English,Romance,PG-13,Youssef Delara,"Nadine Velazquez, Kali Hawk, Shemar Moore, Matthew Willig, Michael Beach, Vanessa Bell Calloway",https://www.filmcrave.com/movie_page_main.php?id=56099,"Matthew Taylor, a father, author and relationship expert is on a new tour for his latest smash hit The Bounce Back. But an outspoken talk show therapist seems to see right through him as she makes it a point to pick apart his story. But when Matt starts falling for her it makes him reevaluate his life choices. --"
Forsaken,14287,2.8,3,02/19/2016,English,"Drama, Western",R,Jon Cassar,"Demi Moore, Donald Sutherland, Kiefer Sutherland, Brian Cox, Michael Wincott, Landon Liboiron",https://www.filmcrave.com/movie_page_main.php?id=56100,Unknown
Green Room,1984,2.9,50,04/15/2016,English,"Horror, Thriller",R,Jeremy Saulnier,"Imogen Poots, Alia Shawkat, Anton Yelchin, Patrick Stewart, Mark Webber, Callum Turner",https://www.filmcrave.com/movie_page_main.php?id=56101,"A punk rock band on a tour in a secluded area of the Pacific Northwest come across a horrific act of violence. Because they are the only witnesses, they soon all become targets of the white power skinheads responsible, and soon find themselves on the run for their lives. --"
Rabid Dogs ( Enragés ),52533,3.0,1,01/22/2016,French,Action,NR,Éric Hannezo,"Lambert Wilson, Guillaume Gouix, Virginie Ledoyen, Franck Gastambide, François Arnaud, Laurent Lucas",https://www.filmcrave.com/movie_page_main.php?id=56102,"A bank robbery goes south and three desperate criminals grab a young couple and their child hostage and start a frantic, violent road trip - one that not everyone will survive. --"
A Stand Up Guy,46706,1.8,2,02/09/2016,English,Comedy,NR,Mike Young,"Michael Rapaport, Moran Atias, Bob Saget, Jay R. Ferguson, Annie Heise, Mackenzie Meehan",https://www.filmcrave.com/movie_page_main.php?id=56103,Unknown
Tell It to the Fishes,37601,2.5,2,01/01/2006,English,Drama,NR,William Sinclair,"Dylan Moran, Gerard McSorley, Marem Hassler, Brigid Erin Bates, Ham Zanoun",https://www.filmcrave.com/movie_page_main.php?id=56104,"A man with a cement block trapping his feet, faced with the rising tide, must figure out how"
Silence is Golden,32660,2.8,2,11/08/2006,English,"Animation, Comedy",NR,Chris Shepherd,"Conor Morris, Andrew Dunford, Kate McLoughlin, Robert Linden, Christopher James, Patsy Peters",https://www.filmcrave.com/movie_page_main.php?id=56105,A young boy makes up stories about his crazy neighbor.
The Tangerine Bear: Home in Time for Christmas!,37473,2.5,2,11/01/2000,English,"Animation, Family",NR,Bert Ring,"Tom Bosley, Jenna Elfman, Howie Mandel, David Hyde Pierce, Jonathan Taylor Thomas, Marlon Wayans",https://www.filmcrave.com/movie_page_main.php?id=56106,A teddy bear named Tangie was accidentally made with an upside-down smile so he
I Live in the Woods,32721,2.8,2,09/12/2008,English,"Animation, Horror",NR,Max Winston,"Mark Gagliardi, Dillon Markey",https://www.filmcrave.com/movie_page_main.php?id=56107,The story of a carefree hillbilly takes a dark turn when he starts singing about woodland
Crooked Rot,25869,3.0,2,07/27/2008,English,Animation,NR,David Firth,David Firth,https://www.filmcrave.com/movie_page_main.php?id=56108,A collection of bizarre and violent images serve to disturb viewers.
The Black Hole,41805,2.3,2,09/21/2008,English,"Comedy, Crime",NR,"Philip Sansom, Olly Williams",Napoleon Ryan,https://www.filmcrave.com/movie_page_main.php?id=56109,A worn-out office employee accidentally discovers a black hole.
The Pack,14914,2.6,4,02/05/2016,English,"Horror, Thriller",NR,Nick Robertson,"Anna Lise Phillips, Jack Campbell, Katie Moore, Kieran Thomas McNamara, Hamish Phillips, Charles Mayer",https://www.filmcrave.com/movie_page_main.php?id=56110,Unknown
Sing Street,1008,3.1,33,01/24/2016,English,"Drama, Musical",PG-13,John Carney,"Aidan Gillen, Maria Doyle Kennedy, Jack Reynor, Lucy Boynton, Kelly Thornton, Lydia McGuinness",https://www.filmcrave.com/movie_page_main.php?id=56111,Unknown
Coco,59901,2.0,1,01/01/2016,English,"Drama, Musical",NR,RZA,"Hana Mae Lee, Common, Lorraine Toussaint, John David Washington, Lucien Laviscount, Jill Scott",https://www.filmcrave.com/movie_page_main.php?id=56112,Unknown
10 Cloverfield Lane,1635,2.9,86,03/11/2016,English,"Action, Mystery",PG-13,Dan Trachtenberg,"Mary Elizabeth Winstead, John Goodman, John Gallagher Jr., Suzanne Cryer, Bradley Cooper, Douglas M. Griffin",https://www.filmcrave.com/movie_page_main.php?id=56113,"Following a car accident, a young woman wakes up in a strange place. The man keeping her in his basement claims a chemical attack has left the outside world uninhabitable. --"
Black Mountain Side,24843,2.1,6,01/26/2016,English,Horror,NR,Nick Szostakiwskyj,"Shane Twerdun, Michael Dickson, Carl Toftfelt, Marc Anthony Williams, Andrew Moxham, Timothy Lyle",https://www.filmcrave.com/movie_page_main.php?id=56114,Unknown
Blue Mountain State: The Rise of Thadland,31594,2.8,2,02/02/2016,English,"Comedy, Sport",R,Lev L. Spiro,"Alan Ritchson, Darin Brooks, James Cade, Rob Ramsay, Chris Romano, Frankie Shaw",https://www.filmcrave.com/movie_page_main.php?id=56115,Unknown
Kill or Be Killed,59923,2.0,1,03/01/2016,English,"Horror, Mystery",NR,"Duane Graves, Justin Meeks","Michael Berryman, Tina Rodriguez, Pepe Serna, Bridger Zadina, Edwin Neal, Andrew Sensenig",https://www.filmcrave.com/movie_page_main.php?id=56116,Unknown
Standoff,20448,2.2,9,02/26/2016,English,Thriller,R,Adam Alleca,"Thomas Jane, Laurence Fishburne, Ella Ballentine, Joanna Douglas, Jim Watson, John Tench",https://www.filmcrave.com/movie_page_main.php?id=56117,Unknown
Ip Man 3 ( Yip Man 3 ),7846,2.6,13,01/22/2016,Cantonese,"Action, Biography",PG-13,Wilson Yip,"Donnie Yen, Lynn Hung, Jin Zhang, Mike Tyson, Patrick Tam, Karena Ng",https://www.filmcrave.com/movie_page_main.php?id=56118,"When his town is marked by a crooked property developer and his brutal gang, Master Ip must once again make a stand or risk losing everything. --"
My Golden Days ( Trois souvenirs de ma jeunesse ),52633,3.0,1,03/18/2016,French,Drama,R,Arnaud Desplechin,"Quentin Dolmaire, Lou Roy-Lecollinet, Mathieu Amalric, Dinara Drukarova, Cécile Garcia-Fogel, Françoise Lebrun",https://www.filmcrave.com/movie_page_main.php?id=56119,"Paul is about to leave Tajikistan, but before he makes the move he reflects back on his adolescent life: parties, his mother's madness, slipping into the USSR where he lost his virginity and the friend who betrayed him and his love. --"
Southbound,9701,2.6,7,02/09/2016,English,"Horror, Sci-Fi",R,"Roxanne Benjamin, David Bruckner, Patrick Horvath, Radio Silence","Kate Beahan, Larry Fessenden, Hannah Marks, Maria Olsen, Matt Peters, Dana Gould",https://www.filmcrave.com/movie_page_main.php?id=56120,This horror anthology follows five interconnecting tales as we follow five groups of weary travelers across a desolate stretch of highway where secrets and nightmares alike are revealed. --
"Black Cat, The ( Gatto nero )",49334,3.0,1,02/10/1984,English,Horror,R,Lucio Fulci,"Patrick Magee, Mimsy Farmer, David Warbeck, Al Cliver, Dagmar Lassander, Bruno Corazzari",https://www.filmcrave.com/movie_page_main.php?id=56121,Unknown
The Birth of Saké,59812,2.0,1,04/16/2015,Japanese,"Documentary, Biography",NR,Erik Shirai,Unknown,https://www.filmcrave.com/movie_page_main.php?id=56122,Unknown
Body ( Cialo ),52436,3.0,1,10/16/2015,Polish,"Comedy, Drama",NR,Malgorzata Szumowska,"Janusz Gajos, Maja Ostaszewska, Justyna Suwala, Ada Piekarska, Tomasz Zietek, Roman Gancarczyk",https://www.filmcrave.com/movie_page_main.php?id=56123,Unknown
Bota,52262,3.0,1,05/01/2015,Other,Drama,NR,"Iris Elezi, Thomas Logoreci","Flonja Kodheli, Artur Gorishti, Fioralba Kryemadhi, Tinka Kurti, Alban Ukaj, Erand Sojli",https://www.filmcrave.com/movie_page_main.php?id=56124,Unknown
Butterfly ( Mariposa ),52181,3.0,1,03/12/2015,Spanish,"Comedy, Drama",NR,Marco Berger,"Ailín Salas, Javier De Pietro, Julian Infantino, Malena Villa, Justo Calabria, María Laura Cali",https://www.filmcrave.com/movie_page_main.php?id=56125,Unknown
Cooking Up a Tribute,59827,2.0,1,06/02/2015,Spanish,Documentary,NR,"Luis Gonzalez, Andrea Gómez","Joan Roca, Jordi Roca, Josep Roca",https://www.filmcrave.com/movie_page_main.php?id=56126,Unknown
Death by Death,59902,2.0,1,01/03/2016,French,Drama,NR,Xavier Seron,"François Dupont, Jean-Jacques Rausin, Fanny Touron, Franc Bruneau, Serge Riaboukine, Myriam Boyer",https://www.filmcrave.com/movie_page_main.php?id=56127,Unknown
The Perfect Match,52607,3.0,1,03/11/2016,English,"Comedy, Romance",R,Bille Woodruff,"Terrence Jenkins, Paula Patton, Kali Hawk, Lauren London, Brandy Norwood, Cassie Ventura",https://www.filmcrave.com/movie_page_main.php?id=56128,"Charlie is a playboy by nature, one who things that romance and love are dead. When his two friends convince him to stick with the same woman for one month, he doesn't think much of it - until he meets the mysterious Eva. Soon, he finds their casual affair turning into something more - and finds his long-held belief on relationships may finally change. --"
HIV: The Musical,37719,2.5,2,10/22/2009,English,Comedy,NR,"Joseph Patrick, Tim Woodall","Martin Freeman, Julian Barratt, Seb Cardinal, Dustin Demri-Burns, Samuel Girvan, Meneesha Kellay",https://www.filmcrave.com/movie_page_main.php?id=56129,A new playwright becomes increasingly disturbed by a theatre director's rendition of his
The Backwater Gospel,21321,3.3,2,09/23/2011,English,"Animation, Horror",NR,Bo Mathorne,"Zebulon Whatley, Lucien Dodge, Phillip Sacramento, Robert Bennett, Laura Post",https://www.filmcrave.com/movie_page_main.php?id=56130,A priest manages to make his community believe that the ominous presence of the
The Maker,25943,3.0,2,06/01/2011,English,"Animation, Family",NR,Christopher Kezelos,Unknown,https://www.filmcrave.com/movie_page_main.php?id=56131,"A strange, rabbit-like puppet only has a certain amount of time to create his companion."
Tune for Two,32796,2.8,2,03/22/2011,Swedish,Musical,NR,Gunnar Järvstad,"Daniel Adolfsson, Fredrik Gunnarsson",https://www.filmcrave.com/movie_page_main.php?id=56132,"After waking up to find himself about to be shot by an assassin, a man makes an unusual,"
Stalked by My Doctor,55808,1.3,2,12/26/2015,English,Thriller,NR,Doug Campbell,"Eric Roberts, Brianna Joy Chomer, Deborah Zoe, Jon Briddell, Carson Boatman, Caryn Richman",https://www.filmcrave.com/movie_page_main.php?id=56133,"A highly successful doctor, frustrated by his pathetic romantic life, develops and unhealthy"
Kill Zombie! ( Zombibi ),37776,2.5,2,02/15/2012,Dutch,"Comedy, Horror",NR,"Martijn Smits, Erwin van den Eshof","Yahya Gaier, Mimoun Ouled Radi, Gigi Ravelli, Sergio Hasselbaink, Uriah Arnhem, Noel Deelen",https://www.filmcrave.com/movie_page_main.php?id=56134,Unknown
"Embrace of the Serpent ( abrazo de la serpiente, El )",1270,3.2,9,02/17/2016,Spanish,"Adventure, Drama",NR,Ciro Guerra,"Nilbio Torres, Jan Bijvoet, Antonio Bolivar, Brionne Davis, Yauenkü Migue, Nicolás Cancino",https://www.filmcrave.com/movie_page_main.php?id=56135,Taking place in 1909 and 1940. The Amazonian last survivor shaman of his
All Mistakes Buried,59908,2.0,1,01/22/2016,English,Thriller,NR,Tim McCann,"Vanessa Ferlito, Sam Trammell, Missy Yager, Nick Loeb, Maria McCann, Shane Guilbeau",https://www.filmcrave.com/movie_page_main.php?id=56136,Unknown
February,38106,2.5,2,09/24/2015,English,"Horror, Thriller",R,Osgood Perkins,"Emma Roberts, Lauren Holly, Kiernan Shipka, James Remar, Lucy Boynton, Peter J. Gray",https://www.filmcrave.com/movie_page_main.php?id=56137,Unknown
Frankenstein,26206,3.0,2,08/15/2015,English,"Horror, Thriller",R,Bernard Rose,"Carrie-Anne Moss, Xavier Samuel, Tony Todd, Danny Huston, Maya Erskine, Mckenna Grace",https://www.filmcrave.com/movie_page_main.php?id=56138,Unknown
Hostile Border ( Pocha: Manifest Destiny ),52605,3.0,1,03/11/2016,English,Drama,R,Michael Dwyer,"Veronica Sixtos, Julio Cedillo, Roberto Urbina, Jorge A. Jimenez, Jesse Garcia, María del Carmen Farias",https://www.filmcrave.com/movie_page_main.php?id=56139,Unknown
Natural Born Pranksters,52818,3.0,1,06/16/2016,English,Comedy,R,"Roman Atwood, Tyler Hassard","Vitaly Zdorovetskiy, Tyler Hassard, Michael Flores, Dave England, Mindy Robinson, Rachel Alig",https://www.filmcrave.com/movie_page_main.php?id=56140,Unknown
Puerto Ricans in Paris,52815,3.0,1,06/12/2016,English,Comedy,R,Ian Edelman,"Rosario Dawson, Luis Guzmán, Miriam Shor, Rosie Perez, Ravi Patel, Alice Taglioni",https://www.filmcrave.com/movie_page_main.php?id=56141,Unknown
"Wave, The ( Bølgen )",2947,2.9,22,03/04/2016,Norwegian,"Action, Drama",R,Roar Uthaug,"Kristoffer Joner, Thomas Bo Larsen, Ane Dahl Torp, Fridtjov Såheim, Jonas Hoff Oftebro, Edith Haagenrud-Sande",https://www.filmcrave.com/movie_page_main.php?id=56142,"It is taken as fact that the mountain pass of Åkneset, located above the Norwegian fjord Geiranger will one day fall, resulting in a massive tsunami. But for one geologist, just about to leave his post for a new position, the day arrives much too quickly and he must scramble to save those he loves from disaster. --"
Full Contact,52440,3.0,1,10/17/2015,English,"Drama, Mystery",NR,David Verbeek,"Grégoire Colin, Lizzie Brocheré, Slimane Dazi, Alain Blazevic, Robert Jozinovic, Zvonimir Munivrana",https://www.filmcrave.com/movie_page_main.php?id=56143,Unknown
"High Sun, The ( Zvizdan )",52418,3.0,1,10/08/2015,Other,"Drama, Romance",NR,Dalibor Matanic,"Tihana Lazovic, Goran Markovic, Nives Ivankovic, Dado Cosic, Stipe Radoja, Trpimir Jurkic",https://www.filmcrave.com/movie_page_main.php?id=56144,Unknown
The Invitation,2874,2.9,27,04/08/2016,English,"Horror, Thriller",NR,Karyn Kusama,"Michiel Huisman, Logan Marshall-Green, John Carroll Lynch, Emayatzy Corinealdi, Tammy Blanchard, Mike Doyle",https://www.filmcrave.com/movie_page_main.php?id=56145,"Will and Eden were once a loving couple but with the death of their son, Eden left everything behind. Two years later, she returns with a new husband and changed persona. Eager to reconnect with the people she left behind, she organizes a dinner. Will, still haunted by the past, hosts the party but as the night wears on, he can't help feel that she and her new husband have a sinister agenda. --"
Marguerite & Julien ( Marguerite et Julien ),52581,3.0,1,02/26/2016,French,"Drama, Romance",NR,Valérie Donzelli,"Anaïs Demoustier, Jérémie Elkaïm, Frédéric Pierrot, Aurélia Petit, Catherine Mouchet, Raoul Fernandez",https://www.filmcrave.com/movie_page_main.php?id=56146,Unknown
The North Star,52585,3.0,1,03/01/2016,English,Drama,NR,Thomas K. Phillips,"Jeremiah Trotter, Thomas C. Bartley Jr., Clifton Powell, John Diehl, Keith David, Lynn Whitfield",https://www.filmcrave.com/movie_page_main.php?id=56147,Unknown
Badge of Honor,52148,3.0,1,01/26/2015,English,"Crime, Drama",NR,Agustin,"Martin Sheen, Mena Suvari, Jesse Bradford, Lochlyn Munro, Natasha Henstridge, Haylie Duff",https://www.filmcrave.com/movie_page_main.php?id=56148,Unknown
Home Care ( Domácí péce ),52458,3.0,1,10/29/2015,Czech,"Comedy, Drama",NR,Slávek Horák,"Alena Mihulová, Bolek Polívka, Tatiana Vilhelmová, Zuzana Krónerová, Sara Venclovská, Marian Mitas",https://www.filmcrave.com/movie_page_main.php?id=56149,Unknown
How to Win at Checkers (Every Time),26194,3.0,2,04/26/2015,Thai,Drama,NR,Josh Kim,"Ingkarat Damrongsakkul, Toni Rakkaen, Thira Chutikul, Arthur Navarat, Natarat Lakha, Vatanya Thamdee",https://www.filmcrave.com/movie_page_main.php?id=56150,Unknown
"War, A ( Krigen )",3679,3.3,4,02/12/2016,Danish,"Drama, War",R,Tobias Lindholm,"Pilou Asbæk, Tuva Novotny, Dar Salim, Søren Malling, Charlotte Munck, Dulfi Al-Jabouri",https://www.filmcrave.com/movie_page_main.php?id=56151,"While a commander, Claus M. Pedersen, does his best to protect his men in Afghanistan, back home his wife tries to keep her own life together. But when Claus finds his men caught in a heavy crossfire during a routine mission it will lead to a decision that will alter his life forever - along with that of his family. --"
"Blue Hour, The ( Onthakan )",21380,3.3,2,05/30/2015,Thai,Drama,NR,Anucha Boonyawatana,"Atthaphan Poonsawas, Oabnithi Wiwattanawarang, Djuangjai Hirunsri, Panutchai Kittisatima, Nithiroj Simkamtom, Chaowalit Teangsap",https://www.filmcrave.com/movie_page_main.php?id=56152,"A sad boy, isolated by his peers and family, forms an intense connection with a guy he originally only intended to get off with"
King Georges,52580,3.0,1,02/26/2016,English,Documentary,NR,Erika Frankel,Unknown,https://www.filmcrave.com/movie_page_main.php?id=56153,Unknown
Term Life,38835,1.8,4,03/01/2016,English,"Crime, Drama",R,Peter Billingsley,"Hailee Steinfeld, Taraji P. Henson, Jon Favreau, Vince Vaughn, Terrence Howard, Annabeth Gish",https://www.filmcrave.com/movie_page_main.php?id=56154,Unknown
Uncle Howard,38126,2.5,2,01/26/2016,English,Documentary,NR,Aaron Brookner,"Madonna, Jim Jarmusch, Sara Driver, Howard Brookner, Patti Smith, Andy Warhol",https://www.filmcrave.com/movie_page_main.php?id=56155,Unknown
Behind the Yellow Line ( Yuen fan ),32331,2.8,2,10/03/1984,Cantonese,"Comedy, Romance",NR,Taylor Wong,"Leslie Cheung, Maggie Cheung, Anita Mui, Anthony Chan, Alfred Cheung, Kit-Man Mak",https://www.filmcrave.com/movie_page_main.php?id=56156,A young man and an attractive young woman fall in love after meeting on a subway. --
Monster Hunt ( Zhuo yao ji ),52531,3.0,1,01/22/2016,Mandarin,"Action, Comedy",NR,Raman Hui,"Baihe Bai, Boran Jing, Wu Jiang, Elaine Jin, Wallace Chung, Eric Tsang",https://www.filmcrave.com/movie_page_main.php?id=56157,"In an ancient world, monsters and humans rule their respective kingdoms. But when a baby is born from a human and the monster queen, monster-hating humans and monsters alike are on the hunt for the newborn. --"
Detective Chinatown ( Tang ren jie tan an ),59760,2.0,1,01/08/2015,Mandarin,"Action, Comedy",NR,Sicheng Chen,"He Chen, Haoran Liu, Liya Tong, Baoqiang Wang, Yang Xiao",https://www.filmcrave.com/movie_page_main.php?id=56158,"A well-mannered man finds himself rejected from police college, but finds himself on the case when he arrives in Bangkok where an energetic relative ropes him in to solving a murder. --"
The Pastor,59916,2.0,1,01/25/2016,English,Action,NR,Deborah Goodwin,"Victoria Cartagena, Angelic Zambrana, Franky G, Micah Hauptman, Ismael Cruz Cordova, Mario D'Leon",https://www.filmcrave.com/movie_page_main.php?id=56159,Unknown
"Bleak Street ( calle de la amargura, La )",52526,3.0,1,01/20/2016,Spanish,"Crime, Drama",NR,Arturo Ripstein,"Alberto Estrella, Silvia Pasquel, Arcelia Ramírez, Patricia Reyes Spíndola, Alejandro Suárez, Nora Velázquez",https://www.filmcrave.com/movie_page_main.php?id=56160,Unknown
Crazy About Tiffany's,52569,3.0,1,02/19/2016,English,Documentary,NR,Matthew Miele,"Jessica Biel, Jennifer Tilly, Sam Taylor-Johnson, Baz Luhrmann, Katie Couric, Catherine Martin",https://www.filmcrave.com/movie_page_main.php?id=56161,Unknown
The Redwood Massacre,44870,2.0,2,09/28/2014,English,"Fantasy, Horror",NR,David Ryan Keith,"Mark Wood, Lisa Cameron, Lisa Livingstone, Rebecca Wilkie, Adam Coutts, Lee Hutcheon",https://www.filmcrave.com/movie_page_main.php?id=56162,Unknown
Amigo Undead,44911,2.0,2,06/02/2015,English,"Comedy, Horror",NR,Ryan Nagata,"Steve Agee, Randall Park, Michael McCafferty, Dave Sheridan, Ed Galvez, Jeff Bryan Davis",https://www.filmcrave.com/movie_page_main.php?id=56163,Unknown
Monsturd,50520,3.0,1,04/08/2003,English,"Comedy, Horror",R,"Rick Popko, Dan West","Paul Weiner, Beth West, Dan Burr, Brad Dosland, Dan West, Rick Popko",https://www.filmcrave.com/movie_page_main.php?id=56164,"After escaping from prison, a serial killer becomes exposed to chemicals in a sewer"
Martyrs,38074,2.5,2,01/22/2015,English,"Drama, Horror",NR,"Kevin Goetz, Michael Goetz","Troian Bellisario, Caitlin Carmichael, Kate Burton, Bailey Noble, Toby Huss, Lexi DiBenedetto",https://www.filmcrave.com/movie_page_main.php?id=56165,Unknown
Cemetery of Splendour ( Rak ti Khon Kaen ),52591,3.0,1,03/04/2016,Thai,Drama,NR,Apichatpong Weerasethakul,"Jenjira Pongpas, Banlop Lomnoi, Jarinpattra Rueangram, Petcharat Chaiburi, Tawatchai Buawat, Sujittraporn Wongsrikeaw",https://www.filmcrave.com/movie_page_main.php?id=56166,"A former school-turned temporary clinic sits above an ancient mystical sight. When a group of soldiers are brought in suffering from a sleeping sickness, housewife and volunteer Jenjira finds a connection with the young, handsome Itt. As the doctors attempt unconventional therapy to awaken the men, Jenjira finds herself entering a world that is part magic, part healing and part romance. --"
Brahman Naman,35984,2.0,3,01/24/2016,English,Comedy,NR,Qaushiq Mukherjee,"Shashank Arora, Tanmay Dhanania, Shataf Figar, Sid Mallya, Sindhu Sreenivasa Murthy, Anula Navlekar",https://www.filmcrave.com/movie_page_main.php?id=56167,Unknown
Ktown Cowboys,59784,2.0,1,03/15/2015,English,"Comedy, Drama",R,Daniel Park,"Danny Cho, Daniel Dae Kim, Eric Roberts, Simon Rhee, Ken Jeong, Greg Joung Paik",https://www.filmcrave.com/movie_page_main.php?id=56169,Unknown
Louder Than Bombs,2817,3.1,8,04/08/2016,English,Drama,R,Joachim Trier,"Jesse Eisenberg, Amy Ryan, Ruby Jerins, Rachel Brosnahan, David Strathairn, Gabriel Byrne",https://www.filmcrave.com/movie_page_main.php?id=56170,Famed photographer Isabelle Reed has been dead three years and an upcoming exhibition in her honor brings together her widow and two sons. But the fractured family finds it hard to reconcile as each remembers a much different woman. --
The Billionaires' Tea Party ,59506,2.0,1,02/05/2011,English,Documentary,NR,Taki Oldham,"David H. Koch, Tim Phillips, Kert Davies, Myron Ebell, Taki Oldham",https://www.filmcrave.com/movie_page_main.php?id=56171,Unknown
Camino,31484,2.2,3,03/04/2016,English,"Action, Thriller",NR,Josh C. Waller,"Zoë Bell, Nacho Vigalondo, Francisco Barreiro, Sheila Vand, Tenoch Huerta, Dominic Rains",https://www.filmcrave.com/movie_page_main.php?id=56172,Unknown
"Jeremy ( Jeremías, El )",52461,3.0,1,10/30/2015,Spanish,"Comedy, Drama",PG-13,Anwar Safa,"Martín Castro, Karem Momo Ruiz, Paulo Galindo, Isela Vega, Marcela Sotomayor, Daniel Giménez Cacho",https://www.filmcrave.com/movie_page_main.php?id=56173,Unknown
The Purge: Election Year,8776,2.5,26,07/01/2016,English,"Horror, Action",R,James DeMonaco,"Elizabeth Mitchell, Frank Grillo, Mykelti Williamson, Joseph Julian Soria, Betty Gabriel, Edwin Hodge",https://www.filmcrave.com/movie_page_main.php?id=56174,"A politician is gaining traction on her platform of eliminating The Purge. But when her safe house is compromised on Purge Night, she, along with her body guard, will have to survive the 12-hour free-for-all. --"
Mike and Dave Need Wedding Dates,15041,2.3,17,07/08/2016,English,Comedy,R,Jake Szymanski,"Aubrey Plaza, Zac Efron, Anna Kendrick, Adam DeVine, Stephen Root, Sugar Lyn Beard",https://www.filmcrave.com/movie_page_main.php?id=56175,"A pair of hard-partying brothers think they have the perfect solution to getting dates for their sister's Hawaiian wedding - the wonders of an online ad. But the ad goes viral and just when they think they've settled on the perfect match, they find out they may be outmatched in the game. --"
Range 15,34584,2.0,3,07/04/2016,English,"Comedy, Horror",Unknown,Ross Patterson,"Danny Trejo, Sean Astin, William Shatner, Keith David, Mindy Robinson, Bryan Callen",https://www.filmcrave.com/movie_page_main.php?id=56176,Unknown
Reaper,44913,2.0,2,06/06/2015,English,"Crime, Horror",NR,Wen-Han Shih,"Danny Trejo, Vinnie Jones, Jake Busey, Shayla Beesley, James Jurdi, Christopher Judge",https://www.filmcrave.com/movie_page_main.php?id=56177,Unknown
Substitute Wife ( Vaimoke ),56241,2.0,1,04/12/1936,Finnish,"Comedy, Romance",NR,Valentin Vaala,"Ansa Ikonen, Tauno Palo, Uuno Laakso, Kirsti Suonio, Kunto Karapää, Sylvi Palo",https://www.filmcrave.com/movie_page_main.php?id=56178,Unknown
The Scapegoat,59538,2.0,1,09/09/2012,English,Drama,NR,Charles Sturridge,"Matthew Rhys, Eileen Atkins, Anton Lesser, Jodhi May, Phoebe Nicholls, Alice Orr-Ewing",https://www.filmcrave.com/movie_page_main.php?id=56179,John and Johnny have almost nothing in common except for one thing - their faces. After
Let Them Come ( Maintenant ils peuvent venir ),59905,2.0,1,01/09/2016,French,"Drama, War",NR,Salem Brahimi,"Amazigh Kateb, Rachida Brakni, Farida Saboundji, Thoraya, Inès Nouri, Ilyane Djebbouri",https://www.filmcrave.com/movie_page_main.php?id=56180,Unknown
Looking for Grace,52441,3.0,1,10/17/2015,English,Drama,PG-13,Sue Brooks,"Radha Mitchell, Richard Roxburgh, Odessa Young, Terry Norris, Julia Blake, Kenya Pearson",https://www.filmcrave.com/movie_page_main.php?id=56181,Unknown
The Dog Wedding,52397,3.0,1,09/21/2015,English,"Comedy, Romance",PG-13,James Lefkowitz,"Rosalie Thomass, Matt Bloom, Bernhard Schütz, Dee Booher, David Casillas, J.R. Packhorse",https://www.filmcrave.com/movie_page_main.php?id=56182,Unknown
The Confirmation,10918,3.0,3,03/18/2016,English,Comedy,PG-13,Bob Nelson,"Clive Owen, Maria Bello, Patton Oswalt, Stephen Tobolowsky, Spencer Drever, Michael Eklund",https://www.filmcrave.com/movie_page_main.php?id=56183,Unknown
Magallanes,59880,2.0,1,10/18/2015,Spanish,Drama,NR,Salvador del Solar,"Damián Alcázar, Magaly Solier, Bruno Odar, Federico Luppi, Christian Meier, Graciela Paola",https://www.filmcrave.com/movie_page_main.php?id=56184,Unknown
My Great Night ( Mi gran noche ),52727,3.0,1,04/30/2016,Spanish,Comedy,NR,Álex de la Iglesia,"Raphael, Mario Casas, Pepón Nieto, Blanca Suárez, Hugo Silva, Carmen Machi",https://www.filmcrave.com/movie_page_main.php?id=56185,Unknown
One Floor Below ( Un etaj mai jos ),59893,2.0,1,11/08/2015,Other,Drama,NR,Radu Muntean,"Ionut Bora, Liviu Cheloiu, Calin Chirila, Teodor Corban, Constantin Dita, Ioana Flora",https://www.filmcrave.com/movie_page_main.php?id=56186,Unknown
Oriented,59834,2.0,1,06/13/2015,Arabic,Documentary,NR,Jake Witzenfeld,"Khader Abu Seif, Fadi Daeem, Naeem Jiryes, David Pearl, Nagham Yacoub",https://www.filmcrave.com/movie_page_main.php?id=56187,Unknown
Mammal,59914,2.0,1,01/24/2016,English,Drama,NR,Rebecca Daly,"Rachel Griffiths, Michael McElhatton, Barry Keoghan, Nika McGuigan, Johnny Ward, Joanne Crawford",https://www.filmcrave.com/movie_page_main.php?id=56188,Unknown
Our Everyday Life ( Nasa svakodnevna prica ),59903,2.0,1,01/06/2016,Other,"Drama, Family",NR,Ines Tanovic,"Jasna Beri, Goran Navojec, Mediha Musliovic, Uliks Fehmiu, Nina Violic, Maja Izetbegovic",https://www.filmcrave.com/movie_page_main.php?id=56189,Unknown
Monkey Up,52530,3.0,1,01/22/2016,English,"Comedy, Family",PG,Robert Vince,"John Ratzenberger, Caleb Burgess, David Milchard, Kayden Magnuson, Erin Allin O'Reilly, Danny Woodburn",https://www.filmcrave.com/movie_page_main.php?id=56190,Unknown
Exposed,33595,2.0,4,01/22/2016,English,Drama,R,Declan Dale,"Ana de Armas, Mira Sorvino, Keanu Reeves, Big Daddy Kane, Christopher McDonald, Laura Gómez",https://www.filmcrave.com/movie_page_main.php?id=56191,Unknown
Nine Lives,45020,1.4,7,08/05/2016,English,Comedy,PG,Barry Sonnenfeld,"Robbie Amell, Kevin Spacey, Christopher Walken, Jennifer Garner, Teddy Sears, Cheryl Hines",https://www.filmcrave.com/movie_page_main.php?id=56192,"An uptight businessman finds himself with nine lives... when he finds himself transformed into the family cat, and he's not exactly happy with the furry change of scenery. --"
Paradise Trips,52521,3.0,1,01/06/2016,Dutch,"Comedy, Drama",NR,Raf Reyntjens,"Gene Bervoets, Noortje Herlaar, Pascal Maetens, Jeroen Perceval, Line Pillet, Hannes Reckelbus",https://www.filmcrave.com/movie_page_main.php?id=56193,Unknown
Price of Love,59894,2.0,1,11/08/2015,Other,Drama,NR,Hermon Hailay,"Fereweni Gebregergs, Kassahun Getatchew, Dawit Gulilat, Eskindir Tameru, Solomon Teka",https://www.filmcrave.com/movie_page_main.php?id=56194,Unknown
Mountain Men,52550,3.0,1,01/29/2016,English,"Comedy, Drama",NR,Cameron Labine,"Chace Crawford, Tyler Labine, Britt Irvin, Ben Cotton, Christine Willes, Jill Maria Robinson",https://www.filmcrave.com/movie_page_main.php?id=56195,Unknown
Portrait of a Serial Monogamist,52551,3.0,1,01/29/2016,English,"Comedy, Drama",NR,"John Mitchell, Christina Zeidler","Robin Duke, David Gale, Diane Flacks, Birgitte Solem, Carolyn Taylor, Abigail Falle",https://www.filmcrave.com/movie_page_main.php?id=56196,Unknown
"Rabin, the Last Day",52552,3.0,1,01/29/2016,English,Drama,NR,Amos Gitai,"Yitzhak Hizkiya, Yogev Yefet, Tomer Sisley, Shalom Shmuelov, Tomer Russo, Uri Gottlieb",https://www.filmcrave.com/movie_page_main.php?id=56197,Unknown
Merry Madagascar,21311,3.3,2,11/17/2009,English,"Animation, Adventure",NR,David Soren,"Ben Stiller, Chris Rock, David Schwimmer, Jada Pinkett Smith, Cedric the Entertainer, Andy Richter",https://www.filmcrave.com/movie_page_main.php?id=56198,Unknown
Riot,26221,3.0,2,10/23/2015,English,Action,NR,John Lyde,"Matthew Reese, Dolph Lundgren, Chuck Liddell, Danielle Chuchran, Michael Flynn, Renny Grames",https://www.filmcrave.com/movie_page_main.php?id=56199,Unknown
Sing,5911,2.6,32,12/21/2016,English,"Animation, Musical",PG,Garth Jennings,"Scarlett Johansson, Matthew McConaughey, Taron Egerton, Reese Witherspoon, Nick Offerman, Seth MacFarlane",https://www.filmcrave.com/movie_page_main.php?id=56200,Buster is koala with a theater - but not nearly enough patrons. In order to attract some more business he enlists the help of some of his friend to put on a spectacular singing competition. --
Cabin Fever,46773,1.3,3,02/12/2016,English,"Horror, Comedy",R,Travis Zariwny,"Gage Golightly, Matthew Daddario, Nadine Crocker, Dustin Ingram, Samuel Davis, Randy Schulman",https://www.filmcrave.com/movie_page_main.php?id=56201,Unknown
Friends Effing Friends Effing Friends,52593,3.0,1,03/05/2016,English,"Comedy, Drama",NR,Quincy Rose,"Tyler Dawson, Christina Gooding, Jillian Leigh, Graham Skipper, Vanessa Dubasso, Julian Wells",https://www.filmcrave.com/movie_page_main.php?id=56202,Unknown
The Fate of the Furious,8904,2.5,34,04/14/2017,English,"Action, Crime",PG-13,F. Gary Gray,"Vin Diesel, Dwayne Johnson, Michelle Rodriguez, Jason Statham, Tyrese Gibson, Ludacris",https://www.filmcrave.com/movie_page_main.php?id=56203,"The crew has gone their sepearte ways. Even though Dom has seemingly found a sense of normalcy with Letty, he is seduced by a beautiful woman and enters back in to a life of crime, and, in turn, betraying those closest to him. The most dangerous mission yet - from Cuba to New York to the arctic Barents Sea, is not just to prevent catastrophe, but to bring a man back home who has lost his way. --"
Ready Player One,1426,3.0,61,03/29/2018,English,Sci-Fi,PG-13,Steven Spielberg,"Tye Sheridan, Olivia Cooke, Ben Mendelsohn, Lena Waithe, Mark Rylance, T.J. Miller",https://www.filmcrave.com/movie_page_main.php?id=56204,"In the not-too-distant future the world has become stagnated and the ""missing millions"" generation finds release in a massive VR MMO called ""The Oasis"". When the billionaire founder of the game dies, it starts an in-game Easter Egg hunt, steeped in 80s pop culture, with the prize being his entire fortune and the future of Oasis itself. Young outcast Wade Watts finds himself in the center of the hunt, and with corporate-backed zealots willing to do anything for the prize, Watts will have to put everything on the line to win - and maybe change the real world for the better. --"
Camera Phone 2,59931,2.0,1,03/25/2016,English,Horror,NR,"Meosha Bean, Eddie Brown Jr., Andrew Cripps","Jessica Willis, Meosha Bean, Gretel Sharp, Liz Lauers, Lindsey Craft, Weston Grounds",https://www.filmcrave.com/movie_page_main.php?id=56205,Unknown
Tex Montana Will Survive!,59805,2.0,1,04/03/2015,English,Comedy,NR,"Jeremy Gardner, Christian Stella","Jeremy Gardner, Adam Cronheim, Kelly McQuade, Elise Stella",https://www.filmcrave.com/movie_page_main.php?id=56206,Unknown
Love & Friendship,1434,3.1,16,05/13/2016,English,"Drama, Romance",PG,Whit Stillman,"Kate Beckinsale, Chloë Sevigny, Xavier Samuel, Emma Greenwell, Justin Edwards, Tom Bennett",https://www.filmcrave.com/movie_page_main.php?id=56207,"In the 1790s, the widow Lady Susan Vernon decides to visit the estate of her in-laws while rumors of her dalliances dies down. While there, she is determined to find a match for her debutante daughter, Frederica and maybe herself as well. --"
Complete Unknown,52544,3.0,1,01/25/2016,English,Drama,R,Joshua Marston,"Rachel Weisz, Michael Shannon, Kathy Bates, Danny Glover, Condola Rashad, Chris Lowell",https://www.filmcrave.com/movie_page_main.php?id=56208,Unknown
4th Man Out,21399,3.3,2,02/05/2016,English,"Comedy, Drama",NR,Andrew Nackman,"Parker Young, Evan Todd, Chord Overstreet, Jon Gabrus, Kate Flannery, Jennifer Damiano",https://www.filmcrave.com/movie_page_main.php?id=56209,"Adam decides that it's time to come out to his three best friends. Although initially a little uncomfortable, they soon embrace this newfound information by supporting him and helping him try to find a boyfriend."
Songs My Brother Taught Me,52150,3.0,1,01/27/2015,English,Drama,NR,Chloé Zhao,"Irene Bedard, Dakota Brown, Cat Clifford, Jorge Dullknife, Taysha Fuller, Shamauri Hawkins",https://www.filmcrave.com/movie_page_main.php?id=56210,Unknown
Burning Bodhi,52604,3.0,1,03/11/2016,English,Drama,R,Matthew McDuffie,"Kaley Cuoco, Sasha Pieterse, Virginia Madsen, Cody Horn, Andy Buckley, Landon Liboiron",https://www.filmcrave.com/movie_page_main.php?id=56211,Unknown
Busco Novio Para Mi Mujer,52568,3.0,1,02/19/2016,Spanish,Comedy,PG-13,Enrique Begne,"Sandra Echeverría, Arath de la Torre, Jesús Ochoa, Arnulfo Reyes Sanchez",https://www.filmcrave.com/movie_page_main.php?id=56212,"Paco has had enough of married life with his nagging wife. Seeking a solution, he thinks he has found it in professional seducer ""El Taiger"". He wastes no time hiring the man to sweep his wife off her feet and out of his life. --"
Mia Madre,21408,3.3,2,03/25/2016,Italian,Drama,R,Nanni Moretti,"Margherita Buy, John Turturro, Giulia Lazzarini, Nanni Moretti, Beatrice Mancini, Stefano Abbati",https://www.filmcrave.com/movie_page_main.php?id=56213,"Margherita is a middle-aged woman dealing with issues in both her personal and professional life. As a film director, she finds herself questioning her motives and losing control, while on a personal level she has to deal with the disconnect with her life partner and daughter while her own mother deals with a terminal illness. --"
Precious Mettle,52686,3.0,1,04/15/2016,English,"Comedy, Drama",R,Edmond G Coisson,"Paul Sorvino, Todd Bridges, Robert Z'Dar, Fiona Dourif, Joe Estevez, Matt Bushell",https://www.filmcrave.com/movie_page_main.php?id=56214,Unknown
Eisenstein in Guanajuato,52297,3.0,1,06/06/2015,English,"Biography, Comedy",NR,Peter Greenaway,"Elmer Bäck, Luis Alberti, Maya Zapata, Lisa Owen, Stelio Savante, Rasmus Slätis",https://www.filmcrave.com/movie_page_main.php?id=56215,Unknown
The Monkey King the Legend Begins,52557,3.0,1,02/05/2016,Mandarin,"Action, Fantasy",NR,Pou-Soi Cheang,"Kelly Chen, Aaron Kwok, Li Gong, Shaofeng Feng, Xiao Shen-Yang, Chung Him Law",https://www.filmcrave.com/movie_page_main.php?id=56216,Unknown
Tango Bar,47501,3.0,1,07/05/1935,Spanish,Musical,NR,John Reinhardt,"Carlos Gardel, Rosita Moreno, Enrique de Rosas, Tito Lusiardo, José Luis Tortosa, Colette D'Arville",https://www.filmcrave.com/movie_page_main.php?id=56217,Unknown
Take a Chance,56299,2.0,1,01/14/1937,English,Comedy,NR,Sinclair Hill,"Claude Hulbert, Binnie Hale, Henry Kendall, Enid Stamp-Taylor, Gwen Farrar, Jack Barty",https://www.filmcrave.com/movie_page_main.php?id=56218,Unknown
Kung Fury,8898,2.6,11,05/28/2015,English,"Action, Comedy",NR,David Sandberg,"David Sandberg, Jorma Taccone, Steven Chew, Leopold Nilsson, Andreas Cahling, Per-Henrik Arvidius",https://www.filmcrave.com/movie_page_main.php?id=56219,A short parody of 1980s martial arts movies starring David Sandberg. --
Steamboat Willie,12906,2.5,7,11/18/1928,English,"Animation, Family",NR,"Ub Iwerks, Walt Disney",Walt Disney,https://www.filmcrave.com/movie_page_main.php?id=56220,Mickey and Minnie create music with various animals substituting as instruments.
Plane Crazy,34712,2.0,3,05/15/1928,English,Animation,NR,"Walt Disney, Ub Iwerks",Walt Disney,https://www.filmcrave.com/movie_page_main.php?id=56221,Unknown
The Karnival Kid,47256,3.0,1,05/23/1929,English,"Animation, Comedy",NR,"Walt Disney, Ub Iwerks","Walt Disney, Carl W. Stalling",https://www.filmcrave.com/movie_page_main.php?id=56222,Unknown
The Birthday Party,25027,3.0,2,01/06/1931,English,Animation,NR,Burt Gillett,Marcellite Garner,https://www.filmcrave.com/movie_page_main.php?id=56223,Unknown
The Castaway,47286,3.0,1,04/06/1931,English,"Animation, Comedy",NR,Wilfred Jackson,Walt Disney,https://www.filmcrave.com/movie_page_main.php?id=56224,Unknown
Mickey's Orphans,47297,3.0,1,12/09/1931,English,"Animation, Family",NR,Burt Gillett,"Walt Disney, Pinto Colvig, Marcellite Garner",https://www.filmcrave.com/movie_page_main.php?id=56225,Unknown
Mickey's Revue,47310,3.0,1,05/25/1932,English,"Animation, Comedy",NR,Wilfred Jackson,"Walt Disney, Pinto Colvig, Marcellite Garner",https://www.filmcrave.com/movie_page_main.php?id=56226,Unknown
Building a Building,47334,3.0,1,01/07/1933,English,"Animation, Comedy",NR,David Hand,"Walt Disney, Pinto Colvig, Marcellite Garner",https://www.filmcrave.com/movie_page_main.php?id=56227,Unknown
Mickey's Streamroller,47398,3.0,1,06/16/1934,English,"Animation, Comedy",NR,David Hand,"Walt Disney, Marcellite Garner",https://www.filmcrave.com/movie_page_main.php?id=56228,Unknown
The Gallopin' Gaucho,43479,2.0,2,08/07/1928,English,"Animation, Comedy",NR,Ub Iwerks,Walt Disney,https://www.filmcrave.com/movie_page_main.php?id=56229,Unknown
Mickey's Follies,47258,3.0,1,06/26/1929,English,"Animation, Musical",NR,"Ub Iwerks, Wilfred Jackson",Walt Disney,https://www.filmcrave.com/movie_page_main.php?id=56230,Unknown
The Fire Fighters,10668,3.0,3,06/20/1930,English,"Animation, Comedy",NR,Burt Gillett,"Walt Disney, Marcellite Garner",https://www.filmcrave.com/movie_page_main.php?id=56231,Unknown
The Chain Gang,25022,3.0,2,08/18/1930,English,"Animation, Comedy",NR,Burt Gillett,"Walt Disney, Pinto Colvig",https://www.filmcrave.com/movie_page_main.php?id=56232,Unknown
The Gorilla Mystery,31684,2.8,2,09/22/1930,English,"Animation, Family",NR,Burt Gillett,"Walt Disney, Marcellite Garner",https://www.filmcrave.com/movie_page_main.php?id=56233,Unknown
Pioneer Days,47280,3.0,1,12/05/1930,English,"Animation, Comedy",NR,Burt Gillett,"Walt Disney, Marcellite Garner",https://www.filmcrave.com/movie_page_main.php?id=56234,Unknown
Mickey Steps Out,47289,3.0,1,06/22/1931,English,"Animation, Comedy",NR,Burt Gillett,"Marcellite Garner, Pinto Colvig",https://www.filmcrave.com/movie_page_main.php?id=56235,Unknown
Blue Rhythm,36320,2.5,2,08/18/1931,English,"Animation, Comedy",NR,Burt Gillett,"Walt Disney, Marcellite Garner",https://www.filmcrave.com/movie_page_main.php?id=56236,Unknown
Mickey Cuts Up,47295,3.0,1,12/02/1931,English,"Animation, Comedy",NR,Burt Gillett,"Walt Disney, Marcellite Garner",https://www.filmcrave.com/movie_page_main.php?id=56237,Unknown
The Duck Hunt,25040,3.0,2,01/28/1932,English,"Animation, Comedy",Unknown,Burt Gillett,"Walt Disney, Pinto Colvig",https://www.filmcrave.com/movie_page_main.php?id=56238,Unknown
Mickey's Nightmare,47317,3.0,1,08/13/1932,English,"Animation, Comedy",NR,Burt Gillett,"Walt Disney, Marcellite Garner, Pinto Colvig",https://www.filmcrave.com/movie_page_main.php?id=56239,Unknown
The Whoopee Party,47319,3.0,1,09/17/1932,English,"Animation, Comedy",NR,Wilfred Jackson,"Walt Disney, Marcellite Garner, Pinto Colvig",https://www.filmcrave.com/movie_page_main.php?id=56240,Unknown
Touchdown Mickey,47320,3.0,1,10/05/1932,English,"Animation, Comedy",NR,Wilfred Jackson,"Walt Disney, Pinto Colvig",https://www.filmcrave.com/movie_page_main.php?id=56241,Unknown
The Klondike Kid,47324,3.0,1,11/12/1932,English,"Animation, Comedy",NR,Wilfred Jackson,"Walt Disney, Marcellite Garner, Pinto Colvig",https://www.filmcrave.com/movie_page_main.php?id=56242,Unknown
The Mail Pilot,47351,3.0,1,06/13/1933,English,"Animation, Comedy",NR,David Hand,"Walt Disney, Marcellite Garner",https://www.filmcrave.com/movie_page_main.php?id=56243,Unknown
Mickey's Gala Premier,47352,3.0,1,07/01/1933,English,"Animation, Musical",NR,Burt Gillett,"Walt Disney, Marcellite Garner, Jerry Lester",https://www.filmcrave.com/movie_page_main.php?id=56244,Unknown
Puppy Love,47358,3.0,1,09/02/1933,English,"Animation, Family",NR,Wilfred Jackson,"Walt Disney, Marcellite Garner",https://www.filmcrave.com/movie_page_main.php?id=56245,Unknown
The Pet Store,47364,3.0,1,10/28/1933,English,"Animation, Comedy",NR,Wilfred Jackson,"Walt Disney, Marcellite Garner",https://www.filmcrave.com/movie_page_main.php?id=56246,Unknown
Giantland,25072,3.0,2,11/25/1933,English,"Animation, Comedy",NR,Burt Gillett,"Walt Disney, Marcellite Garner",https://www.filmcrave.com/movie_page_main.php?id=56247,Unknown
Camping Out,47378,3.0,1,02/17/1934,English,"Animation, Comedy",NR,David Hand,"Walt Disney, Marcellite Garner",https://www.filmcrave.com/movie_page_main.php?id=56248,Unknown
Orphan's Benefit,47406,3.0,1,08/11/1934,English,"Animation, Family",NR,Burt Gillett,"Walt Disney, Clarence Nash, Pinto Colvig, Florence Gill",https://www.filmcrave.com/movie_page_main.php?id=56249,Unknown
The Dognapper,47427,3.0,1,11/17/1934,English,"Animation, Family",NR,David Hand,"Billy Bletcher, Clarence Nash",https://www.filmcrave.com/movie_page_main.php?id=56250,Unknown
Two-Gun Mickey,47438,3.0,1,12/15/1934,English,"Animation, Comedy",NR,Ben Sharpsteen,"Walt Disney, Marcellite Garner, Billy Bletcher",https://www.filmcrave.com/movie_page_main.php?id=56251,Unknown
Mickey's Service Station,25091,3.0,2,03/16/1935,English,"Animation, Comedy",NR,Ben Sharpsteen,"Walt Disney, Clarence Nash, Billy Bletcher, Pinto Colvig",https://www.filmcrave.com/movie_page_main.php?id=56252,Unknown
Storytime,32219,2.8,2,01/01/1968,English,"Animation, Comedy",NR,Terry Gilliam,Unknown,https://www.filmcrave.com/movie_page_main.php?id=56253,What begins as a tale about an unlucky cockroach somehow transforms into a taboo love
Home on the Rails ( Het Treinhuisje ),32316,2.8,2,01/01/1981,Dutch,"Animation, Comedy",NR,Paul Driessen,Unknown,https://www.filmcrave.com/movie_page_main.php?id=56254,"For an old couple that lives off of gold that comes from the river, life is good. But will it last?"
The Cat Came Back,18526,2.7,3,10/14/1988,English,"Animation, Comedy",NR,Cordell Barker,Richard Condie,https://www.filmcrave.com/movie_page_main.php?id=56255,"A cat shows up at a man's front door, and he just can't seem to get rid of it."
Bob's Birthday,37381,2.5,2,10/01/1994,English,"Animation, Comedy",NR,"David Fine, Alison Snowden","Harry Enfield, Alison Snowden, Andy Hamilton, Andrew MacLachlan, Tessa Wojtczak, 	Sally Grace",https://www.filmcrave.com/movie_page_main.php?id=56256,"It's Bob's 40th birthday, and his wife has organized a huge surprise with all their friends."
"Old Lady and the Pigeons, The ( vieille dame et les pigeons, La )",25638,3.0,2,05/27/1997,English,"Animation, Comedy",NR,Sylvain Chomet,"James Pidgeon, Michoue Sylvain, Andrea Usher-Jones",https://www.filmcrave.com/movie_page_main.php?id=56257,A starving man dresses up as a pigeon as a ploy to get food from a woman who feeds
Get a Job,52636,3.0,1,03/22/2016,English,Comedy,R,Dylan Kidd,"Alison Brie, Anna Kendrick, Bryan Cranston, Miles Teller, Marcia Gay Harden, Christopher Mintz-Plasse",https://www.filmcrave.com/movie_page_main.php?id=56258,Unknown
Mount Head ( Atama-yama ),21263,3.3,2,01/01/2004,Japanese,"Animation, Comedy",NR,Koji Yamamura,"Takeharu Kunimoto, Bruno Metzger",https://www.filmcrave.com/movie_page_main.php?id=56259,A miserly old man gets more than he bargained for when he eats cherry pits which results
The Street,18450,2.7,3,01/27/1977,English,"Animation, Comedy",NR,Caroline Leaf,"Mort Ransen, Sarah Dwight, John Hood, Vera Leitman, Howard Ryshpan",https://www.filmcrave.com/movie_page_main.php?id=56260,A young boy excitedly awaits his grandmother's death because of the promise that her
The Meaning of Life,25762,3.0,2,01/21/2005,English,"Animation, Comedy",NR,Don Hertzfeldt,"Jaden Alexander, Don Hertzfeldt, Jennifer Nyholm, Emily de Groot, David Kessloff, David Yeh",https://www.filmcrave.com/movie_page_main.php?id=56261,The evolution of mankind is shown far into the distant future.
The Automatic Hate,26182,3.0,2,03/15/2015,English,"Comedy, Drama",NR,Justin Lerner,"Joseph Cross, Adelaide Clemens, Deborah Ann Woll, Richard Schiff, Ricky Jay, Yvonne Zima",https://www.filmcrave.com/movie_page_main.php?id=56262,Unknown
Mythica: A Quest for Heroes,52127,3.0,1,12/08/2014,English,"Action, Fantasy",NR,Anne K. Black,"Kevin Sorbo, Melanie Stone, Adam Johnson, Jake Stormoen, Nicola Posener, Christopher Robin Miller",https://www.filmcrave.com/movie_page_main.php?id=56263,Unknown
Mythica: The Darkspore,52315,3.0,1,06/19/2015,English,"Action, Fantasy",NR,Anne K. Black,"Melanie Stone, Kevin Sorbo, Adam Johnson, Jake Stormoen, Nicola Posener, Robert Jayne",https://www.filmcrave.com/movie_page_main.php?id=56264,Unknown
Here Come the Videofreex,59809,2.0,1,04/10/2015,English,Documentary,NR,"Jon Nealon, Jenny Raskin",Unknown,https://www.filmcrave.com/movie_page_main.php?id=56265,Unknown
The Intruder Within,57349,2.0,1,02/20/1981,English,"Horror, Sci-Fi",NR,Peter Carter,"Chad Everett, Joseph Bottoms, Jennifer Warren, Rockne Tarkington, Lynda Mason Green, Paul Larsson",https://www.filmcrave.com/movie_page_main.php?id=56266,Unknown
"Hand, The ( Ruka )",10733,3.0,3,10/26/1966,Czech,"Animation, Horror",NR,Jirí Trnka,Unknown,https://www.filmcrave.com/movie_page_main.php?id=56267,"A potter is content to live with his creations and his plant, but a demanding hand repeatedly"
Story of the Bass Cello ( Román s basou ),48078,3.0,1,01/01/1949,Czech,Animation,NR,Jirí Trnka,Unknown,https://www.filmcrave.com/movie_page_main.php?id=56268,Unknown
Song of the Prairie ( Arie prerie ),48077,3.0,1,01/01/1949,Czech,"Animation, Western",NR,Jirí Trnka,Unknown,https://www.filmcrave.com/movie_page_main.php?id=56269,Unknown
"Merry Circus, The ( Vesely Cirkus )",48137,3.0,1,01/01/1951,Czech,Animation,NR,Jirí Trnka,Unknown,https://www.filmcrave.com/movie_page_main.php?id=56270,Unknown
"Drop Too Much, A ( Vásen )",48407,3.0,1,01/01/1962,Czech,Animation,NR,Jirí Trnka,Unknown,https://www.filmcrave.com/movie_page_main.php?id=56271,Unknown
Where is Mama? ( Xiao ke dou zhao ma ma ),37031,2.5,2,01/01/1960,Mandarin,Animation,NR,Wei Te,Unknown,https://www.filmcrave.com/movie_page_main.php?id=56272,A group of tadpoles swim around the pond trying to find their mother.
Body Chemistry II: Voice of a Stranger,49631,3.0,1,08/05/1992,English,"Drama, Thriller",R,Adam Simon,"Gregory Harrison, Lisa Pescia, Morton Downey Jr., Clint Howard, Robin Riker, Jeremy Piven",https://www.filmcrave.com/movie_page_main.php?id=56273,Unknown
"Dragon Warrior, The ( One Warrior, The )",47025,3.0,1,11/01/2011,English,"Action, Fantasy",NR,Tom Stout,"Dominic Keating, James Russo, Jason David Frank, Brent Phillip Henry, Tara Kleinpeter, Edward Saint Pe'",https://www.filmcrave.com/movie_page_main.php?id=56274,Unknown
How to Plan an Orgy in a Small Town,52528,3.0,1,01/22/2016,English,Comedy,NR,Jeremy Lalonde,"Jewel Staite, Lauren Holly, Katharine Isabelle, Lauren Lee Smith, Natalie Brown, Christine Horne",https://www.filmcrave.com/movie_page_main.php?id=56275,Unknown
Jason Bourne,7487,2.5,46,07/29/2016,English,Action,PG-13,Paul Greengrass,"Matt Damon, Alicia Vikander, Julia Stiles, Tommy Lee Jones, Vincent Cassel, Riz Ahmed",https://www.filmcrave.com/movie_page_main.php?id=56276,"The one-time covert agent who was part of a government experiment, Jason Bourne, has finally solved the mystery of who he truly is. Armed with this knowledge, he seeks answers about the past. --"
Chasing Tyson,32986,2.8,2,11/10/2015,English,"Documentary, Sport",NR,Steven Cantor,"Mike Tyson, Evander Holyfield, Buster Douglas",https://www.filmcrave.com/movie_page_main.php?id=56277,Unknown
The Prince of Pennsylvania,52448,3.0,1,10/20/2015,English,"Documentary, Sport",NR,Jesse Vile,"Mark Schultz, Dave Schultz, John du Pont, Gail Wenk du Pont, Philip Schultz, Taras Wochok",https://www.filmcrave.com/movie_page_main.php?id=56278,Unknown
The Gospel According to Mac,52467,3.0,1,11/03/2015,English,"Documentary, Sport",NR,Jim Podhoretz,Bill McCartney,https://www.filmcrave.com/movie_page_main.php?id=56279,Unknown
Bonanza: The Return,55738,1.3,2,11/28/1993,English,Western,NR,Jerry Jameson,"Ben Johnson, Michael Landon Jr., Emily Warfield, Brian Leckner, Richard Roundtree, Jack Elam",https://www.filmcrave.com/movie_page_main.php?id=56280,A land baron with a grudge attempts to take the Ponderosa away from the Cartwrights.
Batman: Bad Blood,15367,2.3,13,01/19/2016,English,Animation,PG-13,Jay Oliva,"Jason O'Mara, Yvonne Strahovski, Stuart Allan, Sean Maher, Morena Baccarin, Steve Blum",https://www.filmcrave.com/movie_page_main.php?id=56281,"Batman has gone missing. Nightwing and Robin team up with newcomer, Batwoman, to"
Game Face,21378,3.3,2,04/26/2015,English,"Documentary, Sport",NR,Michiel Thomas,"Kye Allums, Terrence Clemens, Jason Collins, Wade Davis, Fallon Fox",https://www.filmcrave.com/movie_page_main.php?id=56282,The challenges and incredible ignorance that LGBTQ+ athletes have to face is portrayed
Rise of the Legend ( Huang feihong zhi yingxiong you meng ),52485,3.0,1,11/14/2015,Mandarin,"Action, Drama",NR,Roy Hin Yeung Chow,"Sammo Hung Kam-Bo, Eddie Peng, Luodan Wang, Boran Jing, Cho-Lam Wong, Junjie Qin",https://www.filmcrave.com/movie_page_main.php?id=56283,Unknown
Utopians ( Tung lau hap woo ),52138,3.0,1,01/09/2015,Cantonese,Drama,NR,Scud,"Adonis He, Jackie Chow, Ching-Man Chin, Fiona Wang, Jie Shui, William Lo",https://www.filmcrave.com/movie_page_main.php?id=56284,Unknown
They Will Have to Kill Us First,52356,3.0,1,08/04/2015,English,Documentary,NR,Johanna Schwartz,"Aliou Touré, Oumar Touré, Garba Touré, Nathanael Dembélé, Khaira Arby, Fadimata 'Disco' Walett Oumar",https://www.filmcrave.com/movie_page_main.php?id=56285,Unknown
Virgin Mountain ( Fúsi ),26191,3.0,2,04/18/2015,Other,Drama,NR,Dagur Kári,"Gunnar Jónsson, Ilmur Kristjánsdóttir, Sigurjón Kjartansson, Margrét Helga Jóhannsdóttir, Franziska Una Dagsdóttir, Arnar Jónsson",https://www.filmcrave.com/movie_page_main.php?id=56286,Unknown
While You Weren't Looking,59821,2.0,1,05/02/2015,English,Drama,NR,Catherine Stewart,"Terence Bridgett, Tina Jaxa, Jill Levenberg, Sibo Mlambo, Malefane Mosuhi, Fezile Mpela",https://www.filmcrave.com/movie_page_main.php?id=56287,Unknown
Why Me? ( De ce eu? ),59882,2.0,1,10/19/2015,Other,"Drama, Thriller",NR,Tudor Giurgiu,"Emilian Oprea, Mihai Constantin, Andreea Vasile, Dan Condurache, Liviu Pintileasa, Mihai Smarandache",https://www.filmcrave.com/movie_page_main.php?id=56288,Unknown
Collateral Beauty,20518,2.2,10,12/16/2016,English,Drama,PG-13,David Frankel,"Will Smith, Keira Knightley, Helen Mirren, Edward Norton, Michael Peña, Naomie Harris",https://www.filmcrave.com/movie_page_main.php?id=56289,"When a New York advertising executive is struck by personal tragedy, it sends him on a downward spiral of isolation and depression. Struggling to find a way to connect, his colleagues come up with a plan to send him on his own personal journey through letters, trying to confront some of the biggest questions life gives us. --"
Maggie's Plan,15592,2.5,5,05/20/2016,English,Comedy,R,Rebecca Miller,"Greta Gerwig, Ethan Hawke, Julianne Moore, Bill Hader, Maya Rudolph, Wallace Shawn",https://www.filmcrave.com/movie_page_main.php?id=56290,"Maggie is ready to have a baby but her plan takes an unintended turn when the father turns out to be a married man in a volatile relationship. Three years and one daughter later, the spark has died down and Maggie realizes that the perfect match for her husband may very well be his ex-wife. --"
Trapped,21396,3.3,2,01/24/2016,English,Documentary,NR,Dawn Porter,Unknown,https://www.filmcrave.com/movie_page_main.php?id=56291,Unknown
My Queen Karo,37740,2.5,2,04/12/2010,Dutch,Drama,NR,Dorothée Van Den Berghe,"Matthias Schoenaerts, Déborah François, Anna Franziska Jaeger, Christelle Cornil, Dragan Bakema, Samuel du Chatinier",https://www.filmcrave.com/movie_page_main.php?id=56292,A girl tries to adapt to the ways if her hippie family squattering in an Amsterdam building in
Prayer Never Fails,52565,3.0,1,02/12/2016,English,Drama,NR,Wes Miller,"Lorenzo Lamas, Eric Roberts, Corbin Bernsen, Lynn Whitfield, Cathy Lee Crosby, Clifton Davis",https://www.filmcrave.com/movie_page_main.php?id=56293,Unknown
Mountains May Depart ( Shan he gu ren ),32984,2.8,2,10/17/2015,Cantonese,Drama,NR,Zhangke Jia,"Tao Zhao, Yi Zhang, Jing Dong Liang, Zijian Dong, Sylvia Chang, Lu Liu",https://www.filmcrave.com/movie_page_main.php?id=56294,Unknown
A Country Called Home,44914,2.0,2,06/13/2015,English,Drama,NR,Anna Axster,"Ryan Bingham, Melanie Haynes, Jon Gries, Shea Whigham, June Squibb, Imogen Poots",https://www.filmcrave.com/movie_page_main.php?id=56295,Unknown
Curveball,52490,3.0,1,11/18/2015,English,Drama,NR,Brandon Thaxton,"Adam Aalderks, Che Broadway, Chandler George Brown, Paul Chappell, Cheri Christian, Rockmond Dunbar",https://www.filmcrave.com/movie_page_main.php?id=56296,Unknown
Mr. Right,19350,2.3,7,04/08/2016,English,"Action, Comedy",R,Paco Cabezas,"Anna Kendrick, Tim Roth, Anson Mount, Sam Rockwell, James Ransone, Michael Eklund",https://www.filmcrave.com/movie_page_main.php?id=56297,Unknown
The Darkness,34022,1.7,11,05/13/2016,English,"Horror, Thriller",PG-13,Greg McLean,"Kevin Bacon, Radha Mitchell, David Mazouz, Lucy Fry, Matt Walsh, Jennifer Morrison",https://www.filmcrave.com/movie_page_main.php?id=56298,"After a vacation to the Grand Canyon, a family brings home more than souvenirs and memories: a supernatural entity looking to cause havoc. --"
Going in Style,12830,2.4,18,04/07/2017,English,"Comedy, Crime",PG-13,Zach Braff,"Joey King, Morgan Freeman, Michael Caine, Ann-Margret, Christopher Lloyd, Matt Dillon",https://www.filmcrave.com/movie_page_main.php?id=56299,"A trio of lifelong friends find growing old isn't all its cracked up to be. Barely making a living on Social Security, let alone being able to provide for their families, the three hatch a plan to take down the bank responsible for taking most of their money. Now if they can only figure out how to handle a gun... --"
Darling,15591,2.5,5,09/26/2015,English,Thriller,NR,Mickey Keating,"Sean Young, Larry Fessenden, Lauren Ashley Carter, Helen Rogers, Brian Morvant, John Speredakos",https://www.filmcrave.com/movie_page_main.php?id=56300,A new caretaker for an old house finds herself slowly losing her mind as she becomes convinced there is an evil presence with her. --
Mother's Day,29761,1.9,8,04/29/2016,English,Comedy,PG-13,Garry Marshall,"Julia Roberts, Jennifer Aniston, Kate Hudson, Timothy Olyphant, Hector Elizondo, Jason Sudeikis",https://www.filmcrave.com/movie_page_main.php?id=56301,A series of interconnecting stories all involving mothers from different walks of life. --
Paradox,52684,3.0,1,04/15/2016,English,"Action, Drama",NR,Michael Hurst,"Zoë Bell, Malik Yoba, Adam Huss, Bjørn Alexander, Brian Flaccus, Michael Aaron Milligan",https://www.filmcrave.com/movie_page_main.php?id=56302,Unknown
Union Bound,52566,3.0,1,02/12/2016,English,"Action, Drama",PG-13,Harvey Lowry,"Sean Stone, Matthew Ziff, Christian Fortune, Randy Wayne, Isaac C. Singleton Jr., Trish Cook",https://www.filmcrave.com/movie_page_main.php?id=56303,Unknown
The84Draft,59747,2.0,1,06/09/2014,English,Documentary,NR,Zak Levitt,"Rick Carlisle, Steve Nash, Hakeem Olajuwon, David Stern, Jeff Van Gundy",https://www.filmcrave.com/movie_page_main.php?id=56304,Steve Nash narrates a documentary about the historical 1984 NBA Draft.  It tells the story
"Mystery of Spoon River, The ( Ghost of Spoon River, The )",50133,3.0,1,01/01/2000,English,Thriller,R,Scott A. Meehan,"Lauren Sinclair, Brian McNamara, Michael Monks, Ashley Gardner, Stacy Cunningham, David Pires",https://www.filmcrave.com/movie_page_main.php?id=56305,A lawyer is called back home to defend her brother-in-law  who is accused of murder
We Are Twisted F*cking Sister!,52571,3.0,1,02/19/2016,English,"Documentary, Biography",NR,Andrew Horn,"Dee Snider, A.J. Pero, Jay Jay French, Mark Mendoza, Eddie 'Fingers' Ojeda, Mike Corcione",https://www.filmcrave.com/movie_page_main.php?id=56306,Unknown
The Great Gilly Hopkins,10521,2.7,5,02/19/2016,English,"Comedy, Drama",PG,Stephen Herek,"Sophie Nélisse, Kathy Bates, Glenn Close, Octavia Spencer, Julia Stiles, Bill Cobbs",https://www.filmcrave.com/movie_page_main.php?id=56307,Unknown
Apocalypse Pooh,32355,2.8,2,01/01/1987,English,"Animation, Comedy",NR,T. Graham,"Marlon Brando, Robert Duvall, Sterling Holloway, Dennis Hopper, Martin Sheen, Ralph Wright",https://www.filmcrave.com/movie_page_main.php?id=56308,"A truly bizarre type of cinema is shown in this short, which is basically a mash-up of"
Bambi Meets Godzilla,21213,3.3,2,09/25/1974,English,Animation,NR,Marv Newland,Unknown,https://www.filmcrave.com/movie_page_main.php?id=56309,What will be the end result of the showdown of the century?
Son of Bambi Meets Godzilla,39720,1.8,3,01/01/1999,English,"Animation, Comedy",NR,Eric Fernandes,Unknown,https://www.filmcrave.com/movie_page_main.php?id=56310,"Thirty years after the tragic fight between Bambi and Godzilla, Bambi's son is craving"
Your Face,5461,3.3,3,01/01/1987,English,"Animation, Comedy",NR,Bill Plympton,Maureen McElheron,https://www.filmcrave.com/movie_page_main.php?id=56311,A man sings a song about his loved one's face while his own face morphs into disturbing
Mickey Mouse in Vietnam,32218,2.8,2,01/01/1968,English,Animation,NR,Lee Savage,Unknown,https://www.filmcrave.com/movie_page_main.php?id=56312,"After seeing a recruitment poster, Mickey decides to go to Vietnam."
Thank You Mask Man,32245,2.8,2,09/28/1971,English,"Animation, Comedy",NR,"Lenny Bruce, John Magnuson",Lenny Bruce,https://www.filmcrave.com/movie_page_main.php?id=56313,An elusive hero always rides away before the townspeople can properly thank him.
Alice's Wonderland,24995,3.0,2,01/01/1923,English,"Animation, Comedy",NR,Walt Disney,"Virginia Davis, Walt Disney, Hugh Harman, Rudolf Ising, Ub Iwerks",https://www.filmcrave.com/movie_page_main.php?id=56314,"A little girl gets to see Disney's animation studio, and she is so enchanted by it that it"
Stella Dallas,55993,2.0,1,11/16/1925,English,Drama,NR,Henry King,"Ronald Colman, Belle Bennett, Alice Joyce, Jean Hersholt, Beatrix Pryor, Lois Moran",https://www.filmcrave.com/movie_page_main.php?id=56315,Unknown
Straight from the Shoulder,55954,2.0,1,06/19/1921,English,"Comedy, Western",NR,Bernard J. Durning,"Buck Jones, Helen Ferguson, Norman Selby, Frances Hatton, Herschel Mayall, Yvette Mitchell",https://www.filmcrave.com/movie_page_main.php?id=56316,Unknown
Popeye the Sailor Meets Sinbad the Sailor,24938,3.0,2,11/27/1936,English,"Animation, Comedy",NR,"Dave Fleischer, Willard Bowsky","Lou Fleischer, Jack Mercer, Mae Questel, Gus Wickie",https://www.filmcrave.com/movie_page_main.php?id=56317,"Sinbad, a pompous sailor who is sure he is the best and bravest, makes a grave mistake"
The Band Concert,5061,3.1,4,02/23/1935,English,"Animation, Comedy",NR,Wilfred Jackson,Clarence Nash,https://www.filmcrave.com/movie_page_main.php?id=56318,Mickey's band shows how dedicated they are when they refuse to let even a tornado
Sinkin' in the Bathtub,25016,3.0,2,04/19/1930,English,"Animation, Family",NR,"Hugh Harman, Rudolf Ising","Rochelle Hudson, Carman Maxwell",https://www.filmcrave.com/movie_page_main.php?id=56319,"Bosko tries his best to impress his girlfriend, but a multitude of obstacles get in his way."
The Old Mill,25139,3.0,2,11/05/1937,English,"Animation, Comedy",NR,Wilfred Jackson,Unknown,https://www.filmcrave.com/movie_page_main.php?id=56320,A violent storm threatens to destroy and old mill which is home to many
Porky in Wackyland,36458,2.5,2,09/24/1938,English,"Animation, Comedy",NR,Robert Clampett,"Mel Blanc, Billy Bletcher",https://www.filmcrave.com/movie_page_main.php?id=56321,"In search of the last Do-Do bird, Porky goes to a strange and mind-boggling land."
The Pointer,25167,3.0,2,07/21/1939,English,"Adventure, Comedy",NR,Clyde Geronimi,"Walt Disney, Lee Millar",https://www.filmcrave.com/movie_page_main.php?id=56322,"Mickey and Pluto go on a hunting trip, only to have a misadventure with a bear."
Rabbit of Seville,3601,3.5,3,12/16/1950,English,"Animation, Comedy",NR,Chuck Jones,Mel Blanc,https://www.filmcrave.com/movie_page_main.php?id=56323,"An interesting rendition of ""The Barber of Seville"" in which Bugs Bunny cares for Elmer"
"What's Opera, Doc?",3602,3.5,3,07/06/1957,English,"Animation, Comedy",NR,Chuck Jones,Mel Blanc,https://www.filmcrave.com/movie_page_main.php?id=56324,Bugs Bunny attempts to outwit the ever-persistent Elmer Fudd by tricking him into thinking
The Scarlet Pumpernickel,31959,2.8,2,03/04/1950,English,"Animation, Family",NR,Chuck Jones,Mel Blanc,https://www.filmcrave.com/movie_page_main.php?id=56325,"In a bid to play more serious roles, Daffy Duck writes a script in which he, a dashing hero,"
One Froggy Evening,25412,3.0,2,12/31/1955,English,"Animation, Comedy",NR,Chuck Jones,Bill Roberts,https://www.filmcrave.com/movie_page_main.php?id=56326,"A man finds a frog that can sing and dance, and believes he can make a fortune off of it."
Duck Amuck,800,3.6,4,02/28/1953,English,"Animation, Comedy",NR,Chuck Jones,Mel Blanc,https://www.filmcrave.com/movie_page_main.php?id=56327,What will Daffy Duck do when everything in his skit starts to change at whim?
Duck Dodgers in the 24½th Century,2429,3.4,4,07/25/1953,English,"Animation, Comedy",NR,Chuck Jones,Mel Blanc,https://www.filmcrave.com/movie_page_main.php?id=56328,"Duck Dodgers, hero of the 24½th century, must claim Planet X before another space"
Rabbit Seasoning,21197,3.3,2,09/20/1952,English,"Animation, Family",NR,Chuck Jones,Mel Blanc,https://www.filmcrave.com/movie_page_main.php?id=56329,"Through misinformation provided by Daffy Duck, Elmer Fudd believes it is rabbit season"
Gerald McBoing-Boing,7622,3.2,3,11/02/1950,English,"Animation, Comedy",NR,Robert Cannon,Marvin Miller,https://www.filmcrave.com/movie_page_main.php?id=56330,"A young boy cannot make normal human sounds, and until he can find his niche in society"
The Tell-Tale Heart,7625,3.2,3,12/17/1953,English,"Animation, Crime",NR,Ted Parmelee,James Mason,https://www.filmcrave.com/movie_page_main.php?id=56331,"A man protests the idea that he is insane, saying that he is quite nervous instead."
Emelie,12975,2.5,7,03/04/2016,English,Thriller,NR,Michael Thelin,"Sarah Bolger, Carly Adams, Thomas Bair, Randi Langdon, Elizabeth Jayne, Joshua Rush",https://www.filmcrave.com/movie_page_main.php?id=56332,Unknown
Mercury Plains,44925,2.0,2,01/05/2016,English,"Action, Drama",R,Charles Burmeister,"Scott Eastwood, Angela Sarafyan, Nick Chinlund, Justin Arnold, Andy Garcia, Keith Poulson",https://www.filmcrave.com/movie_page_main.php?id=56333,Unknown
The Village,32410,2.8,2,10/01/1993,English,Animation,NR,Mark Baker,"Annie Griffin, Dave Western, James Baker",https://www.filmcrave.com/movie_page_main.php?id=56334,"In a small religious community, everyone likes to think that they are a model citizen,"
"Man Who Planted Trees, The ( homme qui plantait des arbres, L' )",5426,3.3,3,10/14/1988,French,"Animation, Drama",NR,Frédéric Back,"Philippe Noiret, Christopher Plummer",https://www.filmcrave.com/movie_page_main.php?id=56335,"While traveling over a desolate landscape, a young man meets a mysterious silent person."
The Black Dog,25564,3.0,2,11/01/1987,English,Animation,NR,Alison De Vere,Unknown,https://www.filmcrave.com/movie_page_main.php?id=56336,"A young woman and her dog meander their way through her dream, which is sometimes"
Clock Cleaners,21187,3.3,2,10/15/1937,English,"Animation, Comedy",NR,Ben Sharpsteen,"Pinto Colvig, Clarence Nash",https://www.filmcrave.com/movie_page_main.php?id=56337,"Goofy, Mickey, and Donald must keep gigantic clock pristine, but there are some"
The Big Snit,6912,3.0,4,08/01/1985,English,"Animation, Comedy",NR,Richard Condie,"Jay Brazeau, Ida Osler, Randy Woods, Bill Guest",https://www.filmcrave.com/movie_page_main.php?id=56338,"While warnings of a world-wide nuclear war are raging, a couple argue over a game of"
Toot Whistle Plunk and Boom,10717,3.0,3,11/10/1953,English,"Animation, Comedy",NR,"Ward Kimball, Charles A. Nichols","Loulie Jean Norman, Bill Thompson, Gloria Wood, Charlie Parlato, The Mellomen",https://www.filmcrave.com/movie_page_main.php?id=56339,An owl teaches his class about the origins of various musical instruments.
The Preppie Connection,31486,2.2,3,03/18/2016,English,"Crime, Drama",R,Joseph Castelo,"Sam Page, Lucy Fry, Thomas Mann, Amy Hargreaves, Logan Huffman, Bill Sage",https://www.filmcrave.com/movie_page_main.php?id=56340,Unknown
Road Games,52558,3.0,1,02/05/2016,English,Thriller,NR,Abner Pastoll,"Andrew Simpson, Joséphine de La Baume, Frédéric Pierrot, Barbara Crampton, Féodor Atkine, Pierre Boulanger",https://www.filmcrave.com/movie_page_main.php?id=56341,Unknown
1944,42014,2.3,2,11/04/2015,Russian,"Drama, War",NR,Elmo Nüganen,"Marko Leht, Maiken Schmidt, Mait Malmsten, Kristjan Üksküla, Kaspar Velberg, Anne Reemann",https://www.filmcrave.com/movie_page_main.php?id=56342,Unknown
3000 Nights ( 3000 Layla ),52553,3.0,1,01/31/2016,Arabic,Drama,NR,Mai Masri,"Maisa Abd Elhadi, Nadira Omran, Rakeen Saad, Raida Adon, Abeer Zeibak Haddad, Anahid Fayyad",https://www.filmcrave.com/movie_page_main.php?id=56343,Unknown
Bleed,44929,2.0,2,03/25/2016,English,"Horror, Thriller",NR,Tripp Rhame,"Chelsey Crisp, Riley Smith, Michael Steger, Lyndon Smith, Brittany Ishibashi, Elimu Nelson",https://www.filmcrave.com/movie_page_main.php?id=56344,Unknown
Kindergarten Cop 2,46709,1.8,2,05/17/2016,English,Comedy,PG-13,Don Michael Paul,"Dolph Lundgren, Sarah Strange, Andre Tricoteux, Aleks Paunovic, Fiona Vroom, Rebecca Olson",https://www.filmcrave.com/movie_page_main.php?id=56345,Unknown
Pee-wee's Big Holiday,5379,2.8,13,03/18/2016,English,"Adventure, Comedy",NR,John Lee,"Paul Reubens, Alia Shawkat, Joe Manganiello, David Arquette, Stephanie Beatriz, Leo Fitzpatrick",https://www.filmcrave.com/movie_page_main.php?id=56346,"Pee-wee has lived his whole life in the small town of Fairville working as a cook at Dan's Diner. There he meets Joe Manganiello, who is passing through and convinces Pee-wee to leave Fairville for the first time in his life to travel to New York City and be a guest at his birthday party."
Women He's Undressed,52430,3.0,1,10/10/2015,English,"Biography, Drama",NR,Gillian Armstrong,"Darren Gilshenan, Deborah Kennedy, Louis Alexander, Nathaniel Middleton, Lara Cox, Ted Maynard",https://www.filmcrave.com/movie_page_main.php?id=56347,Unknown
Almost Holy ( Crocodile Gennadiy ),52229,3.0,1,04/16/2015,English,"Documentary, Biography",R,Steve Hoover,Gennadiy Mokhnenko,https://www.filmcrave.com/movie_page_main.php?id=56348,Unknown
April and the Extraordinary World ( Avril et le monde truqué ),7693,3.2,3,03/25/2016,French,"Animation, Comedy",PG,"Christian Desmares, Franck Ekinci","Marion Cotillard, Philippe Katerine, Jean Rochefort, Olivier Gourmet, Marc-André Grondin, Bouli Lanners",https://www.filmcrave.com/movie_page_main.php?id=56349,Unknown
Dance Camp,26237,3.0,2,02/10/2016,English,"Comedy, Drama",PG-13,Bert & Bertie,"Annie Hamilton, Jordyn Jones, Jake Paul, Salvator Xuereb, Anita Kalathara, Nadji Jeter",https://www.filmcrave.com/movie_page_main.php?id=56350,Unknown
I Am Wrath,33598,2.0,4,04/29/2016,English,"Crime, Drama",R,Chuck Russell,"John Travolta, Amanda Schull, Rebecca De Mornay, Christopher Meloni, Sam Trammell, Patrick St. Esprit",https://www.filmcrave.com/movie_page_main.php?id=56351,Unknown
Manhattan Night ( Manhattan Nocturne ),35988,2.0,3,05/20/2016,English,"Crime, Drama",R,Brian DeCubellis,"Yvonne Strahovski, Adrien Brody, Jennifer Beals, Campbell Scott, Linda Lavin, Steven Berkoff",https://www.filmcrave.com/movie_page_main.php?id=56352,Unknown
Memoria,26249,3.0,2,04/01/2016,English,"Biography, Drama",R,"Vladimir de Fontenay, Nina Ljeti","Sam Dillon, Thomas Mann, James Franco, Teo Halm, Cody Kennedy, Megan Murphy",https://www.filmcrave.com/movie_page_main.php?id=56353,Unknown
What Lola Wants,52305,3.0,1,06/12/2015,English,"Drama, Romance",R,Rupert Glasson,"Sophie Lowe, Beau Knapp, Dale Dickey, Robert Taylor, Charles S. Dutton, Nathan Sapsford",https://www.filmcrave.com/movie_page_main.php?id=56354,Unknown
50 Days in the Desert,59904,2.0,1,01/09/2016,French,Documentary,NR,Fabrizio Maltese,"Joachim Lafosse, Valérie Donzelli, Béatrice Chauvin, Jean-François Hensgens, Caroline Tambour, Reda Kateb",https://www.filmcrave.com/movie_page_main.php?id=56355,Unknown
You Ought to Be in Pictures,31804,2.8,2,05/18/1940,English,"Animation, Comedy",NR,Friz Freleng,"Leon Schlesinger, Mel Blanc",https://www.filmcrave.com/movie_page_main.php?id=56356,Daffy convinces Porky to quit his current job and try to get a serious role with another
Damon the Mower,32250,2.8,2,01/01/1972,English,Animation,G,George Dunning,Unknown,https://www.filmcrave.com/movie_page_main.php?id=56357,Strange images animate a poem about mowing grass.
Pas de deux,16131,3.5,2,10/01/1968,English,"Animation, Musical",NR,Norman McLaren,"Margaret Mercier, Vincent Warren",https://www.filmcrave.com/movie_page_main.php?id=56358,The magic of dance and cinema combine to create this surreal ballet performance.
The Hungover Games,39987,1.8,3,02/18/2014,English,Comedy,R,Josh Stolberg,"Rita Volk, Tara Reid, Jamie Kennedy, John Livingston, Ross Nathan, Ben Begley",https://www.filmcrave.com/movie_page_main.php?id=56359,Unknown
The Cloverfield Paradox,23806,2.0,27,02/04/2018,English,"Sci-Fi, Thriller",PG-13,Julius Onah,"Gugu Mbatha-Raw, Daniel Brühl, David Oyelowo, Ziyi Zhang, Elizabeth Debicki, John Ortiz",https://www.filmcrave.com/movie_page_main.php?id=56360,"Aboard a space station a group of astronauts experimenting with a particle accelerator find themselves isolated after encountering an unexpected result. Following a disturbing discovery, the trapped crew must now fight for their very survival. --"
xXx: The Return of Xander Cage,23858,2.0,15,01/20/2017,English,"Action, Thriller",PG-13,D.J. Caruso,"Vin Diesel, Donnie Yen, Deepika Padukone, Ruby Rose, Nina Dobrev, Rory McCann",https://www.filmcrave.com/movie_page_main.php?id=56361,"Extreme athlete and sometimes government agent Xander Cage is dead... at least that's what most people think. Secretly, he works with his handler Augustus Gibbons on a new assignment - his toughest job yet. --"
Colonia,15011,2.4,9,04/15/2016,English,"Drama, Historical",R,Florian Gallenberger,"Emma Watson, Daniel Brühl, Michael Nyqvist, Richenda Carey, Vicky Krieps, Jeanne Werner",https://www.filmcrave.com/movie_page_main.php?id=56362,Based on a true story: Lena and Daniel are couple living in Chile during
Creditors,59892,2.0,1,10/31/2015,English,"Comedy, Drama",NR,Ben Cura,"Christian McKay, Andrea Deck, Ben Cura, Tom Bateman, Simon Callow, Ania Sowinski",https://www.filmcrave.com/movie_page_main.php?id=56363,Unknown
Genius,6283,2.8,10,06/10/2016,English,"Biography, Drama",PG-13,Michael Grandage,"Nicole Kidman, Jude Law, Colin Firth, Guy Pearce, Dominic West, Laura Linney",https://www.filmcrave.com/movie_page_main.php?id=56364,"Follows the life of Max Perkins as his time as book editor at Scribner where he was in charge of approving books from the likes of Thomas Wolfe, Ernest Hemingway, F. Scott Fitzgerald and others. --"
Havana Motor Club,52247,3.0,1,04/19/2015,Spanish,"Documentary, Drama",NR,Bent-Jorgen Perlmutt,"Carlos Alvarez, Milton Díaz Canter, Jose 'Jote' Antonio Madera, Armando 'Pity' Lorenzo Munnet, Ernesto Dobarganes, Reinaldo 'Tito' López",https://www.filmcrave.com/movie_page_main.php?id=56365,Unknown
Meet the Blacks,24749,2.1,6,04/01/2016,English,Comedy,R,Deon Taylor,"Mike Epps, Andrew Bachelor, Zulay Henao, Mike Tyson, Lavell Crawford, Charlie Murphy",https://www.filmcrave.com/movie_page_main.php?id=56366,"The Black family is movin' on up - all the way to Beverly Hills, where they hope for a new, relaxing life. Too bad the annual Purge is right around the corner... --"
A Weekend with the Family,52652,3.0,1,04/01/2016,English,Comedy,NR,Chris Stokes,"Marques Houston, Karrueche Tran, Wendy Raquel Robinson, Clifton Powell, Dorien Wilson, Suzanne Whang",https://www.filmcrave.com/movie_page_main.php?id=56367,Unknown
Born to Be Blue,2114,3.1,9,03/25/2016,English,"Biography, Drama",R,Robert Budreau,"Ethan Hawke, Carmen Ejogo, Callum Keith Rennie, Tony Nappo, Stephen McHattie, Janet-Laine Green",https://www.filmcrave.com/movie_page_main.php?id=56368,A re-imagining of jazz trumpeter Chet Baker's life in the 60s set with the setup being a film about himself with an enigmatic co-star who pushes him to look beyond his turbulent past and stage his own comeback. --
...and the Rest is History,59873,2.0,1,10/12/2015,German,"Comedy, Crime",NR,Niko Kühnel,"Michael Kinzer, Ulrich Jungblut, Heike Zwetz, Isabelle Stolzenburg, Marcus Ewald, Marsha Zimmermann",https://www.filmcrave.com/movie_page_main.php?id=56369,Unknown
Whether You Like It or Not: The Story of Hedwig,25736,3.0,2,08/07/2003,English,Documentary,NR,Laura Nix,"Francis Ford Coppola, Donovan Leitch Jr., Michael Pitt, Parker Posey, Ann Magnuson, Andrea Martin",https://www.filmcrave.com/movie_page_main.php?id=56370,A documentary about the making of the rock musical Hedwig and the Angry Inch. --
"Naked Island, The ( Hadaka no shima )",16126,3.5,2,09/10/1962,Japanese,Drama,NR,Kaneto Shindô,"Nobuko Otowa, Taiji Tonoyama, Shinji Tanaka, Masanori Horimoto",https://www.filmcrave.com/movie_page_main.php?id=56371,"Taking place on a small island in the Setonaikai archipelago, a family of four are the sole inhabitants of the harsh island. Each day they must row to a neighboring island to fetch water for their barely-alive crops. --"
Wrong Move ( Falsche Bewegung ),49177,3.0,1,04/01/1979,German,Drama,NR,Wim Wenders,"Rüdiger Vogler, Hans Christian Blech, Hanna Schygulla, Nastassja Kinski, Peter Kern, Ivan Desny",https://www.filmcrave.com/movie_page_main.php?id=56372,Unknown
Hunt for the Wilderpeople,503,3.2,40,06/24/2016,English,Comedy,PG-13,Taika Waititi,"Julian Dennison, Rachel House, Rima Te Wiata, Rhys Darby, Oscar Kightley, Cohen Holloway",https://www.filmcrave.com/movie_page_main.php?id=56373,"A rebellion boy and his foster uncle go missing in the New Zealand wilds, resulting in a national manhunt for the pair. --"
"Walk, The (2015/II)",52388,3.0,1,09/15/2015,English,"Crime, Thriller",NR,Timothy Fielding,"Kelly Downes, James Robinson, Timothy Fielding, Leona Lawrence, Tom Herriott, Sharea Samuels",https://www.filmcrave.com/movie_page_main.php?id=56374,Unknown
Pigs,48835,3.0,1,04/01/1972,English,Horror,R,Marc Lawrence,"Toni Lawrence, Jesse Vint, Catherine Ross, Paul Hickey, Iris Korn, Walter Barnes",https://www.filmcrave.com/movie_page_main.php?id=56375,Unknown
Fastball,52638,3.0,1,03/25/2016,English,Documentary,NR,Jonathan Hock,"Kevin Costner, Derek Jeter, Denard Span, Yasiel Puig, Bryce Harper, Nolan Ryan",https://www.filmcrave.com/movie_page_main.php?id=56376,"Players and scientists take a look at the history of the fastball, how the fastball changed the baseball is played, and the greatest fastball pictures in baseball history. --"
Life on the Line,38119,2.5,2,11/13/2015,English,Action,R,David Hackl,"John Travolta, Kate Bosworth, Devon Sawa, Julie Benz, Sharon Stone, Gil Bellows",https://www.filmcrave.com/movie_page_main.php?id=56377,Unknown
The Brainwashing of My Dad,52345,3.0,1,07/29/2015,English,Documentary,NR,Jen Senko,Matthew Modine,https://www.filmcrave.com/movie_page_main.php?id=56378,Unknown
Countdown,33008,2.8,2,04/05/2016,English,Action,R,John Stockwell,"Katharine Isabelle, Alan O'Silva, Luke Roessler, Glenn Jacobs, Michael Kopsa, Josh Blacker",https://www.filmcrave.com/movie_page_main.php?id=56379,Unknown
"Mermaid, The ( Mei ren yu )",12292,2.5,8,02/19/2016,Mandarin,"Drama, Fantasy",R,Stephen Chow,"Yun Lin, Chao Deng, Yun-Lin Jhuang, Show Luo, Yuqi Zhang, Pierre Bourdaud",https://www.filmcrave.com/movie_page_main.php?id=56380,"A man's plan for an estate project involves a reclamation of the sea - one that directly threatens a native mermaid population. Shan is sent on behalf of this group to convince Xuan to reconsider his plan - he does, but not before falling in love with her. But another group has plans for the mermaid and Xuan will have to figure out how to stop them in order to save Shan. --"
The Light Between Oceans,2501,3.0,13,09/02/2016,English,Drama,PG-13,Derek Cianfrance,"Alicia Vikander, Michael Fassbender, Rachel Weisz, Caren Pistorius, Benedict Hardie, Emily Barclay",https://www.filmcrave.com/movie_page_main.php?id=56381,"Following WWI, a lighthouse keeper and his wife come across a dead man and a young baby in a rowboat. The two decide to raise the child as their own, but this decision will have long-reaching consequences. --"
Echo Park,52061,3.0,1,06/14/2014,English,Drama,NR,Amanda Marsalis,"Mamie Gummer, Anthony Okungbowa, Maurice Compte, Ricky Rico, Gale Harold, Helen Slater",https://www.filmcrave.com/movie_page_main.php?id=56382,Unknown
My Big Night aka My Great Night ( Mi gran noche ),52726,3.0,1,04/30/2016,Spanish,Comedy,NR,Álex de la Iglesia,"Raphael, Mario Casas, Pepón Nieto, Blanca Suárez, Hugo Silva, Carmen Machi",https://www.filmcrave.com/movie_page_main.php?id=56383,Unknown
Valley of Love,52457,3.0,1,10/26/2015,French,Drama,NR,Guillaume Nicloux,"Isabelle Huppert, Gérard Depardieu, Dan Warner, Aurélia Thiérrée, Dionne Houle",https://www.filmcrave.com/movie_page_main.php?id=56384,Unknown
Compadres,14290,2.8,3,04/22/2016,English,Action,R,Enrique Begne,"Erick Elias, Omar Chaparro, Joey Morgan, Héctor Jiménez, Eric Roberts, Kevin Pollak",https://www.filmcrave.com/movie_page_main.php?id=56385,"In order to track down the criminals responsible for the death of his wife, a Mexican cop will have to join forces with a teenage hacker in order to infiltrate the organization and bring the whole operation down. --"
Precious Cargo,42383,1.5,5,04/22/2016,English,Action,R,Max Adams,"Bruce Willis, Claire Forlani, Mark-Paul Gosselaar, John Brotherton, Lydia Hull, Daniel Bernhardt",https://www.filmcrave.com/movie_page_main.php?id=56386,Unknown
Top Dog,44843,2.0,2,05/26/2014,English,"Crime, Drama",NR,Martin Kemp,"Jason Flemyng, Vincent Regan, Leo Gregory, Nicole Faraday, Lorraine Stanley, Susan Penhaligon",https://www.filmcrave.com/movie_page_main.php?id=56387,Unknown
"Brainiac, The ( barón del terror, El )",44151,2.0,2,11/09/1962,Spanish,"Horror, Sci-Fi",NR,Chano Urueta,"Abel Salazar, Ariadna Welter, David Silva, Germán Robles, Luis Aragón, Mauricio Garcés",https://www.filmcrave.com/movie_page_main.php?id=56388,"In the 1600s, a man is burned alive because of claims that he practiced dark magic. After"
Of Mind and Music ( Una Vida: A Fable of Music and the Mind ),52564,3.0,1,02/12/2016,English,Drama,PG-13,Richie Adams,"Joaquim de Almeida, Aunjanue Ellis, Bill Cobbs, Ruth Negga, Sharon Lawrence, Andre Royo",https://www.filmcrave.com/movie_page_main.php?id=56389,Unknown
Little Rural Riding Hood,36805,2.5,2,09/17/1949,English,"Animation, Comedy",NR,Tex Avery,"Daws Butler, Colleen Collins, Pinto Colvig, Imogene Lynn",https://www.filmcrave.com/movie_page_main.php?id=56390,A wolf who lives in the countryside is content to chase after a hick version of Red Riding
Bad Luck Blackie,40847,2.3,2,01/22/1949,English,"Animation, Comedy",NR,Tex Avery,"Tex Avery, Dick Nelson",https://www.filmcrave.com/movie_page_main.php?id=56391,"A small kitten, tired of being bullied by a large dog, goes in search of someone who can"
Rabbit Hood,36818,2.5,2,12/24/1949,English,"Animation, Family",NR,Chuck Jones,Mel Blanc,https://www.filmcrave.com/movie_page_main.php?id=56392,Bugs Bunny must face the consequences after taking a carrot off the King's property.
For Scent-imental Reasons,31943,2.8,2,11/12/1949,English,"Animation, Comedy",NR,Chuck Jones,Mel Blanc,https://www.filmcrave.com/movie_page_main.php?id=56393,A skunk becomes infatuated with a cat that was sent to kill him.
Mickey and the Seal,25327,3.0,2,12/03/1948,English,"Animation, Comedy",NR,Charles A. Nichols,"Pinto Colvig, James MacDonald",https://www.filmcrave.com/movie_page_main.php?id=56394,Mickey's kindness towards the seals at a zoo leads one of them to try and go home with
Scaredy Cat,36782,2.5,2,12/18/1948,English,Animation,NR,Chuck Jones,Mel Blanc,https://www.filmcrave.com/movie_page_main.php?id=56395,Porky thinks that Sylvester is just imagining that their new house has something off about
Gorilla My Dreams,31898,2.8,2,01/03/1948,English,"Animation, Family",NR,Robert McKimson,Mel Blanc,https://www.filmcrave.com/movie_page_main.php?id=56396,Bugs Bunny falls into the hands of a gorilla who is just itching to have a baby.
King-Size Canary,36756,2.5,2,12/06/1947,English,"Animation, Comedy",NR,Tex Avery,"Pinto Colvig, Frank Graham",https://www.filmcrave.com/movie_page_main.php?id=56397,A starving cat thinks that he's found an easy way to make a tiny little bird into a worthwhile
The Fear of 13,26224,3.0,2,11/15/2015,English,"Documentary, Crime",NR,David Sington,"Sammy Silverwatch, Nick Yarris",https://www.filmcrave.com/movie_page_main.php?id=56398,Unknown
The Man Who Knew Infinity,7064,2.8,7,04/29/2016,English,"Biography, Drama",PG-13,Matt Brown,"Jeremy Irons, Dev Patel, Stephen Fry, Toby Jones, Jeremy Northam, Kevin McNally",https://www.filmcrave.com/movie_page_main.php?id=56399,Unknown
Sky,52688,3.0,1,04/15/2016,English,Drama,NR,Fabienne Berthaud,"Diane Kruger, Norman Reedus, Gilles Lellouche, Lena Dunham, Q'orianka Kilcher, Lou Diamond Phillips",https://www.filmcrave.com/movie_page_main.php?id=56400,Unknown
The Alley Cat,52562,3.0,1,02/12/2016,English,"Action, Drama",NR,Marie Ullrich,"Jenny Strubin, Nick Cardiff, Amy Rapp, Mike McNamara, Joyce Porter, Dana Bernadine",https://www.filmcrave.com/movie_page_main.php?id=56401,Unknown
Among the Living ( Aux yeux des vivants ),32912,2.8,2,03/10/2014,French,"Horror, Fantasy",NR,"Alexandre Bustillo, Julien Maury","Anne Marivin, Théo Fernandez, Francis Renaud, Zacharie Chasseriaud, Damien Ferdel, Fabien Jegoudez",https://www.filmcrave.com/movie_page_main.php?id=56402,Unknown
Train Station,52474,3.0,1,11/06/2015,English,"Crime, Drama",NR,Various,"Patrick Gorman, Judith Hoersch, Yoann Sover, Daymon Britton, Vivid Wang, Alan Madlane",https://www.filmcrave.com/movie_page_main.php?id=56403,Unknown
The Great Alone,52254,3.0,1,04/25/2015,English,"Documentary, Adventure",NR,Greg Kohs,"Dick Mackey, Lance Mackey",https://www.filmcrave.com/movie_page_main.php?id=56404,Unknown
The '85 Bears,26235,3.0,2,02/04/2016,English,"Documentary, Sport",NR,Jason Hehir,"Vince Vaughn, Mike Ditka, Mike Singletary, Buddy Ryan, Gary Fencik, Jim McMahon",https://www.filmcrave.com/movie_page_main.php?id=56405,Unknown
The Four Falls of Buffalo,10914,3.0,3,12/12/2015,English,"Documentary, Sport",NR,Ken Rodgers,"Don Beebe, Jim Kelly, Marv Levy, Scott Norwood, Bruce Smith",https://www.filmcrave.com/movie_page_main.php?id=56406,Unknown
Fan,26251,3.0,2,04/15/2016,Hindi,"Drama, Thriller",NR,Maneesh Sharma,"Shah Rukh Khan, Mariola Jaworska, Joelle Koissi, Lee Nicholas Harris, Farah Ahmed, Glenn Webster",https://www.filmcrave.com/movie_page_main.php?id=56407,"Guarav is the biggest fan of megastar Aryan Khanna - so much so that he refers to him as ""God"". The Delhi boy decides to head to the city of Mumbai to wish God a happy birthday - but once there, things don't go as planned and Guarav finds himself crossing a line between fandom and obsession. --"
Wonderful Nightmare ( Misseu waipeu ),21385,3.3,2,08/13/2015,Korean,Comedy,NR,Hyo-jin Kang,"Jeong-hwa Eom, Seung-heon Song, Sang-ho Kim, Mi-ran Ra, Shin-ae Seo",https://www.filmcrave.com/movie_page_main.php?id=56408,Unknown
Hair-Raising Hare,31879,2.8,2,05/25/1946,English,"Animation, Comedy",NR,Chuck Jones,Mel Blanc,https://www.filmcrave.com/movie_page_main.php?id=56409,A mad scientist lures Bugs Bunny into his castle so that his monster has something to eat.
Baseball Bugs,21192,3.3,2,02/02/1946,English,"Animation, Comedy",NR,Friz Freleng,Mel Blanc,https://www.filmcrave.com/movie_page_main.php?id=56410,"After possibly boasting more than he should have, Bugs Bunny finds himself challenged to"
The Great Piggy Bank Robbery,10701,3.0,3,07/20/1946,English,"Animation, Family",NR,"Robert Clampett, Michael Sasanoff",Mel Blanc,https://www.filmcrave.com/movie_page_main.php?id=56411,Duck Twacy must employ his greatest sleuthing skills to figure out who is stealing
The Big Snooze,31886,2.8,2,10/05/1946,English,"Animation, Family",NR,Robert Clampett,Mel Blanc,https://www.filmcrave.com/movie_page_main.php?id=56412,"Feeling as though he has been made to play the fool too many times, Elmer Fudd refuses"
King of Mahjong,52159,3.0,1,02/19/2015,Mandarin,Comedy,NR,Adrian Teh,"Eric Tsang, Mark Lee, Chapman To, Cheronna Ng",https://www.filmcrave.com/movie_page_main.php?id=56413,Unknown
Kitty Kornered,31880,2.8,2,06/08/1946,English,"Animation, Family",NR,Robert Clampett,Mel Blanc,https://www.filmcrave.com/movie_page_main.php?id=56414,A group of cats go to extreme measures to get back into the house one cold night after
Bugcrush,37603,2.5,2,01/20/2006,English,"Drama, Horror",NR,Carter Smith,"Josh Caras, Donald Cumming, Eleonore Hendricks, David Tennent, Alex Toumayan, Harlan Baker",https://www.filmcrave.com/movie_page_main.php?id=56415,A gay teen is exhilarated when the boy of his dreams asks him to come over to his house
"Snow White: The Sequel ( Blanche Neige, la suite )",41778,2.3,2,01/31/2007,French,"Animation, Comedy",NR,Picha,"Cécile De France, Jean-Paul Rouve, Marie Vincent, Jean-Claude Donda, Gérard Surugue, Benoît Allemane",https://www.filmcrave.com/movie_page_main.php?id=56416,"Snow White finds her Prince Charming and expects to live happily ever after, but with"
Blackburn,52399,3.0,1,09/26/2015,English,Horror,R,Lauro Chartrand,"Lochlyn Munro, Calum Worthy, Emilie Ullerup, Mike Dopud, Ken Kirzinger, Sarah Lind",https://www.filmcrave.com/movie_page_main.php?id=56417,Unknown
Gridlocked,14912,2.6,4,09/26/2015,English,Action,R,Allan Ungar,"Dominic Purcell, Cody Hackman, Stephen Lang, Trish Stratus, Danny Glover, Vinnie Jones",https://www.filmcrave.com/movie_page_main.php?id=56418,A party-hardy Hollywood star on probation is set on a ride along with a former SWAT leader forced to desk duty and babysitting while on medical rest. But things take a drastic turn when a group of terrorists target the training facility forcing the unlikely pair to work together - if they don't kill each other first. --
Saturday's Warrior,52648,3.0,1,04/01/2016,English,Musical,PG,Michael Buster,"Kenny Holland, Jacob Buster, Mason D. Davis, Bailee Michelle Johnson, Anna Daines, Monica Moore Smith",https://www.filmcrave.com/movie_page_main.php?id=56419,Unknown
Urge,46703,1.8,2,11/05/2015,English,Thriller,R,Aaron Kaufman,"Ashley Greene, Pierce Brosnan, Justin Chatwin, Alexis Knapp, Bar Paly, Danny Masterson",https://www.filmcrave.com/movie_page_main.php?id=56420,Unknown
Cairo in One Breath,52213,3.0,1,04/10/2015,Arabic,"Documentary, Biography",NR,Anna Kipervaser,Unknown,https://www.filmcrave.com/movie_page_main.php?id=56421,Unknown
Catching the Sun,59845,2.0,1,06/30/2015,English,"Documentary, Drama",NR,Shalini Kantayya,Unknown,https://www.filmcrave.com/movie_page_main.php?id=56422,Unknown
The Champions,52428,3.0,1,10/10/2015,English,Documentary,NR,Darcy Dennett,Unknown,https://www.filmcrave.com/movie_page_main.php?id=56423,Unknown
Even the Walls,59824,2.0,1,05/23/2015,English,"Documentary, Biography",NR,"Sarah Kuck, Saman Maydani",Unknown,https://www.filmcrave.com/movie_page_main.php?id=56424,Unknown
Neon Bull ( Boi neon ),52445,3.0,1,10/19/2015,Portuguese,Drama,NR,Gabriel Mascaro,"Juliano Cazarré, Maeve Jinkings, Roberto Berindelli, Abigail Pereira, Alyne Santana, Samya De Lavor",https://www.filmcrave.com/movie_page_main.php?id=56425,Unknown
Seve the Movie,52637,3.0,1,03/24/2016,English,"Drama, Sport",NR,John-Paul Davidson,"José Luis Gutiérrez, José Navar, Maria Molins, Alvar Gordejuela, Adrián Salzedo, Quim Àvila",https://www.filmcrave.com/movie_page_main.php?id=56426,Unknown
Sweet Bean,10909,3.0,3,10/17/2015,Japanese,Drama,NR,Naomi Kawase,"Kirin Kiki, Masatoshi Nagase, Kyara Uchida, Etsuko Ichihara, Miyoko Asada, Miki Mizuno",https://www.filmcrave.com/movie_page_main.php?id=56427,Unknown
Baskin,16051,2.4,6,09/26/2015,Turkish,"Fantasy, Horror",NR,Can Evrenol,"Muharrem Bayrak, Mehmet Cerrahoglu, Fatih Dokgöz, Fadik Bülbül, Gorkem Kasal, Sevket Suha Tezel",https://www.filmcrave.com/movie_page_main.php?id=56428,Unknown
I Want to Be a King,59839,2.0,1,06/18/2015,Persian,"Documentary, Drama",NR,Mehdi Ganji,Unknown,https://www.filmcrave.com/movie_page_main.php?id=56429,Unknown
The Legend of Swee' Pea,52488,3.0,1,11/17/2015,English,"Documentary, Animation",NR,Benjamin May,"David Robinson, Jerry Tarkanian, Avery Johnson, Bobbito Garcia, Tom Konchalski, Ron Naclerio",https://www.filmcrave.com/movie_page_main.php?id=56430,Unknown
The Lost Aviator,52177,3.0,1,03/07/2015,English,"Documentary, Biography",NR,Andrew Lancaster,"Ewen Leslie, Kipan Rothbury, Yael Stone",https://www.filmcrave.com/movie_page_main.php?id=56431,Unknown
Operation Popcorn,59811,2.0,1,04/14/2015,English,"Documentary, Crime",NR,David Grabias,Unknown,https://www.filmcrave.com/movie_page_main.php?id=56432,Unknown
Overburden,52217,3.0,1,04/10/2015,English,"Documentary, Drama",NR,Chad Stevens,"Betty Harrah, Rory McIlmoil, Bill Price, Lorelei Scarbro",https://www.filmcrave.com/movie_page_main.php?id=56433,Unknown
A Beautiful Planet,52719,3.0,1,04/29/2016,English,Documentary,G,Toni Myers,Jennifer Lawrence,https://www.filmcrave.com/movie_page_main.php?id=56434,Academy Award-winning actress Jennifer Lawrence narrates this IMAX documentary from the director of Hubble 3D that explores the Earth and more as seen from outer space. --
Tell Spring Not to Come This Year,52218,3.0,1,04/10/2015,Other,"Documentary, War",NR,"Saeed Taji Farouky, Michael McEvoy",Unknown,https://www.filmcrave.com/movie_page_main.php?id=56435,Unknown
They're Watching,23757,2.2,5,03/25/2016,English,"Comedy, Horror",NR,"Jay Lender, Micah Wright","Brigid Brannagh, David Alpay, Carrie Genzel, Kris Lemche, Dimitri Diatchenko, Mia Faith",https://www.filmcrave.com/movie_page_main.php?id=56436,"The home improvement reality show ""Home Hunters Global"" returns to Moldova in Eastern Europe to film a follow-up segment with an American who has been transforming a rundown house into an artists haven. But once they arrive, they realize the superstitious locals have turned against them - and they look to take out the new home owner at any cost. --"
Black Mountain Poets,59927,2.0,1,03/13/2016,English,Comedy,NR,Jamie Adams,"Alice Lowe, Dolly Wells, Tom Cullen, Rosa Robson, Richard Elis, Laura Patch",https://www.filmcrave.com/movie_page_main.php?id=56437,Unknown
Dependent's Day,52677,3.0,1,04/15/2016,English,"Comedy, Drama",NR,Michael David Lynch,"Joe Burke, Benita Robledo, Shannon Lucio, Josh Staman, David August, Lisa Ann Walter",https://www.filmcrave.com/movie_page_main.php?id=56438,Unknown
The Meddler,4430,3.0,6,04/22/2016,English,"Comedy, Drama",PG-13,Lorene Scafaria,"Rose Byrne, Megalyn Echikunwoke, Susan Sarandon, Billy Magnussen, Jason Ritter, J.K. Simmons",https://www.filmcrave.com/movie_page_main.php?id=56439,A New York widow looking for a new lease on life follows her daughter to L.A. in order to spark a change in her life. --
Nina,44931,2.0,2,04/22/2016,English,"Biography, Drama",NR,Cynthia Mort,"Zoe Saldana, David Oyelowo, Mike Epps, Ronald Guttman, Mary Pat Gleason, Ella Thomas",https://www.filmcrave.com/movie_page_main.php?id=56440,Unknown
Same Kind of Different as Me,29198,2.1,4,10/20/2017,English,Drama,PG-13,Michael Carney,"Renée Zellweger, Jon Voight, Djimon Hounsou, Greg Kinnear, Olivia Holt, Dana Gourrier",https://www.filmcrave.com/movie_page_main.php?id=56441,Explores the unlikely relationship between an international art dealer and a one-time sharecropper who is now homeless. --
Boo! A Madea Halloween,38513,1.6,7,10/21/2016,English,"Comedy, Drama",PG-13,Tyler Perry,"Bella Thorne, Tyler Perry, Jimmy Tatro, Diamond White, Kian Lawley, Cassi Davis",https://www.filmcrave.com/movie_page_main.php?id=56442,"Ghosts, killers, zombies, paranormal activity - nothing stands in the way of Madea - but a group of unruly teenagers may put her Halloween over the edge. --"
Francofonia,52646,3.0,1,04/01/2016,Russian,Drama,NR,Aleksandr Sokurov,"Louis-Do de Lencquesaing, Benjamin Utzerath, Vincent Nemeth, Johanna Korthals Altes, Andrey Chelpanov, Jean-Claude Caër",https://www.filmcrave.com/movie_page_main.php?id=56443,Unknown
Middle School: The Worst Years of My Life,23758,2.2,5,10/07/2016,English,Comedy,PG,Steve Carr,"Lauren Graham, Adam Pally, Rob Riggle, Efren Ramirez, Isabela Moner, Griffin Gluck",https://www.filmcrave.com/movie_page_main.php?id=56444,"A quiet artist in middle school, Rafe Katchadorian has an active imagination, and a disdain for school life. Together with his best friend Leo, the two decide the best way to shake up the system is to break every rule in the book and naturally trouble follows. --"
A Space Program,52634,3.0,1,03/18/2016,English,"Documentary, Adventure",NR,Van Neistat,"Tom Sachs, Hailey Gates",https://www.filmcrave.com/movie_page_main.php?id=56445,Unknown
The Dying of the Light,52491,3.0,1,11/18/2015,English,Documentary,NR,Peter Flynn,"James F. Murray Jr., Larry Shaw, Jack Fanning, Armando Cabrera, Robin Doty, Walter Gonet",https://www.filmcrave.com/movie_page_main.php?id=56446,Unknown
Miracle Beach,25593,3.0,2,09/30/1992,English,"Comedy, Romance",R,Skott Snider,"Dean Cameron, Ami Dolenz, Felicity Waterman, Brian Perry, Alexis Arquette, Pat Morita",https://www.filmcrave.com/movie_page_main.php?id=56447,Unknown
"Fool, The ( Durak )",52389,3.0,1,09/16/2015,Russian,Drama,NR,Yuriy Bykov,"Artyom Bystrov, Natalya Surkova, Yuriy Tsurilo, Boris Nevzorov, Kirill Polukhin, Dmitriy Kulichkov",https://www.filmcrave.com/movie_page_main.php?id=56448,Unknown
Veteran ( Beterang ),26215,3.0,2,09/18/2015,Korean,"Action, Comedy",NR,Seung-wan Ryoo,"Jeong-min Hwang, Ah In Yoo, Hae-jin Yoo, Dal-su Oh, Man-sik Jeong, Woong-in Jeong",https://www.filmcrave.com/movie_page_main.php?id=56449,Unknown
Boom Bust Boom,21403,3.3,2,03/11/2016,English,"Documentary, Historical",NR,"Bill Jones, Terry Jones, Ben Timlett","John Cusack, Terry Jones, Daniel Kahneman, Robert Shiller, Willem Buiter, Lucy Prebble",https://www.filmcrave.com/movie_page_main.php?id=56450,Unknown
Cut to the Chase,52936,3.0,1,10/01/2016,English,"Action, Crime",NR,Blayne Weaver,"Blayne Weaver, Lyndie Greenwood, Erin Cahill, Lance Henriksen, Patrick Day, Patrick Kirton",https://www.filmcrave.com/movie_page_main.php?id=56451,Unknown
Everything is Copy,21407,3.3,2,03/21/2016,English,Documentary,NR,"Jacob Bernstein, Nick Hooker","Tom Hanks, Reese Witherspoon, Meg Ryan, Meryl Streep, Steven Spielberg, Lena Dunham",https://www.filmcrave.com/movie_page_main.php?id=56452,Unknown
Presenting Princess Shaw,52762,3.0,1,05/27/2016,English,Documentary,NR,Ido Haar,"Ophir Kutiel, Samantha Montgomery",https://www.filmcrave.com/movie_page_main.php?id=56453,Unknown
Rocky Handsome,52640,3.0,1,03/25/2016,Hindi,Action,NR,Nishikant Kamat,"John Abraham, Shruti Haasan, Nishikant Kamat, Sharad Kelkar, Nathalia Kaur, Kazu Patrick Tang",https://www.filmcrave.com/movie_page_main.php?id=56454,Unknown
