title,overall_rank,average_rating,number_reviews,theatrical_release_date,language,genre,mpaa_rating,director,actors,url,plot
Lou,23113,2.5,3,09/23/2022,English,"Crime, Drama",R,Anna Foerster,"Jurnee Smollett, Logan Marshall-Green, Allison Janney, Greyston Holt, Matt Craven, Toby Levins",https://www.filmcrave.com/movie_page_main.php?id=63455,"A storm rages outside and a mother discovers her daughter has been kidnapped. Seeking any help, she calls on the mysterious neighbor next door - Lou, a woman who keeps to herself and hides some dark secrets. But Lou is the right person for the job, one who will stop at nothing to enact her own brand of justice - even if both women must face the pasts they wish to leave behind. --"
Maneater,60332,2.0,1,08/26/2022,English,"Action, Horror",R,Justin Lee,"Nicky Whelan, Shane West, Jeff Fahey, Branscombe Richmond, Trace Adkins, Zoe Cipres",https://www.filmcrave.com/movie_page_main.php?id=63456,Unknown
The Return of Tanya Tucker: Featuring Brandi Carlile,60305,2.0,1,03/13/2022,English,Documentary,R,Kathlyn Horan,"Tanya Tucker, Brandi Carlile",https://www.filmcrave.com/movie_page_main.php?id=63457,Unknown
To Leslie,6630,2.9,5,03/12/2022,English,Drama,R,Michael Morris,"Stephen Root, Allison Janney, Andrea Riseborough, Marc Maron, Matt Lauria, James Landry Hébert",https://www.filmcrave.com/movie_page_main.php?id=63458,Unknown
Medusa,54612,3.0,1,07/29/2022,Portuguese,"Fantasy, Horror",NR,Anita Rocha da Silveira,"Mari Oliveira, Lara Tremouroux, Joana Medeiros, Felipe Frazão, Thiago Fragoso, Bruna G.",https://www.filmcrave.com/movie_page_main.php?id=63459,"By day a group of young women, including Mari, promote their faith through pastel colors and evangelical songs of purity and perfection. By night, however, they wear white masks and prowl the street for sinners deserving of punishment. One night when an attack goes wrong and Mari is disfigured, it changes her outlook on life, religion and her so-called friends as her inner rage turns into something much more dangerous, changing her from vigilante to target. --"
Book Club: The Next Chapter,38395,2.5,2,05/12/2023,English,"Comedy, Romance",PG-13,Bill Holderman,"Jane Fonda, Andy Garcia, Don Johnson, Diane Keaton, Mary Steenburgen, Candice Bergen",https://www.filmcrave.com/movie_page_main.php?id=63460,A group of four friends brought together by their shared book club decide to take a trip to Italy in order to enjoy a girls trip out they missed earlier in life. --
Creed III,3835,2.8,18,03/03/2023,English,"Drama, Sport",PG-13,Michael B. Jordan,"Michael B. Jordan, Tessa Thompson, Jonathan Majors, Selenis Leyva, Phylicia Rashad, Tony Bellew",https://www.filmcrave.com/movie_page_main.php?id=63461,"Adonis Creed finally have the life he wants, both in fame and family but his life is about to be upended when childhood friend and boxing prodigy Damian Anderson is released from prison. At first seeking help, it soon becomes apparent Anderson holds a long-time grudge against Creed and he goes from friend to opponent which can only be settled in the ring. --"
House of Darkness,23474,2.2,6,09/09/2022,English,Horror,R,Neil LaBute,"Kate Bosworth, Justin Long, Gia Crovatin, Lucy Walters",https://www.filmcrave.com/movie_page_main.php?id=63462,A man gets much more than he bargained for when he thinks what is going to be a casual bar hook-up turns into a deadly fight for survival. --
Orphan: First Kill ,19579,2.2,10,08/19/2022,English,"Crime, Horror",R,William Brent Bell,"Isabelle Fuhrman, Julia Stiles, Rossif Sutherland, Hiro Kanagawa, Matthew Finlan, Samantha Walkes",https://www.filmcrave.com/movie_page_main.php?id=63463,"Leena is a dangerous patient in a psych ward in Estonia who suffers from a rare form of dwarfism that makes her appear to be a child when she is actually in her 30s. After escaping, she poses as the missing child of an American family but soon learns that she is not the only one keeping secrets - and someone will have to give in the end. --"
I Came By,26430,3.0,2,08/31/2022,English,Thriller,NR,Babak Anvari,"Kelly Macdonald, George MacKay, Hugh Bonneville, Percelle Ascott, Varada Sethu, Franc Ashman",https://www.filmcrave.com/movie_page_main.php?id=63464,"A graffiti artist with a penchant for targeting the elite along with his friend, gets more than her bargained for when he breaks into the home of former High Court Judge Sir Hector Blake and uncovers a sinister secret - one that threatens not only his own life, but those closest to him. --"
After Ever Happy,38376,2.5,2,09/07/2022,English,"Drama, Romance",R,Castille Landon,"Hero Fiennes Tiffin, Josephine Langford, Louise Lombard, Kiana Madeira, Rob Estes, Jack Bandeira",https://www.filmcrave.com/movie_page_main.php?id=63465,Unknown
American Murderer,54659,3.0,1,10/31/2022,English,"Crime, Drama",R,Matthew Gentile,"Tom Pelphrey, Ryan Phillippe, Idina Menzel, Paul Schneider, Shantel VanSanten, Jacki Weaver",https://www.filmcrave.com/movie_page_main.php?id=63466,Unknown
Jeepers Creepers: Reborn,45054,1.3,6,09/19/2022,English,"Horror, Mystery",R,Timo Vuorensola,"Sydney Craven, Imran Adams, Jarreau Benjamin, Matt Barkley, Peter Brooke, Ocean Navarro",https://www.filmcrave.com/movie_page_main.php?id=63467,Unknown
On the Come Up,45008,2.0,2,09/23/2022,English,Drama,PG-13,Sanaa Lathan,"Da'Vine Joy Randolph, Nijah Brenea, Method Man, Mike Epps, Cuyle Carvin, Kelly Collins Lintz",https://www.filmcrave.com/movie_page_main.php?id=63468,Unknown
A Place in the Field,54538,3.0,1,03/04/2022,English,Drama,R,Nikki Mejia,"Ashlee Brian, Troy Curvey III, Kiki del Vecchio, Kelvin Delgado, Don DiPetta, Khorri Ellis",https://www.filmcrave.com/movie_page_main.php?id=63469,Unknown
The Railway Children Return,54641,3.0,1,09/23/2022,English,"Adventure, Family",PG,Morgan Matthews,"Jenny Agutter, John Bradley, Sheridan Smith, Tom Courtenay, Beau Gadsdon, Austin Haynes",https://www.filmcrave.com/movie_page_main.php?id=63470,Unknown
Valley of the Dead ( Malnazidos ),14332,2.8,3,07/11/2022,Spanish,Action,NR,"Alberto de Toro, Javier Ruiz Caldera","Miki Esparbé, Aura Garrido, Luis Callejo, Álvaro Cervantes, Jesús Carroza, Manel Llunell",https://www.filmcrave.com/movie_page_main.php?id=63471,Unknown
Comanche ,56606,2.0,1,03/31/1956,English,Western,NR,George Sherman,"Dana Andrews, Kent Smith, Nestor Paiva, Henry Brandon, Stacy Harris, John Litel",https://www.filmcrave.com/movie_page_main.php?id=63472,Unknown
High Ground,26410,3.0,2,05/14/2021,English,"Action, Drama",NR,Stephen Johnson,"Jacob Junior Nayinggul, Simon Baker, Callan Mulvey, Magnolia Maymuru, Aaron Pedersen, Ryan Corr",https://www.filmcrave.com/movie_page_main.php?id=63473,Unknown
Glorious,38374,2.5,2,08/18/2022,English,"Horror, Comedy",Unknown,Rebekah McKendry,"Ryan Kwanten, J.K. Simmons, Sylvia Grace Crim, Tordy Clark, André Lamar",https://www.filmcrave.com/movie_page_main.php?id=63474,Unknown
Joker: Folie à Deux,20290,2.2,10,10/04/2024,English,"Crime, Drama",R,Todd Phillips,"Joaquin Phoenix, Lady Gaga, Catherine Keener, Zazie Beetz, Brendan Gleeson, Ken Leung",https://www.filmcrave.com/movie_page_main.php?id=63475,Unknown
Shalom Taiwan,54614,3.0,1,08/02/2022,Spanish,"Comedy, Drama",NR,Walter Tejblum,"Mercedes Funes, Fabián Rosenthal, Carlos Portaluppi, Alan Sabbagh, Santiago Korovsky, Nicolás Strok",https://www.filmcrave.com/movie_page_main.php?id=63476,Unknown
Murina,26420,3.0,2,10/08/2021,Other,Drama,NR,Antoneta Alamat Kusijanovic,"Gracija Filipovic, Danica Curcic, Leon Lucev, Cliff Curtis, Jonas Smulders, Niksa Butijer",https://www.filmcrave.com/movie_page_main.php?id=63477,Unknown
From Where They Stood ( À pas aveugles ),54590,3.0,1,06/15/2022,German,"Documentary, Historical",NR,Christophe Cognet,"Tal Bruttman, Christophe Cognet, Corinne Halter",https://www.filmcrave.com/movie_page_main.php?id=63478,Unknown
"Anne at 13,000 Ft.",54047,3.0,1,01/16/2019,English,Drama,NR,Kazik Radwanski,"Deragh Campbell, Lawrene Denkers, Matt Johnson, Pat Bianco, Dorothea Paas, Joseph Simon",https://www.filmcrave.com/movie_page_main.php?id=63479,Unknown
Aqua Teen Forever: Plantasm,26433,3.0,2,11/08/2022,English,"Animation, Comedy",R,"Matt Maiellaro, Dave Willis","Dave Willis, Carey Means, Dana Snyder, C. Martin Croker",https://www.filmcrave.com/movie_page_main.php?id=63480,Unknown
"Argentina, 1985",5366,3.0,5,09/30/2022,Spanish,Drama,R,Santiago Mitre,"Ricardo Darín, Peter Lanzani, Norman Briski, Carlos Portaluppi, Héctor Díaz, Alejo García Pintos",https://www.filmcrave.com/movie_page_main.php?id=63481,Unknown
Dear Zoe,54661,3.0,1,11/04/2022,English,Drama,R,Gren Wells,"Sadie Sink, Theo Rossi, Jessica Capshaw, Justin Bartha, Kweku Collins, Vivien Lyra Blair",https://www.filmcrave.com/movie_page_main.php?id=63482,Unknown
Moonage Daydream,17370,2.5,4,09/16/2022,English,Documentary,PG-13,Brett Morgen,David Bowie,https://www.filmcrave.com/movie_page_main.php?id=63483,Brett Morgen takes us inside a visually-stunning look as well as musically-enhanced journey into the life of the iconic David Bowie. --
When You Finish Saving the World,38362,2.5,2,01/20/2022,English,"Comedy, Drama",R,Jesse Eisenberg,"Julianne Moore, Finn Wolfhard, Billy Bryk, Alisha Boe, Jack Justice, Jay O. Sanders",https://www.filmcrave.com/movie_page_main.php?id=63484,Unknown
Triangle of Sadness,4364,2.8,14,10/07/2022,English,"Comedy, Drama",R,Ruben Östlund,"Charlbi Dean, Harris Dickinson, Woody Harrelson, Dolly De Leon, Zlatko Buric, Vicki Berlin",https://www.filmcrave.com/movie_page_main.php?id=63485,"Celebrity model couple Carl and Yaya board a cruise for the ultra wealthy with a rogues gallery of passengers including a Russian oligarch, a British arms dealer and the eccentric Marx-quoting captain. But this pleasure cruise soon turns disastrous as a heavy storm leads to an unplanned island getaway. Marooned with seemingly no help in site, the tables turn when the rich must rely on the only person who may keep them fed and alive - one of the ship's cleaners. --"
Do Revenge,38377,2.5,2,09/16/2022,English,Comedy,Unknown,Jennifer Kaytin Robinson,"Maya Hawke, Camila Mendes, Sophie Turner, Austin Abrams, Maia Reficco, Paris Berelc",https://www.filmcrave.com/movie_page_main.php?id=63486,"Though having next to nothing in common, Eleanor and Drea make a pact to take down their respective bullies. --"
Into the Deep,54626,3.0,1,08/26/2022,English,Thriller,R,Kate Cox,"Ella-Rae Smith, Jessica Alexander, Matthew Daddario, Nikkita Chadha, Jack Morris, Andrew Steele",https://www.filmcrave.com/movie_page_main.php?id=63487,Unknown
End of the Road,54633,3.0,1,09/09/2022,English,"Action, Crime",Unknown,Millicent Shelton,"Queen Latifah, Beau Bridges, Ludacris, Frances Lee McCain, Jesse Luken, Tabatha Shaun",https://www.filmcrave.com/movie_page_main.php?id=63488,A family on a road trip stumbles upon a crime - and a lot of cash - but when they leave with the money they find themselves facing a deadly threat from a merciless group who will do anything to get that money back. --
The Abandon,54525,3.0,1,02/06/2022,English,"Horror, Sci-Fi",R,Jason Satterlund,"Jonathan Rosenthal, Tamara Perry, Dan Kyle, Regis Terencio, Mezi Atwood, Priscilla Avila",https://www.filmcrave.com/movie_page_main.php?id=63489,Unknown
God's Creatures,23115,2.5,3,09/30/2022,English,Drama,R,"Saela Davis, Anna Rose Holmer","Emily Watson, Paul Mescal, Aisling Franciosi, Declan Conlon, Marion O'Dwyer, Toni O'Rourke",https://www.filmcrave.com/movie_page_main.php?id=63490,Unknown
RIPD 2,60349,2.0,1,11/15/2022,English,"Action, Comedy",PG-13,Paul Leyden,"Richard Fleeshman, Jake Choi, Kerry Knuppe, Stephanie Levi-John, Craige Els, Tilly Keeper",https://www.filmcrave.com/movie_page_main.php?id=63491,Unknown
1UP,54604,3.0,1,07/15/2022,English,"Comedy, Sport",R,Kyle Newman,"Paris Berelc, Taylor Zakhar Perez, Ruby Rose, Hari Nef, D.J. Mausner, Lolita Milena",https://www.filmcrave.com/movie_page_main.php?id=63492,Unknown
The Greatest Beer Run Ever,60338,2.0,1,09/30/2022,English,"Drama, War",R,Peter Farrelly,"Zac Efron,  Russell Crowe, Bill Murray, Kyle Allen, Jake Picking, Will Ropp",https://www.filmcrave.com/movie_page_main.php?id=63493,Unknown
The Fall Guy,5795,2.7,17,05/03/2024,English,"Action, Drama",PG-13,David Leitch,"Ryan Gosling, Emily Blunt, Hannah Waddingham, Aaron Taylor-Johnson, Teresa Palmer, Stephanie Hsu",https://www.filmcrave.com/movie_page_main.php?id=63494,"Stuntman Colt Seavers is back on the job after a near career-ending accident and working for director Jody Moreno - who also happens to be his ex. When the star of the blockbuster film she is working on goes missing, Seavers is tasked with tracking down the movie star - only to get caught up in a wild conspiracy and trading in stunt work for real-world danger. --"
A Quiet Place: Day One,9204,2.5,16,06/28/2024,English,"Drama, Horror",PG-13,Michael Sarnoski,"Lupita Nyong'o, Joseph Quinn, Djimon Hounsou, Alex Wolff, Takunda Khumalo, Eliane Umuhire",https://www.filmcrave.com/movie_page_main.php?id=63495,Sam is on a group trip to New York when the world finds itself beset by an
A Man Called Otto,3166,3.0,9,12/25/2022,English,"Comedy, Drama",PG-13,Marc Forster,"Tom Hanks, Manuel Garcia-Rulfo, Rachel Keller, Cameron Britton, Mike Birbiglia, Kelly Lamor Wilson",https://www.filmcrave.com/movie_page_main.php?id=63496,"A grumpy widower has no use for his upbeat neighbors seems all the more exasperated when a young couple and their children move in next door. Slowly but surely, however, Otto's shell is cracked as he forms an unlikely friendship that will lead to some life-altering changes. --"
Till,12149,2.6,6,10/14/2022,English,Drama,PG-13,Chinonye Chukwu,"Danielle Deadwyler, Jalyn Hall, Frankie Faison, Haley Bennett, Whoopi Goldberg, Sean Patrick Thomas",https://www.filmcrave.com/movie_page_main.php?id=63497,In 1955 the brutal murder and lynching of a young Emmett Till turns a mother into a symbol as she combats racism and does all she can to bring justice to those responsible. --
Official Competition ( Competencia oficial ),54594,3.0,1,06/17/2022,Spanish,"Comedy, Drama",R,"Mariano Cohn, Gastón Duprat","Penélope Cruz, Antonio Banderas, Oscar Martínez, José Luis Gómez, Manolo Solo, Irene Escolar",https://www.filmcrave.com/movie_page_main.php?id=63498,Unknown
About Fate,54632,3.0,1,09/09/2022,English,"Comedy, Romance",R,Marius Balchunas,"Emma Roberts, Thomas Mann, Madelaine Petsch, Lewis Tan, Britt Robertson, Fikile Mthwalo",https://www.filmcrave.com/movie_page_main.php?id=63499,Unknown
Drifting Home ( Ame wo Tsugeru Hyôryû Danchi ),54637,3.0,1,09/16/2022,Japanese,"Anime, Adventure",PG,Hiroyasu Ishida,"Daiki Yamashita, Ayumu Murase, Kana Hanazawa, Inori Minase, Nana Mizuki, Asami Seto",https://www.filmcrave.com/movie_page_main.php?id=63500,Unknown
The Inspection,14333,2.8,3,10/14/2022,English,Drama,R,Elegance Bratton,"Jeremy Pope, Gabrielle Union, Bokeem Woodbine, Raúl Castillo, McCaul Lombardi, Nicholas Logan",https://www.filmcrave.com/movie_page_main.php?id=63501,Unknown
Paul's Promise,54657,3.0,1,10/21/2022,English,"Drama, Family",PG,Matthew Reithmayr,"Ryan O'Quinn, Linda Purl, Shari Rigby, Josef Cannon, Bianca LaVerne Jones, Tank Jones",https://www.filmcrave.com/movie_page_main.php?id=63502,"Based on the true story of Paul Holderfield, a bigoted firefighter-turned pastor who, deep within the 60s civil rights movement, starts one of the first integrated churches in the deep South. --"
M3GAN,9391,2.5,19,01/13/2023,English,"Horror, Sci-Fi",PG-13,Gerard Johnstone,"Allison Williams, Kimberley Crossman, Violet McGraw, Ronny Chieng, Brian Jordan Alvarez, Jenna Davis",https://www.filmcrave.com/movie_page_main.php?id=63503,"A robotics engineer at a toy company decides to test out a new, life-like android companion on her niece, who recently lost both of her parents in an accident. When the two bond, it seems the prototype is a success, but soon the core mission to ""protect"" her new friend takes on a sinister and deadly side. --"
Knock at the Cabin,6582,2.6,18,02/03/2023,English,Thriller,R,M. Night Shyamalan,"Jonathan Groff, Dave Bautista, Ben Aldridge, Kristen Cui, Nikki Amuka-Bird, Rupert Grint",https://www.filmcrave.com/movie_page_main.php?id=63504,"A family on vacation finds their plans interrupted by four armed strangers who hold them and will not let them go as they are convinced that in order to stop an impending Apocalypse, one of them must willingly sacrifice themselves. --"
Harold and the Purple Crayon,40080,1.6,5,08/02/2024,English,"Animation, Family",PG,Carlos Saldanha,"Zachary Levi, Zooey Deschanel, Lil Rel Howery, Tanya Reynolds, Camille Guaty, Ravi Patel",https://www.filmcrave.com/movie_page_main.php?id=63505,Unknown
Significant Other,45009,2.0,2,10/07/2022,English,"Sci-Fi, Thriller",R,"Dan Berk, Robert Olsen","Maika Monroe, Jake Lacy, Teal Sherer, Loudon McCleery",https://www.filmcrave.com/movie_page_main.php?id=63506,Unknown
Wendell and Wild,17787,2.4,5,10/31/2022,English,"Animation, Comedy",PG-13,Henry Selick,"Keegan-Michael Key, Jordan Peele, Sam Zelaya, Lyric Ross, Angela Bassett, James Hong",https://www.filmcrave.com/movie_page_main.php?id=63507,Unknown
Persuasion,54607,3.0,1,07/15/2022,English,"Drama, Romance",PG,Carrie Cracknell,"Richard E. Grant, Henry Golding, Dakota Johnson, Ben Bailey Smith, Yolanda Kettle, Cosmo Jarvis",https://www.filmcrave.com/movie_page_main.php?id=63508,Unknown
Don't Make Me Go,54605,3.0,1,07/15/2022,English,Drama,R,Hannah Marks,"John Cho, Mia Isaac, Kaya Scodelario, Josh Thomson, Otis Dhanji, Stefania LaVie Owen",https://www.filmcrave.com/movie_page_main.php?id=63509,Unknown
Trollhunters: Rise of the Titans,54445,3.0,1,07/21/2021,English,"Animation, Adventure",NR,"Johane Matte, Francisco Ruiz-Velasco, Andrew L. Schmidt","Tom Kenny, Nick Frost, Brian Blessed, Kelsey Grammer, James Hong, Emile Hirsch",https://www.filmcrave.com/movie_page_main.php?id=63510,Unknown
Planet Dune,60289,2.0,1,10/29/2021,English,"Action, Horror",NR,"Glenn Campbell, Tammy Klein","Sean Young, Emily Killian, Anna Telfer, Cherish Michael, Manny Zaldivar, Sienna Farall",https://www.filmcrave.com/movie_page_main.php?id=63511,Unknown
Evil Dead Rise,3735,2.9,15,04/21/2023,English,Horror,R,Lee Cronin,"Alyssa Sutherland, Lily Sullivan, Morgan Davies, Gabrielle Echols, Nell Fisher, Jayden Daniels",https://www.filmcrave.com/movie_page_main.php?id=63512,Two estranged sisters have their reunion abruptly interrupted by a fight for survival after unleashing the power of the Necronomicon - and inviting in the mother of all demons. --
The Nun II,11406,2.5,10,09/08/2023,English,"Horror, Mystery",R,Michael Chaves,"Taissa Farmiga, Jonas Bloquet, Storm Reid, Anna Popplewell, Bonnie Aarons, Katelyn Rose Downey",https://www.filmcrave.com/movie_page_main.php?id=63513,"Following the events of The Nun, in 1956 the violent death of a priest begins a chain of events that sees an evil spread across a French town. Once again, Sister Irene must track down the source of evil before it can spread even further - leading her back to face the demonic Valak once again. --"
Mona Lisa and the Blood Moon,26431,3.0,2,09/30/2022,English,"Fantasy, Thriller",R,Ana Lily Amirpour,"Jeon Jong-seo, Kate Hudson, Ed Skrein, Craig Robinson, Rae Gray, Evan Whitten",https://www.filmcrave.com/movie_page_main.php?id=63514,"After escaping from a juvenile asylum, a young girl with special powers finds herself in New Orleans and some real characters will help her find a life worth living. --"
Slumberland,42146,2.3,2,11/18/2022,English,"Adventure, Comedy",PG,Francis Lawrence,"Jason Momoa, Kyle Chandler, Chris O'Dowd, India de Beaufort, Humberly González, Marlow Barkley",https://www.filmcrave.com/movie_page_main.php?id=63515,"A young girl finds a map to the dream world of Slumberland and, after joining forces with the eccentric outlaw flip, will traverse the good, the nightmares and everything between in order to reunite with her late father. --"
Mad Monkey Kung Fu ( Feng hou ),49257,3.0,1,09/04/1981,Cantonese,"Action, Comedy",R,Chia-Liang Liu,"Chia-Liang Liu, Hou Hsiao, Kara Wai, Lieh Lo, Kwok Keung Chan, Shao-Hung Chan",https://www.filmcrave.com/movie_page_main.php?id=63516,Unknown
Five Superfighters ( Tang shan wu hu ),49192,3.0,1,09/01/1979,Cantonese,"Action, Drama",NR,Mar Lo,"Chiu-Sing Hau, Siu-Hung Leung, Austin Wai, Mo Yuen, Feng Kuan, Wei-Wei Huang",https://www.filmcrave.com/movie_page_main.php?id=63517,Unknown
"Magnificent Ruffians, The ( Mai ming xiao zi )",49292,3.0,1,10/31/1982,Cantonese,"Action, Drama",NR,Cheh Chang,"Feng Lu, Meng Lo, Chien Sun, Li Wang, Sheng Chiang, Phillip Chung-Fung Kwok",https://www.filmcrave.com/movie_page_main.php?id=63518,Unknown
Murder in a Blue World ( Una gota de sangre para morir amando ),48992,3.0,1,04/01/1975,Spanish,"Crime, Drama",R,Eloy de la Iglesia,"Sue Lyon, Christopher Mitchum, Jean Sorel, Ramón Pons, Charly Bravo, Alfredo Alba",https://www.filmcrave.com/movie_page_main.php?id=63519,Unknown
Red Post on Escher Street ( Escher dori no akai posuto ),54386,3.0,1,02/05/2021,Japanese,"Comedy, Drama",NR,Sion Sono,"Mala Morgan, Sen Fujimaru, Canon Nawata, Tatsuhiro Yamaoka, Tetsu Watanabe, Matsuri Kohira",https://www.filmcrave.com/movie_page_main.php?id=63520,Unknown
"Confess, Fletch",23768,2.2,5,09/16/2022,English,"Comedy, Crime",R,Greg Mottola,"Jon Hamm, Marcia Gay Harden, Kyle MacLachlan, Lorenza Izzo, Ayden Mayeri, John Slattery",https://www.filmcrave.com/movie_page_main.php?id=63521,Unknown
The Nan Movie,54610,3.0,1,07/22/2022,English,Comedy,NR,"Catherine Tate, Brett Goldstein","Catherine Tate, Mathew Horne, Katherine Parkinson, Niky Wardley, Pete Bennett, Rosalie Craig",https://www.filmcrave.com/movie_page_main.php?id=63522,Unknown
White Noise,16709,2.3,8,11/25/2022,English,"Comedy, Drama",R,Noah Baumbach,"Adam Driver, Greta Gerwig, Raffey Cassidy, Sam Nivola, Don Cheadle, Jodie Turner-Smith",https://www.filmcrave.com/movie_page_main.php?id=63523,"A modern family: husband, wife and children from their current and previous partners must pull together when a train derails and unleashed a toxic airborne substance leading to mass hysteria. --"
Mr. Harrigan's Phone,42141,2.3,2,10/05/2022,English,Horror,PG-13,John Lee Hancock,"Kirby Howell-Baptiste, Jaeden Martell, Donald Sutherland, Joe Tippett, Cyrus Arnold, Thomas Francis Murphy",https://www.filmcrave.com/movie_page_main.php?id=63524,"Craig is a shy outsider without many friends but finds a bond with a reclusive billionaire in words and an iphone. When the elder Mr. Harrigan passes away, Craig makes sure his iPhone goes with him but when he texts the dead man he never expects a response - but he finds help can extend from beyond the grave. --"
Weird: The Al Yankovic Story,4197,2.8,13,11/04/2022,English,Comedy,NR,Eric Appel,"Daniel Radcliffe, Evan Rachel Wood, Rainn Wilson, Julianne Nicholson, Spencer Treat Clark, Will Forte",https://www.filmcrave.com/movie_page_main.php?id=63525,"The man, the myth, the legend - as ""Weird"" Al Yankovic goes from childhood polka parties to the king of pop parodies - fueled by torrid celebrity affairs and lurid addictions. --"
The Block Island Sound,14331,2.8,3,03/11/2021,English,"Horror, Mystery",NR,"Kevin McManus, Matthew McManus","Chris Sheffield, Michaela McManus, Neville Archambault, Ryan O'Flanagan, Matilda Lawler, Jim Cummings",https://www.filmcrave.com/movie_page_main.php?id=63526,Unknown
Catch the Bullet,54460,3.0,1,09/10/2021,English,Western,R,Michael Feifer,"Jay Pickett, Gattlin Griffith, Mason McNulty, Tom Skerritt, Callder Griffith, Peter Facinelli",https://www.filmcrave.com/movie_page_main.php?id=63527,Unknown
Descendent,60304,2.0,1,03/13/2022,English,"Documentary, Historical",PG,Margaret Brown,Unknown,https://www.filmcrave.com/movie_page_main.php?id=63528,Unknown
The Loneliest Boy in the World,54653,3.0,1,10/18/2022,English,"Comedy, Horror",R,Martin Owen,"Hero Fiennes Tiffin, Ashley Benson, Evan Ross, Ben Miller, Susan Wokoma, Hammed Animashaun",https://www.filmcrave.com/movie_page_main.php?id=63529,Unknown
Mija,54615,3.0,1,08/05/2022,English,Documentary,PG-13,Isabel Castro,"Doris Muñoz, Jacks Haupt, Raúl Mascorro, Carlos Muñoz, Jose Muñoz, Ruth Muñoz",https://www.filmcrave.com/movie_page_main.php?id=63530,Unknown
Tár,2256,3.0,15,10/28/2022,English,Drama,R,Todd Field,"Cate Blanchett, Mark Strong, Julian Glover, Nina Hoss, Noémie Merlant, Sydney Lemmon",https://www.filmcrave.com/movie_page_main.php?id=63531,Unknown
"Are You There God? It's Me, Margaret",3505,3.0,8,04/28/2023,English,"Comedy, Drama",PG-13,Kelly Fremon Craig,"Rachel McAdams, Abby Ryder Fortson, Kathy Bates, Benny Safdie, Elle Graham, Ethan McDowell",https://www.filmcrave.com/movie_page_main.php?id=63532,"Based on the best-selling novel from Judy Blume, the film follows Margaret Simon as her family moves from the city to the suburbs and must navigate the rough waters of adolescence and contend with conflicting emotions with new friends and her family. --"
Pearl,1363,3.1,19,09/16/2022,English,Horror,R,Ti West,"Mia Goth, David Corenswet, Tandi Wright, Emma Jenkins-Purro, Matthew Sunderland, Alistair Sewell",https://www.filmcrave.com/movie_page_main.php?id=63533,"Prequel to X in which we discover Pearl's origin - growing up isolated and dealing with an ailing father and overbearing mother, she only wants to capture some of the glamour like she's seen in the movies - no matter the cost. --"
The Son,33207,2.0,4,01/20/2023,English,Drama,PG-13,Florian Zeller,"Hugh Jackman, Vanessa Kirby, Anthony Hopkins, Laura Dern, William Hope, Hugh Quarshie",https://www.filmcrave.com/movie_page_main.php?id=63534,"Peter and his wife, Beth have welcomed a newborn baby into their lives but when Peter's ex-wife, Kate shows up - along with his estranged teenage son, Nicholas, it upends their world. --"
Inside The Mind of a Cat ,26429,3.0,2,08/18/2022,English,Documentary,NR,Andy Mitchell,"Neil Wilson, Kristyn Vitale, Maryna Savitska, Svitlana Savytska, Wailani Sung, Yuki Hattori",https://www.filmcrave.com/movie_page_main.php?id=63535,Unknown
Dragon Rider,54461,3.0,1,09/10/2021,English,"Animation, Adventure",NR,Tomer Eshed,"Thomas Brodie-Sangster, Freddie Highmore, Felicity Jones, Patrick Stewart, Nonso Anozie, Sanjeev Bhaskar",https://www.filmcrave.com/movie_page_main.php?id=63536,Unknown
Babylon,8712,2.6,14,12/25/2022,English,Drama,R,Damien Chazelle,"Margot Robbie, Brad Pitt, Jean Smart, Diego Calva, Li Jun Li, Max Minghella",https://www.filmcrave.com/movie_page_main.php?id=63537,Hedonism and ambition go hand-in-hand as we follow the rise and fall and fates of several characters during the glamourous excess of the days of early Hollywood. --
Catherine Called Birdy,11818,2.8,4,09/23/2022,English,Adventure,PG-13,Lena Dunham,"Bella Ramsey, Andrew Scott, Billie Piper, Dean-Charles Chapman, Sophie Okonedo, Isis Hainsworth",https://www.filmcrave.com/movie_page_main.php?id=63538,"Taking place in medieval England, 14-year-old Catherine navigates her own life while trying to outwit the potential suitors her father has lined up for her. --"
I Used to Be Famous,54638,3.0,1,09/16/2022,English,"Comedy, Drama",Unknown,Eddie Sternberg,"Ed Skrein, Eoin Macken, Lorraine Ashbourne, Eleanor Matsuura, Neil Stuke, Leo Long",https://www.filmcrave.com/movie_page_main.php?id=63539,"Vince was once a popstar and is now desperate to make a comeback. Stevie is a young, autistic drummer who makes beats on the street. When the two find themselves in an impromptu jam session, they form an unlikely bond - and find a friendship that may help both misunderstood musicians. --"
The American Dream and Other Fairy Tales,54640,3.0,1,09/23/2022,English,Documentary,Unknown,"Abigail Disney, Kathleen Hughes",Abigail Disney,https://www.filmcrave.com/movie_page_main.php?id=63540,Unknown
My Best Friend's Exorcism,60339,2.0,1,09/30/2022,English,"Comedy, Horror",R,Damon Thomas,"Elsie Fisher, Amiah Miller, Cathy Ang, Rachel Ogechi Kanu, Christopher Lowell, Clayton Royal Johnson",https://www.filmcrave.com/movie_page_main.php?id=63541,Unknown
The Whale,5955,2.7,13,12/09/2022,English,Drama,R,Darren Aronofsky,"Brendan Fraser, Sadie Sink, Hong Chau, Ty Simpkins, Samantha Morton, Ryan Heinke",https://www.filmcrave.com/movie_page_main.php?id=63542,"Charlie is a reclusive and morbidly obese English teacher who has long been estranged from his daughter and ex-wife after an affair. Now seemingly eating himself to a slow death, with his nurse his only friend, he seeks to reconnect with his daughter and find some redemption before the end. --"
Dead for a Dollar,31522,2.2,3,09/30/2022,English,"Western, Thriller",R,Walter Hill,"Rachel Brosnahan, Willem Dafoe, Christoph Waltz, Hamish Linklater, Benjamin Bratt, Brandon Scott",https://www.filmcrave.com/movie_page_main.php?id=63543,Unknown
Risen,54450,3.0,1,08/20/2021,English,"Drama, Sci-Fi",NR,Eddie Arya,"Dominic Stone, Michela Carattini, Kenneth Trujillo, Nicole Schalmo, Ken Welsh, Natasha Thomas",https://www.filmcrave.com/movie_page_main.php?id=63544,Unknown
Nail Bomber: Manhunt,26413,3.0,2,05/26/2021,English,"Documentary, Crime",NR,Daniel Vernon,"David Copeland, Talent Chioma Mundy-Castle, Lee Walden,  Gus McGrouther, Mike Franklin, Simon Foy",https://www.filmcrave.com/movie_page_main.php?id=63545,This documentary follows the investigation of the 1999 nail bombings in London that left communities traumatized and terrified.
Memories of a Murderer: The Nilsen Tapes,33128,2.8,2,08/18/2021,English,"Documentary, Crime",NR,Michael Harte,"Elizabeth Scott,  Steve McCusker, Russ Coffey, Martyn Hunter-Craig, Bob Brenton, Douglas Bence",https://www.filmcrave.com/movie_page_main.php?id=63546,"Documentary follows the investigation of the Serial killer Dennis Nilsen, interspersed with the audio recordings he made from his jail cell."
Afterlife of the Party,54454,3.0,1,09/02/2021,English,"Comedy, Fantasy",NR,Stephen Herek,"Victoria Justice, Midori Francis, Robyn Scott, Adam Garcia, Timothy Renouf, Gloria Garcia",https://www.filmcrave.com/movie_page_main.php?id=63547,Unknown
Blade,38410,2.5,2,12/31/2026,English,"Action, Fantasy",Unknown,Unknown,"Mahershala Ali, Delroy Lindo, Aaron Pierre",https://www.filmcrave.com/movie_page_main.php?id=63548,Unknown
Guardians of the Galaxy Vol. 3,1993,3.0,22,05/05/2023,English,"Action, Adventure",PG-13,James Gunn,"Chris Pratt, Zoe Saldana, Dave Bautista, Will Poulter, Bradley Cooper, Karen Gillan",https://www.filmcrave.com/movie_page_main.php?id=63549,"The Guardians have faces many trials, but the loss of Gamora still affects them all - and the alternate replacement can't heal the scars left behind. But a new threat emerges in the form of The High Evolutionary - who seeks his own perfect world no matter the cost - and who has a connection of Rocket's past. They also must contend with The Sovereign, whose artificial being, Adam Warlock, has finally been released. Between the two, the Guardians may finally find themselves going their separate ways - provided they can survive. --"
Chicken Run: Dawn of the Nugget,17371,2.5,4,12/15/2023,English,"Animation, Adventure",Unknown,Sam Fell,"Thandiwe Newton, Zachary Levi, Bella Ramsey, Imelda Staunton, David Bradley, Nick Mohammed",https://www.filmcrave.com/movie_page_main.php?id=63550,Unknown
The School for Good and Evil,45571,1.8,2,10/19/2022,English,"Action, Fantasy",PG-13,Paul Feig,"Cate Blanchett, Charlize Theron, Michelle Yeoh, Rachel Bloom, Ben Kingsley, Laurence Fishburne",https://www.filmcrave.com/movie_page_main.php?id=63551,Sophie and Agatha are best friends but things change when the pair find themselves whisked away to an enchanted school - which turns out both aspiring heroes and villains - and they end up on opposite sides of the epic battle. --
Bardo,6788,3.0,4,11/04/2022,Spanish,"Comedy, Drama",R,Alejandro G. Iñárritu,"Daniel Giménez Cacho, Meteora Fontana, Andrés Almeida, Daniel Damuzi, Fabiola Guajardo, Camila Flamenco",https://www.filmcrave.com/movie_page_main.php?id=63552,Unknown
The Most Dangerous Game,54616,3.0,1,08/05/2022,English,Thriller,NR,Justin Lee,"Chris 'C.T.' Tamburello, Casper Van Dien, Judd Nelson, Randy Charach, Tom Berenger, Bruce Dern",https://www.filmcrave.com/movie_page_main.php?id=63553,Unknown
Showing Up,42142,2.3,2,10/05/2022,English,"Comedy, Drama",R,Kelly Reichardt,"Michelle Williams, Hong Chau, André 3000, Lauren Lakis, Jean-Luc Boucherot, Denzel Rodriguez",https://www.filmcrave.com/movie_page_main.php?id=63554,Unknown
The Wonder,4022,3.1,5,09/02/2022,English,"Drama, Mystery",R,Sebastián Lelio,"Florence Pugh, Ciarán Hinds, Niamh Algar, Tom Burke, Toby Jones, Elaine Cassidy",https://www.filmcrave.com/movie_page_main.php?id=63555,Unknown
All Quiet on the Western Front ( Im Westen nichts Neues ),501,3.3,18,10/28/2022,German,"Drama, War",R,Edward Berger,"Daniel Brühl, Felix Kammerer, Joe Weintraub, Sebastian Hülk, Albrecht Schuch, Anton von Lucke",https://www.filmcrave.com/movie_page_main.php?id=63556,"Follows a group of young, idealistic germans who quickly enlist during WWI whose lives are shattered by the brutal reality of the war. --"
Luckiest Girl Alive,17524,2.4,5,10/07/2022,English,"Drama, Mystery",R,Mike Barker,"Mila Kunis, Finn Wittrock, Connie Britton, Scoot McNairy, Chiara Aurelia, Jennifer Beals",https://www.filmcrave.com/movie_page_main.php?id=63557,"Ani FaNelli seems to have it all - a high-class New Yorker with a dream job and a Nantucket wedding on the horizon but when a documentary filmmaker approaches her doing a story about a shocking incident that took place when she was a teen at the prestigious Brentley School, her meticulously crafted life begins to unravel, threatening all she has built towards. --"
The Good Nurse,6082,2.8,8,10/26/2022,English,"Biography, Crime",R,Tobias Lindholm,"Jessica Chastain, Eddie Redmayne, Kim Dickens, Noah Emmerich, Malik Yoba, Ajay Naidu",https://www.filmcrave.com/movie_page_main.php?id=63558,"Amy is a single mother, living with a life-threatening heart condition while also pushing herself to her physical and emotional limits as a night shift ICU nurse. When Charlie arrives, she finds a kindred spirit that helps her deal with her life but just when things seem to be getting better, a rash of patient deaths, seemingly pointed at Charlie, makes her take big risks to uncover a dark secret. --"
Lifemark,54635,3.0,1,09/09/2022,English,Drama,PG-13,Kevin Peeples,"Kirk Cameron, Raphael Ruggero, Alex Kendrick, Dawn Long, Marisa Lynae Hampton, Rebecca Rogers",https://www.filmcrave.com/movie_page_main.php?id=63559,"David is 18 and living a great life - one that is about to make an abrupt turn when, out of the blue, the mother that gave him up for adoption reaches out to meet him. --"
Wuthering Heights,48762,3.0,1,12/23/1970,English,"Drama, Romance",G,Robert Fuest,"Anna Calder-Marshall, Timothy Dalton, Harry Andrews, Pamela Brown, Judy Cornwell, James Cossins",https://www.filmcrave.com/movie_page_main.php?id=63560,Unknown
Peter von Kant,54630,3.0,1,09/02/2022,French,Drama,NR,François Ozon,"Denis Ménochet, Isabelle Adjani, Khalil Ben Gharbia, Hanna Schygulla, Stefan Crepon, Aminthe Audiard",https://www.filmcrave.com/movie_page_main.php?id=63561,Unknown
The Promise,49172,3.0,1,03/08/1979,English,"Drama, Romance",PG,Gilbert Cates,"Kathleen Quinlan, Stephen Collins, Beatrice Straight, Laurence Luckinbill, William Prince, Michael O'Hare",https://www.filmcrave.com/movie_page_main.php?id=63562,Unknown
"Last Romantic Lover, The ( dernier amant romantique, Le )",49199,3.0,1,10/05/1979,French,"Drama, Romance",R,Just Jaeckin,"Dayle Haddon, Gérard Ismaël, Fernando Rey, Yann Babilée, Georges Beller, Ben Simon",https://www.filmcrave.com/movie_page_main.php?id=63563,Unknown
The Sporting Club,48778,3.0,1,02/28/1971,English,"Comedy, Drama",R,Larry Peerce,"Robert Fields, Margaret Blye, Nicolas Coster, Jack Warden, Richard Dysart, William Roerick",https://www.filmcrave.com/movie_page_main.php?id=63564,Unknown
The Ghost of Peter Sellers,26401,3.0,2,01/03/2021,English,Documentary,NR,Peter Medak,"Peter Medak, Joe Dunne, Simon van der Borgh, Peter Sellers, Norma Farnes, Susan Wood",https://www.filmcrave.com/movie_page_main.php?id=63565,Unknown
Hypnotic,54484,3.0,1,10/27/2021,English,"Mystery, Thriller",NR,"Matt Angel, Suzanne Coote","Kate Siegel, Jason O'Mara, Dulé Hill, Lucie Guest, Jaime M. Callica,  Tanja Dixon-Warren",https://www.filmcrave.com/movie_page_main.php?id=63566,Unknown
Running With The Devil: The Wild World of John McAfee,23112,2.5,3,08/24/2022,English,"Documentary, Crime",NR,Charlie Russell,"John McAfee, Samantha Herrera, Greg Gutfeld, Neil Cavuto, John Stossel, Janice Dyson",https://www.filmcrave.com/movie_page_main.php?id=63567,This documentary follows John McAfee as he becomes a fugitive pursued by authorities through multiple countries.
The War Below,54472,3.0,1,10/01/2021,English,"Drama, War",NR,J.P. Watts,"Sam Hazeldine, Tom Goodman-Hill, Kris Hitchen, Elliot James Langridge, Sam Clemmett, Joseph Steyne",https://www.filmcrave.com/movie_page_main.php?id=63568,Unknown
A Castle for Christmas,54502,3.0,1,11/26/2021,English,"Adventure, Comedy",NR,Mary Lambert,"Brooke Shields, Cary Elwes, Lee Ross, Andi Osho, Tina Gray, Eilidh Loan",https://www.filmcrave.com/movie_page_main.php?id=63569,Unknown
The Estate,23961,2.3,4,11/04/2022,English,Comedy,R,Dean Craig,"Toni Collette, Anna Faris, Kathleen Turner, David Duchovny, Rosemarie DeWitt, Ron Livingston",https://www.filmcrave.com/movie_page_main.php?id=63570,A pair of polar opposite sisters decide to join forces in order to win over their terminally-ill and eternally-crotchety aunt in order to get a piece of her sizeable inheritance - only to realize that most everyone else in their family has the same idea. --
Close,8296,2.8,6,01/27/2023,Dutch,Drama,PG-13,Lukas Dhont,"Eden Dambrine, Gustav De Waele, Émilie Dequenne, Léa Drucker, Léon Bataille, Kevin Janssens",https://www.filmcrave.com/movie_page_main.php?id=63571,"Léo and Rémi have been life-long friends but the two 13-year-old boys find their bond torn asunder. Léo turns to Sophie, Rémi's mother, in hopes of healing their relationship. --"
Big Freaking Rat,60257,2.0,1,10/13/2020,English,"Comedy, Horror",R,Thomas J. Churchill,"Caleb Thomas, Nino Aldi, Michael Cervantes, Mark Hoadley, Theresa Ireland, Cece Kelly",https://www.filmcrave.com/movie_page_main.php?id=63572,Unknown
The People We Hate at the Wedding,40016,1.8,3,11/18/2022,English,Comedy,R,Claire Scanlon,"Cynthia Addai-Robinson, Kristen Bell, Allison Janney, Dustin Milligan, Tony Goldwyn, John Macmillan",https://www.filmcrave.com/movie_page_main.php?id=63573,Unknown
Something in the Dirt,26432,3.0,2,11/04/2022,English,"Comedy, Horror",R,"Justin Benson, Aaron Moorhead","Aaron Moorhead, Justin Benson, Sarah Adina Smith, Megan Rosati, Vinny Curran, Gille Klabin",https://www.filmcrave.com/movie_page_main.php?id=63574,"Levi Danube has just moved into his apartment and meets fellow tenant John Daniels. Shortly after, the pair witness an unexplained phenomena and, sensing money to be made, go about creating their own documentary about it. But the further they go down a paranoid rabbit hole trying to explain things, the more frayed their lives get revealing dark chapters in both their lives. --"
Summit Fever,60344,2.0,1,10/14/2022,English,Drama,R,Julian Gilbey,"Ryan Phillippe, Hannah New, Freddie Thorp, Mathilde Warnier, Gianmarco Saurino, Laura Ferries",https://www.filmcrave.com/movie_page_main.php?id=63575,Unknown
The Garfield Movie,17526,2.4,5,05/24/2024,English,"Animation, Comedy",PG,Mark Dindal,"Chris Pratt, Hannah Waddingham, Samuel L. Jackson, Nicholas Hoult, Ving Rhames, Cecily Strong",https://www.filmcrave.com/movie_page_main.php?id=63576,Unknown
Night Games ( Nattlek ),48560,3.0,1,12/16/1966,English,Drama,NR,Mai Zetterling,"Ingrid Thulin, Keve Hjelm, Lena Brundin, Jörgen Lindström, Naima Wifstrand, Monica Zetterlund",https://www.filmcrave.com/movie_page_main.php?id=63577,Unknown
The Velvet Underground,54479,3.0,1,10/15/2021,English,Documentary,R,Todd Haynes,"John Waters, Mary Woronov, Jackson Browne, Jonathan Richman, John Cale, Danny Fields",https://www.filmcrave.com/movie_page_main.php?id=63578,Unknown
The First Turn-On!!,49322,3.0,1,11/01/1983,English,Comedy,R,"Michael Herz, Lloyd Kaufman","Georgia Harrell, Michael Sanville, Googy Gress, John Flood, Heidi Miller, Al Pia",https://www.filmcrave.com/movie_page_main.php?id=63579,Unknown
Alma's Rainbow,49723,3.0,1,06/23/1994,English,"Comedy, Drama",NR,Ayoka Chenzira,"Kim Weston-Moran, Victoria Gabrielle Platt, Mizan Kirby, Lee Dobson, Jennifer Copeland, Keyonn Sheppard",https://www.filmcrave.com/movie_page_main.php?id=63580,Unknown
One Hundred Steps ( I cento passi ),50209,3.0,1,09/01/2000,Italian,"Biography, Crime",NR,Marco Tullio Giordana,"Luigi Lo Cascio, Luigi Maria Burruano, Lucia Sardo, Paolo Briguglia, Tony Sperandeo, Andrea Tidona",https://www.filmcrave.com/movie_page_main.php?id=63581,Unknown
Fire aka Both Sides of the Blade ( Avec amour et acharnement ),54603,3.0,1,07/08/2022,French,"Drama, Romance",NR,Claire Denis,"Juliette Binoche, Vincent Lindon, Grégoire Colin, Bulle Ogier, Issa Perica, Alice Houri",https://www.filmcrave.com/movie_page_main.php?id=63582,Unknown
The Amazing Maurice,38393,2.5,2,02/03/2023,English,"Animation, Family",PG,"Toby Genkel, Florian Westermann","Hugh Laurie, Emilia Clarke, David Thewlis, Himesh Patel, Gemma Arterton,  Joe Sugg",https://www.filmcrave.com/movie_page_main.php?id=63583,A streetwise cat befriends a not-to-wise pipe-playing kid and his horde of surprisingly literate rats but his grand scheme involves a money-making scam. --
"Ambush, The ( Al Kameen )",54500,3.0,1,11/25/2021,Arabic,"Drama, War",R,Pierre Morel,"Omar Bin Haider, Marwan Abdullah, Mohammed Ahmed, Mansoor Al-Fili, Khalifa Albahri, Hassan Yousuf Alblooshi",https://www.filmcrave.com/movie_page_main.php?id=63584,Unknown
Lady Chatterley's Lover,60352,2.0,1,12/02/2022,English,"Drama, Romance",R,Laure de Clermont-Tonnerre,"Emma Corrin, Joely Richardson, Faye Marsay, Jack O'Connell, Ella Hunt, Nicholas Bishop",https://www.filmcrave.com/movie_page_main.php?id=63585,Unknown
Project Legion,54651,3.0,1,10/11/2022,English,"Horror, Sci-Fi",R,Lance Kawas,"Brande Roderick, Kelly Lynn Reiter, Donald Cerrone, Chris Maher, Vincent E. McDaniel, Danny R. Casillas",https://www.filmcrave.com/movie_page_main.php?id=63586,Unknown
The Sea Beast,9345,2.6,9,06/24/2022,English,"Animation, Adventure",PG,Chris Williams,"Karl Urban, Zaris-Angel Hator, Jared Harris, Marianne Jean-Baptiste, Brian T. Delaney, Xana Tang",https://www.filmcrave.com/movie_page_main.php?id=63587,Unknown
The Valet,54579,3.0,1,05/20/2022,English,Comedy,PG-13,Richard Wong,"Eugenio Derbez, Samara Weaving, Max Greenfield, Betsy Brandt, Carmen Salinas, Amaury Nolasco",https://www.filmcrave.com/movie_page_main.php?id=63588,Unknown
Metal Lords ,54556,3.0,1,04/08/2022,English,Comedy,R,Peter Sollett,"Jaeden Martell, Adrian Greensmith, Isis Hainsworth, Brett Gelman, Analesa Fisher, Michelle Mao",https://www.filmcrave.com/movie_page_main.php?id=63589,Unknown
Batman: The Long Halloween Part One,26414,3.0,2,06/22/2021,English,"Animation, Action",PG-13,Chris Palmer,"Jensen Ackles, Josh Duhamel, Naya Rivera,  Troy Baker, Billy Burke, David Dastmalchian",https://www.filmcrave.com/movie_page_main.php?id=63590,Unknown
"Batman: The Long Halloween, Part Two",26415,3.0,2,07/27/2021,English,"Animation, Action",R,Chris Palmer,"Jensen Ackles, Josh Duhamel, Naya Rivera, Troy Baker, Laila Berzins, Billy Burke",https://www.filmcrave.com/movie_page_main.php?id=63591,Unknown
The Anthrax Attacks: In the Shadow of 9/11,45007,2.0,2,09/08/2022,English,"Documentary, Crime",NR,Dan Krauss,"Clark Gregg, Regan Burns, Brigitte Kali Canales, Tongayi Chirisa, Peri Gilpin, Chris Johnson",https://www.filmcrave.com/movie_page_main.php?id=63592,Unknown
Flight/Risk,54634,3.0,1,09/09/2022,English,Documentary,PG,"Karim Amer, Omar Mullick","Dominic Gates, Zipporah Kuria, Justin Green, Edward Pierson, Eric Havian, Peter A. DeFazio",https://www.filmcrave.com/movie_page_main.php?id=63593,Unknown
Skyway,56062,2.0,1,08/30/1933,English,"Comedy, Crime",NR,Lewis D. Collins,"Ray Walker, Kathryn Crawford, Arthur Vinton, Claude Gillingwater, Lucien Littlefield, Tom Dugan",https://www.filmcrave.com/movie_page_main.php?id=63594,Unknown
Facing Nolan,26426,3.0,2,05/24/2022,English,Documentary,NR,Bradley Jackson,"Nolan Ryan, Robert Goldman, Mike MacRae, Joe Posnanski",https://www.filmcrave.com/movie_page_main.php?id=63595,Unknown
American Refugee,54507,3.0,1,12/10/2021,English,"Drama, Horror",NR,Ali LeRoi,"Erika Alexander, Derek Luke, Vince Mattis, Sam Trammell, Zamani Wilder, Jessi Case",https://www.filmcrave.com/movie_page_main.php?id=63596,Unknown
Hold Me Tight ( Serre moi fort ),38368,2.5,2,03/06/2022,French,Drama,NR,Mathieu Amalric,"Vicky Krieps, Arieh Worthalter, Anne-Sophie Bowen-Chatet, Sacha Ardilly, Juliette Benveniste, Aurèle Grzesik",https://www.filmcrave.com/movie_page_main.php?id=63597,Unknown
"Good Boss, The ( buen patrón, El )",54625,3.0,1,08/26/2022,Spanish,"Comedy, Drama",NR,Fernando León de Aranoa,"Javier Bardem, Manolo Solo, Almudena Amor, Óscar de la Fuente, Sonia Almarcha, Fernando Albizu",https://www.filmcrave.com/movie_page_main.php?id=63598,Unknown
Deadpool & Wolverine,798,3.2,23,07/24/2024,English,"Action, Comedy",R,Shawn Levy,"Ryan Reynolds, Hugh Jackman, Matthew Macfadyen, Morena Baccarin, Brianna Hildebrand, Jennifer Garner",https://www.filmcrave.com/movie_page_main.php?id=63599,Unknown
Oregonda,33144,2.8,2,01/10/2023,English,"Drama, Sci-Fi",NR,"Eric Shook, Leanne Johnson","Eric Shook, Leanne Johnson, Jeff Angel, Jonni Shandor, Kevin Wallace, Jonathan Martin",https://www.filmcrave.com/movie_page_main.php?id=63600,"Oregonda is a reconnaissance spacecraft that is sent on a secret mission with a Skelton crew onboard. Behind enemy lines Captain Leila Collins and Major Remus Hughes find their self-spiraling into a situation they may never be able to return home. They cannot contact Star Force Galactic Command, so they must find a way back home on their own."
Aftersun,968,3.2,11,10/21/2022,English,Drama,R,Charlotte Wells,"Paul Mescal, Frankie Corio, Celia Rowlson-Hall, Kayleigh Coleman, Sally Messham, Harry Perdios",https://www.filmcrave.com/movie_page_main.php?id=63601,Unknown
Disenchanted,31603,2.8,2,11/24/2022,English,"Adventure, Comedy",PG,Adam Shankman,"Amy Adams, Patrick Dempsey, James Marsden, Maya Rudolph, Gabriella Baldacchino, Idina Menzel",https://www.filmcrave.com/movie_page_main.php?id=63602,"Ten years after her happily even after, Giselle begins to question her decisions but a visit from the king and queen of Andalasia - friends Edward and Nancy - make her realize one wish is all she needs for the perfect fairytale life. Yet her plans backfire and soon she must rush to make things right - and before she becomes the villain in her own story. --"
The Flagmakers,60336,2.0,1,09/18/2022,English,Documentary,PG-13,"Sharon Liese, Cynthia Wade",Unknown,https://www.filmcrave.com/movie_page_main.php?id=63603,Unknown
Planet of the Astronauts,38360,2.5,2,01/14/2022,English,"Adventure, Comedy",R,Justin Souriau-Levine,"Justin Souriau-Levine, Adil Chokairy, Roger Younger, Emily Hobbs, Haitham Wahab, Sébastien Freland",https://www.filmcrave.com/movie_page_main.php?id=63604,Unknown
Strays,24616,2.1,7,08/18/2023,English,"Animation, Comedy",R,Josh Greenbaum,"Will Ferrell, Jamie Foxx, Isla Fisher, Randall Park, Will Forte, Jade Fernandez",https://www.filmcrave.com/movie_page_main.php?id=63605,"When he is abruptly abandoned by his owner, Reggie teams up with a group of other stray dogs in order to exact his revenge. --"
The Man Outside,56051,2.0,1,01/01/1933,English,"Crime, Drama",NR,George A. Cooper,"Henry Kendall, John Turnbull, Cyril Raymond, Louis Hayward, Michael Hogan, Ethel Warwick",https://www.filmcrave.com/movie_page_main.php?id=63606,Unknown
A Woman's Man,56084,2.0,1,02/07/1934,English,"Comedy, Drama",NR,Edward Ludwig,"John Halliday, Marguerite De La Motte, Wallace Ford, Kitty Kelly, Jameson Thomas, Tom Dugan",https://www.filmcrave.com/movie_page_main.php?id=63607,Unknown
Badge of Honor,56093,2.0,1,04/01/1934,English,"Drama, Romance",PG,Spencer Gordon Bennet,"Buster Crabbe, Ruth Hall, Ralph Lewis, Betty Blythe, John Trent, Ernie Adams",https://www.filmcrave.com/movie_page_main.php?id=63608,Unknown
Gonjiam:Haunted Asylum ( Gon-ji-am ),23076,2.5,3,04/13/2018,Korean,Horror,NR,Beom-sik Jeong,"Wi Ha-joon, Yoo Je-Yoon, Seung-Wook Lee, Ye-Won Mun, Ah-yeon Oh, Ji-Hyun Park",https://www.filmcrave.com/movie_page_main.php?id=63609,Unknown
Dangerous Ground,56125,2.0,1,10/29/1934,English,"Mystery, Crime",NR,Norman Walker,"Malcolm Keen, Jack Raine, Joyce Kennedy, Martin Lewis, Kathleen Kelly, Gordon Begg",https://www.filmcrave.com/movie_page_main.php?id=63610,Unknown
Danny Boy,56128,2.0,1,11/12/1934,English,Musical,NR,Oswald Mitchell,"Frank Forbes-Robertson, Dorothy Dickson, Archie Pitt, Ronnie Hepworth, Denis O'Neil, Cyril Ritchard",https://www.filmcrave.com/movie_page_main.php?id=63611,Unknown
Ferocious Pal,47386,3.0,1,04/30/1934,English,Western,NR,Spencer Gordon Bennet,"Gene Toler, Ruth Sullivan, Robert Seiter, Kazan the Wonder Dog, Harry Dunkinson, Tom London",https://www.filmcrave.com/movie_page_main.php?id=63612,Unknown
Hollywood Mystery,56112,2.0,1,06/21/1934,English,Drama,NR,B. Reeves Eason,"June Clyde, Frank Albertson, José Crespo, Tenen Holtz, John Davidson, Stanley Price",https://www.filmcrave.com/movie_page_main.php?id=63613,Unknown
Once in a New Moon,56136,2.0,1,12/31/1934,English,Sci-Fi,NR,Anthony Kimmins,"Eliot Makeham, Rene Ray, Morton Selten, Wally Patch, Derrick De Marney, John Clements",https://www.filmcrave.com/movie_page_main.php?id=63614,Unknown
Radio Parade of 1935,56133,2.0,1,12/12/1934,English,"Comedy, Musical",NR,Arthur B. Woods,"Will Hay, Helen Chandler, Clifford Mollison, Davy Burnaby, Alfred Drayton, Billy Bennett",https://www.filmcrave.com/movie_page_main.php?id=63615,Unknown
Scream VI,4492,2.8,21,03/10/2023,English,"Horror, Mystery",R,"Matt Bettinelli-Olpin, Tyler Gillett","Melissa Barrera, Jenna Ortega, Courteney Cox, Jasmin Savoy Brown, Mason Gooding, Hayden Panettiere",https://www.filmcrave.com/movie_page_main.php?id=63616,"After surviving the most recent Ghostface killings in Woodsboro, the remaining group packs up for New York only to learn that putting the past behind them will not be so easy as a new wave of killings begins. --"
Cocaine Bear,9229,2.5,22,02/24/2023,English,Thriller,R,Elizabeth Banks,"Ray Liotta, Keri Russell, Kristofer Hivju, Alden Ehrenreich, Margo Martindale, O'Shea Jackson Jr.",https://www.filmcrave.com/movie_page_main.php?id=63617,"When a drug-laden plane crash-lands in the forests of Gerogia, a 500-pound bear ingests the product leading to rampage where no one - criminals, cops, tourists or teens - is safe from the carnage. --"
Saloum,10531,2.7,5,09/30/2021,French,"Action, Horror",NR,Jean Luc Herbulot,"Yann Gael, Evelyne Ily Juhen, Roger Sallah, Mentor Ba, Bruno Henry, Marielle Salmier",https://www.filmcrave.com/movie_page_main.php?id=63618,Unknown
Transformers: Rise of the Beasts,20462,2.1,12,06/09/2023,English,"Action, Romance",PG-13,Steven Caple Jr.,"Ron Perlman, Anthony Ramos, Pete Davidson, Michelle Yeoh, Peter Cullen, Dominique Fishback",https://www.filmcrave.com/movie_page_main.php?id=63619,"Noah Diaz finds himself turning car thief to help his younger ailing brother while Elena Wallace is a whip-smart museum aide who lives in her bosses' shadow. Both will find themselves caught up in an intergalactic showdown when they meet the Transformers - and their beastly ancestors - in race to stop Omicron, an all-consuming entity and his minions from destroying Earth. --"
"Goodbye, Don Glees! ( Gubbai, Don Gurîzu! )",54636,3.0,1,09/14/2022,Japanese,"Anime, Drama",PG,Atsuko Ishizuka,"Natsuki Hanae, Yûki Kaji, Ayumu Murase, Kana Hanazawa, Rino Sashihara, Atsushi Tamura",https://www.filmcrave.com/movie_page_main.php?id=63620,Unknown
The Little Mermaid,15753,2.3,11,05/26/2023,English,"Adventure, Family",PG,Rob Marshall,"Halle Bailey, Jonah Hauer-King, Melissa McCarthy, Javier Bardem, Jacob Tremblay, Daveed Diggs",https://www.filmcrave.com/movie_page_main.php?id=63621,"Ariel, the youngest daughter of King Triton, is a mermaid who dreams of life outside the sea - especially after an encounter with a dashing prince. The king forbids this but Ariel seeks out the sea witch, Ursula, in order to make a bargain - trading her voice for legs. But this bargain comes at a much higher price if she can't convince the prince to marry her. --"
Americanish,54431,3.0,1,05/23/2021,English,Comedy,PG-13,Iman Zawahry,"Anuja Joshi, David Rasche, Mohammed Amer, George Wendt, Ajay Naidu, Lillete Dubey",https://www.filmcrave.com/movie_page_main.php?id=63622,Unknown
Battle for Saipan,45010,2.0,2,11/25/2022,English,"Action, War",R,Brandon Slagle,"Casper Van Dien, Jeff Fahey, Louis Mandylor, Jennifer Wenger, Devanny Pinn, Eoin O'Brien",https://www.filmcrave.com/movie_page_main.php?id=63623,Unknown
Four Samosas,54670,3.0,1,12/02/2022,English,"Action, Comedy",PG-13,Ravi Kapoor,"Venk Potula, Sonal Shah, Sharmita Bhattacharya, Nirvan Patnaik, Karan Soni, Summer Bishil",https://www.filmcrave.com/movie_page_main.php?id=63624,A would-be South Asian American rapper recruits a trio of first-time thieves in order to break into  a grocery store owned by her ex-girlfriend's father in order to steal her wedding diamonds and throw a wrench into her engagement. --
Marlowe,29807,1.9,6,02/16/2023,English,Thriller,R,Neil Jordan,"Liam Neeson, Diane Kruger, Jessica Lange, Adewale Akinnuoye-Agbaje, Colm Meaney, Ian Hart",https://www.filmcrave.com/movie_page_main.php?id=63625,"Bay City, 1930s, a down-and-out detective takes on the case of tracking down an ex-lover of a glamorous heiress. --"
Selena Gomez: My Mind & Me,60346,2.0,1,11/02/2022,English,Documentary,R,Alek Keshishian,Selena Gomez,https://www.filmcrave.com/movie_page_main.php?id=63626,Unknown
Raymond and Ray,40170,2.3,2,10/21/2022,English,"Comedy, Drama",R,Rodrigo García,"Ethan Hawke, Ewan McGregor, Vondie Curtis-Hall, Sophie Okonedo, Maribel Verdú, Tom Bower",https://www.filmcrave.com/movie_page_main.php?id=63627,"Half brothers Raymond and Ray find themselves coming together at their estranged father's funeral where he has one, final request: that the two of them dig his grave. This allows the pair to discover who they have become both because - and in spite of - their late dad. --"
Rosaline,54652,3.0,1,10/14/2022,English,"Comedy, Romance",PG-13,Karen Maine,"Kaitlyn Dever, Isabela Merced, Sean Teale, Kyle Allen, Spencer Stevenson, Bradley Whitford",https://www.filmcrave.com/movie_page_main.php?id=63628,"Before Romeo met Juliet, he was with Rosaline and the world's most romantic epic is given a new twist when seen through the eyes of this jilted ex. --"
"Cousin from Nowhere, The ( Vetter aus Dingsda, Der )",56229,2.0,1,01/31/1936,German,Drama,NR,Georg Zoch,"Lien Deyers, Lizzi Holzschuh, Walter von Lennep, Rudolf Platte, Paul Heidemann, Jakob Tiedtke",https://www.filmcrave.com/movie_page_main.php?id=63629,Unknown
The Black Abbot,56108,2.0,1,05/21/1934,English,"Comedy, Crime",NR,George A. Cooper,"John Stuart, Richard Cooper, Edgar Norfolk, Ben Welden, Farren Soutar, John Turnbull",https://www.filmcrave.com/movie_page_main.php?id=63630,Unknown
The Vagabond Violinist aka Broken Melody,47422,3.0,1,10/30/1934,English,"Drama, Musical",NR,Bernard Vorhaus,"John Garrick, Margot Grahame, Merle Oberon, Austin Trevor, Charles Carson, Conway Dixon",https://www.filmcrave.com/movie_page_main.php?id=63631,Unknown
"1,000 Dollars a Minute",56199,2.0,1,10/22/1935,English,"Comedy, Romance",NR,Aubrey Scotto,"Roger Pryor, Leila Hyams, Edward Brophy, Sterling Holloway, Edgar Kennedy, Purnell Pratt",https://www.filmcrave.com/movie_page_main.php?id=63632,Unknown
Seal Team,54509,3.0,1,12/31/2021,English,"Animation, Action",NR,"Greig Cameron, Kane Croudace","J.K. Simmons, Dolph Lundgren, Sharlto Copley, Jessie T. Usher, Patrick Warburton, Matthew Rhys",https://www.filmcrave.com/movie_page_main.php?id=63633,Unknown
The Fare,16239,3.5,2,12/09/2018,English,"Mystery, Romance",NR,D.C. Hamilton,"Gino Anthony Pesi, Brinna Kelly, Jason Stuart, Jon Jacobs, Matty Fontana, Jeff Blum",https://www.filmcrave.com/movie_page_main.php?id=63634,Unknown
The Tiger's Apprentice,45572,1.8,2,02/02/2024,English,"Animation, Action",PG,"Raman Hui, Yong Duk Jhun, Paul Watling","Michelle Yeoh, Henry Golding, Sandra Oh, Deborah S. Craig, Patrick Gallagher, Bowen Yang",https://www.filmcrave.com/movie_page_main.php?id=63635,Unknown
Teenage Mutant Ninja Turtles: Mutant Mayhem ,4256,2.9,8,08/02/2023,English,"Animation, Action",PG,"Jeff Rowe, Kyler Spears","Nicolas Cantu, Shamon Brown Jr., Brady Noon, Micah Abbey, Ayo Edebiri, Jackie Chan",https://www.filmcrave.com/movie_page_main.php?id=63636,"In order to prove to the city of New York they can be heroes, the young Turtle brothers must face off against a group of evil mutants who think humans are inferior - and must be eliminated. --"
The Color Purple,5599,2.9,6,12/25/2023,English,"Drama, Musical",PG-13,Blitz Bazawule,"Halle Bailey, Taraji P. Henson, Elizabeth Marvel, David Alan Grier, Danielle Brooks, Louis Gossett Jr.",https://www.filmcrave.com/movie_page_main.php?id=63637,Unknown
Enola Holmes 2,10345,2.7,5,11/04/2022,English,"Action, Adventure",PG-13,Harry Bradbeer,"Millie Bobby Brown, Henry Cavill, Helena Bonham Carter, David Thewlis, Louis Partridge, Adeel Akhtar",https://www.filmcrave.com/movie_page_main.php?id=63638,Unknown
Fantastic Four: First Steps The,38407,2.5,2,07/25/2025,English,"Action, Sci-Fi",Unknown,Matt Shakman,"Pedro Pascal, Vanessa Kirby, Joseph Quinn, Ebon Moss-Bacharach, Julia Garner, Ralph Ineson",https://www.filmcrave.com/movie_page_main.php?id=63639,Unknown
Avengers: Secret Wars,38411,2.5,2,05/07/2027,English,"Action, Sci-Fi",Unknown,Michael Waldron,"Chris Hemsworth, Benedict Cumberbatch, Mark Ruffalo, Kathryn Newton",https://www.filmcrave.com/movie_page_main.php?id=63640,Unknown
Chevalier,18962,2.7,3,04/21/2023,English,"Biography, Drama",PG-13,Stephen Williams,"Kelvin Harrison Jr., Samara Weaving, Marton Csokas, Lucy Boynton, Minnie Driver, Alec Newman",https://www.filmcrave.com/movie_page_main.php?id=63641,"Follows the true story of Joseph Bologne, Chevalier de Saint-Georges, who was born as the illegitimate son of an African slave and a French plantation owner but finds himself rising to the top of French society as a composer before a scandalous love affair brings him down. --"
Kingdom of the Planet of the Apes,5160,2.8,16,05/10/2024,English,"Action, Sci-Fi",PG-13,Wes Ball,"Owen Teague, Freya Allan, Kevin Durand, William H. Macy, Peter Macon, Lydia Peckham",https://www.filmcrave.com/movie_page_main.php?id=63642,"Three hundred years after the passing of Caesar, apes have evolved while humans have fallen. Noa is about to come of age in his Eagle Clan but the intrusion of a superior force leaves him for dead while taking his surviving clan captive. Vowing to get them back, he is joined by a young female human - who holds her own secrets - and one of the last, true followers of Caesar as they make their way to an oceanside stronghold where a mad tyrant holds sway. --"
A Haunting in Venice,7220,2.7,11,09/15/2023,English,"Crime, Drama",PG-13,Kenneth Branagh,"Kenneth Branagh, Kelly Reilly, Michelle Yeoh, Kyle Allen, Jamie Dornan, Tina Fey",https://www.filmcrave.com/movie_page_main.php?id=63643,"Following WWII, legendary detective Hercule Poirot has chosen to retire - and exile himself - in Venice. Reluctantly convinced to attend a séance - the night ends in murder and once again he finds his skills put to the test to uncover the culprit. --"
Hellraiser,12353,2.5,8,10/07/2022,English,"Horror, Thriller",R,David Bruckner,"Odessa A’zion, Jamie Clayton, Adam Faison, Drew Starkey, Brandon Flynn, Aoife Hinds",https://www.filmcrave.com/movie_page_main.php?id=63644,"A recovering addict trying to put her life in order follows her boyfriend to what she is told is an easy score for quick cash. But their robbery attempt only amounts to a single puzzle box, one with a dark history that soon leads to many deaths. Pointed towards a reclusive, hedonistic art dealer she and a small group look for answers and any hope to survive. --"
One Fine Morning ( Un beau matin ),54622,3.0,1,08/13/2022,French,"Drama, Romance",R,Mia Hansen-Løve,"Léa Seydoux, Pascal Greggory, Melvil Poupaud, Nicole Garcia, Camille Leban Martins, Sarah Le Picard",https://www.filmcrave.com/movie_page_main.php?id=63645,Unknown
One Piece Film: Red,54665,3.0,1,11/05/2022,Japanese,"Anime, Action",PG-13,Gorô Taniguchi,"Mayumi Tanaka, Akemi Okamura, Kenjirô Tsuda, Yuriko Yamaguchi, Kaori Nazuka, Shûichi Ikeda",https://www.filmcrave.com/movie_page_main.php?id=63646,Unknown
Soft & Quiet ,31519,2.2,3,03/12/2022,English,"Horror, Mystery",R,Beth de Araújo,"Stefanie Estes, Nina E. Jordan, Olivia Luccardi, Cissy Ly, Dana Millican, Eleanore Pienta",https://www.filmcrave.com/movie_page_main.php?id=63647,Unknown
Birdemic 2: The Resurrection,46637,1.8,2,04/10/2013,English,"Horror, Thriller",NR,James Nguyen,"Alan Bagh, Whitney Moore, Thomas Favaloro, Chelsea Turnbo, Thuan Luu, Brittany N. Pierce",https://www.filmcrave.com/movie_page_main.php?id=63648,Unknown
Terrifier 2,2951,3.0,10,10/06/2022,English,Horror,NR,Damien Leone,"Jenna Kanell, Lauren LaVera, David Howard Thornton, Catherine Corcoran, Griffin Santopietro, Felissa Rose",https://www.filmcrave.com/movie_page_main.php?id=63649,"A sinister force resurrects Art the Clown, who once again spends Halloween tearing apart lives in Miles County. --"
A Two Who Dared aka Woman Alone,56309,2.0,1,05/08/1937,English,"Drama, Romance",NR,Eugene Frenke,"Anna Sten, Henry Wilcoxon, Viola Keats, John Garrick, Romilly Lunge,  Esme Percy",https://www.filmcrave.com/movie_page_main.php?id=63650,Unknown
Down to the Sea,47580,3.0,1,05/30/1936,English,Drama,NR,Lewis D. Collins,"Russell Hardie, Ben Lyon, Ann Rutherford, Irving Pichel, Fritz Leiber, Vince Barnett",https://www.filmcrave.com/movie_page_main.php?id=63651,Unknown
Let's Make a Dream ( Faisons un rêve... ),56292,2.0,1,12/31/1936,French,"Comedy, Romance",NR,Sacha Guitry,"Sacha Guitry, Raimu, Jacqueline Delubac, Arletty, Louis Baron fils, Pierre Bertin",https://www.filmcrave.com/movie_page_main.php?id=63652,Unknown
Her Master's Voice,56226,2.0,1,01/17/1936,English,Comedy,NR,Joseph Santley,"Edward Everett Horton, Peggy Conklin, Laura Hope Crews,  Elizabeth Patterson, Grant Mitchell, Charles Coleman",https://www.filmcrave.com/movie_page_main.php?id=63653,Unknown
Jaws of the Jungle,47565,3.0,1,04/01/1936,English,Adventure,NR,Eddie Granemann,"Cliff Howell, Teeto, Minta, Gukar, Walla, Agena",https://www.filmcrave.com/movie_page_main.php?id=63654,Unknown
Miss Frontier Mail,56218,2.0,1,01/01/1936,Hindi,Drama,NR,Homi Wadia,"Fearless Nadia, Sardar Mansur, Sayani Atish, John Cawas, Master Mohammed, Manchi Thuthi",https://www.filmcrave.com/movie_page_main.php?id=63655,Unknown
My Father Was Right ( Mon père avait raison ),56285,2.0,1,11/27/1936,French,Comedy,NR,Sacha Guitry,"Sacha Guitry, Gaston Dubosc, Serge Grave, Paul Bernard, Jacqueline Delubac, Betty Daussmond",https://www.filmcrave.com/movie_page_main.php?id=63656,Unknown
Rising Wolf ( Ascendant ),54417,3.0,1,04/08/2021,English,"Fantasy, Mystery",NR,Antaine Furlong,"Charlotte Best, Jonny Pasvolsky, Karelina Clarke, Susan Prior, Andrew Jack, Lily Stewart",https://www.filmcrave.com/movie_page_main.php?id=63657,Unknown
Detective Knight: Redemption,45011,2.0,2,12/09/2022,English,"Action, Thriller",R,Edward Drake,"Bruce Willis, Corey Large, Lochlyn Munro, Beau Mirchoff, Paul Johansson, John Cassini",https://www.filmcrave.com/movie_page_main.php?id=63658,Unknown
The Super Mario Bros. Movie,4170,2.8,21,04/07/2023,English,Animation,PG,"Aaron Horvath, Michael Jelenic","Chris Pratt, Anya Taylor-Joy, Charlie Day, Jack Black, Keegan-Michael Key, Seth Rogen",https://www.filmcrave.com/movie_page_main.php?id=63659,"Brothers Mario and Luigi, a pair of Brooklyn plumbers, find themselves whisked away to the Mushroom Kingdom where Mario joins forces with a feisty Princess Peach and the intrepid Toad in order to rescue Luigi from the clutches of the maniacal Bowser - a fire-breathing monster intent on making the Mushroom Kingdom his next conquest. --"
Matriarch,54656,3.0,1,10/21/2022,English,Horror,NR,Ben Steiner,"Jemima Rooper, Kate Dickie, Sarah Paul, Simon Meacock, Nick Haverson, Franc Ashman",https://www.filmcrave.com/movie_page_main.php?id=63660,Unknown
The Mean One,60354,2.0,1,12/15/2022,English,Horror,NR,Steven LaMorte,"David Howard Thornton, Krystle Martin, Amy Schumacher, Chase Mullins, Stephanie Bates, Christopher Sanders",https://www.filmcrave.com/movie_page_main.php?id=63661,Unknown
Grand Jeté,54639,3.0,1,09/20/2022,French,Drama,NR,Isabelle Stever,"Sarah Nevada Grether, Emil von Schönfels, Susanne Bredehöft, Stefan Rudolf, Ellen Müller, Maya Kornev",https://www.filmcrave.com/movie_page_main.php?id=63662,Unknown
The Last of the Winthrops,54646,3.0,1,10/07/2022,English,"Documentary, Drama",PG,"Viviane Winthrop, Adam K. Singer","Viviane Winthrop, Claire Winthrop, Reginald Winthrop, Andrew Perez, Danny Perez, Rick Larsen",https://www.filmcrave.com/movie_page_main.php?id=63663,Unknown
Retrograde,60334,2.0,1,09/03/2022,English,Documentary,R,Matthew Heineman,Sami Sadat,https://www.filmcrave.com/movie_page_main.php?id=63664,Unknown
Sr.,60335,2.0,1,09/03/2022,English,Documentary,R,Chris Smith,"Robert Downey Sr., Robert Downey Jr., Paul Thomas Anderson, Norman Lear, Alan Arkin, Lawrence Wolf",https://www.filmcrave.com/movie_page_main.php?id=63665,Unknown
The Pale Blue Eye,12268,2.4,13,01/06/2023,English,"Crime, Horror",R,Scott Cooper,"Christian Bale, Gillian Anderson, Harry Melling, Lucy Boynton, Robert Duvall, Charlotte Gainsbourg",https://www.filmcrave.com/movie_page_main.php?id=63666,"When a West Point cadet is murdered, a world-weary detective finds the code of silence surrounding it hindering any investigation. He turns to a young man to help him solve the case - one the world would come to know as legendary author Edgar Allan Poe. --"
"This Is Not a Burial, It's a Resurrection",54213,3.0,1,01/24/2020,Other,Drama,NR,Lemohang Jeremiah Mosese,"Mary Twala, Jerry Mofokeng, Makhaola Ndebele, Tseko Monaheng, Siphiwe Nzima-Ntskhe, Thabiso Makoto",https://www.filmcrave.com/movie_page_main.php?id=63667,Unknown
Stuck on You,49304,3.0,1,01/31/1983,English,Comedy,R,"Michael Herz, Lloyd Kaufman","Irwin Corey, Virginia Penta, Mark Mikulski, Albert Pia, Norma Pratt, Daniel Harris",https://www.filmcrave.com/movie_page_main.php?id=63668,Unknown
Sergeant Ryker,48630,3.0,1,02/01/1968,English,"Drama, War",NR,Buzz Kulik,"Bradford Dillman, Peter Graves, Vera Miles, Lloyd Nolan, Murray Hamilton,  Norman Fell",https://www.filmcrave.com/movie_page_main.php?id=63669,Unknown
The Old Way,26783,2.0,8,01/06/2023,English,"Action, Western",R,Brett Donowho,"Nicolas Cage, Clint Howard, Ryan Kiera Armstrong, Abraham Benrubi, Shiloh Fernandez, Nick Searcy",https://www.filmcrave.com/movie_page_main.php?id=63670,"An old gunslinger and his daughter must face the consequences of his past, when the son of a man he killed years ago arrives to take his revenge. --"
Spoiler Alert,38387,2.5,2,12/02/2022,English,"Comedy, Drama",PG-13,Michael Showalter,"Jim Parsons, Sally Field, Ben Aldridge, Bill Irwin, Josh Pais, Tara Summers",https://www.filmcrave.com/movie_page_main.php?id=63671,Unknown
Emancipation,14480,2.6,4,12/09/2022,English,"Action, Thriller",R,Antoine Fuqua,"Will Smith, Ben Foster, Steven Ogg, David Denman, Grant Harvey, Imani Pullum",https://www.filmcrave.com/movie_page_main.php?id=63672,"After escaping from a plantations, a runaway slave faces not just the men who want him back but an arduous journey through the swamps of Louisiana with freedom on the line. --"
Old People,33143,2.8,2,10/07/2022,German,Horror,NR,Andy Fetscher,"Melika Foroutan, Anna Unterberger, Stephan Luca, Paul Faßnacht, Daniela Galbo, Louie Betton",https://www.filmcrave.com/movie_page_main.php?id=63673,Unknown
Tyler Perry's A Madea Homecoming,54532,3.0,1,02/25/2022,English,"Comedy, Drama",NR,Tyler Perry,"Tyler Perry,  Cassi Davis, David Mann, Tamela J. Mann, Gabrielle Dennis, Brendan O'Carroll",https://www.filmcrave.com/movie_page_main.php?id=63674,Unknown
Double Exposures aka Alibi Breaker,56308,2.0,1,05/01/1937,English,Crime,NR,John Paddy Carstairs,"David Langton, Julien Mitchell, Ruby Miller, Brian Buchel, Mavis Clair, Fred Withers",https://www.filmcrave.com/movie_page_main.php?id=63675,Unknown
Prem Kahani,56297,2.0,1,01/01/1937,Hindi,"Drama, Romance",NR,Franz Osten,"Ashok Kumar, N.M. Joshi, Bilqis, Aloka, M. Nazir, Kamta Prasad",https://www.filmcrave.com/movie_page_main.php?id=63676,Unknown
Panama,36014,2.0,3,03/22/2022,English,"Action, Thriller",R,Mark Neveldine,"Cole Hauser, Mel Gibson, Mauricio Hénao, Kiara Liz, Charlie Weber, Kate Katzman",https://www.filmcrave.com/movie_page_main.php?id=63677,Unknown
Happy New Year,49447,3.0,1,08/07/1987,English,"Comedy, Crime",PG,John G. Avildsen,"Peter Falk, Charles Durning, Claude Lelouch, Gary Maas, Jack Hrkach, Tom Courtenay",https://www.filmcrave.com/movie_page_main.php?id=63678,Unknown
Lamborghini: The Man Behind the Legend ,38386,2.5,2,11/18/2022,English,"Biography, Drama",R,Bobby Moresco,"Frank Grillo, Eliana Jones, Mira Sorvino, Gabriel Byrne, Hannah van der Westhuysen, Giorgio Cantarini",https://www.filmcrave.com/movie_page_main.php?id=63679,Unknown
Black Warrant,60353,2.0,1,12/09/2022,English,"Action, Thriller",R,Tibor Takács,"Cam Gigandet, Tom Berenger, Jeff Fahey, Jonathan Avigdori, Tonantzin Esparza, Sara Seyed",https://www.filmcrave.com/movie_page_main.php?id=63680,Unknown
The Independent,54660,3.0,1,11/02/2022,English,Thriller,R,Amy Rice,"Jodie Turner-Smith, Luke Kirby, John Cena,  Brian Cox, Julianne Arrieta, Stephen Lang",https://www.filmcrave.com/movie_page_main.php?id=63681,Unknown
Swallowed,60315,2.0,1,06/04/2022,English,"Horror, Thriller",R,Carter Smith,"Jena Malone, Mark Patton, Cooper Koch, Jose Colon, Roe Pacheco, Michael Shawn Curtis",https://www.filmcrave.com/movie_page_main.php?id=63682,Unknown
Turn Every Page - The Adventures of Robert Caro and Robert Gottlieb,60321,2.0,1,06/12/2022,English,Documentary,PG,Lizzie Gottlieb,"Robert Gottlieb, Robert A. Caro, Conan O'Brien, Bill Clinton, Maria Tucci",https://www.filmcrave.com/movie_page_main.php?id=63683,Unknown
Who is Christmas Eve?,54497,3.0,1,11/21/2021,English,"Mystery, Romance",PG,Christina Faith,"Paige Hurd, Juliana Harkavy, Romeo Miller, Alex Wong, Maysa Naima, Keith Arthur Bolden",https://www.filmcrave.com/movie_page_main.php?id=63684,Unknown
Outsiders,54581,3.0,1,06/02/2022,English,"Mystery, Sci-Fi",R,Delmar Washington,"Shane West, Taryn Manning, Rutina Wesley, Skylan Brooks, Cooper van Grootel, Diamond White",https://www.filmcrave.com/movie_page_main.php?id=63685,Unknown
Offseason,54406,3.0,1,03/17/2021,English,"Drama, Horror",NR,Mickey Keating,"Jocelin Donahue, Joe Swanberg, Richard Brake, Melora Walters, Jeremy Gardner, April Linscott",https://www.filmcrave.com/movie_page_main.php?id=63686,Unknown
Dead Zone,29946,2.2,3,07/29/2022,English,"Action, Horror",NR,Hank Braxtan,"Chad Michael Collins, Jeff Fahey, Michael Jai White, Tarkan Dospil, James Markham Hall Jr., J. Michael Weiss",https://www.filmcrave.com/movie_page_main.php?id=63687,Unknown
The Curse of Bridge Hollow,29207,2.1,4,10/14/2022,English,"Adventure, Comedy",NR,Jeff Wadlow,"Marlon Wayans, Priah Ferguson, Kelly Rowland, John Michael Higgins, Lauren Lapkus, Rob Riggle",https://www.filmcrave.com/movie_page_main.php?id=63688,Unknown
Spirt Halloween,60340,2.0,1,09/30/2022,English,"Adventure, Family",PG-13,David Poag,"Donovan Colan, Jaiden J. Smith, Dylan Martin Frankel, Marissa Reyes, Rachael Leigh Cook, Christopher Lloyd",https://www.filmcrave.com/movie_page_main.php?id=63689,Unknown
Spirit Halloween,33142,2.8,2,09/30/2022,English,"Adventure, Family",PG-13,David Poag,"Donovan Colan, Jaiden J. Smith, Dylan Martin Frankel, Marissa Reyes, Rachael Leigh Cook, Christopher Lloyd",https://www.filmcrave.com/movie_page_main.php?id=63690,Unknown
The Bridge Curse,54300,3.0,1,08/27/2020,Cantonese,"Horror, Mystery",NR,Lester Hsi,"Ning Chang, Cheng Ko, J.C. Lin, Summer Meng, Vera Yen, Wan-Ru Zhan",https://www.filmcrave.com/movie_page_main.php?id=63691,Unknown
My Sweet Monster ( Buka. Moyo lyubimoye chudishche ),54557,3.0,1,04/12/2022,Russian,"Animation, Adventure",PG,"Viktor Glukhushin, Maksim Volkov","Haylie Duff, Jon Heder, Pauly Shore, Josh Wilson, Martin Cooke, Prokhor Chekhovskoy",https://www.filmcrave.com/movie_page_main.php?id=63692,Unknown
Deadstream,17786,2.4,5,03/11/2022,English,"Comedy, Horror",NR,"Joseph Winter, Vanessa Winter","Joseph Winter, Melanie Stone, Jason K. Wixom, Pat Barnett, Marty Collins, Jeremy Warner",https://www.filmcrave.com/movie_page_main.php?id=63693,Unknown
Grimcutty,54650,3.0,1,10/10/2022,English,"Drama, Horror",NR,John Ross,"Shannyn Sossamon, Sara Wolfkind, Usman Ally, Callan Farris, Tate Moore,  Joel Ezra Hebner",https://www.filmcrave.com/movie_page_main.php?id=63694,Unknown
Tiny Cinema,60333,2.0,1,09/02/2022,English,"Comedy, Horror",NR,Tyler Cornack,"Khaliel Abdelrahim, Kimberly Alexander, Luisa Alzate, Paul Ford, Austin Lewis, Shelby Dash",https://www.filmcrave.com/movie_page_main.php?id=63695,Unknown
ECCO,54127,3.0,1,08/09/2019,English,"Crime, Thriller",R,Ben Medina,"Lathrop Walker, Tabitha Bastien, Helena Grace Donald, Michael Winters, Vincent Cardinale, Bruce Weech",https://www.filmcrave.com/movie_page_main.php?id=63696,Unknown
Marmaduke,54571,3.0,1,05/06/2022,English,"Animation, Comedy",NR,"Mark A.Z. Dippé, Youngki Lee, Phil Nibbelink, Matt Philip Whelan","Pete Davidson, J.K. Simmons, David Koechner, Julie Nathanson, Terri Douglas, Erin Fitzgerald",https://www.filmcrave.com/movie_page_main.php?id=63697,Unknown
Jackass 4.5,17921,2.7,3,05/20/2022,English,"Action, Comedy",NR,Jeff Tremaine,"Johnny Knoxville, Steve-O, Chris Pontius, Dave England, Ehren McGhehey, Jason 'Wee Man' Acuña",https://www.filmcrave.com/movie_page_main.php?id=63698,Unknown
Waitress!,57399,2.0,1,09/17/1982,English,Comedy,R,"Michael Herz, Lloyd Kaufman","Jim Harris, Carol Drake, Carol Bevar, Renata Hickey, Hunt Block, Tony Denison",https://www.filmcrave.com/movie_page_main.php?id=63699,Unknown
Blaze Starr Goes Nudist,56676,2.0,1,07/01/1962,English,Romance,NR,Doris Wishman,"Blaze Starr, Ralph Young, Gene Berk, William Mayer, Sandra Sinclair, Stephen Bloom",https://www.filmcrave.com/movie_page_main.php?id=63700,Unknown
Hideout in the Sun,55186,1.5,2,07/01/1960,English,"Crime, Drama",NR,"Larry Wolk, Doris Wishman","Greg Conrad, Dolores Carlos, Earl Bauer, Carol Little, Ann Richards, Mary Line",https://www.filmcrave.com/movie_page_main.php?id=63701,Unknown
Gentlemen Prefer Nature Girls,56688,2.0,1,06/14/1963,English,Drama,NR,Doris Wishman,"Lou Alexion, Joan Bamford, William Mayer, Dolores K. Norris, Jim Antonio, Sandra Sinclair",https://www.filmcrave.com/movie_page_main.php?id=63702,Unknown
Diary of a Nudist,46209,1.8,2,12/27/1961,English,"Adventure, Romance",NR,Doris Wishman,"Davee Decker, Norman Casserly, Dolores Carlos, Una Diehl, Joan Bamford, Maria Stinger",https://www.filmcrave.com/movie_page_main.php?id=63703,Unknown
The Prince and the Nature Girl,56717,2.0,1,01/07/1965,English,"Comedy, Romance",NR,Doris Wishman,"Joni Roberts, Jeffery Niles, Sandra Sinclair, William Mayer, Lee Abell, Warrene Gray",https://www.filmcrave.com/movie_page_main.php?id=63704,Unknown
Causeway,5367,3.0,5,11/04/2022,English,Drama,R,Lila Neugebauer,"Jennifer Lawrence, Brian Tyree Henry, Linda Emond, Danny Wolohan, Jayne Houdyshell,  Neal Huff",https://www.filmcrave.com/movie_page_main.php?id=63705,"After suffering a traumatic brain injury in Afghanistan, a soldier returns home and struggles to adapt back to her regular life. --"
I'm Totally Fine,54662,3.0,1,11/04/2022,English,"Comedy, Drama",NR,Brandon Dermer,"Blake Anderson, Jillian Bell, Cyrina Fiallo, Harvey Guillén, Karen Maruyama, Natalie Morales",https://www.filmcrave.com/movie_page_main.php?id=63706,Unknown
Bar Fight!,54666,3.0,1,11/11/2022,English,Comedy,NR,Jim Mahoney,"Mitzi Akaha, Rachel Bloom, Patrick Byas, David Carzell, Melissa Fumero, Julian Gant",https://www.filmcrave.com/movie_page_main.php?id=63707,Unknown
Next Exit,38383,2.5,2,11/04/2022,English,"Comedy, Mystery",NR,Mali Elfman,"Gavin Powers, Joe Powers, Katie Parker, Karen Gillan, Ty Molbak, Michael May",https://www.filmcrave.com/movie_page_main.php?id=63708,"A pair of misfits, both trying to escape a their dark paths, find themselves on cross-country road trip, happy to leave behind their lives in order to join a contentious study when a doctor claims she can track people in the afterlife. Along the way they meet others and begin to question what is really driving them to their destination. --"
Paradise City,60347,2.0,1,11/11/2022,English,"Action, Thriller",R,Chuck Russell,"Bruce Willis, John Travolta, Stephen Dorff, Amber Abara, Blake Jenner, Branscombe Richmond",https://www.filmcrave.com/movie_page_main.php?id=63709,Unknown
Spirited,16061,2.4,6,11/11/2022,English,"Comedy, Musical",PG-13,Sean Anders,"Will Ferrell, Ryan Reynolds, Octavia Spencer, Patrick Page, Sunita Mani, Tracy Morgan",https://www.filmcrave.com/movie_page_main.php?id=63710,A classic tale gets a musical upgrade when a miserly man is taken on a magical journey in hopes he can change his ways. --
Women Talking,9447,2.6,8,01/20/2023,English,Drama,PG-13,Sarah Polley,"Rooney Mara, Claire Foy, Jessie Buckley, Frances McDormand, Judith Ivey, Emily Mitchell",https://www.filmcrave.com/movie_page_main.php?id=63711,In 2010 a group of women who form part of an isolated religious community
Captain America: Brave New World,12171,2.5,11,02/14/2025,English,"Action, Adventure",PG-13,Julius Onah,"Anthony Mackie, Harrison Ford, Tim Blake Nelson, Danny Ramirez, Giancarlo Esposito, Shira Haas",https://www.filmcrave.com/movie_page_main.php?id=63712,"After accepting the shield from Steve Rogers, Sam Wilson has done"
Avengers: Doomsday,38408,2.5,2,05/01/2026,English,"Action, Adventure",Unknown,Destin Daniel Cretton,"Robert Downey Jr., Pedro Pascal, Vanessa Kirby",https://www.filmcrave.com/movie_page_main.php?id=63713,Unknown
Thunderbolts*,1249,3.3,7,05/02/2025,English,"Action, Adventure",PG-13,Jake Schreier,"Florence Pugh, David Harbour, Olga Kurylenko, Sebastian Stan, Julia Louis-Dreyfus, Hannah John-Kamen",https://www.filmcrave.com/movie_page_main.php?id=63714,Unknown
Poker Face,38385,2.5,2,11/16/2022,English,"Action, Crime",NR,Russell Crowe,"Russell Crowe, Liam Hemsworth, RZA, Aden Young, Steve Bastoni, Daniel MacPherson",https://www.filmcrave.com/movie_page_main.php?id=63715,Unknown
There There,54588,3.0,1,06/10/2022,English,"Comedy, Romance",NR,Andrew Bujalski,"Jason Schwartzman, Molly Gordon, Avi Nash, Lennie James, Lili Taylor, Annie LaGanga",https://www.filmcrave.com/movie_page_main.php?id=63716,Unknown
Whitney Houston: I Wanna Dance with Somebody,14937,2.6,4,12/23/2022,English,"Biography, Drama",PG-13,Kasi Lemmons,"Naomi Ackie, Stanley Tucci, Tamara Tunie, Clarke Peters, Ashton Sanders, Nafessa Williams",https://www.filmcrave.com/movie_page_main.php?id=63717,"Musical biopic of female R&B pop legend Whitney Houston from her humble beginnings to her rise to superstardom, and the highs and lows along the way. --"
Mindcage,38389,2.5,2,12/31/2022,English,Thriller,R,Mauro Borrelli,"John Malkovich, Martin Lawrence, Melissa Roxburgh, Jacob Grodnik, Aiden Turner, Jeremy Turner",https://www.filmcrave.com/movie_page_main.php?id=63719,Unknown
Return to Seoul ( Retour à Séoul ),7714,3.2,3,10/13/2022,English,Drama,R,Davy Chou,"Park Ji-Min, Oh Kwang-rok, Guka Han, Kim Sun-young, Yoann Zimmer, Louis-Do de Lencquesaing",https://www.filmcrave.com/movie_page_main.php?id=63720,Unknown
A Christmas Story Christmas,15325,2.5,5,11/17/2022,English,"Comedy, Family",PG,Clay Kaytis,"Peter Billingsley, Erinn Hayes, River Drosche, Julianna Layne, Julie Hagerty, Scott Schwartz",https://www.filmcrave.com/movie_page_main.php?id=63721,"Ralphie, now an adult with his own family, returns to his childhood home on Cleveland Street hoping to capture the same Christmas magic he experienced as a child, reconnect with some old friends and deal with the passing of his beloved Old Man. --"
Elemental,3969,2.9,14,06/16/2023,English,"Animation, Adventure",PG,Peter Sohn,"Mamoudou Athie, Leah Lewis, Ronnie Del Carmen, Shila Ommi, Wendi McLendon-Covey, Catherine O'Hara",https://www.filmcrave.com/movie_page_main.php?id=63722,"In a city where the four elements reside, fiery Ember looks to take over her father's business - provided she can keep her temper under control. But the added pressure makes her burst - and not just her, but the old pipes and watery Wade shows up - an inspector who has bad news and moves to shut down the operation. Ember, who has kept to her family, must venture out and set things right - and along the way may find her own voice. --"
2nd Chance,54516,3.0,1,01/22/2022,English,Documentary,NR,Ramin Bahrani,Richard Davis,https://www.filmcrave.com/movie_page_main.php?id=63723,Unknown
The Almond and the Seahorse,54673,3.0,1,12/16/2022,English,Drama,NR,"Celyn Jones, Tom Stern","Rebel Wilson, Charlotte Gainsbourg, Meera Syal, Trine Dyrholm, Alice Lowe, Rachel Adedeji",https://www.filmcrave.com/movie_page_main.php?id=63724,Unknown
The Eternal Daughter,21135,2.4,4,12/02/2022,English,"Drama, Mystery",PG-13,Joanna Hogg,"Tilda Swinton, Carly-Sophia Davies, Zinnia Davies-Cooke, Joseph Mydell, Alfie Sankey-Green, August Joshi",https://www.filmcrave.com/movie_page_main.php?id=63725,"An aged mother, her middle-age daughter and the family dog find themselves returning to their old family home - a grand manor-turned hotel. Long-buried family secrets come to light even as an air of mystery permeates the oddly-vacant hotel. --"
The Friendship Game,38384,2.5,2,11/11/2022,English,"Horror, Sci-Fi",Unknown,Scooter Corkle,"Peyton List, Kelcey Mawema, Kaitlyn Santa Juana, Brendan Meyer, Miranda Edwards, Annette Reilly",https://www.filmcrave.com/movie_page_main.php?id=63726,Unknown
The Minute You Wake up Dead,54663,3.0,1,11/04/2022,English,Thriller,R,Michael Mailer,"Cole Hauser, Jaimie Alexander, Morgan Freeman, Andrew Stevens, Darren Mann, Ben VanderMey",https://www.filmcrave.com/movie_page_main.php?id=63727,Unknown
The Noel Diary,54669,3.0,1,11/24/2022,English,"Comedy, Romance",NR,Charles Shyer,"Justin Hartley, James Remar, Bonnie Bedelia, Essence Atkins, Barrett Doss, Andrea Sooch",https://www.filmcrave.com/movie_page_main.php?id=63728,Unknown
Plane,14351,2.3,13,01/13/2023,English,"Action, Thriller",R,Jean-François Richet,"Gerard Butler, Mike Colter, Yoson An, Daniella Pineda, Paul Ben-Victor, Remi Adeleke",https://www.filmcrave.com/movie_page_main.php?id=63729,"Brodie Torrance is a distinguished pilot - one who takes the safety of his passengers very seriously. When a storm forces him to land on a war-torn island, he soon finds surviving the landing is only the beginning. When most of his passengers are taken hostage he turns to the one man who can save them: Louis Gaspare, accused murderer who was being transported by the FBI. He soon learns there is much more to Gaspare's story even while attempting to rescue those who have been taken. --"
Sam & Kate,54667,3.0,1,11/11/2022,English,"Comedy, Drama",R,Darren Le Gallo,"Dustin Hoffman, Sissy Spacek, Jake Hoffman, Schuyler Fisk, Henry Thomas, Tyler Labine",https://www.filmcrave.com/movie_page_main.php?id=63730,Unknown
Troll,20170,2.3,6,12/01/2022,Norwegian,"Action, Fantasy",NR,Roar Uthaug,"Ine Marie Wilmann, Kim Falck, Mads Sjøgård Pettersen, Gard B. Eidsvold, Anneke von der Lippe, Fridtjov Såheim",https://www.filmcrave.com/movie_page_main.php?id=63731,Unknown
Love & Gelato,60323,2.0,1,06/22/2022,English,"Comedy, Romance",NR,Brandon Camp,"Susanna Skaggs, Tobia De Angelis, Owen McDonnell, Valentina Lodovini, Saul Nanni, Anjelika Washington",https://www.filmcrave.com/movie_page_main.php?id=63732,Unknown
Eraser: Reborn,60316,2.0,1,06/07/2022,English,"Action, Crime",R,John Pogue,"Dominic Sherwood, Jacky Lai, McKinley Belcher III, Eddie Ramos, Nathan Castle, Thembikile Komani",https://www.filmcrave.com/movie_page_main.php?id=63733,Unknown
My Father's Dragon,7715,3.2,3,11/04/2022,English,"Animation, Adventure",PG,Nora Twomey,"Judy Greer, Charlyne Yi, Jacob Tremblay, Ian McShane, Leighton Meester, Gaten Matarazzo",https://www.filmcrave.com/movie_page_main.php?id=63734,Unknown
True Haunting,60392,2.0,1,12/31/2023,English,Horror,Unknown,Gary Fleder,"Erin Moriarty, Jamie Campbell Bower, Harriet Slater, Ann Mitchell, Anastasia Everall, Ian Shaw",https://www.filmcrave.com/movie_page_main.php?id=63735,Unknown
The Exorcist: Believer,28668,1.9,9,10/06/2023,English,Horror,R,David Gordon Green,"Leslie Odom Jr., Ellen Burstyn, Lidya Jewett, Olivia Marcum, Ann Dowd, E.J. Bonilla",https://www.filmcrave.com/movie_page_main.php?id=63736,"Two girls, Angela and Katherine, go missing after walking into the nearby woods after school. Three days later they show up at a farmhouse and at first single father Victor Fielding and the religious West family are happy to have the girls back. Shortly after, however, the girls develop disturbing and dangerous behaviors. At the behest of his neighbor, Ann Brooks, Victor seeks out Chris MacNeil, hoping to save the girls from what appears to be demonic possession. --"
Black Site,38842,1.8,4,05/03/2022,English,"Action, Sport",NR,Sophia Banks,"Jason Clarke, Michelle Monaghan, Jai Courtney, Pallavi Sharda, Phoenix Raei, Fayssal Bazzi",https://www.filmcrave.com/movie_page_main.php?id=63737,Unknown
PAW Patrol: The Mighty Movie,16242,3.5,2,09/29/2023,English,"Animation, Action",PG,Cal Brunker,"Dax Shepard, Taraji P. Henson, Tyler Perry, Kim Kardashian, Marsai Martin, Yara Shahidi",https://www.filmcrave.com/movie_page_main.php?id=63738,Unknown
Speak No Evil,18961,2.7,3,01/21/2022,English,"Drama, Horror",NR,Christian Tafdrup,"Morten Burian, Sidsel Siem Koch, Fedja van Huêt, Karina Smulders, Liva Forsberg, Marius Damslev",https://www.filmcrave.com/movie_page_main.php?id=63739,Unknown
"Memories of My Father ( olvido que seremos, El )",38381,2.5,2,10/21/2022,Spanish,"Drama, Historical",NR,Fernando Trueba,"Javier Cámara, Nicolás Reyes Cano, Juan Pablo Urrego, Patricia Tamayo, Maria Tereza Barreto, Laura Londoño",https://www.filmcrave.com/movie_page_main.php?id=63740,Unknown
Joyride,54674,3.0,1,12/23/2022,English,Drama,NR,Emer Reynolds,"Olivia Colman, Charlie Reid, Lochlann O'Mearáin, Elaine Kennedy, Seamus Kennnedy, Olwen Fouéré",https://www.filmcrave.com/movie_page_main.php?id=63741,Unknown
Magic Mike's Last Dance,29675,2.0,5,02/10/2023,English,"Comedy, Drama",R,Steven Soderbergh,"Channing Tatum, Salma Hayek, Caitlin Gerard, Nancy Carroll, Gavin Spokes, Christopher Bencomo",https://www.filmcrave.com/movie_page_main.php?id=63742,Unknown
Christmas Bloody Christmas,23116,2.5,3,12/09/2022,English,Horror,NR,Joe Begos,"Riley Dandy, Sam Delich, Jonah Ray, Dora Madison, Jeff Daniel Phillips, Abraham Benrubi",https://www.filmcrave.com/movie_page_main.php?id=63743,Unknown
Missing,3252,3.0,11,01/20/2023,English,"Drama, Thriller",PG-13,"Nicholas D. Johnson, Will Merrick","Storm Reid, Nia Long, Joaquim de Almeida, Ken Leung, Amy Landecker, Tim Griffin",https://www.filmcrave.com/movie_page_main.php?id=63744,"June desperately searches for answers when her mother, Grace, goes missing while on vacation in Columbia with her new boyfriend. Stuck thousands of miles away and having little luck going through international red tape, June uses the latest technology to try to track down her mother. But her digital sleuthing unearths a lot more than she could imagine - and the mother she thought she knew turns out to be someone else entirely. --"
80 for Brady,12150,2.6,6,02/03/2023,English,"Comedy, Drama",PG-13,Kyle Marvin,"Jane Fonda, Sally Field, Rita Moreno, Lily Tomlin, Glynn Turman, Jimmy O. Yang",https://www.filmcrave.com/movie_page_main.php?id=63745,"Inspired by a true story: four life-long friends and die-hard Patriot fans, make it a mission to go to Super Bowl LI and meet superstar and super quarterback Tom Brady - not matter how much chaos they have to navigate to do so. --"
Inside,8326,2.8,6,03/10/2023,English,Drama,R,Vasilis Katsoupis,"Willem Dafoe, Gene Bervoets, Eliza Stuyck, Josia Krug",https://www.filmcrave.com/movie_page_main.php?id=63746,"Nemo, a high-end art thief, finds himself trapped inside a New York penthouse when a job goes south. With the temperature rising and surrounded by mostly art, he will have to use all his skills to survive, find a means to escape and mostly to stay sane in his isolation. --"
Broker ( Beurokeo ),21475,3.3,2,09/02/2022,Korean,Drama,R,Hirokazu Koreeda,"Song Kang-ho, Dong-won Gang, Bae Doona, Ji-eun Lee, Lee Joo-young, Seung-soo Im",https://www.filmcrave.com/movie_page_main.php?id=63747,Unknown
The Last Deal,54684,3.0,1,02/07/2023,English,"Crime, Thriller",R,Jonathan Salemi,"Sala Baker, Clark Moore, Gigi Gustin, Anthony Molinari, Mike Ferguson, Conner Floyd",https://www.filmcrave.com/movie_page_main.php?id=63748,Unknown
The Lost King,26437,3.0,2,03/24/2023,English,"Comedy, Drama",PG-13,Stephen Frears,"Sally Hawkins, Steve Coogan, Benjamin Scanlan, Adam Robb, Harry Lloyd, Helen Katamba",https://www.filmcrave.com/movie_page_main.php?id=63749,Unknown
Our Almost Completely True Story,54553,3.0,1,04/03/2022,English,"Comedy, Drama",R,Don Scardino,"Mariette Hartley, Jerry Sroka, Bernie Kopell, Tess Harper, Morgan Fairchild, Peter MacNicol",https://www.filmcrave.com/movie_page_main.php?id=63750,Unknown
To the End,54518,3.0,1,01/23/2022,English,Documentary,R,Rachel Lears,"Rhiana Gunn-Wright, Alexandria Ocasio-Cortez, Varshini Prakash, Alexandra Rojas",https://www.filmcrave.com/movie_page_main.php?id=63751,Unknown
Fyre,21457,3.3,2,01/18/2019,English,"Documentary, Crime",NR,Chris Smith,"Billy McFarland, Jason Bell, Gabrielle Bluestone, Shiyuan Deng, Ja Rule, Andy King",https://www.filmcrave.com/movie_page_main.php?id=63752,The Fyre Festival was one of the most brilliantly marketed and hyped events of the decade.  This documentary follows the catastrophic failure of the Festival and the criminal charges that followed.
A Night at the Follies,56506,2.0,1,08/29/1947,English,Musical,NR,W. Merle Connell,"Evelyn West, Renee Andre, Pat O'Shea, Jack Murray, Margie Roye, Amalia Aguilar",https://www.filmcrave.com/movie_page_main.php?id=63753,Unknown
Mysterious Mr. Nicholson,56503,2.0,1,06/16/1947,English,"Crime, Drama",NR,Oswald Mitchell,"Anthony Hulme, Lesley Osmond, Frank Hawkins, Andrew Laurence, Douglas Stewart, George Bishop",https://www.filmcrave.com/movie_page_main.php?id=63754,Unknown
The Hills of Donegal,56528,2.0,1,03/02/1949,English,Drama,NR,John Argyle,"Dinah Sheridan, James Etherington, Moore Marriott, John Bentley, Irene Handl, Tamara Desni",https://www.filmcrave.com/movie_page_main.php?id=63755,Unknown
The Phantom Shot,56507,2.0,1,09/09/1947,English,Mystery,NR,Mario Zampi,"John Stuart, Olga Lindo, Howard Marion-Crawford, Louise Lord, Ronald Adam, John Varley",https://www.filmcrave.com/movie_page_main.php?id=63756,Unknown
The Road to Hollywood,56505,2.0,1,07/04/1947,English,"Biography, Musical",NR,"Bud Pollard, Del Lord, Leslie Pearce, Mack Sennett","Bing Crosby, Marion Sayers, George C. Pearce, Kathrin Clare Ward, Matty Kemp, Ann Christy",https://www.filmcrave.com/movie_page_main.php?id=63757,Unknown
Black Friday,31517,2.2,3,11/19/2021,English,"Comedy, Horror",NR,Casey Tebo,"Bruce Campbell, Devon Sawa, Ivana Baquero, Ryan Lee, Stephen Peck, Michael Jai White",https://www.filmcrave.com/movie_page_main.php?id=63758,Unknown
Harpoon,56521,2.0,1,09/24/1948,English,"Adventure, Drama",NR,Ewing Scott,"John Bromfield, Alyce Louis, James Cardwell, Mike Ragan, Grant Means, Steve Dunhill",https://www.filmcrave.com/movie_page_main.php?id=63759,Unknown
It Happened in Soho,56519,2.0,1,06/24/1948,English,"Crime, Drama",NR,Frank Chisnell,"Richard Murdoch, Henry Oscar, Paul Demel, John Bailey, Patricia Raine, Eunice Gayson",https://www.filmcrave.com/movie_page_main.php?id=63760,Unknown
Killer Diller,56523,2.0,1,12/31/1948,English,"Comedy, Drama",NR,Josh Binney,"Dusty Fletcher, Butterfly McQueen, Moms Mabley, Nat 'King' Cole, James Clark, Steve Clark",https://www.filmcrave.com/movie_page_main.php?id=63761,Unknown
Mickey,56518,2.0,1,06/23/1948,English,"Comedy, Drama",NR,Ralph Murphy,"Lois Butler, Bill Goodwin, Irene Hervey, John Sutton, Rose Hobart, Hattie McDaniel",https://www.filmcrave.com/movie_page_main.php?id=63762,Unknown
Paint,36019,2.0,3,04/28/2023,English,Comedy,PG-13,Brit McAdams,"Owen Wilson, Stephen Root, Wendi McLendon-Covey, Lusia Strus, Michaela Watkins, Ciara Renée",https://www.filmcrave.com/movie_page_main.php?id=63763,"Carl Nargle is Vermont's top public access television painter and has a great perm, a custom van and a lot of fans. But everything is threatened when a younger, fresher and decidedly female painter comes on the scene and gains all his previous adulation. --"
The Devil Conspiracy,20047,2.3,5,01/20/2023,English,"Horror, Thriller",R,Nathan Frankowski,"Alice Orr-Ewing, Joe Doyle, Eveline Hall, Peter Mensah, Joe Anderson, Brian Caspe",https://www.filmcrave.com/movie_page_main.php?id=63764,"A biotech company is literally in league with the devil - and when they gain the ability to clone history's most influential figures with small amounts of DNA, they steal the Shroud of Turin in hopes of making a clone of Christ for their own purposes. The Archangel Michael is sent down to Earth in order to stop their plans from coming to fruition. --"
Running the Bases,38378,2.5,2,09/16/2022,English,"Drama, Family",PG,"Marty Roberts, Jimmy Womble","Brett Varvel, Raphael Ruggero, Gigi Orsillo, Cameron Arnett, Isabelle Almoyan, Todd Terry",https://www.filmcrave.com/movie_page_main.php?id=63765,Unknown
Decision to Leave ( Heojil kyolshim ),2960,3.0,10,10/14/2022,Korean,"Crime, Drama",NR,Park Chan-wook,"Park Hae-il, Tang Wei, Lee Jung-hyun, Go Kyung-Pyo, PARK Yong-woo, Shin-Young Kim",https://www.filmcrave.com/movie_page_main.php?id=63766,Unknown
The Big Four,54672,3.0,1,12/15/2022,Other,"Action, Comedy",NR,Timo Tjahjanto,"Abimana Aryasatya, Putri Marino, Lutesha, Arie Kriting, Kristo Immanuel, Marthino Lio",https://www.filmcrave.com/movie_page_main.php?id=63767,Unknown
Cover Up,48080,3.0,1,02/25/1949,English,"Crime, Mystery",NR,Alfred E. Green,"William Bendix, Dennis O'Keefe, Barbara Britton, Art Baker, Ann E. Todd, Doro Merande",https://www.filmcrave.com/movie_page_main.php?id=63768,Unknown
No Way Back,56534,2.0,1,07/01/1949,English,"Crime, Drama",NR,Stefan Osiecki,"Terence de Marney, Eleanor Summerfield, Jack Raine, John Salew, Shirley Quentin, Dennis Val Norton",https://www.filmcrave.com/movie_page_main.php?id=63769,Unknown
The Adventures of Jane,56524,2.0,1,01/01/1949,English,Comedy,NR,"Edward G. Whiting, Alfred J. Goulding","Christabel Leighton-Porter, Stanelli, Michael Hogarth, Ian Colin, Sonya O'Shea, Peter Butterworth",https://www.filmcrave.com/movie_page_main.php?id=63770,Unknown
"Temptations ( Man from Yesterday, The )",56533,2.0,1,05/01/1949,English,Thriller,NR,Oswald Mitchell,"John Stuart, Henry Oscar, Marie Burke, Gwyneth Vaughan, Laurence Harvey, Grace Arnold",https://www.filmcrave.com/movie_page_main.php?id=63771,Unknown
The Pilgrimage Play,56525,2.0,1,01/01/1949,English,Drama,NR,Frank R. Strayer,"Nelson Leigh, Stephen Chase, Leonard Penn, Richard Hale, Tudor Owen, John Doucette",https://www.filmcrave.com/movie_page_main.php?id=63772,Unknown
Vengeance is Mine,56535,2.0,1,07/01/1949,English,"Crime, Drama",NR,Alan Cullimore,"Valentine Dyall, Anne Firth, Richard Goolden, Sam Kydd, Ethel Coleridge, Patsy Drake",https://www.filmcrave.com/movie_page_main.php?id=63773,Unknown
One Too Many aka Mixed-Up Women,56551,2.0,1,12/01/1950,English,Drama,NR,Erle C. Kenton,"Ruth Warrick, Richard Travis, Ginger Prince, Rhys Williams, William Tracy, Onslow Stevens",https://www.filmcrave.com/movie_page_main.php?id=63774,Unknown
"Baxter, Vera Baxter",57178,2.0,1,06/08/1977,French,"Drama, Mystery",NR,Marguerite Duras,"Claudine Gabay, Noëlle Châtelet, Nathalie Nell, Claude Aufaure, Delphine Seyrig, Gérard Depardieu",https://www.filmcrave.com/movie_page_main.php?id=63775,Unknown
Skinamarink,16623,2.3,8,01/13/2023,English,Horror,NR,Kyle Edward Ball,"Jaime Hill, Lucas Paul, Ross Paul, Dali Rose Tetreault",https://www.filmcrave.com/movie_page_main.php?id=63776,Unknown
No Hard Feelings,6646,2.6,20,06/23/2023,English,Comedy,R,Gene Stupnitsky,"Jennifer Lawrence, Andrew Barth Feldman, Matthew Broderick, Natalie Morales, Laura Benanti, Scott MacArthur",https://www.filmcrave.com/movie_page_main.php?id=63777,"After her car is repossessed, Uber driver Maddie realizes her job, house and everything else is on the line. Answering an online ad to bring Percy, a 19-year-old introvert out of his shell before college, she thinks it will be an easy score. But Percy proves to be a much tougher shell to crack than Maddie would have ever thought - yet beneath that layer, a man just might yet emerge... if they can both survive the experience. --"
Asteroid City,12371,2.4,15,06/23/2023,English,"Comedy, Mystery",PG-13,Wes Anderson,"Jason Schwartzman, Scarlett Johansson, Tom Hanks, Jake Ryan, Edward Norton, Jeffrey Wright",https://www.filmcrave.com/movie_page_main.php?id=63778,"Set in the quiet desert town of Asteroid City, a group converges for a junior Stargazers event where the young, brightest minds are recognized. A widowed war photographer and a famous actress also connect - but things take a turn for the strange when an extraterrestrial visitor decides to crash the party. --"
"Alice, Darling",10346,2.7,5,01/20/2023,English,"Drama, Thriller",R,Mary Nighy,"Anna Kendrick, Wunmi Mosaku, Kaniehtiio Horn, Charlie Carrick, Mark Winnick, Daniel Stolfi",https://www.filmcrave.com/movie_page_main.php?id=63779,"Alice has reached the edge and is about to go over from the psychological abuse from her boyfriend, Simon. At the height of her distress, her best friends Tess and Sophie take her on vacation and as the bonds of dependency erode, Alice sees a chance to be free... but Simon is not one to easily be ignored and his vengeance is inevitable as Alice works to find the strength to finally free herself once and for all. --"
Your Place or Mine,60361,2.0,1,02/10/2023,English,"Comedy, Romance",Unknown,Aline Brosh McKenna,"Reese Witherspoon, Wesley Kimmel, Steve Zahn, Rachel Bloom, Ashton Kutcher, Jesse Williams",https://www.filmcrave.com/movie_page_main.php?id=63780,Unknown
A Snowy Day in Oakland,54675,3.0,1,01/13/2023,English,Comedy,PG-13,Kim Bass,"Keith David, Michael Jai White, Nicole Ari Parker, Loretta Devine, Tony Plana, Jackée Harry",https://www.filmcrave.com/movie_page_main.php?id=63781,Unknown
Birthright,43955,2.0,2,02/14/1951,English,Drama,NR,Bill Clifford,"Boyce Brown, Marjory Morris, W.O. Jarrett, Paula Haygood, Claribel Jones, C.S. Buchanan",https://www.filmcrave.com/movie_page_main.php?id=63782,Unknown
Death is a Number,56564,2.0,1,11/01/1951,English,Horror,NR,Robert Henryson,"Terence Alexander, Denis Webb, Lesley Osmond, Ingeborg von Kusserow, Peter Gawthorne, Isabel George",https://www.filmcrave.com/movie_page_main.php?id=63783,Unknown
Oriental Evil,56574,2.0,1,09/25/1952,English,Drama,NR,"George P. Breakston, C. Ray Stahl","Byron Michie, Martha Hyer, Tetsu Nakamura, Richard Binge, Tadaichi Hirakawa, Richard Hughes",https://www.filmcrave.com/movie_page_main.php?id=63784,Unknown
Penny Points to Paradise,56561,2.0,1,04/25/1951,English,"Comedy, Crime",NR,Anthony Young,"Harry Secombe, Alfred Marks, Peter Sellers, Vicky Page, Paddie O'Neil, Spike Milligan",https://www.filmcrave.com/movie_page_main.php?id=63785,Unknown
The Quiet Woman,56557,2.0,1,03/01/1951,English,"Crime, Drama",NR,John Gilling,"Derek Bond, Jane Hylton, Dora Bryan, Michael Balfour, John Horsley, Harry Towb",https://www.filmcrave.com/movie_page_main.php?id=63786,Unknown
Jesus Revolution,31523,2.2,3,02/24/2023,English,Drama,PG-13,"Jon Erwin, Brent McCorkle","Kelsey Grammer, Jonathan Roumie, Ally Ioannides, Joel Courtney, Kimberly Williams-Paisley, Julia Campbell",https://www.filmcrave.com/movie_page_main.php?id=63787,A counterculture movement meets spiritual awakening: inspired by true events as seen through the eyes of a young Greg Laurie in 1970s Southern California as hippie street preacher Lonnie Frisbee joins forces with Pastor Chuck Smith and his struggling congregation to inspire an awakening. --
Mummies,54686,3.0,1,02/24/2023,English,"Animation, Comedy",PG,Juan Jesús García Galocha,"Eleanor Tomlinson, Sean Bean, Hugh Bonneville, Celia Imrie, Joe Thomas, Dan Starkey",https://www.filmcrave.com/movie_page_main.php?id=63788,Unknown
"Green Room, The ( chambre verte, La )",57261,2.0,1,09/14/1979,French,Drama,PG,François Truffaut,"François Truffaut, Nathalie Baye, Jean Dasté, Patrick Maléon, Jeanne Lobre, Antoine Vitez",https://www.filmcrave.com/movie_page_main.php?id=63789,Unknown
The Devil's Stomping Ground,60350,2.0,1,11/16/2022,English,Horror,R,Jonathan Landau,"Marley Aliah, Jordan Ray Allen, Tanner Batts, Peyton Belcher, Marc Bellinger, Colby Burton",https://www.filmcrave.com/movie_page_main.php?id=63790,Unknown
Detective Knight: Independence,40017,1.8,3,01/20/2023,English,"Action, Thriller",R,Edward Drake,"Bruce Willis, Jack Kilmer, Dina Meyer, Lochlyn Munro, Willow Shields, Lorenzo Antonucci",https://www.filmcrave.com/movie_page_main.php?id=63791,Unknown
Dark Glasses ( Occhiali neri ),20044,2.3,5,06/19/2022,Italian,"Horror, Mystery",NR,Dario Argento,"Ilenia Pastorelli, Asia Argento, Andrea Gherpelli, Mario Pirrello, Maria Rosaria Russo, Gennaro Iaccarino",https://www.filmcrave.com/movie_page_main.php?id=63792,Unknown
The Covenant,949,3.3,10,04/21/2023,English,"Action, Crime",R,Guy Ritchie,"Emily Beecham, Jake Gyllenhaal, Antony Starr, Alexander Ludwig, Bobby Schofield, Dar Salim",https://www.filmcrave.com/movie_page_main.php?id=63793,"On his last tour in Afghanistan, Sergeant John Kinley and his team are ambushed leaving Kinley and local interpreter, Ahmed as the only survivors. At great risk, Ahmed carried a wounded Kinley across dangerous terrain and with enemies in pursuit. After recovering at home, Kinley learns that Ahmed and his families Visa has been denied and he returns to the war zone in order to protect the man who saved his life. --"
Renfield,12236,2.4,18,04/14/2023,English,"Comedy, Horror",R,Chris McKay,"Nicolas Cage, Nicholas Hoult, Shohreh Aghdashloo, Brandon Scott Jones, Awkwafina, Ben Schwartz",https://www.filmcrave.com/movie_page_main.php?id=63794,"After centuries of serving his master, Count Dracula, his faithful but"
Out of Exile,60317,2.0,1,06/09/2022,English,"Action, Crime",R,Kyle Kauwika Harris,"Adam Hampton, Kyle Jacob Henry, Connie Franklin, Van Quattro, Hayley McFarland, Luce Rains",https://www.filmcrave.com/movie_page_main.php?id=63795,Unknown
Quasi,42147,2.3,2,04/20/2023,English,"Comedy, Drama",R,Kevin Heffernan,"Adrianne Palicki, Jay Chandrasekhar, Gabriel Hogan, Kevin Heffernan, Steve Lemme, Erik Stolhanske",https://www.filmcrave.com/movie_page_main.php?id=63796,Unknown
Queen of Diamonds,57854,2.0,1,10/11/1991,English,Drama,NR,Nina Menkes,"Emmellda Beech, Tinka Menkes",https://www.filmcrave.com/movie_page_main.php?id=63797,Unknown
Magdalena Viraga,57585,2.0,1,11/01/1986,English,Documentary,NR,Nina Menkes,"Claire Aguilar, Nora Bendich, Dave Gist, Scott Edmund Lane, Tinka Menkes",https://www.filmcrave.com/movie_page_main.php?id=63798,Unknown
Phantom Love,59316,2.0,1,01/19/2007,English,Drama,NR,Nina Menkes,"Marina Shoif, Juliette Marquis, Bobby Naderi, Allison Bell, Lena Bubenechik, Michael Joseph Carr",https://www.filmcrave.com/movie_page_main.php?id=63799,Unknown
A Killer Walks,56575,2.0,1,10/31/1952,English,"Crime, Drama",NR,Ronald Drake,"Susan Shaw, Laurence Harvey, Trader Faulkner, Laurence Naismith, Sheila Shand Gibbs, Ethel Edwards",https://www.filmcrave.com/movie_page_main.php?id=63800,Unknown
Castle in the Air,55879,2.0,1,12/26/1852,English,Comedy,NR,Henry Cass,"David Tomlinson, Helen Cherry, Margaret Rutherford, Barbara Kelly, A.E. Matthews, Patricia Dainton",https://www.filmcrave.com/movie_page_main.php?id=63801,Unknown
Hammer the Toff,56573,2.0,1,08/11/1952,English,"Crime, Drama",NR,Maclean Rogers,"John Bentley, Patricia Dainton, John Robinson, Valentine Dyall, Lockwood West, Katharine Blake",https://www.filmcrave.com/movie_page_main.php?id=63802,Unknown
My Wife's Lodger ,56576,2.0,1,10/31/1952,English,Comedy,NR,Maurice Elvey,"Dominic Roche, Olive Sloane, Diana Dors, Leslie Dwyer, Alan Sedgwick, Vi Kaley",https://www.filmcrave.com/movie_page_main.php?id=63803,Unknown
Private Information,56571,2.0,1,05/01/1952,English,Drama,NR,Fergus McDonell,"Jill Esmond, Jack Watling, Carol Marsh, Gerard Heinz, Mercy Haystead, Norman Shelley",https://www.filmcrave.com/movie_page_main.php?id=63804,Unknown
Scorching Fury,56565,2.0,1,01/01/1952,English,Western,NR,Rick Freers,"Richard Devon, William Leslie, Peggy Nelson, Sherwood Price, Audrey Dineen, Eddie McLean",https://www.filmcrave.com/movie_page_main.php?id=63805,Unknown
Bachelor in Paris aka Song of Paris,56580,2.0,1,04/17/1953,English,Comedy,NR,John Guillermin,"Dennis Price, Anne Vernon, Mischa Auer, Hermione Baddeley, Joan Kenny, Brian Worth",https://www.filmcrave.com/movie_page_main.php?id=63806,Unknown
Dan Curtis' Dracula,57023,2.0,1,02/08/1974,English,"Drama, Horror",NR,Dan Curtis,"Jack Palance, Simon Ward, Nigel Davenport, Pamela Brown, Fiona Lewis, Penelope Horner",https://www.filmcrave.com/movie_page_main.php?id=63807,Unknown
Sniper: Rogue Mission,60331,2.0,1,08/16/2022,English,"Action, Thriller",R,Oliver Thompson,"Chad Michael Collins, Ryan Robbins, Sayaka Akimoto, Josh Brener, Brendan Sexton III, Dennis Haysbert",https://www.filmcrave.com/movie_page_main.php?id=63808,Unknown
Knockabout ( Za jia xiao zi ),57398,2.0,1,09/17/1982,Cantonese,"Action, Comedy",PG-13,Sammo Kam-Bo Hung,"Ka-Yan Leung, Chia-Yung Liu, Biao Yuen, Kuang Yu Wang, Hoi-Sang Lee, Karl Maka",https://www.filmcrave.com/movie_page_main.php?id=63809,Unknown
Next Goal Wins,9180,2.6,10,11/17/2023,English,"Comedy, Sport",PG-13,Taika Waititi,"Will Arnett, Michael Fassbender, Elisabeth Moss, Rhys Darby, Uli Latukefu, Angus Sampson",https://www.filmcrave.com/movie_page_main.php?id=63811,Unknown
Cassandro,38390,2.5,2,01/20/2023,English,Drama,R,Roger Ross Williams,"Bad Bunny, Gael García Bernal, Raúl Castillo, Roberta Colindrez, Joaquín Cosio, Mark Vasconcellos",https://www.filmcrave.com/movie_page_main.php?id=63812,Unknown
Murder Mystery 2,9509,2.6,8,02/10/2023,English,"Action, Comedy",PG-13,Jeremy Garelick,"Adam Sandler, Jennifer Aniston, Mark Strong, Mélanie Laurent, Tony Goldwyn, Jodie Turner-Smith",https://www.filmcrave.com/movie_page_main.php?id=63813,"Budding private eyes Nick and Audrey are all in on the detective work - but find their business sorely lacking for customers. Things pick up, however, when they attend the wedding of their friend, Maharaja, leading to a huge international case when the groom is abducted during the ceremony. --"
The Oath,60370,2.0,1,03/31/2023,English,"Action, Drama",PG-13,Darin Scott,"Darin Scott, Billy Zane, Eugene Brave Rock, Karina Lombard, Nora Dale, Wasé Chief",https://www.filmcrave.com/movie_page_main.php?id=63814,Unknown
Saint Omer,21476,3.3,2,10/03/2022,French,Drama,PG-13,Alice Diop,"Kayije Kagame, Guslagie Malanda, Valérie Dréville, Aurélia Petit, Xavier Maly, Robert Cantarella",https://www.filmcrave.com/movie_page_main.php?id=63815,Unknown
Maybe I Do,54680,3.0,1,01/27/2023,English,"Comedy, Romance",PG-13,Michael Jacobs,"Emma Roberts, Richard Gere, Diane Keaton, Luke Bracey, Susan Sarandon, William H. Macy",https://www.filmcrave.com/movie_page_main.php?id=63816,"Michelle and Allen are in a relationship that has nearly reached the breaking point. In order to decide if things should continue or end, they decide to finally invite their respective parents to meet. It turns out, their parents already know each other - intimately - and it sheds new light on all their relationships. --"
Alone at Night,60357,2.0,1,01/20/2023,English,Horror,NR,Jimmy Giannopoulos,"Luis Guzmán, Pamela Anderson, Ashley Benson, Jake Weary, Sky Ferreira, Paris Hilton",https://www.filmcrave.com/movie_page_main.php?id=63817,Unknown
There's Something Wrong with the Children,38843,1.8,4,01/17/2023,English,"Horror, Mystery",NR,Roxanne Benjamin,"Zach Gilford, Amanda Crew, Briella Guiza, David Mattle, Alisha Wainwright, Carlos Santos",https://www.filmcrave.com/movie_page_main.php?id=63818,Unknown
Kill Her Goats,54693,3.0,1,03/13/2023,English,Horror,NR,Steve Wolsh,"Kane Hodder, Ellie Gonsalves, Brianna Kellum, Arielle Raycene, Danielle Mathers, Amberleigh West",https://www.filmcrave.com/movie_page_main.php?id=63819,Unknown
Beau is Afraid,9628,2.5,12,04/30/2023,English,"Comedy, Mystery",R,Ari Aster,"Joaquin Phoenix, Parker Posey, Amy Ryan, Kylie Rogers, Armen Nahapetian, Richard Kind",https://www.filmcrave.com/movie_page_main.php?id=63820,"From his early childhood to his adult life, Beau has been under the thumb of his domineering mother, Mona. When he learns of his mother's death, he tries everything to get to the funeral on time - even as fantasy, reality and memory blur together. --"
Landscape with Invisible Hand,60360,2.0,1,01/30/2023,English,"Adventure, Sci-Fi",R,Cory Finley,"Kylie Rogers, William Jackson Harper, Tiffany Haddish, Michael Gandolfini, Clifton Collins Jr., Josh Hamilton",https://www.filmcrave.com/movie_page_main.php?id=63821,Unknown
"Quiet Girl, The ( An Cailín Ciúin )",5018,3.1,4,12/16/2022,Other,Drama,PG-13,Colm Bairéad,"Carrie Crowley, Carrie Crowley, Catherine Clinch, Michael Patric, Kate Nic Chonaonaigh, Joan Sheehy",https://www.filmcrave.com/movie_page_main.php?id=63822,Unknown
The Year of the Dog,54690,3.0,1,03/07/2023,English,Drama,PG-13,"Rob Grabow, Andrew McGinn, Michael Peterson","Rob Grabow, Michael Spears, Jon Proudstar, Alyssa Groenig, Jeff Medley, Aaron C. Finley",https://www.filmcrave.com/movie_page_main.php?id=63823,Unknown
Emily,33146,2.8,2,02/17/2023,English,"Biography, Drama",R,Frances O'Connor,"Emma Mackey, Oliver Jackson-Cohen, Fionn Whitehead, Alexandra Dowling, Amelia Gething, Adrian Dunbar",https://www.filmcrave.com/movie_page_main.php?id=63824,"Affected greatly by the death of her mother and struggling to fit within the confines of her family, young Emily Brontë is considered a misfit - the strange one - even as she turns conflict into poetry and writing. Finding connection where she can, she takes all her passion and pain and pours it into novel - one that will become the seminal novel Wuthering Heights. --"
The Outwaters,54528,3.0,1,02/12/2022,English,"Horror, Sci-Fi",NR,Robbie Banfitch,"Robbie Banfitch, Angela Basolis, Scott Schamell, Michelle May, Leslie Ann Banfitch, Aro Caitlin",https://www.filmcrave.com/movie_page_main.php?id=63825,Unknown
The Volcano: Rescue From Whakaari,26435,3.0,2,12/09/2022,English,Documentary,PG-13,Rory Kennedy,"Matt Urey, Lauren Urey, Jesse Langford, Kelsey Waghorn, Mark Law, Brian DePauw",https://www.filmcrave.com/movie_page_main.php?id=63826,A close examination of the Whakaari / White Island volcanic eruption of 2019 in which 22 lives were lost.
The Adventures of Açela,60233,2.0,1,02/04/2020,English,"Animation, Adventure",NR,Özgür Dogruöz,"Trinity Santos, Nic Ferg, Mike Carnes, Yunus Emre Pekcici, Randy Shanno, Helana Summer",https://www.filmcrave.com/movie_page_main.php?id=63827,Unknown
Capturing the Killer Nurse,26434,3.0,2,11/22/2022,English,"Documentary, Crime",NR,Tim Travers Hawkins,"Charles Cullen, Amy Loughren, Donna Hargreaves, Lucille Gall, Bruce Ruck, Tim Braun",https://www.filmcrave.com/movie_page_main.php?id=63828,Documentary about the serial killer Charles Cullen and the investigation that uncovered his crimes.
The Hatchet Weilding Hitchhiker,14334,2.8,3,01/10/2023,English,"Documentary, Crime",NR,Colette Camden,"Kai Lawrence, Jessob Reisbeck, Shirley McGillvary, Brad Mulcahy, Sandy Panman, Bob Ellenport",https://www.filmcrave.com/movie_page_main.php?id=63829,Kai the Hatchet-Wielding Hitchhiker went from viral internet hero to wanted for homicide in the span of months. This documentary follows the rise and fall of Kai Lawrence.
Athena,10946,3.0,3,09/23/2022,French,"Action, Drama",R,Romain Gavras,"Dali Benssalah, Sami Slimane, Anthony Bajon, Ouassini Embarek, Alexis Manenti, Birane Ba",https://www.filmcrave.com/movie_page_main.php?id=63830,Unknown
The Desperado,55155,1.5,2,06/20/1954,English,Western,NR,Thomas Carr,"Wayne Morris, Jimmy Lydon, Beverly Garland, Rayford Barnes, Dabbs Greer, Lee Van Cleef",https://www.filmcrave.com/movie_page_main.php?id=63831,Unknown
Hiroshima,56598,2.0,1,05/16/1955,Japanese,"Drama, War",NR,Hideo Sekigawa,"Eiji Okada, Yumeji Tsukioka, Yoshi Katô, Takashi Kanda, Isuzu Yamada, Tokue Hanazawa",https://www.filmcrave.com/movie_page_main.php?id=63832,Unknown
I Wonder Who's Killing Her Now?,57092,2.0,1,12/01/1975,English,"Comedy, Crime",PG,Steven Hilliard Stern,"Bob Dishy, Joanna Barnes, Bill Dana, Harvey Jason, Severn Darden, Vito Scotti",https://www.filmcrave.com/movie_page_main.php?id=63833,Unknown
The Killing Kind,56982,2.0,1,04/07/1973,English,"Crime, Horror",R,Curtis Harrington,"Ann Sothern, John Savage, Ruth Roman, Luana Anders, Cindy Williams, Sue Bernard",https://www.filmcrave.com/movie_page_main.php?id=63834,Unknown
"Five Days, The ( cinque giornate, Le )",57000,2.0,1,12/20/1973,Italian,"Comedy, Drama",NR,Dario Argento,"Adriano Celentano, Enzo Cerusico, Marilù Tolo, Luisa De Santis, Glauco Onorato, Salvatore Baccaro",https://www.filmcrave.com/movie_page_main.php?id=63835,Unknown
How to Rob,60343,2.0,1,10/08/2022,English,Crime,NR,Peter Horgan,"Chinaza Uche, Kevin Nagle, Eli Powers, David Pridemore, Vera Teixeira, Sue Costello",https://www.filmcrave.com/movie_page_main.php?id=63836,Unknown
Let It Be Morning,54506,3.0,1,12/08/2021,Arabic,Drama,NR,Eran Kolirin,"Alex Bakri, Juna Suleiman, Salim Daw, Ehab Salami, Khalifa Natour, Samer Bisharat",https://www.filmcrave.com/movie_page_main.php?id=63837,Unknown
Shotgun Wedding,11021,2.6,8,01/27/2023,English,"Action, Comedy",R,Jason Moore,"Jennifer Lopez, Josh Duhamel, Lenny Kravitz, Jennifer Coolidge, Sonia Braga, Cheech Marin",https://www.filmcrave.com/movie_page_main.php?id=63838,A couple has planned the perfect destination wedding for their friends and
Bunker,54648,3.0,1,10/08/2022,English,"Horror, Thriller",R,Adrian Langley,"Roger Clark, Sean Cullen, Luke Baines, Kayla Radomski, Eddie Ramos, Julian Feder",https://www.filmcrave.com/movie_page_main.php?id=63839,Unknown
Crater,60358,2.0,1,01/20/2023,English,"Adventure, Family",PG,Kyle Patrick Alvarez,"Mckenna Grace, Brady Noon, Billy Barratt, Isaiah Russell-Bailey, Orson Hong, Thomas Boyce",https://www.filmcrave.com/movie_page_main.php?id=63840,Unknown
Of an Age,17900,2.7,3,02/17/2023,English,Drama,R,Goran Stolevski,"Thom Green, Elias Anton, Toby Derrick, Hattie Hook, Jack Kenny, Grace Graznak",https://www.filmcrave.com/movie_page_main.php?id=63841,Unknown
Linoleum,54542,3.0,1,03/12/2022,English,"Comedy, Drama",NR,Colin West,"Jim Gaffigan, Rhea Seehorn, Katelyn Nacon, Gabriel Rush, Amy Hargreaves, Michael Ian Black",https://www.filmcrave.com/movie_page_main.php?id=63842,Unknown
Sharper,21711,2.5,3,02/17/2023,English,Drama,R,Benjamin Caron,"Justice Smith, Briana Middleton, Sebastian Stan, Julianne Moore, John Lithgow, Hannah Dunne",https://www.filmcrave.com/movie_page_main.php?id=63843,"From boardrooms to back rooms, Manhattan's elite are about to face a talented con artist who is willing to take them for everything. But in this high-stakes world of ambition, greed, lust and jealousy - the rarest commodity of all is trust. --"
Somebody I Used to Know,38844,1.8,4,02/10/2023,English,"Comedy, Romance",R,Dave Franco,"Alison Brie, Jay Ellis, Kiersey Clemons, Danny Pudi, Olga Merediz, Haley Joel Osment",https://www.filmcrave.com/movie_page_main.php?id=63844,"When workaholic Ally returns to her hometown she re-connects with her ex, Sean, and seriously begins to question her life choices. When she meets Cassidy, Sean's current girlfriend, it reminds her of the person she used to be - and complicates things. --"
Polite Society,29302,2.0,6,04/28/2023,English,"Action, Comedy",PG-13,Nida Manzoor,"Ritu Arya, Priya Kansara, Nimra Bucha, Akshay Khanna, Ella Bruccoleri, Seraphina Beh",https://www.filmcrave.com/movie_page_main.php?id=63845,"Ria Khan is training in martial arts and would do anything for her older sister, Lena, including saving her from her impending marriage. With the help of a few friends, the group will plan the most ambitious, audacious wedding heist - and stand up for sisterhood everywhere. --"
Syndicate Sadists ( Il giustiziere sfida la città ),57122,2.0,1,04/01/1976,Italian,"Action, Crime",R,Umberto Lenzi,"Tomas Milian, Joseph Cotten, Maria Fiore, Mario Piave, Luciano Catenacci, Femi Benussi",https://www.filmcrave.com/movie_page_main.php?id=63846,Unknown
Lulluby,60355,2.0,1,12/16/2022,English,Horror,NR,John R. Leonetti,"Oona Chaplin, Ramón Rodríguez, Liane Balaban, Mary Ann Stevens, Julie Khaner, Alex Karzis",https://www.filmcrave.com/movie_page_main.php?id=63847,Unknown
The Man Without a World,57915,2.0,1,09/09/1992,English,"Drama, Romance",NR,Eleanor Antin,"Pier Marton, Christine Berry, Anna Henriques, Eleanor Antin, Marcia Goodman, George Leonard",https://www.filmcrave.com/movie_page_main.php?id=63848,Unknown
The Invisible Maniac,57781,2.0,1,07/13/1990,English,"Comedy, Sci-Fi",R,Adam Rifkin,"Noel Peters, Savannah, Stephanie Blake, Melissa Moore, Clement von Franckenstein, Debra Lamb",https://www.filmcrave.com/movie_page_main.php?id=63849,Unknown
At Midnight,54685,3.0,1,02/10/2023,English,"Comedy, Mystery",R,Jonah Feingold,"Monica Barbaro, Diego Boneta, Whitney Cummings, Anders Holm, Catherine Cohen, Sara Sampaio",https://www.filmcrave.com/movie_page_main.php?id=63850,Unknown
Champions,31604,2.8,2,03/10/2023,English,"Comedy, Sport",PG-13,Bobby Farrelly,"Woody Harrelson, Ernie Hudson, Cheech Marin, Madison Tevlin, Matt Cook, Kaitlin Olson",https://www.filmcrave.com/movie_page_main.php?id=63851,"A former minor-league coach suffers a meltdown but instead of jail time finds himself court-ordered to lead a new team of intellectual disabled adults. While he at first struggles to connect, he comes to realize the group has more potential than he - or they - could imagine and suddenly sets the stage for something that will change all their lives. --"
His Only Son,54701,3.0,1,04/17/2023,English,"Drama, Historical",PG-13,David Helling,"Nicolas Mouawad, Sara Seyed, Scot Cooper, Luis Fernandez-Gil, Daniel da Silva, Ottavio Taddei",https://www.filmcrave.com/movie_page_main.php?id=63852,Unknown
Luther: The Fallen Sun,60362,2.0,1,02/24/2023,English,"Crime, Drama",R,Jamie Payne,"Idris Elba, Andy Serkis, Cynthia Erivo, Hattie Morahan, Carl Spencer, Dermot Crowley",https://www.filmcrave.com/movie_page_main.php?id=63853,Unknown
Palm Trees and Power Lines,26423,3.0,2,01/24/2022,English,Drama,R,Jamie Dack,"Lily McInerny, Gretchen Mol, Armani Jackson, Jonathan Tucker, Kenny Johnston, Rhied De Castro",https://www.filmcrave.com/movie_page_main.php?id=63854,Unknown
Seriously Red,54543,3.0,1,03/13/2022,English,"Comedy, Drama",R,Gracie Otto,"Krew Boylan, Daniel Webber, Rose Byrne, Bobby Cannavale, Thomas Campbell, Todd Lasance",https://www.filmcrave.com/movie_page_main.php?id=63855,Unknown
Consecration,17893,2.7,3,02/10/2023,English,"Horror, Thriller",R,Christopher Smith,"Jena Malone, Danny Huston, Thoren Ferguson, Ian Pirie, Janet Suzman, Steffan Cennydd",https://www.filmcrave.com/movie_page_main.php?id=63856,Unknown
Fair Haven,24957,3.0,2,08/10/2016,English,Drama,NR,Kerstin Karlhuber,"Michael Grant, Tom Wopat, Gregory Harrison, Josh Green, Susan Aser, Tom Malloy",https://www.filmcrave.com/movie_page_main.php?id=63857,Unknown
Blindfire,38303,2.5,2,11/13/2020,English,"Crime, Drama",NR,Michael Nell,"Brian Geraghty, Sharon Leal, Bethany Joy Lenz, Jim Beaver, Edwina Findley, Chiké Okonkwo",https://www.filmcrave.com/movie_page_main.php?id=63858,Unknown
Lovers Lane,0,0.0,0,02/05/2000,English,"Horror, Mystery",NR,Jon Steven Ward,"Anna Faris, Sarah Lancaster, Matt Riedy, Richard Sanders, Billy O'Sullivan, Riley Smith",https://www.filmcrave.com/movie_page_main.php?id=63859,Unknown
The Boogeyman,16551,2.3,11,06/02/2023,English,"Horror, Mystery",PG-13,Rob Savage,"Chris Messina, Vivien Lyra Blair, Sophie Thatcher, Marin Ireland, David Dastmalchian, LisaGay Hamilton",https://www.filmcrave.com/movie_page_main.php?id=63860,"A teen and her little sister, still reeling from the death of their mother, become convinced a terrifying presence now resides in their house. They must convince their skeptical father of the very real danger before they all run out of time. --"
We Have a Ghost,8260,2.7,7,02/24/2023,English,"Adventure, Comedy",PG-13,Christopher Landon,"Anthony Mackie, David Harbour, Niles Fitch, Erica Ash, Tig Notaro, Jennifer Coolidge",https://www.filmcrave.com/movie_page_main.php?id=63861,"A family moves into a purported haunted house and when they discover their ghost, Ernest, is quite real, it turns into a viral sensation. But when they try to figure out the mystery behind their ghost - the CIA becomes involved as they attempt to cover up something big. --"
Left Behind: Rise of the Antichrist,54679,3.0,1,01/26/2023,English,Drama,PG-13,Kevin Sorbo,"Kevin Sorbo, Neal McDonough, Corbin Bernsen, Mark Bellamy, Jesse Lipscombe, Sarah Fisher",https://www.filmcrave.com/movie_page_main.php?id=63862,Unknown
Beautiful Disaster,34579,2.0,3,04/12/2023,English,"Drama, Romance",R,Roger Kumble,"Virginia Gardner, Autumn Reeser, Brian Austin Green, Dylan Sprouse, Rob Estes, Austin North",https://www.filmcrave.com/movie_page_main.php?id=63863,"All college freshman Abby wants to do is start a new life, escaping from the bad decisions of her past. But when she meet old friend and bad boy Travis, the connection they make seems to point to a return to old ways - but love has other plans for the both of them. --"
Blueback,54676,3.0,1,01/21/2023,English,"Drama, Family",PG,Robert Connolly,"Eric Bana, Mia Wasikowska, Radha Mitchell, Clarence Ryan, Eddie Baroo, Ariel Donoghue",https://www.filmcrave.com/movie_page_main.php?id=63864,Unknown
A Little White Lie,0,0.0,0,03/31/2023,English,Comedy,R,Michael Maren,"Michael Shannon, Kate Hudson, Peyton List, Perry Mattfeld, Wendie Malick, Zach Braff",https://www.filmcrave.com/movie_page_main.php?id=63865,Unknown
Pathaan,38392,2.5,2,01/25/2023,Hindi,"Action, Drama",NR,Siddharth Anand,"Shah Rukh Khan, Deepika Padukone, John Abraham, Dimple Kapadia, Ashutosh Rana, Salman Khan",https://www.filmcrave.com/movie_page_main.php?id=63866,Unknown
The Wandering Earth II,40018,1.8,3,01/22/2023,Mandarin,"Action, Drama",NR,Frant Gwo,"Andy Lau, Jing Wu, Zina Blahusova, Zhi Wang, Yanmanzi Zhu, Li Ning",https://www.filmcrave.com/movie_page_main.php?id=63867,Unknown
Infinity Pool,8725,2.6,13,01/27/2023,English,"Horror, Sci-Fi",R,Brandon Cronenberg,"Alexander Skarsgård, Mia Goth, Cleopatra Coleman, Jalil Lespert, Adam Boncz, Thomas Kretschmann",https://www.filmcrave.com/movie_page_main.php?id=63868,"On an all-inclusive vacation to the beach resort of La Tolqa, struggling author James Foster and his wife Em find out the hard way that every crime on the island is punishable by death. But they also find that the rich have a way out - one that opens the doors to the islands real source of tourism - and every perverse and violent desire one could ever wish. --"
Moving On,36179,2.5,2,03/17/2023,English,Comedy,R,Paul Weitz,"Jane Fonda, Lily Tomlin, Malcolm McDowell, Catherine Dent, Sarah Burns, Richard Roundtree",https://www.filmcrave.com/movie_page_main.php?id=63869,Two old friends find themselves reconnecting at a funeral and decide the best course of action is to take revenge on the recent widower - the one who both had relations with decades before that ended badly. --
Heights of Danger,56578,2.0,1,02/01/1953,English,Drama,NR,Peter Bradford,"Basil Appleby, Freda Bamford, Wilfred Downing, Annette Cabot, Christopher Cabot, Jack Melford",https://www.filmcrave.com/movie_page_main.php?id=63870,Unknown
House of Blackmail,56581,2.0,1,07/13/1953,English,"Drama, Mystery",NR,Maurice Elvey,"William Sylvester, Mary Germaine, Alexander Gauge, John Arnatt, Denis Shaw, Ingeborg von Kusserow",https://www.filmcrave.com/movie_page_main.php?id=63871,Unknown
Mutant Action ( Acción mutante ),57963,2.0,1,01/21/1993,Spanish,"Comedy, Fantasy",NR,Álex de la Iglesia,"Antonio Resines, Álex Angulo, Frédérique Feder, Juan Viadas, Karra Elejalde, Saturnino García",https://www.filmcrave.com/movie_page_main.php?id=63872,Unknown
The Yellow Wallpaper,54410,3.0,1,03/20/2021,English,Horror,NR,Kevin Pontuti,"Alexandra Loreth, Joe Mullins, Jeanne O'Connor, Clara Harte, Mark P. O'Connor, Jessica Loreth",https://www.filmcrave.com/movie_page_main.php?id=63873,Unknown
Corner Office,54584,3.0,1,06/09/2022,English,Comedy,PG-13,Joachim Back,"Jon Hamm, Danny Pudi, Christopher Heyerdahl, Allison Riley, Shawn Macdonald, Mark Dozlaw",https://www.filmcrave.com/movie_page_main.php?id=63874,Unknown
The Deepest Breath,14335,2.8,3,01/21/2023,English,"Documentary, Adventure",PG,Laura McGann,"Alessia Zecchini, Stephen Keenan",https://www.filmcrave.com/movie_page_main.php?id=63875,Unknown
My Happy Ending,54687,3.0,1,02/24/2023,English,"Comedy, Drama",R,"Tal Granit, Sharon Maymon","Andie MacDowell, Miriam Margolyes, Tom Cullen, Sally Phillips, Tamsin Greig, David Walliams",https://www.filmcrave.com/movie_page_main.php?id=63876,Unknown
Righteous Thieves,54691,3.0,1,03/10/2023,English,Thriller,R,Anthony Nardolillo,"Cam Gigandet, Jaina Lee Ortiz, Lisa Vidal, Carlos Miranda, Brian Cousins, Melissa Marty",https://www.filmcrave.com/movie_page_main.php?id=63877,Unknown
Space Oddity,60320,2.0,1,06/12/2022,English,"Comedy, Romance",PG-13,Kyra Sedgwick,"Kyle Allen, Alexandra Shipp, Madeline Brewer, Simon Helberg, Carrie Preston, Kevin Bacon",https://www.filmcrave.com/movie_page_main.php?id=63878,Unknown
You Hurt My Feelings,13687,2.8,3,01/22/2023,English,"Comedy, Drama",R,Nicole Holofcener,"Amber Tamblyn, David Cross, Tobias Menzies, Julia Louis-Dreyfus, Owen Teague, Bryan Reynoso",https://www.filmcrave.com/movie_page_main.php?id=63879,Unknown
BTS: Yet to Come in Cinemas,54681,3.0,1,02/01/2023,Korean,Documentary,NR,Oh Yoon-Dong,"J-Hope, Jimin, Jin, Jungkook, RM, Suga",https://www.filmcrave.com/movie_page_main.php?id=63880,Unknown
Big George Foreman: The Miraculous Story of the Once and Future Heavyweight Champion of the World,21478,3.3,2,04/28/2023,English,"Biography, Sport",PG-13,George Tillman Jr.,"Khris Davis, Sonja Sohn, Sam Trammell, Forest Whitaker, Lawrence Gilliard Jr., Deion Smith",https://www.filmcrave.com/movie_page_main.php?id=63881,"The remarkable true story of George Foreman - Olympic gold medalist, Heavyweight Champion, the Rumble in the Jungle, a preacher man, retirement and an improbable comeback at age 45 - along with the struggles and hardships between. A legend in the ring and an amazing life outside of it - there can only be on Big George Foreman. --"
Spoonful of Sugar,54643,3.0,1,09/24/2022,English,Horror,NR,Mercedes Bryce Morgan,"Morgan Saylor, Kat Foster, Myko Olivier, Danilo Crovetti, Keith Powell, Laura Coover",https://www.filmcrave.com/movie_page_main.php?id=63882,Unknown
Air,2797,2.9,16,04/05/2023,English,Drama,R,Ben Affleck,"Matt Damon, Ben Affleck, Jason Bateman, Viola Davis, Chris Messina, Chris Tucker",https://www.filmcrave.com/movie_page_main.php?id=63883,"A struggling shoe company, Nike, needs something big to help them compete with the major players in the market. Sonny Vaccaro bets big on an up-and-coming rookie - and his decision will launch the company into the stratosphere with the debut of the Air Jordon. --"
I Spill Your Guts,0,0.0,0,04/01/2012,English,"Horror, Thriller",NR,James Balsamo,"Billy Walsh, Carmine Capobianco, James Balsamo, Lloyd Kaufman, Andrew W.K., Lynn Lowry",https://www.filmcrave.com/movie_page_main.php?id=63884,Unknown
"Hunt Her, Kill Her",0,0.0,0,03/03/2023,English,"Horror, Thriller",NR,"Greg Swinson, Ryan Thiessen","Natalie Terrazzino, JC Oakley III, Larry Bunton, Philip Zimny, Trevor Tucker, Olivia Graves",https://www.filmcrave.com/movie_page_main.php?id=63885,"Karen has just started her new job as the lone person as a night shift janitor when she is targeted by a group of masked intruders. Realizing there is no way out, she will have to outwit her pursuers and become just as brutal as they are in order to survive. --"
Spinning Gold,54695,3.0,1,03/31/2023,English,"Biography, Drama",R,"Timothy Scott Bogart, Quinn Scott Bogart","Jeremy Jordan, Michelle Monaghan, Michael Ian Black, Jay Pharoah, Wiz Khalifa, Tayla Parx",https://www.filmcrave.com/movie_page_main.php?id=63886,"Biopic of record producer Neil Bogart, who helped co-found Casablanca Records and helped launch the careers of the likes of Kiss, George Clinton and Donna Summer - even though the wild ride threatened to crash more than a few times. --"
A Thousand and One,0,0.0,0,03/31/2023,English,"Crime, Drama",R,A.V. Rockwell,"Teyana Taylor, Aaron Kingsley Adetola, Aven Courtney, Josiah Cross, William Catlett, Terri Abney",https://www.filmcrave.com/movie_page_main.php?id=63887,"Inez will do anything for her son - including taking him from a broken foster system - but getting him out is just the first step as the two look for home, identity and stability in the ever-changing New York City. --"
The Killer,2088,3.0,17,11/10/2023,English,"Action, Crime",R,David Fincher,"Michael Fassbender, Tilda Swinton, Charles Parnell, Kerry O'Malley, Monique Ganderton, Lacey Dover",https://www.filmcrave.com/movie_page_main.php?id=63888,"A professional killer with a near-perfect record finds himself dealing with the fallout after a job goes wrong. But when it gets personal, he finds himself tracking down each and everyone responsible. --"
The Pope's Exorcist,12576,2.4,14,04/14/2023,English,"Horror, Thriller",R,Julius Avery,"Russell Crowe, Daniel Zovatto, Franco Nero, Alex Essoe, Peter DeSouza-Feighoney, Laurel Marsden",https://www.filmcrave.com/movie_page_main.php?id=63889,"Based on the real-life story of Father Gabriele Amorth who worked at the Vatican as the chief exorcist, participating in over 100,000 exorcisms during his tenure and wrote two books: An Exorcist Tells His Story and An Exorcist: More Stories about his experiences in battling the evils around the world. --"
Love Again,34578,2.0,3,05/12/2023,English,"Romance, Comedy",PG-13,Jim Strouse,"Sam Heughan, Priyanka Chopra Jonas, Russell Tovey, Celia Imrie, Lydia West, Omid Djalili",https://www.filmcrave.com/movie_page_main.php?id=63890,"After her fiancé's death, a woman tries to ease her suffering by texting his old number with romantic messages. Unbeknownst to her, that number has already be re-assigned and while those messages may go unanswered - they do not go unnoticed. Opportunity leads to connection leads back to love in a most unexpected way. --"
Moon Garden,54586,3.0,1,06/10/2022,English,"Fantasy, Horror",NR,Ryan Stevens Harris,"Augie Duke, Brionne Davis, Haven Lee Harris, Morgana Ignis, Maria Olsen, Timothy Lee DePriest",https://www.filmcrave.com/movie_page_main.php?id=63891,Unknown
Unseen,60364,2.0,1,03/07/2023,English,"Horror, Thriller",NR,Yoko Okumura,"Missi Pyle, Midori Francis, Jolene Purdy, Ren Hanami, Michael Patrick Lane, Nicholas X. Parsons",https://www.filmcrave.com/movie_page_main.php?id=63892,Unknown
Kandahar,8100,2.7,8,05/26/2023,English,"Action, Thriller",R,Ric Roman Waugh,"Gerard Butler, Bahador Foladi, Olivia-Mai Barrett, Nina Toussaint-White, Vassilis Koukalani, Tom Rhys Harries",https://www.filmcrave.com/movie_page_main.php?id=63893,"While undercover in Afghanistan, CIA operative Tom Harris is exposed and must make a desperate escape along with his trusted translator. In order to escape, they will have to reach Kandahar - but between them and the city will be elite mercenaries and the enemy army. --"
BlackBerry,864,3.4,7,06/02/2023,English,"Biography, Comedy",R,Matt Johnson,"Jay Baruchel, Glenn Howerton, Matt Johnson, Cary Elwes, Saul Rubinek, Michael Ironside",https://www.filmcrave.com/movie_page_main.php?id=63894,"Based on the true story of the world's first smartphone - beloved by millions, including the most rich and powerful in the world, before succumbing to ever-changing forces of technology - failure to innovate as they just as quickly met their demise.  --"
The Machine,34444,1.8,5,05/26/2023,English,"Action, Comedy",R,Peter Atencio,"Mark Hamill, Bert Kreischer, Martyn Ford, Jimmy Tatro, Stephanie Kurtzuba, Jess Gabor",https://www.filmcrave.com/movie_page_main.php?id=63895,"Twenty years after an epic adventure in Russia Bert, along with his father, find the past catching up as the duo find themselves atoning for a wrong committed during a drunken, drug-fueled stupor. --"
Monica,54706,3.0,1,05/19/2023,English,Drama,R,Andrea Pallaoro,"Emily Browning, Patricia Clarkson, Trace Lysette, Adriana Barraza, Joshua Close, Ali Amine",https://www.filmcrave.com/movie_page_main.php?id=63896,"After all but giving up on her family, Monica returns home to care for her dying mother and has to face a fractured family as she faces a tortured past and looks for acceptance and ultimately redemption. --"
About My Father,47113,3.0,1,05/26/2023,English,Comedy,PG-13,Laura Terruso,"Robert De Niro, Sebastian Maniscalco, Leslie Bibb, Kim Cattrall, Anders Holm, David Rasche",https://www.filmcrave.com/movie_page_main.php?id=63897,"An old-school Italian immigrant finds out his son is going to propose to his girlfriend and that her  family is the embodiment of pure all-American, affluent and Caucasian heritage. He crashes the weekend plans but finds out family is what you make of it. --"
The Blackening,19190,2.3,6,06/16/2023,English,"Comedy, Horror",R,Tim Story,"Antoinette Robertson, Dewayne Perkins, Sinqua Walls, Grace Byers, X Mayo, Melvin Gregg",https://www.filmcrave.com/movie_page_main.php?id=63898,Seven black friends on a weekend getaway to a cabin in the woods find themselves at the mercy of a masked killer with a vendetta and a deadly game to play. --
Paris Memories ( Revoir Paris ),54711,3.0,1,06/23/2023,French,Drama,Unknown,Alice Winocour,"Virginie Efira, Benoît Magimel, Grégoire Colin, Maya Sansa, Amadou Mbow, Nastya Golubeva Carax",https://www.filmcrave.com/movie_page_main.php?id=63899,Unknown
Joy Ride,12151,2.6,6,06/23/2023,English,Comedy,R,Adele Lim,"Stephanie Hsu, Ashley Park, David Denman, Desmond Chiam, Annie Mumolo, Chris Pang",https://www.filmcrave.com/movie_page_main.php?id=63900,Unknown
Gran Turismo,1485,3.1,13,08/25/2023,English,"Action, Drama",PG-13,Neill Blomkamp,"David Harbour, Orlando Bloom, Djimon Hounsou, Darren Barnet, Josha Stradowski, Archie Madekwe",https://www.filmcrave.com/movie_page_main.php?id=63901,"Gran Turismo is based on the unbelievable true story of a team of unlikely underdogs – a struggling working-class gamer (Archie Madekwe), a failed former racecar driver (David Harbour), and an idealistic motorsport executive (Orlando Bloom). Together, they risk it all to take on the most elite sport in the world. Gran Turismo is an inspiring, thrilling, and action-packed story that proves that nothing is impossible when you’re fueled from within."
The Hill,54727,3.0,1,08/25/2023,English,"Biography, Sport",PG,Jeff Celentano,"Dennis Quaid, Colin Ford, Joelle Carter, Scott Glenn, Bonnie Bedelia, Justin Miles",https://www.filmcrave.com/movie_page_main.php?id=63902,Unknown
Golda,17905,2.7,3,08/25/2023,English,"Biography, Drama",PG-13,Guy Nattiv,"Helen Mirren, Liev Schreiber, Lior Ashkenazi, Ed Stoppard, Dominic Mafham, Daniel Ben Zenou",https://www.filmcrave.com/movie_page_main.php?id=63903,Unknown
The Equalizer 3,5143,2.8,12,09/01/2023,English,"Action, Crime",R,Antoine Fuqua,"Denzel Washington, Dakota Fanning, David Denman, Eugenio Mastrandrea, Sonia Ammar, Gaia Scodellaro",https://www.filmcrave.com/movie_page_main.php?id=63905,"Robert McCall wants nothing more than to leave his old life behind and thinks he has finally found peace when he settles in Southern Italy. But this peace is short-lived when the new friends he has made come under the thumb of the mafia. Once again, he is forced into vengeance in order to protect those he most cares about. --"
Moment to Moment,56741,2.0,1,01/27/1966,English,"Drama, Thriller",NR,Mervyn LeRoy,"Jean Seberg, Honor Blackman, Sean Garrison, Arthur Hill, Grégoire Aslan, Peter Robbins",https://www.filmcrave.com/movie_page_main.php?id=63906,Unknown
Viking Wolf ( Vikingulven ),38394,2.5,2,02/03/2023,Norwegian,"Horror, Thriller",NR,Stig Svendsen,"Liv Mjönes, Elli Rhiannon Müller Osborne, Arthur Hakalahti, Kasper Antonsen, Mia Fosshaug Laubacher, Sjur Vatne Brean",https://www.filmcrave.com/movie_page_main.php?id=63907,Unknown
Antrum: The Deadliest Film Ever Made,38219,2.5,2,10/14/2018,English,Horror,NR,"David Amito, Michael Laicini","Nicole Tompkins, Rowan Smyth, Dan Istrate, Circus-Szalewski, Shu Sakimoto, Kristel Elling",https://www.filmcrave.com/movie_page_main.php?id=63908,"A lost, cursed film from the 70s has been found and despite its reputation for causing the death of those who watch it, Antrum is now available in its entirety - with some additional content that cannot be explained. --"
Demon Slayer: Kimetsu No Yaiba - To the Swordsmith Village,54689,3.0,1,03/03/2023,Japanese,"Anime, Action",R,Haruo Sotozaki,"Natsuki Hanae, Akari Kitô, Hiro Shimono, Yoshitsugu Matsuoka, Miyuki Sawashiro, Katsuyuki Konishi",https://www.filmcrave.com/movie_page_main.php?id=63909,Unknown
Master Gardener,24603,2.1,7,05/19/2023,English,Thriller,R,Paul Schrader,"Joel Edgerton, Sigourney Weaver, Quintessa Swindell, Eduardo Losan, Esai Morales, Rick Cosnett",https://www.filmcrave.com/movie_page_main.php?id=63910,"On the surface, Narvel Roth works a meticulous horticulturist, devoted to his craft as much as he is to Norma Haverhill, wealthy dowager of the estate he cultivates. But when she orders him to take on Maya, her impulsive grand niece, as his apprentice, it begins to crack open a violent past he wanted to leave behind. --"
Sanctuary,33147,2.8,2,03/11/2023,English,"Drama, Thriller",R,Zachary Wigon,"Christopher Abbott, Margaret Qualley, Danita Battle, Christian Casatelli, Dominic Defilips, Rene Calvo",https://www.filmcrave.com/movie_page_main.php?id=63911,Unknown
Carmen,47112,3.0,1,04/21/2023,English,"Drama, Musical",R,Benjamin Millepied,"Paul Mescal, Elsa Pataky, Melissa Barrera, Rossy de Palma, Nicole da Silva, Tara Morice",https://www.filmcrave.com/movie_page_main.php?id=63912,"A re-telling of the classic opera as Carmen finds herself on the run from a murderous cartel in Mexico but faces more challenges at the border where government agents and fanatical killers patrol. When a veteran falls for her, the pair look to Los Angeles where Carmen knows where an infamous family friend may provide refuge - but their love may not be enough to escape what is pulling them back. --"
Boston Strangler,11203,2.6,7,03/17/2023,English,"Crime, Drama",R,Matt Ruskin,"Keira Knightley, Carrie Coon, Chris Cooper, Alessandro Nivola, Rory Cochrane, David Dastmalchian",https://www.filmcrave.com/movie_page_main.php?id=63913,"Reporters Loretta McLaughlin and Jean Cole bravely pursue the story of the Boston Strangler at great personal risk, putting their own lives on the line in their quest to uncover the truth."
Past Lives,1566,3.1,11,05/19/2023,English,"Drama, Romance",PG-13,Celine Song,"Greta Lee, Teo Yoo, John Magaro, Moon Seung-ah, Leem Seung-min, Ji Hye Yoon",https://www.filmcrave.com/movie_page_main.php?id=63914,Unknown
Sisu,2393,3.1,7,04/28/2023,Finnish,"Action, War",R,Jalmari Helander,"Jorma Tommila, Aksel Hennie, Jack Doolan, Mimosa Willamo, Onni Tommila, Arttu Kapulainen",https://www.filmcrave.com/movie_page_main.php?id=63915,"In the waning days of WWII, a Finnish prospector comes across a wealth of gold only to have it stolen by a brutal SS officer. But this is no ordinary man and the Nazis soon realize that even though the odds may seem in their favor this one-man army will wage a bloody battle to the bitter end to get his gold back. --"
The Year Between,60322,2.0,1,06/12/2022,English,Drama,NR,Alex Heller,"Steve Buscemi, Alex Heller, J. Smith-Cameron, Wyatt Oleff, Emily Robinson, Kyanna Simone",https://www.filmcrave.com/movie_page_main.php?id=63916,Unknown
The Ritual Killer,60365,2.0,1,03/10/2023,English,Thriller,R,George Gallo,"Cole Hauser, Morgan Freeman, Murielle Hilaire, Vernon Davis, Brian Kurlander, Peter Stormare",https://www.filmcrave.com/movie_page_main.php?id=63917,Unknown
Smoking Causes Coughing ( Fumer fait tousser ),14337,2.8,3,03/31/2023,French,"Comedy, Horror",NR,Quentin Dupieux,"Gilles Lellouche, Vincent Lacoste, Anaïs Demoustier, Jean-Pascal Zadi, Oulaya Amamra, Tanguy Mercier",https://www.filmcrave.com/movie_page_main.php?id=63918,"A down-on-their luck vigilante group known as the ""tobacco-forces"" is commanded by their rat boss to take a weekend getaway in hopes of refueling their passion and teamwork before returning to continue saving the world. --"
All Dirt Roads Taste of Salt,21477,3.3,2,01/23/2023,English,Drama,PG,Raven Jackson,"Kaylee Nicole Johnson, Chris Chalk, Jayah Henry, Sheila Atim, Preston McDowell, Charleen McClure",https://www.filmcrave.com/movie_page_main.php?id=63919,Unknown
Earth Mama,26436,3.0,2,01/20/2023,English,Drama,R,Savanah Leaf,"Tia Nomore, Erika Alexander, Keta Price, Doechii, Sharon Duncan-Brewster, Bokeem Woodbine",https://www.filmcrave.com/movie_page_main.php?id=63920,Unknown
It Ain't Over,21479,3.3,2,05/12/2023,English,Documentary,PG,Sean Mullin,"Yogi Berra, Vin Scully, Billy Crystal, Joe Torre, Tim Berra, Allen Barra",https://www.filmcrave.com/movie_page_main.php?id=63921,"Yogi Berra may be best known for his well-known ""Yogisms"" but he was much more: family man, D-Day veteran, hall-of-fame player whose legend is often overshadowed by his off-field persona. --"
The Starling Girl,0,0.0,0,05/19/2023,English,Drama,R,Laurel Parmet,"Eliza Scanlen, Lewis Pullman, Jimmi Simpson, Wrenn Schmidt, Claire Elizabeth Green, Ellie May",https://www.filmcrave.com/movie_page_main.php?id=63922,Seventeen-year-old Jem Starling can't quite fit in to the Christian fundamentalist community her family is a part of. The return of youth pastor Owen Taylor further complicates things as she finds herself drawn to the young man - putting her at odds with not just the community but her family as well. --
Sweetwater,54700,3.0,1,04/14/2023,English,"Sport, Drama",PG-13,Martin Guigui,"Everett Osborne, Jeremy Piven, Cary Elwes, Richard Dreyfuss, Robert Ri'chard, Kevin Pollak",https://www.filmcrave.com/movie_page_main.php?id=63923,"Follows the story of Nat ""Sweetwater"" Clifton, the first African American to sign a contract with the NBA, an often over-looker trailblazer in sports history. --"
Peter Pan & Wendy,54703,3.0,1,04/28/2023,English,"Action, Adventure",PG,David Lowery,"Alexander Molony, Ever Anderson, Joshua Pickering, Jacobi Jupe, Yara Shahidi, Jude Law",https://www.filmcrave.com/movie_page_main.php?id=63924,"Adaptation of the classic novel in which a young girl and two siblings find themselves whisked away to the magical Neverland where they meet a boy who refused to grow up, a pixie-dust imbued fairy and and an evil pirate - on an adventure none of them will ever forget. --"
Somewhere in Queens,54587,3.0,1,06/10/2022,English,"Comedy, Drama",R,Ray Romano,"Ray Romano, Laurie Metcalf, Jacob Ward, Jennifer Esposito, P.J. Byrne, Sebastian Maniscalco",https://www.filmcrave.com/movie_page_main.php?id=63925,Unknown
The Tutor,60369,2.0,1,03/24/2023,English,"Mystery, Thriller",R,Jordan Ross,"Garrett Hedlund, Noah Schnapp, Victoria Justice, Jonny Weston, Kabby Borders, Michael Aaron Milligan",https://www.filmcrave.com/movie_page_main.php?id=63926,"A tutor to the wealthy elite finds himself at the mercy of Jackson, the son of billionaire whose obsession threatens not just his job - but his relationship and even his life. With the authorities and his girlfriend turning against him - he has only himself to rely on in order to salvage what is left and figure out how to right the wrongs against him. --"
Children of the Corn,54688,3.0,1,03/03/2023,English,Horror,R,Kurt Wimmer,"Elena Kampouris, Kate Moyer, Callan Mulvey, Bruce Spence, Alyla Browne, Connor Burke",https://www.filmcrave.com/movie_page_main.php?id=63927,Unknown
Ghosted,12889,2.5,7,04/21/2023,English,"Action, Comedy",Unknown,Dexter Fletcher,"Ana de Armas, Amy Sedaris, Chris Evans, Adrien Brody, Tim Blake Nelson, Tate Donovan",https://www.filmcrave.com/movie_page_main.php?id=63928,"Cole has an amazing date with the enigmatic Sadie and thinks he has found the one... until she ignores all attempts to follow up. Unwilling to accept the fact he's been ghosted, he flies to London for a grand gesture - only to be caught up in an international adventure when he learns Sadie is a CIA agent on a secret mission. --"
Slayers,42144,2.3,2,10/21/2022,English,"Comedy, Horror",R,K. Asher Levin,"Thomas Jane, Kara Hayward, Jack Donnelly, Abigail Breslin, Malin Akerman, Lydia Hearst",https://www.filmcrave.com/movie_page_main.php?id=63929,Unknown
Rise of the Zombies,40178,2.3,2,10/27/2012,English,"Action, Adventure",NR,Nick Lyon,"Mariel Hemingway, Ethan Suplee, LeVar Burton, Danny Trejo, Heather Hemmens, French Stewart",https://www.filmcrave.com/movie_page_main.php?id=63930,Unknown
Sharktopus vs. Pteracuda,55801,1.3,2,08/02/2014,English,"Action, Comedy",NR,Kevin O'Neill,"Robert Carradine, Akari Endo, Tony Evangelista, Lorena Alemany, Richard Badhia, Eduardo Alvarez Dargam",https://www.filmcrave.com/movie_page_main.php?id=63931,Unknown
Deep Freeze aka Ice Crawlers,55318,1.5,2,07/22/2003,English,"Action, Comedy",R,John Carl Buechler,"Götz Otto, Allen Lee Haff, Alexandra Kamp, Karen Nieci, Howard Holcomb, David Millbern",https://www.filmcrave.com/movie_page_main.php?id=63932,Unknown
Shark Huntress,55420,1.5,2,10/05/2021,English,"Action, Thriller",NR,John Riggins,"Katrina Grey, Dean Alexandrou, John Flano, Russell Geoffrey Banks, Eve Cerda, Zarish Ali",https://www.filmcrave.com/movie_page_main.php?id=63933,Unknown
D-Railed,55416,1.5,2,12/01/2018,English,"Action, Horror",NR,Dale Fabrigar,"Lance Henriksen, Dwayne Standridge, Giovannie Espiritu, Catherine Healy, Marvin Ryan, Amanda Mayfield",https://www.filmcrave.com/movie_page_main.php?id=63934,Unknown
Vipers,55784,1.3,2,09/21/2008,English,"Action, Comedy",R,Bill Corcoran,"Tara Reid, Jonathan Scarfe, Corbin Bernsen, Genevieve Buechner, Stephen E. Miller, Jessica Steen",https://www.filmcrave.com/movie_page_main.php?id=63935,Unknown
How to Blow Up a Pipeline,4434,3.0,6,10/08/2022,English,"Crime, Drama",R,Daniel Goldhaber,"Ariela Barer, Kristine Froseth, Lukas Gage, Forrest Goodluck, Sasha Lane, Jayme Lawson",https://www.filmcrave.com/movie_page_main.php?id=63936,Unknown
To Catch a Killer,12002,2.6,6,04/21/2023,English,"Action, Crime",R,Damián Szifron,"Shailene Woodley, Ben Mendelsohn, Ralph Ineson, Jovan Adepo, Rosemary Dunsmore, Darcy Laurie",https://www.filmcrave.com/movie_page_main.php?id=63937,"On New Year's Eve, the city of Baltimore finds itself under the threat from a cold, calculating killer. The FBI is brought in and the chief investigator finds that officer Eleanor Falco, once denied to a place in the FBI by her psyche evaluation, shares similar qualities to the man they're trying to track down and uses her to profile the target before more wind up dead. --"
There's No Tomorrow ( Sans lendemain ),56450,2.0,1,03/22/1940,French,Drama,NR,Max Ophüls,"Edwige Feuillère, George Rigaud, Daniel Lecourtois, Mady Berry, Michel François,  Georges Lannes",https://www.filmcrave.com/movie_page_main.php?id=63938,Unknown
20 Minutes,60368,2.0,1,03/24/2023,English,Thriller,PG-13,Timothy A. Chey,"Dia Frampton, Michael Camp, Aaron Braxton, Lehi Makisi Falepapalangi, Dean Testerman, Mihara India",https://www.filmcrave.com/movie_page_main.php?id=63939,Unknown
Butcher's Crossing,60345,2.0,1,10/21/2022,English,"Drama, Western",R,Gabe Polsky,"Nicolas Cage, Rachel Keller, Paul Raci, Fred Hechinger, Xander Berkeley, Jeremy Bobb",https://www.filmcrave.com/movie_page_main.php?id=63940,Unknown
The Mother,43276,1.5,4,05/12/2023,English,"Action, Thriller",R,Niki Caro,"Jennifer Lopez, Paul Raci, Joseph Fiennes, Gael García Bernal, Omari Hardwick, Lucy Paez",https://www.filmcrave.com/movie_page_main.php?id=63941,An assassin who has tried to put that life behind her finds herself the new target. But she learns she is not the only one in danger and must put her skills to use in order to protect her estranged daughter as well. --
"School of Magical Animals ( Schule der magischen Tiere, Die )",54694,3.0,1,03/24/2023,German,"Adventure, Family",PG,Gregor Schnitzler,"Emilia Maier, Leonard Conrads, Loris Sichrovsky, Nadja Uhl, Justus von Dohnányi, Heiko Pinkowski",https://www.filmcrave.com/movie_page_main.php?id=63942,Unknown
Venus,54642,3.0,1,09/23/2022,Spanish,Horror,R,Jaume Balagueró,"Ester Expósito, Inés Fernández, Ángela Cremonte, Magüi Mira, Aten Soria, María José Sarrate",https://www.filmcrave.com/movie_page_main.php?id=63943,Unknown
Tetris,20048,2.3,5,03/31/2023,English,"Biography, Drama",R,Jon S. Baird,"Taron Egerton, Miles Barrow, Toby Jones, Nikita Efremov, Oleg Stefan, Roger Allam",https://www.filmcrave.com/movie_page_main.php?id=63944,Unknown
Chupa,54697,3.0,1,04/07/2023,English,"Action, Adventure",PG,Jonás Cuarón,"Demián Bichir, Christian Slater, Julio Cesar Cedillo, Ashley Ciarra, Nickolas Verdugo, Alex Knight",https://www.filmcrave.com/movie_page_main.php?id=63945,"When Alex is sent from Kansas City to Mexico in order to meet his extended family, the reserved teen finds himself connecting with his ex-Lucha Libre uncle, one wrestling-obsessed cousin Memo and fearless, hip Luna. But more than that, he discovers a mythical creature - a young chupacabra cub and learns of the connection between it and his family - as well as the hunters trying to claim it for their own. --"
The Portable Door,60371,2.0,1,04/07/2023,English,"Fantasy, Adventure",NR,Jeffrey Walker,"Christoph Waltz, Sam Neill, Patrick Gibson, Sophie Wilde, Miranda Otto, Damon Herriman",https://www.filmcrave.com/movie_page_main.php?id=63946,Unknown
"Ruby Gillman, Teenage Kraken",15604,2.5,5,06/30/2023,English,"Animation, Adventure",PG,"Kirk DeMicco, Faryn Pearl","Lana Condor, Jane Fonda, Toni Collette, Will Forte, Annie Murphy, Sam Richardson",https://www.filmcrave.com/movie_page_main.php?id=63947,"A shy, sheltered teen, Ruby is content with trying to just live a normal life - even though she is secretly a kraken and not just any, but part of long line of royalty. Far from being the monsters depicted in stories, krakens watch over the seas - and their arch-rivals, mermaids, are much more destructive and deadly. Which is why when a new mermaid comes to town, Ruby must finally embrace her legacy and save those she holds dear. --"
Mako: The Jaws of Death,57128,2.0,1,07/01/1976,English,"Action, Adventure",PG,William Grefé,"Richard Jaeckel, Jennifer Bishop, Buffy Dee, Harold Sakata, John Davis Chandler, Ben Kronen",https://www.filmcrave.com/movie_page_main.php?id=63948,Unknown
V/H/S/99,54645,3.0,1,09/25/2022,English,Horror,NR,"Flying Lotus, Maggie Levin, Tyler MacIntyre, Johannes Roberts, Joseph Winter, Vanessa Winter","Steven Ogg, Ally Ioannides, Jesse LaTourette, Emily Sweet, Luke Mullen, Melanie Stone",https://www.filmcrave.com/movie_page_main.php?id=63949,Unknown
Dangerous Game: The Legacy Murders,54654,3.0,1,10/21/2022,English,"Horror, Thriller",R,Sean McNamara,"Jonathan Rhys Meyers, Will Sasso, Jon Voight, Laura Mennell, Megan Charpentier, Kaya Coleman",https://www.filmcrave.com/movie_page_main.php?id=63950,Unknown
The Lair,40015,1.8,3,10/28/2022,English,"Horror, Action",NR,Neil Marshall,"Charlotte Kirk, Jonathan Howard, Jamie Bamber, Leon Ockenden, Troy Alexander, Harry Taurasi",https://www.filmcrave.com/movie_page_main.php?id=63951,Unknown
Detective Knight: Rogue,54655,3.0,1,10/21/2022,English,"Action, Thriller",R,Edward Drake,"Bruce Willis, Lochlyn Munro, Miranda Edwards, Beau Mirchoff, Corey Large, Johnny Messner",https://www.filmcrave.com/movie_page_main.php?id=63952,Unknown
The Lady Vanishes,37848,2.5,2,08/18/2013,English,"Mystery, Thriller",NR,Diarmuid Lawrence,"Tom Hughes, Selina Cadell, Tuppence Middleton, Gemma Jones, Keeley Hawes, Pip Torrens",https://www.filmcrave.com/movie_page_main.php?id=63953,Unknown
The Canterville Ghost,41444,2.3,2,12/31/1985,English,"Family, Drama",NR,William F. Claxton,"Richard Kiley, Barry Van Dyke, Brian Austin Green, Kellie Martin, Jenny Beck, Mary Wickes",https://www.filmcrave.com/movie_page_main.php?id=63954,Unknown
"Usurpadora, the Musical, La",54699,3.0,1,04/07/2023,Spanish,"Comedy, Musical",PG-13,Santiago Limón,"Isabella Castillo, Alan Estrada, Cecilia Toussaint, Susana Zabaleta, Jesús Ochoa, Shane West",https://www.filmcrave.com/movie_page_main.php?id=63955,Unknown
The Tank,42148,2.3,2,04/21/2023,English,"Horror, Thriller",R,Scott Walker,"Luciane Buchanan, Matt Whelan, Mark Mitchinson, Jaya Beach-Robertson, Ascia Maybury, Holly Shervey",https://www.filmcrave.com/movie_page_main.php?id=63956,Ben and his family find themselves inheriting a mysteriously-abandoned coastal property. In the process of investigating this sudden windfall they unwittingly release a great evil that has been locked away - one that terrorized the people and their ancestors for generations. --
Fantasy Football,60351,2.0,1,11/25/2022,English,"Action, Comedy",NR,Anton Cropper,"Marsai Martin, Omari Hardwick, Kelly Rowland, Rome Flynn, Hanani Taylor, Elijah Richardson",https://www.filmcrave.com/movie_page_main.php?id=63957,Unknown
The Black Demon,45520,1.4,4,04/28/2023,English,"Horror, Thriller",R,Adrian Grunberg,"Josh Lucas, Fernanda Urrejola, Héctor Jiménez, Raúl Méndez, Julio Cesar Cedillo, Venus Ariel",https://www.filmcrave.com/movie_page_main.php?id=63958,"Paul Sturges sees the opportunity to take his family on vacation when he is sent to inspect an oil rig in Mexico for his company. Upon their arrival, however, he finds it nearly abandoned with only a few workers left and all say the same thing: a monster shark of legend has been attacking them relentlessly. With the rig sinking he finds out the creature is more than mere legend and now he will do anything to get his family to safety. --"
Extraction 2,4741,2.9,7,06/16/2023,English,"Action, Thriller",R,Sam Hargrave,"Chris Hemsworth, Golshifteh Farahani, Adam Bessa, Tornike Gogrichiani, Tinatin Dalakishvili, Tornike Bziava",https://www.filmcrave.com/movie_page_main.php?id=63959,Unknown
Hypnotic,23542,2.2,5,05/12/2023,English,"Mystery, Thriller",R,Robert Rodriguez,"Ben Affleck, William Fichtner, Alice Braga, Jeff Fahey, Hala Finley, JD Pardo",https://www.filmcrave.com/movie_page_main.php?id=63960,Father and detective Danny Rourke finds himself investigating the disappearance of his own daughter - one that seems to point to a secret government program. --
Love at First Sight,60383,2.0,1,09/01/2023,English,"Drama, Romance",PG-13,Vanessa Caswill,"Haley Lu Richardson, Jameela Jamil, Dexter Fletcher, Ben Hardy, Tom Taylor, Rob Delaney",https://www.filmcrave.com/movie_page_main.php?id=63961,Unknown
Padre Pio,54702,3.0,1,04/20/2023,Italian,"Biography, Drama",R,Abel Ferrara,"Shia LaBeouf, Cristina Chiriac, Marco Leonardi, Asia Argento, Vincenzo Crea, Luca Lionello",https://www.filmcrave.com/movie_page_main.php?id=63962,Unknown
What's Love Got to Do with It?,54704,3.0,1,05/05/2023,English,"Comedy, Romance",PG-13,Shekhar Kapur,"Mim Shaikh, Iman Boujelouah, Lily James, Emma Thompson, Pakiza Baig, Jeff Mirza",https://www.filmcrave.com/movie_page_main.php?id=63963,"Documentary filmmaker and lovelorn Zoe finds modern dating only leads to a seemingly endless series of mistakes. When she learns childhood friend Kaz has decided to follow his family's Pakistani tradition of an arranged marriage - she asks him to allow her to document his journey. From London to Lahore, it turns out there is no one right way to find love. --"
The Dungeonmaster,57494,2.0,1,08/24/1984,English,"Fantasy, Horror",PG-13,"David Allen, Charles Band, John Carl Buechler, Steven Ford, Peter Manoogian, Ted Nicolaou, Rosemarie Turko","Jeffrey Byron, Richard Moll, Leslie Wing, Cleve Hall, John Carl Buechler, R.J. Miller",https://www.filmcrave.com/movie_page_main.php?id=63964,Unknown
Arena,57736,2.0,1,10/18/1989,English,"Action, Sci-Fi",PG-13,Peter Manoogian,"Paul Satterfield, Hamilton Camp, Claudia Christian, Marc Alaimo, Shari Shattuck, Armin Shimerman",https://www.filmcrave.com/movie_page_main.php?id=63965,"In an intergalactic tournament dominated by alien species, former short-"
Rode ( Rodéo ),54649,3.0,1,10/08/2022,French,Drama,NR,Lola Quivoron,"Julie Ledru, Yannis Lafki, Antonia Buresi, Cody Schroeder, Louis Sotton, Junior Correia",https://www.filmcrave.com/movie_page_main.php?id=63966,Unknown
Mafia Mamma,33206,2.0,4,04/14/2023,English,"Comedy, Crime",R,Catherine Hardwicke,"Toni Collette, Monica Bellucci, Sophia Nomvete, Alessandro Bressanello, Eduardo Scarpetta, Tommy Rodger",https://www.filmcrave.com/movie_page_main.php?id=63967,American and mother Kristin finds out her Italian grandfather - and mafia boss - has made her the new head of the family. Despite this sudden shift in responsibilities - and with danger lurking from all sides - with the help of a loyal consigliere Kristin defies all expectations has she reluctantly takes the helm. --
From the World of John Wick: Ballerina,47148,3.0,1,06/06/2025,English,"Action, Thriller",R,Len Wiseman,"Ana de Armas, Ian McShane, Norman Reedus, Anjelica Huston, Keanu Reeves, Gabriel Byrne",https://www.filmcrave.com/movie_page_main.php?id=63968,Unknown
Fair Play,9175,2.9,4,01/20/2023,English,"Drama, Thriller",R,Chloe Domont,"Phoebe Dynevor, Alden Ehrenreich, Eddie Marsan, Rich Sommer, Sebastian De Souza, Sia Alipour",https://www.filmcrave.com/movie_page_main.php?id=63969,Unknown
Good Boy,60337,2.0,1,09/27/2022,Norwegian,"Horror, Thriller",R,Viljar Bøe,"Gard Løkke, Katrine Lovise Øpstad Fredriksen, Amalie Willoch Njaastad",https://www.filmcrave.com/movie_page_main.php?id=63970,Unknown
One Ranger,47125,3.0,1,05/05/2023,English,"Action, Thriller",R,Jesse V. Johnson,"Thomas Jane, John Malkovich, Dominique Tipper, Patrick Bergin, Nick Moran, Gregory Zaragoza",https://www.filmcrave.com/movie_page_main.php?id=63971,A no-nonsense Texas Rangers with an impressive record finds himself working with British Intelligence in order to stop a ruthless terrorist from bringing down London. --
Suzume ( Suzume no tojimari ),0,0.0,0,04/14/2023,Japanese,"Anime, Adventure",PG,Makoto Shinkai,"Nanoka Hara, Hokuto Matsumura, Eri Fukatsu, Kôshirô Matsumoto, Shôta Sometani, Sairi Itô",https://www.filmcrave.com/movie_page_main.php?id=63972,"17-Year-Old Suzume Iwato finds herself on the adventure of a lifetime when she meets a young man named Sota who has the ability to close doors that appear in empty places throughout Japan - doors that if opened, will lead to widespread destruction.  --"
Talk to Me,1654,3.1,16,07/28/2023,English,"Horror, Thriller",R,"Danny Philippou, Michael Philippou","Sophie Wilde, Joe Bird, Alexandra Jensen, Otis Dhanji, Miranda Otto, Marcus Johnson",https://www.filmcrave.com/movie_page_main.php?id=63973,"A group of friends learn that an embalmed hand holds the key to conjuring spirits - and the ability to do so becomes like a drug, a rush to find out how far they can go... until they go too far an unleash an unspeakable horror that seeks to destroy them. --"
Cobweb,8307,2.8,6,07/21/2023,English,"Horror, Thriller",R,Samuel Bodin,"Lizzy Caplan, Antony Starr, Cleopatra Coleman, Woody Norman, Ellen Dubin, Luke Busey",https://www.filmcrave.com/movie_page_main.php?id=63974,Young Peter is convinced the knocking coming from inside the walls of his house is more than just an old house settling. At first his parents try to assure him it is all in his imagination but soon their demeanor becomes troubling and when a concerned teacher gets involved - the dark secrets come out. --
Theater Camp,9176,2.9,4,07/14/2023,English,Comedy,PG-13,"Molly Gordon, Nick Lieberman","Ben Platt, Molly Gordon, Noah Galvin, Jimmy Tatro, Caroline Aaron, Ayo Edebiri",https://www.filmcrave.com/movie_page_main.php?id=63975,"For years the AdirondACTS has been an upstate New York theater camp for budding musicians and thespians with generous help from founder Joan Rubinsky. But when she falls into a coma, her cryto-bro son, Troy, is left to run things. With camp funds running dangerously low, he turns to the eccentric teachers to help keep things afloat and welcome in new crop of students. --"
R.I.P.D. 2: Rise of the Damned,60348,2.0,1,11/15/2022,English,"Action, Comedy",PG-13,Paul Leyden,"Jeffrey Donovan, Rachel Adedeji, Penelope Mitchell, Evlyne Oyedokun, Jake Choi, Richard Brake",https://www.filmcrave.com/movie_page_main.php?id=63976,Unknown
Mega Shark vs Mecha Shark,55369,1.5,2,01/28/2014,English,Action,NR,Emile Edwin Smith,"Christopher Judge, Elisabeth Röhm, Matt Lagan, Debbie Gibson, Alain Ligonde, Hannah Levien",https://www.filmcrave.com/movie_page_main.php?id=63977,Unknown
Down Low,60367,2.0,1,03/23/2023,English,Comedy,R,Rightor Doyle,"Zachary Quinto, Lukas Gage, Judith Light, Simon Rex, Sebastian Arroyo, Christopher Reed Brown",https://www.filmcrave.com/movie_page_main.php?id=63978,Unknown
Flora and Son,21654,2.5,3,01/22/2023,English,Drama,R,John Carney,"Eve Hewson, Joseph Gordon-Levitt, Orén Kinlan, Jack Reynor, Amy Huberman, Keith McErlean",https://www.filmcrave.com/movie_page_main.php?id=63979,Unknown
Shooting Stars,60376,2.0,1,06/02/2023,English,"Biography, Drama",PG-13,Chris Robinson,"Dermot Mulroney, LeBron James, Wood Harris, Caleb McLaughlin, Algee Smith, Natalie Paul",https://www.filmcrave.com/movie_page_main.php?id=63980,Unknown
Meyer from Berlin ( Meyer aus Berlin ),55938,2.0,1,01/17/1919,German,Comedy,NR,Ernst Lubitsch,"Ernst Lubitsch, Ossi Oswalda, Ethel Orff, Heinz Landsmann, Trude Troll, Erich Schönfelder",https://www.filmcrave.com/movie_page_main.php?id=63981,Unknown
Birth/Rebirth,33145,2.8,2,01/20/2023,English,"Horror, Thriller",R,Laura Moss,"Judy Reyes, Marin Ireland, Breeda Wool, Monique Gabriela Curnen, LaChanze, A.J. Lister",https://www.filmcrave.com/movie_page_main.php?id=63982,Unknown
Chaaw,60382,2.0,1,08/11/2023,English,"Comedy, Crime",R,Eric S. Orr,"Biz Markie, Big Daddy Kane, Richard Lawson, Jimmie 'JJ' Walker, BernNadette Stanis, Ralph Carter",https://www.filmcrave.com/movie_page_main.php?id=63983,Unknown
Challengers,1481,3.1,13,04/26/2024,English,"Sport, Drama",R,Luca Guadagnino,"Zendaya, Josh O'Connor, Mike Faist, Jake Jensen, A.J. Lister, Connor Murray",https://www.filmcrave.com/movie_page_main.php?id=63984,"Tashi was once one of the fastest-rising stars of the tennis world - and in the middle of it all finds herself caught between budding tennis players Art and Patrick. But this teen affair turns into a marriage with Art and when a sudden injury takes her out of the game, she also becomes his coach. Years later, Art prepares for the biggest game of his life - and it sends him and Tashi on a collision course with Patrick, a tennis star in his own right, as rivalries on and off the court come to a head. --"
Satanic Hispanics,33140,2.8,2,09/14/2022,English,Horror,R,"Alejandro Brugués, Mike Mendez, Demián Rugna, Gigi Saul Guerrero, Eduardo Sánchez, Demián Rugna","Efren Ramirez, Jonah Ray, Hemky Madera, Patricia Velasquez, Greg Grunberg, Ari Gallegos",https://www.filmcrave.com/movie_page_main.php?id=63985,"An anthology horror film told from the perspective of ""The Traveler"" the lone survivor of an El Paso police raid. As the police question him, he regales them with tales of the supernatural, the undead, demons and more... --"
My Big Fat Greek Wedding 3,33185,2.0,4,09/08/2023,English,"Comedy, Drama",PG-13,Nia Vardalos,"Elena Kampouris, John Corbett, Nia Vardalos, Lainie Kazan, Andrea Martin, Louis Mandylor",https://www.filmcrave.com/movie_page_main.php?id=63986,The whole family comes together for an unforgettable reunion in Greece but Toula has an even bigger mission in mind when she decides to track down her late father's childhood friends. --
Expend4bles,29692,1.9,9,09/22/2023,English,"Action, Thriller",R,Scott Waugh,"Jason Statham, Sylvester Stallone, Megan Fox,  Tony Jaa, Dolph Lundgren, Randy Couture",https://www.filmcrave.com/movie_page_main.php?id=63987,Unknown
Drive-Away Dolls,23862,2.1,9,02/23/2024,English,"Action, Comedy",R,Ethan Coen,"Pedro Pascal, Matt Damon, Margaret Qualley, Geraldine Viswanathan, Beanie Feldstein, Joey Slotnick",https://www.filmcrave.com/movie_page_main.php?id=63988,"Bombastic Jamies has just broken up with another girlfriend and is in need of a desperate escape. Marion, her sheltered friend is in desperate need to unwind. The duo decide to embark on an impromptu trip to Tallahassee but their mode of transportation happens to be a vehicle tied to some nefarious people - and now they find themselves mixed up with them. --"
The Secret Kingdom,54717,3.0,1,07/21/2023,English,"Adventure, Family",PG,Matt Drummond,"Alyla Browne, Alice Parkinson, Darius Williams, Gabrielle Chan, Christopher Gabardi, Beth Champion",https://www.filmcrave.com/movie_page_main.php?id=63990,Unknown
The Wrath of Becky,14938,2.6,4,03/11/2023,English,"Action, Horror",R,"Matt Angel, Suzanne Coote","Lulu Wilson, Kate Siegel, Courtney Gains, Seann William Scott, Matt Angel, Alison Cimmet",https://www.filmcrave.com/movie_page_main.php?id=63991,Unknown
Dead in a Week (or Your Money Back),38222,2.5,2,11/30/2018,English,"Comedy, Drama",NR,Tom Edmunds,"Tom Wilkinson, Aneurin Barnard, Marion Bailey, Freya Mavor, Christopher Eccleston, Nigel Lindsay",https://www.filmcrave.com/movie_page_main.php?id=63992,Unknown
MK Ultra,60342,2.0,1,10/07/2022,English,Thriller,NR,Joseph Sorrentino,"Anson Mount, Jaime Ray Newman, Jason Patric, Alon Aboutboul, Jen Richards, David Jensen",https://www.filmcrave.com/movie_page_main.php?id=63993,Unknown
Fool's Paradise,54705,3.0,1,05/12/2023,English,Comedy,R,Charlie Day,"Charlie Day, Ray Liotta, Ken Jeong, Edie Falco, Kate Beckinsale, Jason Sudeikis",https://www.filmcrave.com/movie_page_main.php?id=63994,Unknown
The Holdovers,324,3.4,18,11/22/2023,English,"Comedy, Drama",R,Alexander Payne,"Paul Giamatti, Dominic Sessa, Da'Vine Joy Randolph, Tate Donovan, Carrie Preston, Michael Provost",https://www.filmcrave.com/movie_page_main.php?id=63995,Unknown
Knights of the Zodiac,26736,2.1,5,05/12/2023,English,"Action, Adventure",PG-13,Tomasz Baginski,"Sean Bean, Famke Janssen, Madison Iseman, Mackenyu, Nick Stahl, Mark Dacascos",https://www.filmcrave.com/movie_page_main.php?id=63996,"The goddess of war, Athena, has reincarnated into a young woman named Sienna. But even gods need protection and that is when street-wise Seiya, who makes a living in underground fighting - finds he has the power to become that protector. But in order to truly embrace his destiny as one of the Knights of the Zodiac, it will take more than training - it will take sacrifice as well. --"
Corsage,38380,2.5,2,10/01/2022,English,"Biography, Drama",NR,Marie Kreutzer,"Vicky Krieps, Florian Teichtmeister, Katharina Lorenz, Jeanne Werner, Alma Hasun, Manuel Rubey",https://www.filmcrave.com/movie_page_main.php?id=63997,Unknown
Convergence,59883,2.0,1,10/21/2015,English,Drama,NR,"Corey Gilbert, Curtis Gilbert","John T. Woods, Wesley John, Maggie Scrantom, Tom Downing, Pancho Cardena, Cathleen Hennon",https://www.filmcrave.com/movie_page_main.php?id=63998,Unknown
Scattered Dreams,58006,2.0,1,12/19/1993,English,Drama,NR,Neema Barnette,"Tyne Daly, Gerald McRaney, Sonny Shroyer, Andrew Prine, Macon McCalman, Alicia Silverstone",https://www.filmcrave.com/movie_page_main.php?id=63999,Unknown
Injustice,46737,1.8,2,10/19/2021,English,"Animation, Action",R,Matt Peters,"Justin Hartley, Anson Mount, Laura Bailey, Kevin Pollak, Brian T. Delaney, Yuri Lowenthal",https://www.filmcrave.com/movie_page_main.php?id=64000,Unknown
The Pod Generation,60356,2.0,1,01/19/2023,English,"Comedy, Sci-Fi",R,Sophie Barthes,"Emilia Clarke, Chiwetel Ejiofor, Vinette Robinson, Aslin Farrell, Nilson David, Benedict Landsbert-Noon",https://www.filmcrave.com/movie_page_main.php?id=64001,Unknown
"Red, White & Royal Blue",43154,1.7,3,08/11/2023,English,"Comedy, Romance",R,Matthew López,"Sarah Shahi, Uma Thurman, Nicholas Galitzine, Taylor Zakhar Perez, Ellie Bamber, Stephen Fry",https://www.filmcrave.com/movie_page_main.php?id=64002,Unknown
War Pony,60366,2.0,1,03/16/2023,English,Drama,R,"Gina Gammell, Riley Keough","Iona Red Bear, Ta-Yamni Long Black Cat, Woodrow Lone Elk, Sprague Hollander, Wilma Colhof, LaDainian Crazy Thunder",https://www.filmcrave.com/movie_page_main.php?id=64003,Unknown
Zombie Ass: Toilet of the Dead ( Zonbi asu ),51686,3.0,1,09/24/2011,Japanese,"Comedy, Horror",NR,Noboru Iguchi,"Arisa Nakamura, Mayu Sugano, Asana Mamoru, Yûki, Kentaro Kishi, Demo Tanaka",https://www.filmcrave.com/movie_page_main.php?id=64004,Unknown
Bobcat Moretti,54722,3.0,1,08/04/2023,English,"Drama, Sport",R,Rob Margolies,"Tim Realbuto, Vivica A. Fox, Matt Peters, Sally Kirkland, Louis Mustillo, Coolio",https://www.filmcrave.com/movie_page_main.php?id=64005,"Bobby Moretti suffers from MS and has little motivation to improve his health - including his obesity. But when his father dies, he finds a spark and takes up his father's favorite sport of boxing. While almost everyone puts him down, trainer Joanne 'Jo' Wallis isn't ready to throw in the towel - and the newly dubbed ""Bobcat"" will face challenges like never before as he seeks to make something of himself with the life he has left. --"
Heart of Stone,29333,1.9,8,08/11/2023,English,"Action, Crime",PG-13,Tom Harper,"Gal Gadot, Jamie Dornan, Archie Madekwe, Alia Bhatt, Matthias Schweighöfer, Sophie Okonedo",https://www.filmcrave.com/movie_page_main.php?id=64006,"Rachel Stone is an MI6 agent who stays in the van - and away from her team - but is in actuality a highly-skilled undercover operative for a secretive global peacekeeping agency. But when a young hacker targets their most valuable asset, she will hold nothing back in restoring order before it's too late. --"
Problemista,10947,3.0,3,03/13/2023,English,Comedy,R,Julio Torres,"Julio Torres, Tilda Swinton, RZA, Isabella Rossellini, Catalina Saavedra, James Scully",https://www.filmcrave.com/movie_page_main.php?id=64007,Unknown
The Creator,4501,2.8,12,09/29/2023,English,"Action, Sci-Fi",PG-13,Gareth Edwards,"Allison Janney, Gemma Chan, Ralph Ineson, John David Washington, Marc Menchaca, Ken Watanabe",https://www.filmcrave.com/movie_page_main.php?id=64008,"In the future mankind wages war against and AI-driven robotic army. A former special forces agent, grieving after the disappearance of his wife, is sent on a mission to find and destroy The Creator - the one responsible for the uprising. But the mission turns even more dangerous when he learns there is a new weapon in play - one that could bring an end to the war - and humanity itself - and it comes in the form of a robotic child. --"
The Spanish Dancer,55971,2.0,1,11/04/1923,English,"Drama, Historical",NR,Herbert Brenon,"Pola Negri, Antonio Moreno, Wallace Beery, Kathlyn Williams, Gareth Hughes, Adolphe Menjou",https://www.filmcrave.com/movie_page_main.php?id=64009,Unknown
"End of the World ( fin du monde, La )",56098,2.0,1,04/15/1934,French,"Drama, Sci-Fi",NR,Abel Gance,"Abel Gance, Colette Darfeuil, Colette Darfeuil, Jeanne Brindeau, Samson Fainsilber, Georges Colin",https://www.filmcrave.com/movie_page_main.php?id=64010,Unknown
The Big Diamond Robbery,56011,2.0,1,05/13/1929,English,"Action, Drama",NR,Eugene Forde,"Tom Mix, Kathryn McGuire, Frank Beal, Martha Mattox, Ernest Hilliard, Barney Furey",https://www.filmcrave.com/movie_page_main.php?id=64011,Unknown
Persian Lessons ( Persischstunden ),54447,3.0,1,07/24/2021,German,"Drama, War",NR,Vadim Perelman,"Nahuel Pérez Biscayart, Lars Eidinger, Jonas Nay, David Schütter, Alexander Beyer, Andreas Hofer",https://www.filmcrave.com/movie_page_main.php?id=64012,Unknown
Aporia,54725,3.0,1,08/11/2023,English,"Drama, Sci-Fi",R,Jared Moshe,"Judy Greer, Edi Gathegi, Payman Maadi, Faithe Herman, Whitney Morgan Cox, Rachel Paulson",https://www.filmcrave.com/movie_page_main.php?id=64013,Unknown
Every Body,54709,3.0,1,06/11/2023,English,Documentary,R,Julie Cohen,"River Gallo, Alicia Roth Weigel, Sean Saifa Wall",https://www.filmcrave.com/movie_page_main.php?id=64014,Unknown
Jules,33150,2.8,2,08/11/2023,English,Drama,PG-13,Marc Turtletaub,"Ben Kingsley, Zoe Winters, Jane Curtin, Donald Paul, Harriet Sansom Harris, Anna George",https://www.filmcrave.com/movie_page_main.php?id=64015,Unknown
The Last Rider,60379,2.0,1,06/23/2023,English,Documentary,PG-13,Alex Holmes,"Greg LeMond, Kathy LeMond, Cyrille Guimard, Pedro Delgado, Laurent Fignon",https://www.filmcrave.com/movie_page_main.php?id=64016,Unknown
The Miracle Club,60377,2.0,1,06/12/2023,English,Comedy,PG-13,Thaddeus O'Sullivan,"Laura Linney, Kathy Bates, Maggie Smith, Agnes O'Casey, Mark O'Halloran, Mark McKenna",https://www.filmcrave.com/movie_page_main.php?id=64017,Unknown
Pain Hustlers,15307,2.5,5,10/27/2023,English,"Crime, Drama",R,David Yates,"Emily Blunt, Chris Evans, Chloe Coleman, Catherine O'Hara, Andy Garcia, Brian d'Arcy James",https://www.filmcrave.com/movie_page_main.php?id=64018,"Liza, a struggling single mother lands a sales gig at a floundering drug company that is nearly bankrupt and having no luck selling their fast-acting cancer pain-relief medication. After initially failing to land any new prescriptions in her assigned area, Liza finally cracks the market thanks to one Dr. Lydell - the $9 million dollar man as he is known. The wheels begin to be greased and soon the once-struggling company is the hottest new IPO on the market - but where there is money and greed there is also trouble. --"
Vacation Friends 2,42149,2.3,2,08/25/2023,English,Comedy,R,Clay Tarver,"John Cena, Steve Buscemi, Meredith Hagner, Ronny Chieng, Jamie Hector, Lil Rel Howery",https://www.filmcrave.com/movie_page_main.php?id=64019,Unknown
Match Struck,60372,2.0,1,04/23/2023,English,Drama,NR,Tiffany Rhodes,"David Koechner, Lacy Camp, George Katt, Kisha Barr, Lacey Caroline, Ava Rose Kinard",https://www.filmcrave.com/movie_page_main.php?id=64020,Unknown
Susie Searches,54721,3.0,1,07/28/2023,English,"Comedy, Thriller",Unknown,Sophie Kargman,"Kiersey Clemons, Alex Wolff, Jim Gaffigan, Ken Marino, David Walton, Isaac Powell",https://www.filmcrave.com/movie_page_main.php?id=64021,Susie has found a way to break out of the rut in her life - solve a local kidnapping and document it all on her podcast... but first she has to commit the perfect crime. But pulling off this feat and becoming a sensation and town hero begins to reveal cracks in her meticulously-crafted plan - and Susie will have to figure out how far she's willing to go to keep her story afloat. --
Killers of the Flower Moon,102,3.6,17,10/20/2023,English,"Crime, Drama",R,Martin Scorsese,"Leonardo DiCaprio, Robert De Niro, Lily Gladstone, Jesse Plemons, Tantoo Cardinal, John Lithgow",https://www.filmcrave.com/movie_page_main.php?id=64022,"In the 1920s, the Osage Nation in Oklahoma are among the richest in the US, sitting atop a goldmine of oil fields. But then they begin to die one after another, murdered under mysterious circumstances. The young bureau of the FBI, led by J. Edgar Hoover, enlists the help of a former Texas Ranger to investigate, uncovering a chilling conspiracy. --"
Sound of Freedom,10209,2.6,9,07/04/2023,English,"Action, Biography",PG-13,Alejandro Monteverde,"Jim Caviezel, Mira Sorvino, Kurt Fuller, Bill Camp, José Zúñiga, Manny Perez",https://www.filmcrave.com/movie_page_main.php?id=64023,"Based on true events: Tim Ballard brings light to the darkest corners of the world - working as a vigilante to bring child traffickers to justice and save those he can. After rescuing a young boy, he learns his sister is still missing. Knowing time is of the essence, Ballard will travel deep into the Colombian wilds to save her. --"
The Great Hack,26359,3.0,2,01/26/2019,English,"Documentary, Biography",NR,"Karim Amer, Jehane Noujaim","Paul-Olivier Dehaye, Brittany Kaiser, David Carroll, Julian Wheatland, Ravi Naik, Carole Cadwalladr",https://www.filmcrave.com/movie_page_main.php?id=64024,Unknown
Superman,26451,3.0,2,07/11/2025,English,"Action, Fantasy",Unknown,James Gunn,"David Corenswet, Nicholas Hoult, Rachel Brosnahan, Skyler Gisondo, Isabela Merced, Nathan Fillion",https://www.filmcrave.com/movie_page_main.php?id=64025,Unknown
Transformers One,3888,3.0,7,09/20/2024,English,"Animation, Action",PG,Josh Cooley,"Scarlett Johansson, Chris Hemsworth, Brian Tyree Henry, Keegan-Michael Key, Jon Hamm,  Laurence Fishburne",https://www.filmcrave.com/movie_page_main.php?id=64026,Unknown
Simulant,54708,3.0,1,06/02/2023,English,"Sci-Fi, Thriller",Unknown,April Mullen,"Robbie Amell, Jordana Brewster, Simu Liu, Sam Worthington, Alicia Sanz, Mayko Nguyen",https://www.filmcrave.com/movie_page_main.php?id=64027,Unknown
White Men Can't Jump,38397,2.5,2,05/19/2023,English,"Sport, Comedy",R,Calmatic,"Sinqua Walls, Jack Harlow, Lance Reddick, Teyana Taylor, Laura Harrier, Myles Bullock",https://www.filmcrave.com/movie_page_main.php?id=64028,Unknown
"Baby Carriage, The ( Barnvagnen )",55878,2.0,1,03/18/0196,Swedish,Drama,NR,Bo Widerberg,"Inger Taube, Thommy Berggren, Lars Passgård, Ulla Akselson, Lena Brundin, Stig Torstensson",https://www.filmcrave.com/movie_page_main.php?id=64029,Unknown
Maggie Moore(s),31524,2.2,3,06/11/2023,English,"Comedy, Crime",R,John Slattery,"Jon Hamm, Tina Fey, Micah Stock, Christopher Denham, Nick Mohammed, Allison Dunbar",https://www.filmcrave.com/movie_page_main.php?id=64030,Unknown
One True Loves,54698,3.0,1,04/07/2023,English,"Comedy, Romance",PG-13,Andy Fickman,"Phillipa Soo, Simu Liu, Luke Bracey, Michaela Conlin, Tom Everett Scott, Gary Hudson",https://www.filmcrave.com/movie_page_main.php?id=64031,Unknown
Deliver Us from Evil ( Daman akeseo guhasoseo ),33110,2.8,2,08/05/2020,Korean,"Action, Crime",NR,Won-Chan Hong,"Hwang Jung-min, Lee Jung-jae, Jeong Min Park, Darina Boonchu, Hee-Seo Choi, Hakuryû",https://www.filmcrave.com/movie_page_main.php?id=64032,Unknown
Scrooge: A Christmas Carol,54668,3.0,1,11/18/2022,English,"Animation, Adventure",NR,Stephen Donnelly,"Luke Evans, Olivia Colman, Jessie Buckley, Johnny Flynn, Fra Fee, Jonathan Pryce",https://www.filmcrave.com/movie_page_main.php?id=64033,Unknown
Renegades,54671,3.0,1,12/02/2022,English,"Action, Crime",R,Daniel Zirilli,"Danny Trejo, Lee Majors, Patsy Kensit, Louis Mandylor, Michael Paré, Tommy 'Tiny' Lister",https://www.filmcrave.com/movie_page_main.php?id=64034,Unknown
Nandor Fodor and the Talking Mongoose,33151,2.8,2,09/01/2023,English,Comedy,PG-13,Adam Sigal,"Simon Pegg, Christopher Lloyd, Minnie Driver, Paul Kaye, Ruth Connell, Neil Gaiman",https://www.filmcrave.com/movie_page_main.php?id=64035,"Set in 1935, we follow Hungarian-American para-psychologist Nandor Fodor on a most strange request: on the Isle of Man a British family, a completely average, normal household, claim to have been contacted by startling entity on their farm - a talking mongoose named Gef. --"
Flamin' Hot,15875,2.4,6,06/09/2023,English,"Biography, Drama",PG-13,Eva Longoria,"Jesse Garcia, Tony Shalhoub, Dennis Haysbert, Matt Walsh, Annie Gonzalez, Emilio Rivera",https://www.filmcrave.com/movie_page_main.php?id=64036,"Inspired by true events, Richard Montañez works as a janitor at a Frito Lay factory that is facing layoffs from slumping sales. They need something to compete and inspiration strikes Montañez as he realizes he can bring the heat and tap into an overlooked market - now he just needs to convince the suits his idea is worth it. --"
You People,43275,1.5,4,01/20/2023,English,"Comedy, Romance",R,Kenya Barris,"Jonah Hill, Lauren London, Eddie Murphy, Julia Louis-Dreyfus, Sam Jay, Nia Long",https://www.filmcrave.com/movie_page_main.php?id=64037,Unknown
Drylongso,58378,2.0,1,10/17/1998,English,Drama,R,Cauleen Smith,"Toby Smith, April Barnett, Will Power, Channel Schafer, Salim Akil, Stacey Marbrey",https://www.filmcrave.com/movie_page_main.php?id=64038,Unknown
El gángster,56780,2.0,1,12/01/1967,Spanish,"Comedy, Crime",NR,Luis Alcoriza,"Arturo de Córdova, Ana Luisa Peluffo, Angélica María, Sofía Álvarez, David Reynoso, Pancho Córdova",https://www.filmcrave.com/movie_page_main.php?id=64039,Unknown
"Unman, Wittering and Zigo",56897,2.0,1,06/13/1971,English,"Drama, Thriller",NR,John Mackenzie,"David Hemmings, Carolyn Seymour, Douglas Wilmer, Tony Haygarth, Hamilton Dyce, Barbara Lott",https://www.filmcrave.com/movie_page_main.php?id=64040,Unknown
Condor's Nest,20545,3.3,2,01/27/2023,English,"Action, Drama",R,Phil Blattenberger,"Michael Ironside, Arnold Vosloo, Jackson Rathbone, Jorge Garcia, Bruce Davison, James Urbaniak",https://www.filmcrave.com/movie_page_main.php?id=64041,Unknown
Jung_E,38391,2.5,2,01/20/2023,Korean,"Action, Adventure",NR,Sang-ho Yeon,"Kang Soo-youn, Kim Hyun-joo, Ryu Kyung-Soo, So-yi Park, Lee Dong-Hee, Lee Ga-Kyung",https://www.filmcrave.com/movie_page_main.php?id=64042,Unknown
Camp Hideout,60386,2.0,1,09/15/2023,English,"Family, Comedy",PG,Sean Olson,"Corbin Bleu, Ethan Drew, Amanda Leighton, Christopher Lloyd, Tyler Kowalski, Zion Wyatt",https://www.filmcrave.com/movie_page_main.php?id=64043,Unknown
Dreamin' Wild,60380,2.0,1,08/04/2023,English,"Biography, Drama",PG,Bill Pohlad,"Chris Messina, Walton Goggins, Jack Dylan Grazer, Zooey Deschanel, Casey Affleck, Noah Jupe",https://www.filmcrave.com/movie_page_main.php?id=64044,Unknown
Dishonored Lady,31893,2.8,2,05/16/1947,English,"Crime, Drama",NR,Robert Stevenson,"Hedy Lamarr, Dennis O'Keefe, John Loder, William Lundigan, Morris Carnovsky, Natalie Schafer",https://www.filmcrave.com/movie_page_main.php?id=64045,Unknown
Nefarious,13688,2.8,3,04/23/2023,English,"Horror, Thriller",R,"Chuck Konzelman, Cary Solomon","Sean Patrick Flanery, Jordan Belfi, Tom Ohmer, James Healy Jr., Robert Peters, Eric Hanson",https://www.filmcrave.com/movie_page_main.php?id=64046,"Dr. James Martin steps in for Dr. Stewart for a psychiatric evaluation on convicted serial killer Edward. He is to conduct a final interview to see if he is to face execution or be declared legally insane and institutionalized instead. Edward claims a demon has possessed him and, moreso, Dr. Martin will commit three murders himself before the night is over. --"
Outrage,56547,2.0,1,09/27/1950,English,"Crime, Drama",NR,Ida Lupino,"Mala Powers, Tod Andrews, Robert Clarke, Raymond Bond, Lillian Hamilton, Rita Lupino",https://www.filmcrave.com/movie_page_main.php?id=64047,Unknown
Come Out Fighting,60373,2.0,1,05/19/2023,English,"Action, Drama",NR,Steven Luke,"Dolph Lundgren, Tyrese Gibson, Michael Jai White, Kellan Lutz, Vicellous Shannon, Hiram A. Murray",https://www.filmcrave.com/movie_page_main.php?id=64048,Unknown
Jawan,54730,3.0,1,09/07/2023,Hindi,"Action, Thriller",Unknown,Atlee,"Shah Rukh Khan, Nayanthara, Vijay Sethupathi, Aamir Naik, Riddhi Dogra, Deepika Padukone",https://www.filmcrave.com/movie_page_main.php?id=64049,Unknown
Avatar 4,60455,2.0,1,12/21/2029,English,"Action, Adventure",Unknown,James Cameron,"Sam Worthington, Zoe Saldana",https://www.filmcrave.com/movie_page_main.php?id=64050,Unknown
Moana,60449,2.0,1,07/10/2026,English,"Adventure, Family",Unknown,Thomas Kail,"Dwayne Johnson, Catherine Laga‘aia, John Tui, Frankie Adams, Rena Owen",https://www.filmcrave.com/movie_page_main.php?id=64051,Unknown
After Everything,55866,2.0,1,09/13/2023,English,"Drama, Romance",R,Castille Landon,"Hero Fiennes Tiffin, Josephine Langford, Stephen Moyer, Louise Lombard, Mimi Keene, Benjamin Mascolo",https://www.filmcrave.com/movie_page_main.php?id=64052,"The After saga concludes as Hardin Scott finds himself in Lisbon, Portugal hoping to make amends - and get back with the true love he let slip away. --"
Kokomo City,54677,3.0,1,01/21/2023,English,Documentary,R,D. Smith,"Daniella Carter, Koko Da Doll, Liyah Mitchell, Dominique Silver, Bebé Smith",https://www.filmcrave.com/movie_page_main.php?id=64053,Unknown
The League,54710,3.0,1,06/12/2023,English,Documentary,PG,Sam Pollard,"Lovell Gates, Clayton B. Stevens, Jakkar Thompson",https://www.filmcrave.com/movie_page_main.php?id=64054,Unknown
Shortcomings,14336,2.8,3,01/22/2023,English,"Comedy, Romance",R,Randall Park,"Justin H. Min, Sherry Cola, Ally Maki, Tavi Gevinson, Debby Ryan, Sonoya Mizuno",https://www.filmcrave.com/movie_page_main.php?id=64055,Unknown
Nimona,9446,2.6,8,06/30/2023,English,"Animation, Adventure",PG,"Nick Bruno, Troy Quane","Riz Ahmed, Chloë Grace Moretz, Eugene Lee Yang, Frances Conroy, Lorraine Toussaint, Beck Bennett",https://www.filmcrave.com/movie_page_main.php?id=64056,Unknown
Leo,36180,2.5,2,11/21/2023,English,"Animation, Comedy",PG,"Robert Marianetti, Robert Smigel, David Wachtenheim","Adam Sandler, Stephanie Hsu, Jackie Sandler, Heidi Gardner, Sheila Carrasco, Rob Schneider",https://www.filmcrave.com/movie_page_main.php?id=64057,Unknown
Lift,24747,2.1,6,01/12/2024,English,"Action, Comedy",PG-13,F. Gary Gray,"Sam Worthington, Vincent D'Onofrio, Kevin Hart, Gugu Mbatha-Raw, Paul Anderson, Jean Reno",https://www.filmcrave.com/movie_page_main.php?id=64058,Unknown
Still: A Michael J. Fox Movie,26439,3.0,2,05/12/2023,English,"Documentary, Biography",R,Davis Guggenheim,"Michael J. Fox, Sam Fox, Tracy Pollan, Aquinnah Fox, Schuyler Fox, Esmé Fox",https://www.filmcrave.com/movie_page_main.php?id=64059,Unknown
Poor Things,1606,3.1,17,12/08/2023,English,"Sci-Fi, Romance",R,Yorgos Lanthimos,"Emma Stone, Willem Dafoe, Mark Ruffalo, Ramy Youssef, Margaret Qualley, Jerrod Carmichael",https://www.filmcrave.com/movie_page_main.php?id=64060,"When Bella Baxter is brought back to life by her quite unorthodox father/scientist Dr. Godwin Baxter - she is kept sheltered until a debauched lawyer, Duncan Wedderburn, convinces her to join him on a whirlwind getaway. She soon learns to break from the conventions of the time - yearning for equality and liberation. --"
Til Death Do Us Part,33149,2.8,2,08/04/2023,English,Thriller,NR,Timothy Woodward Jr.,"Cam Gigandet, Jason Patric, Natalie Burn, Orlando Jones, Ser'Darius Blain, Pancho Moler",https://www.filmcrave.com/movie_page_main.php?id=64061,"After deciding against her wedding, an ex-bride must face the consequences - including a brutal showdown with the man she turned down and his seven angry, dangerous groomsmen... but she certainly won't go down without a fight. --"
The Retaliators,46740,1.8,2,09/14/2022,English,"Horror, Thriller",NR,"Samuel Gonzalez Jr., Bridget Smith","Michael Lombardi, Marc Menchaca, Joseph Gatt, Katie Kelly, Abbey Hafer, Jacoby Shaddix",https://www.filmcrave.com/movie_page_main.php?id=64062,Unknown
Blood & Gold,10948,3.0,3,05/23/2023,German,"Action, War",NR,Peter Thorwarth,"Robert Maaser, Marie Hacke, Jördis Triebel, Alexander Scheer, Stephan Grossmann, Simson Bubbel",https://www.filmcrave.com/movie_page_main.php?id=64063,Unknown
Tin & Tina,54707,3.0,1,05/26/2023,Spanish,"Horror, Mystery",NR,Rubin Stein,"Milena Smit, Jaime Lorente, Carlos González Morollón, Anastasia Russo, Teresa Rabal, Sergio Ramos",https://www.filmcrave.com/movie_page_main.php?id=64064,Unknown
Furies,0,0.0,0,03/12/2023,Vietnamese,"Action, Crime",NR,Veronica Ngo,"Dong Anh Quynh, Toc Tien, Thuan Nguyen, Veronica Ngo,  Rima Thanh Vy, Song Luan",https://www.filmcrave.com/movie_page_main.php?id=64065,Unknown
Aristotle and Dante Discover the Secrets of the Universe,26440,3.0,2,09/08/2023,English,Drama,PG-13,Aitch Alberto,"Max Pelayo, Reese Gonzales, Eugenio Derbez, Eva Longoria, Kevin Alejandro, Isabella Gomez",https://www.filmcrave.com/movie_page_main.php?id=64066,"Based on the best-selling book: In 1987, two two Mexican-American teenagers, Aristotle ""Ari"" Mendoza and Dante Quintana growing up in El Paso, Texas find themselves coming together as they search for their own identities in this coming-of-age drama. --"
The Essential Church,54718,3.0,1,07/28/2023,English,"Documentary, Drama",PG-13,Shannon Halliday,"Erin Coats, James Coats, John MacArthur, Chris Hamilton, Phil Johnson, Jeffrey M Trissell",https://www.filmcrave.com/movie_page_main.php?id=64067,Unknown
Lakota Nation vs. United States,54589,3.0,1,06/11/2022,English,Documentary,PG-13,"Jesse Short Bull, Laura Tomaselli","Nick Tilsen, Krystal Two Bulls, Candi Brings Plenty, Henry Red Cloud, Phyllis Young, Nick Estes",https://www.filmcrave.com/movie_page_main.php?id=64068,Unknown
"Killer, The ( Deo killeo: Jugeododoeneun ai )",33138,2.8,2,07/19/2022,Korean,"Action, Crime",NR,Jae-Hoon Choi,"Jang Hyuk, Seo-young Lee, Bang Eun-Jung, Hong Seo-jun, Lee Seung-joon, Bruce Khan",https://www.filmcrave.com/movie_page_main.php?id=64069,Unknown
In Enemy Country,60461,1.5,1,07/01/1968,English,"Action, Drama",NR,Harry Keller,"Anthony Franciosa, Anjanette Comer, Guy Stockwell, Paul Hubschmid, Tom Bell, Michael Constantine",https://www.filmcrave.com/movie_page_main.php?id=64070,Unknown
Tron: Ares,60434,2.0,1,10/10/2025,English,"Sci-Fi, Action",Unknown,Joachim Rønning,"Evan Peters, Jared Leto, Gillian Anderson, Cameron Monaghan, Arturo Castro, Greta Lee",https://www.filmcrave.com/movie_page_main.php?id=64071,Unknown
Black Ice,54713,3.0,1,07/14/2023,English,"Documentary, Sport",R,Hubert Davis,"P.K. Subban, Willie O'Ree, Akim Aliu, Wayne Simmonds",https://www.filmcrave.com/movie_page_main.php?id=64072,"For years he sport of hockey has been dominated by white men but the history and how the game was shaped has roots going back to 1865 in the Colored Hockey League of the Maritimes (CHL) - a history largely forgotten. And to this day, Black players and other people of color face an uphill battle for acceptance and change. --"
The Blind,54731,3.0,1,09/28/2023,English,Drama,PG-13,Andrew Hyatt,"Kerry Knuppe, Aaron Dalla Villa, Amelia Eve, Brielle Robillard, Todd Terry, Aron von Andrian",https://www.filmcrave.com/movie_page_main.php?id=64073,Unknown
The Flood,54714,3.0,1,07/14/2023,English,"Action, Horror",R,Brandon Slagle,"Casper Van Dien, Nicky Whelan, Louis Mandylor, Randy Wayne, Devanny Pinn, Ryan Francis",https://www.filmcrave.com/movie_page_main.php?id=64074,Unknown
Heir of the Witch,54724,3.0,1,08/04/2023,English,"Horror, Thriller",R,Victoria U Bell,"Victoria U Bell, Ben Holtzmuller, Sophia Vandy, Deanna Rashell, Lorayn DeLuca, Julian Brittano",https://www.filmcrave.com/movie_page_main.php?id=64075,Unknown
The Persian Version,60388,2.0,1,10/20/2023,English,"Comedy, Drama",R,Maryam Keshavarz,"Layla Mohammadi, Niousha Noor, Kamand Shafieisabet, Bijan Daneshmand, Bella Warda, Sachli Gholamalizad",https://www.filmcrave.com/movie_page_main.php?id=64076,Unknown
Psycho-Pass: Providence,54715,3.0,1,07/14/2023,Japanese,"Anime, Action",R,Naoyoshi Shiotani,"Kana Hanazawa, Shizuka Itô, Yûichi Nakamura, Yûki Kaji, Takahiro Sakurai, Miyuki Sawashiro",https://www.filmcrave.com/movie_page_main.php?id=64077,Unknown
Self Reliance,60384,2.0,1,09/08/2023,English,"Comedy, Thriller",R,Jake Johnson,"Wayne Brady, Jake Johnson, Anna Kendrick, Christopher Lloyd, Andy Samberg, Bjorn Johnson",https://www.filmcrave.com/movie_page_main.php?id=64078,Unknown
Shrapnel,54720,3.0,1,07/28/2023,English,"Action, Thriller",R,William Kaufman,"Jason Patric, Cam Gigandet, Efrain Villa, Teresa Decher, Mauricio Mendoza, Megan Elisabeth Kelly",https://www.filmcrave.com/movie_page_main.php?id=64079,A former Marine reaches out to an old war friend to enlist his help in getting back his daughter after she falls prey to a Mexican drug cartel. --
Pretending I'm a Superman: The Tony Hawk Video Game Story,26393,3.0,2,08/18/2020,English,Documentary,PG,Ludvig Gür,"Tony Hawk, Steve Caballero, Rodney Mullen, Chad Muska, Jamie Thomas, Aaron Snyder",https://www.filmcrave.com/movie_page_main.php?id=64080,Unknown
True Spirit,54683,3.0,1,02/03/2023,English,"Adventure, Biography",PG,Sarah Spillane,"Alyla Browne, Teagan Croft, Cliff Curtis, Josh Lawson, Anna Paquin, Bridget Webb",https://www.filmcrave.com/movie_page_main.php?id=64081,Unknown
Finestkind,60385,2.0,1,09/09/2023,English,"Crime, Drama",R,Brian Helgeland,"Ben Foster, Toby Wallace, Jenna Ortega, Tommy Lee Jones, Ismael Cruz Cordova, Tim Daly",https://www.filmcrave.com/movie_page_main.php?id=64082,Unknown
A Little Prayer,60359,2.0,1,01/24/2023,English,Drama,R,Angus MacLachlan,"Jane Levy, Will Pullen, David Strathairn, Celia Weston, Viktor Hernandez, Dascha Polanco",https://www.filmcrave.com/movie_page_main.php?id=64083,Unknown
The Underdogg,60389,2.0,1,10/20/2023,English,"Comedy, Sport",R,Charles Stone III,"Tika Sumpter, Snoop Dogg, Mike Epps, George Lopez, Andrew Schulz, Nancy De Mayo",https://www.filmcrave.com/movie_page_main.php?id=64084,Unknown
Bottoms,4719,2.9,10,08/25/2023,English,Comedy,R,Emma Seligman,"Ayo Edebiri, Dagmara Dominczyk, Rachel Sennott, Nicholas Galitzine, Kaia Gerber, Ruby Cruz",https://www.filmcrave.com/movie_page_main.php?id=64085,"Unpopular and openly queer, PJ and Josie are at the bottom of the high"
"Messiah, The ( messia, Il )",57082,2.0,1,10/25/1975,Italian,"Biography, Drama",NR,Roberto Rossellini,"Pier Maria Rossi, Mita Ungaro, Carlos de Carvalho, Fausto Di Bella, Vernon Dobtcheff, Antonella Fasano",https://www.filmcrave.com/movie_page_main.php?id=64086,Unknown
Robots,60374,2.0,1,05/19/2023,English,"Comedy, Romance",R,"Casper Christensen, Anthony Hines","Shailene Woodley, Jack Whitehall, Paul Rust, Nicholas Rutherford, Paul Jurewicz, David Grant Wright",https://www.filmcrave.com/movie_page_main.php?id=64087,Unknown
Sometimes I Think About Dying,34549,2.0,3,01/26/2024,English,"Comedy, Drama",PG-13,Rachel Lambert,"Daisy Ridley, Dave Merheje, Parvesh Cheena, Marcia DeBonis, Megan Stalter, Brittany O'Grady",https://www.filmcrave.com/movie_page_main.php?id=64088,Unknown
They Cloned Tyrone,2394,3.1,7,07/21/2023,English,"Action, Comedy",R,Juel Taylor,"Kiefer Sutherland, Jamie Foxx, John Boyega, David Alan Grier, Teyonah Parris, Joshua Mikel",https://www.filmcrave.com/movie_page_main.php?id=64089,Unknown
Five Nights at Freddy's,13216,2.4,14,10/27/2023,English,Horror,PG-13,Emma Tammi,"Josh Hutcherson, Matthew Lillard, Elizabeth Lail, Mary Stuart Masterson, Jess Weiss, Kevin Foster",https://www.filmcrave.com/movie_page_main.php?id=64090,A down-on-his luck man who can't escape his past reluctantly takes a night
Saw X,8085,2.7,8,10/27/2023,English,"Horror, Thriller",R,Kevin Greutert,"Steven Brand, Synnøve Macody Lund, Michael Beach, Shawnee Smith, Tobin Bell, Paulette Hernandez",https://www.filmcrave.com/movie_page_main.php?id=64091,Unknown
Retribution,45012,2.0,2,08/25/2023,English,"Action, Crime",R,Nimród Antal,"Liam Neeson, Jack Champion, Embeth Davidtz, Matthew Modine, Arian Moayed, Noma Dumezweni",https://www.filmcrave.com/movie_page_main.php?id=64092,Unknown
The Lesson,33148,2.8,2,07/07/2023,English,Thriller,R,Alice Troughton,"Richard E. Grant, Julie Delpy, Daryl McCormack, Stephen McMillan, Crispin Letts, Tomas Spencer",https://www.filmcrave.com/movie_page_main.php?id=64093,Unknown
Go West,54716,3.0,1,07/19/2023,English,"Comedy, Western",Unknown,"Stephen Meek, Jeremy Warner","Sean Astin, Mallory Everton, Whitney Call, Matthew Meese, Natalie Madsen, Jason Gray",https://www.filmcrave.com/movie_page_main.php?id=64094,Unknown
The First Slam Dunk,54719,3.0,1,07/28/2023,Japanese,"Anime, Sport",PG-13,Takehiko Inoue,"Luis Bermudez, Paul Castro Jr., Abby Espiritu, Masaya Fukunishi, Yoshiaki Hasegawa, Katsuhisa Hôki",https://www.filmcrave.com/movie_page_main.php?id=64095,Unknown
Dumb Money,3831,2.9,9,09/29/2023,English,"Biography, Comedy",R,Craig Gillespie,"Paul Dano, Seth Rogen, Pete Davidson, Nick Offerman, Sebastian Stan, America Ferrera",https://www.filmcrave.com/movie_page_main.php?id=64096,Based on the true story of the Gamestop sage where Keith Gill harnesses the power of Reddit to turn rapidly failing Gamestop into the hottest meme-inspired stock. From Robin Hood to hedge funds to ordinary people - everyone finds a way to love or hate the outcome as it turns Wall Street on its head. --
Malibu Horror Story,54740,3.0,1,10/20/2023,English,"Horror, Thriller",Unknown,Scott Slone,"Dylan Sprayberry, Robert Bailey Jr., Valentina de Angelis, Rebecca Forsythe, Tommy Cramer, Hector Gomez Jr.",https://www.filmcrave.com/movie_page_main.php?id=64097,"Years after four teens go missing in a sacred cave, a group of paranormal investigators look to uncover clues to the disappearance, only to uncover a far more sinister and deadly truth. --"
She Came to Me,47116,3.0,1,10/06/2023,English,"Comedy, Drama",R,Rebecca Miller,"Anne Hathaway, Peter Dinklage, Marisa Tomei, Brian d'Arcy James, Joanna Kulig, Chris Gethard",https://www.filmcrave.com/movie_page_main.php?id=64098,"Looking for his big come-back, a composer finds himself unable to put the finishing touches on his opera. When his therapist wife suggests going out to find inspiration - neither can imagine that it will lead to a one-night stand - and a surprising resolution to his writer's block.  --"
Ordinary Angels,3986,3.1,5,02/23/2024,English,Drama,PG,Jon Gunn,"Alan Ritchson, Amy Acker, Hilary Swank, Nancy Travis, Skywalker Hughes, Tamala Jones",https://www.filmcrave.com/movie_page_main.php?id=64099,"Based on a true story: a hairdresser does everything in her power, including rallying the local community, to come to the aid of a recently-widowed father looking to save the life of his ailing young daughter. --"
Radical,54745,3.0,1,11/03/2023,Spanish,Drama,PG-13,Christopher Zalla,"Eugenio Derbez, Daniel Haddad, Jennifer Trejo, Mia Fernanda Solis, Danilo Guardiola, Gilberto Barraza",https://www.filmcrave.com/movie_page_main.php?id=64100,Unknown
Sight,47077,3.0,1,05/24/2024,English,"Biography, Drama",PG-13,Andrew Hyatt,"Greg Kinnear, Terry Chen, Fionnula Flanagan, Ben Wang, Kenneth Liu, Wai Ching Ho",https://www.filmcrave.com/movie_page_main.php?id=64101,Unknown
Among the Living,55421,1.5,2,09/30/2022,English,"Drama, Horror",NR,Rob Worsey,"Dean Michael Gregory, George Newton, Melissa Worsey, Leon Worsey, Emily Rose Holt, Alexander King",https://www.filmcrave.com/movie_page_main.php?id=64102,Unknown
Operation Toussaint,33076,2.8,2,07/10/2018,English,Documentary,NR,"Nick Nanton, Ramy Romany","Tim Ballard, Anthony Robbins, Glenn Beck, Orrin Hatch, Mike Tomlin, Marisol Nichols",https://www.filmcrave.com/movie_page_main.php?id=64103,Unknown
Destination NBA: A G League Odyssey,60381,2.0,1,08/08/2023,English,"Documentary, Sport",R,"Liam Hughes, Bryant Robinson",Scoot Henderson,https://www.filmcrave.com/movie_page_main.php?id=64104,Unknown
It Lives Inside,46742,1.8,2,03/11/2023,English,"Drama, Horror",PG-13,Bishal Dutta,"Megan Suri, Neeru Bajwa, Mohana Krishnan, Betty Gabriel, Vik Sahay, Gage Marsh",https://www.filmcrave.com/movie_page_main.php?id=64105,Unknown
On Fire,60363,2.0,1,03/03/2023,English,"Drama, Thriller",PG-13,"Peter Facinelli, Nick Lyon","Peter Facinelli, Fiona Dourif, Asher Angel, Lance Henriksen, Ashlei Foushee, Glenn Morshower",https://www.filmcrave.com/movie_page_main.php?id=64106,Unknown
Trolls Band Together,36181,2.5,2,11/17/2023,English,"Animation, Adventure",PG,"Walt Dohrn, Tim Heitz","Anna Kendrick, Justin Timberlake, Troye Sivan, Eric André, Zooey Deschanel, Daveed Diggs",https://www.filmcrave.com/movie_page_main.php?id=64107,Unknown
Borderlands,34102,1.7,9,08/09/2024,English,"Action, Comedy",PG-13,Eli Roth,"Cate Blanchett, Kevin Hart, Jack Black, Ariana Greenblatt, Jamie Lee Curtis, Olivier Richters",https://www.filmcrave.com/movie_page_main.php?id=64108,"On the backwater planet Pandora - a wasteland planet teeming with bandits,"
Bird Box: Barcelona,34545,1.8,5,07/14/2023,Spanish,"Horror, Mystery",NR,"David Pastor, Àlex Pastor","Mario Casas, Georgina Campbell, Diego Calva, Naila Schuberth, Alejandra Howard, Patrick Criado",https://www.filmcrave.com/movie_page_main.php?id=64109,Unknown
God is a Bullet,28517,2.3,3,06/23/2023,English,"Action, Crime",NR,Nick Cassavetes,"Maika Monroe, Nikolaj Coster-Waldau, Karl Glusman, January Jones, Jamie Foxx, Paul Johansson",https://www.filmcrave.com/movie_page_main.php?id=64110,Unknown
The Collective,54723,3.0,1,08/04/2023,English,Action,Unknown,Tom DeNucci,"Ruby Rose, Don Johnson, Lucas Till, Mercedes Varnado, Tyrese Gibson, Paul Ben-Victor",https://www.filmcrave.com/movie_page_main.php?id=64111,Unknown
The Out-Laws,40130,1.6,5,07/07/2023,English,"Action, Comedy",R,Tyler Spindel,"Adam Devine, Pierce Brosnan, Ellen Barkin, Nina Dobrev, Michael Rooker, Poorna Jagannathan",https://www.filmcrave.com/movie_page_main.php?id=64112,Unknown
Back on the Strip,54726,3.0,1,08/18/2023,English,Comedy,R,Chris Spencer,"Kevin Hart, Tiffany Haddish, Colleen Camp, Wesley Snipes, J.B. Smoove, Faizon Love",https://www.filmcrave.com/movie_page_main.php?id=64113,Unknown
Slotherhouse,42150,2.3,2,08/30/2023,English,"Horror, Comedy",PG-13,Matthew Goodhue,"Lisa Ambalavanar, Stefan Kapicic, Olivia Rouyre, Tiana Upcheva, Kelly Lynn Reiter, Sydney Craven",https://www.filmcrave.com/movie_page_main.php?id=64114,"Emily Young has a goal to become her sorority's president and she decides to adopt a sloth as a cute mascot for the house to seal her win... that is until bodies begin piling up and point to her seemingly slow, docile animal as the main culprit. --"
Carlos,60378,2.0,1,06/17/2023,English,Documentary,R,Rudy Valdez,Carlos Santana,https://www.filmcrave.com/movie_page_main.php?id=64115,Unknown
Leave the World Behind,7887,2.6,12,12/07/2023,English,Drama,R,Sam Esmail,"Julia Roberts, Ethan Hawke, Kevin Bacon, Myha'la Herrold, Mahershala Ali, Farrah Mackenzie",https://www.filmcrave.com/movie_page_main.php?id=64116,"A family decides to get away from the city and books a beautiful house in the countryside. Things take a darker turn, however, when the world around them goes offline, animals behave strangely and travel is best avoided. The arrival of the Airbnb's owner and his daughter add to the tension, but soon everyone realizes they can only rely on each other as chaos reigns. --"
What We Leave Behind,54541,3.0,1,03/11/2022,Spanish,Documentary,NR,Iliana Sosa,Unknown,https://www.filmcrave.com/movie_page_main.php?id=64117,Unknown
Ruby Bridges,37424,2.5,2,01/18/1998,English,"Comedy, Documentary",NR,Euzhan Palcy,"Lela Rochon, Michael Beach, Penelope Ann Miller, Kevin Pollak, Jean Louisa Kelly, Peter Francis James",https://www.filmcrave.com/movie_page_main.php?id=64118,Unknown
The Old Ways,38302,2.5,2,10/31/2020,English,"Fantasy, Horror",R,Christopher Alender,"Brigitte Kali Canales, Andrea Cortés, Julia Vera, Sal Lopez, AJ Bowen, Weston Meredith",https://www.filmcrave.com/movie_page_main.php?id=64119,Unknown
Spider-Man: Beyond the Spider-Verse,17912,2.7,3,06/04/2027,English,"Animation, Adventure",Unknown,"Joaquim Dos Santos, Kemp Powers, Justin K. Thompson","Shameik Moore, Hailee Steinfeld, Jason Schwartzman, Issa Rae, Oscar Isaac, Jake Johnson",https://www.filmcrave.com/movie_page_main.php?id=64120,Unknown
Bad Boys: Ride or Die,11008,2.6,8,06/07/2024,English,"Action, Comedy",R,"Adil El Arbi, Bilall Fallah","Will Smith, Martin Lawrence, Paola Núñez, Ioan Gruffudd, Vanessa Hudgens, Tasha Smith",https://www.filmcrave.com/movie_page_main.php?id=64121,Unknown
Hidden Strike,15312,2.5,5,07/28/2023,English,"Action, Comedy",NR,Scott Waugh,"John Cena, Jackie Chan, Pilou Asbæk, Rachael Holoway, Chunrui Ma, Rima Zeidan",https://www.filmcrave.com/movie_page_main.php?id=64122,Unknown
Suck Me Shakespeer ( Fack ju Göhte ),52020,3.0,1,11/07/2013,German,Comedy,NR,Bora Dagtekin,"Elyas M'Barek, Karoline Herfurth, Katja Riemann, Jana Pallaske, Alwara Höfels, Jella Haase",https://www.filmcrave.com/movie_page_main.php?id=64123,Unknown
American Fiction,898,3.3,8,12/15/2023,English,"Comedy, Drama",R,Cord Jefferson,"Jeffrey Wright, Sterling K. Brown, Issa Rae, Adam Brody, Elle Sciore, Miriam Shor",https://www.filmcrave.com/movie_page_main.php?id=64124,Unknown
Bloodthirst,54744,3.0,1,10/31/2023,English,"Action, Horror",R,Michael Su,"Costas Mandylor, Tara Reid, Robert LaSardo, Bishop Stevens, Johnny Huang, Sarah French",https://www.filmcrave.com/movie_page_main.php?id=64125,Unknown
Lift,60314,2.0,1,06/01/2022,English,Documentary,PG-13,David Petersen,"Victor Abreu, Sharia Blockwood, Diana Byer, Yolanssie Cardona, Steven Melendez",https://www.filmcrave.com/movie_page_main.php?id=64126,Unknown
My Animal,54678,3.0,1,01/23/2023,English,"Horror, Romance",R,Jacqueline Castel,"Bobbi Salvör Menuez, Amandla Stenberg, Heidi von Palleske, Stephen McHattie, Cory Lipman, Joe Apollonio",https://www.filmcrave.com/movie_page_main.php?id=64127,Unknown
The Pigeon Tunnel,60390,2.0,1,10/23/2023,English,Documentary,PG-13,Errol Morris,John le Carré,https://www.filmcrave.com/movie_page_main.php?id=64128,Unknown
Senior Year: Love Never Fails,54735,3.0,1,09/29/2023,English,"Drama, Romance",PG-13,Jude Okwudiafor Johnson,"Diallo Thompson, Natalia Dominguez, Vernon Davis, Denise Boutte, Benjamin A. Onyango, Asia'h Epperson",https://www.filmcrave.com/movie_page_main.php?id=64129,"Following Freshman Year, C.J. and Marcella have found love - and a committed relationship but find mounting pressure from faith, family and friends may break apart all they have built up. --"
Spy Kids: Armageddon,55865,2.0,1,09/22/2023,English,"Action, Comedy",PG,Robert Rodriguez,"Everly Carganilla, Connor Esterson, Zachary Levi, Gina Rodriguez, Billy Magnussen, Robert Rodriguez",https://www.filmcrave.com/movie_page_main.php?id=64130,Unknown
Freshman Year,60196,2.0,1,05/03/2019,English,Drama,NR,Jude Okwudiafor Johnson,"Diallo Thompson, Natalia Dominguez, Benjamin A. Onyango, Gregory Alan Williams, Desalene Jones, Natasha Dee Davis",https://www.filmcrave.com/movie_page_main.php?id=64131,Unknown
Only the Animals ( Seules les bêtes ),54478,3.0,1,10/15/2021,French,"Crime, Drama",NR,Dominik Moll,"Denis Ménochet, Laure Calamy, Damien Bonnard, Nadia Tereszkiewicz, Bastien Bouillon, Valeria Bruni Tedeschi",https://www.filmcrave.com/movie_page_main.php?id=64132,Unknown
The Mystic,55990,2.0,1,09/27/1925,English,Drama,NR,Tod Browning,"Aileen Pringle, Conway Tearle, Mitchell Lewis, Robert Ober, Stanton Heck, David Torrence",https://www.filmcrave.com/movie_page_main.php?id=64133,Unknown
EO,42143,2.3,2,10/11/2022,Polish,Drama,NR,Jerzy Skolimowski,"Sandra Drzymalska, Mateusz Kosciukiewicz, Isabelle Huppert, Lorenzo Zurzolo, Lolita Chammah, Tomasz Organek",https://www.filmcrave.com/movie_page_main.php?id=64134,Unknown
Founders Day,47069,3.0,1,01/19/2024,English,"Horror, Mystery",R,Erik Bloomquist,"Naomi Grace, Devin Druid, William Russ, Amy Hargreaves, Catherine Curtin, Emilia McCarthy",https://www.filmcrave.com/movie_page_main.php?id=64135,Unknown
Journey to Bethlehem,47119,3.0,1,11/10/2023,English,Musical,PG,Adam Anders,"Milo Manheim, Fiona Palomo, Omid Djalili, Antonio Banderas, Geno Segers, Rizwan Manji",https://www.filmcrave.com/movie_page_main.php?id=64136,Unknown
The Kill Room,46981,3.0,1,09/29/2023,English,Thriller,R,Nicol Paone,"Samuel L. Jackson, Joe Manganiello, Uma Thurman, Debi Mazar, Maya Hawke, Matthew Maher",https://www.filmcrave.com/movie_page_main.php?id=64137,The art world meets the underworld when a hitman and his boss team up with a struggling art gallery in a seemingly untraceable money-laundering scheme. But things get complicated when The Bagman's art becomes a sensation - drawing unwanted attention even as the money rolls in. --
Kill Boksoon ( Kill Bok-soon ),23117,2.5,3,03/31/2023,Korean,"Action, Thriller",NR,Sung-hyun Byun,"Koo Kyo-hwan, Jeon Do-yeon, Esom, Si-ah Kim, Hwang Jung-min, Lee Yeon",https://www.filmcrave.com/movie_page_main.php?id=64138,Unknown
The Dive,0,0.0,0,11/25/2023,English,Thriller,NR,Maximilian Erlenwein,"Sophie Lowe, Louisa Krause",https://www.filmcrave.com/movie_page_main.php?id=64139,Unknown
I Can,0,0.0,0,09/22/2023,English,"Drama, Sport",PG,Tyler Sansom,"Daniel Roebuck, Danner Brown, Vernon Wells, Sarah Cleveland, John Wells, Maeve McCloy",https://www.filmcrave.com/movie_page_main.php?id=64140,Unknown
"Origin of Evil, The ( origine du mal, L' )",0,0.0,0,01/10/2023,French,"Drama, Thriller",R,Sébastien Marnier,"Laure Calamy, Doria Tillier, Dominique Blanc, Jacques Weber, Suzanne Clément, Céleste Brunnquell",https://www.filmcrave.com/movie_page_main.php?id=64141,Unknown
Priscilla,6625,2.9,5,11/03/2023,English,"Biography, Drama",R,Sofia Coppola,"Cailee Spaeny, Jacob Elordi, Dagmara Dominczyk, Dan Abramovici, Dan Beirne, Emily Mitchell",https://www.filmcrave.com/movie_page_main.php?id=64142,"Details the more intimate side of rock 'n roll superstar Elvis as seen through the eyes of his wife, Priscilla as love, fantasy and fame collide. --"
The Wonderful Story of Henry Sugar,1294,3.3,6,10/13/2023,English,"Adventure, Comedy",PG,Wes Anderson,"Benedict Cumberbatch, Ben Kingsley, Rupert Friend, Ralph Fiennes, Dev Patel, Richard Ayoade",https://www.filmcrave.com/movie_page_main.php?id=64143,Unknown
Return of the Tiger ( Da juan tao ),60482,0.5,1,01/01/1977,Mandarin,"Action, Crime",NR,Jimmy Shaw,"Bruce Li, Paul L. Smith, Yi Chang, Angela Mao, Fei Lung, Hsing Hsieh",https://www.filmcrave.com/movie_page_main.php?id=64144,Unknown
Stars at Noon,60341,2.0,1,10/02/2022,English,"Drama, Romance",R,Claire Denis,"Margaret Qualley, Joe Alwyn, Benny Safdie, Danny Ramirez, Nick Romano, Stephan Proaño",https://www.filmcrave.com/movie_page_main.php?id=64145,Unknown
Anima,54105,3.0,1,06/27/2019,English,Unknown,NR,Paul Thomas Anderson,"Thom Yorke, Dajana Roncione, Frida Dam Seidel, Joseba Yerro Izaguirre, Jean Michael Sinisterra Munoz, Takuya Fujisawa",https://www.filmcrave.com/movie_page_main.php?id=64146,Unknown
What Did Jack Do?,55516,2.5,1,05/19/2018,English,"Comedy, Crime",NR,David Lynch,"Jack Cruz, David Lynch, Toototabon, Emily Stofle",https://www.filmcrave.com/movie_page_main.php?id=64147,Unknown
Riverdance: The Animated Adventure,60290,2.0,1,11/07/2021,English,"Animation, Adventure",NR,"Eamonn Butler, Dave Rosenbaum","Pierce Brosnan, Sam Hardy, Hannah Herman, Lilly Singh, Jermaine Fowler, Brendan Gleeson",https://www.filmcrave.com/movie_page_main.php?id=64148,Unknown
The House,54510,3.0,1,01/14/2022,English,Animation,NR,"Paloma Baeza, Emma De Swaef, Niki Lindroth von Bahr","Mia Goth, Matthew Goode, Claudie Blakley, Jarvis Cocker, Sven Wollter, Mark Heap",https://www.filmcrave.com/movie_page_main.php?id=64149,Unknown
Fearless Hyena 2 ( Long teng hu yue ),0,0.0,0,03/04/1983,Mandarin,"Action, Drama",NR,Chuan Chen,"Jackie Chan, Dean Shek, James Tien, Austin Wai, Shi-Kwan Yen, Yeong-moon Kwon",https://www.filmcrave.com/movie_page_main.php?id=64150,Unknown
Medusa Deluxe,54644,3.0,1,09/25/2022,English,"Drama, Mystery",R,Thomas Hardiman,"Luke Pasqualino, Lilit Lesser, Clare Perkins, Kayla Meikle, Debris Stevenson, Heider Ali",https://www.filmcrave.com/movie_page_main.php?id=64151,Unknown
Goldfish,0,0.0,0,09/01/2023,English,Drama,Unknown,Pushan Kripalani,"Kalki Koechlin, Deepti Naval, Gordon Warnecke, Rajit Kapoor, Shanaya Rafaat,  Noa Bodner",https://www.filmcrave.com/movie_page_main.php?id=64152,Unknown
The Lord of the Rings: The War of the Rohirrim,17911,2.7,3,12/13/2024,English,"Animation, Action",PG-13,Kenji Kamiyama,"Brian Cox, Miranda Otto, Shaun Dooley, Luke Pasqualino, Lorraine Ashbourne, Benjamin Wainwright",https://www.filmcrave.com/movie_page_main.php?id=64153,Unknown
Godzilla x Kong: The New Empire,19651,2.1,14,03/29/2024,English,"Action, Sci-Fi",PG-13,Adam Wingard,"Rebecca Hall, Dan Stevens, Brian Tyree Henry, Kaylee Hottle, Alex Ferns, Fala Chen",https://www.filmcrave.com/movie_page_main.php?id=64154,"While a lonely Kong settles in to his new home in the Hollow Earth, Godzilla roams above, fighting off Titans that threaten humanity. But a powerful signal that affects Jia, means her adoptive mother, and Monarch head, Ilene Andrews must assemble a team to investigate the source. When Godzilla begins to power up and Kong discovers a new subterranean realm, it leads to a dangerous new foe, one both monsters will have to face together in order to save humanity. --"
You Are So Not Invited to My Bat Mitzvah,9177,2.9,4,08/25/2023,English,Comedy,PG-13,Sammi Cohen,"Idina Menzel, Jackie Sandler, Adam Sandler, Sadie Sandler, Sunny Sandler, Samantha Lorraine",https://www.filmcrave.com/movie_page_main.php?id=64155,Unknown
Rebel Moon: Part One - A Child of Fire,15808,2.3,12,12/21/2023,English,"Sci-Fi, Adventure",PG-13,Zack Snyder,"Sofia Boutella, Michiel Huisman, Charlie Hunnam, Ed Skrein, Djimon Hounsou, Ray Fisher",https://www.filmcrave.com/movie_page_main.php?id=64156,"With the royal family felled by assassins, the tyrannical Imperium finds itself vulnerable and seeks to root out and destroy all semblance of an uprising before it begins. Massive ship The King's Gaze, under command of Admiral Atticus Noble, is sent far into the outer reaches to bring down such a rebel cell lands on a peaceful farming community. But their violent ways sets Kora, who is hiding her own secret, on a mission to bring together warriors to challenge the might of the Imperium - and set an uprising into motion. --"
A Million Miles Away,0,0.0,0,09/15/2023,English,"Drama, Sci-Fi",PG,Alejandra Márquez Abella,"Rosa Salazar, Michael Peña, Garret Dillahunt, Eric Johnson, Carlos S. Sanchez, Michelle Krusiec",https://www.filmcrave.com/movie_page_main.php?id=64157,"The incredible story of Jose Hernandez, who goes from migrant farmer to astronaut, and the perseverance, community and sacrifice that turns a seemingly impossible dream into reality. --"
Run Rabbit Run,28516,2.3,3,01/19/2023,English,"Horror, Thriller",NR,Daina Reid,"Sarah Snook, Lily LaTorre, Greta Scacchi, Damon Herriman, Georgina Naidu, Sunny Whelan",https://www.filmcrave.com/movie_page_main.php?id=64158,"After her young daughter begins exhibiting bizarre behavior, a recently-divorced mother will be forced to confront a painful childhood - and a dark secret she has been doing everything to avoid. --"
Two Small Bodies,0,0.0,0,04/15/1994,English,"Crime, Romance",R,Beth B,"Fred Ward, Suzy Amis",https://www.filmcrave.com/movie_page_main.php?id=64159,Unknown
The Unknown Country,0,0.0,0,07/28/2023,English,Drama,NR,Morrisa Maltz,"Lily Gladstone, Raymond Lee, Richard Ray Whitman, Lainey Bearkiller Shangreaux, Devin Shangreaux, Jasmine Shangreaux",https://www.filmcrave.com/movie_page_main.php?id=64160,Unknown
All of Us Strangers,8929,2.9,4,12/22/2023,English,"Drama, Fantasy",R,Andrew Haigh,"Paul Mescal, Andrew Scott, Claire Foy, Jamie Bell, Cameron Ashplant, Jack Cronin",https://www.filmcrave.com/movie_page_main.php?id=64161,Unknown
The Beekeeper,5161,2.8,16,01/12/2024,English,"Action, Thriller",R,David Ayer,"Jason Statham, Josh Hutcherson, Jeremy Irons, Emmy Raver-Lampman, Taylor James, David Witts",https://www.filmcrave.com/movie_page_main.php?id=64162,"When a phishing scheme results in the death of the person he most trusts, Adam Clay will stop at nothing to root out the corruption - no matter how high it goes. Clay is no ordinary vigilante, however, he was once a Beekeeper - an operative for a highly clandestine and brutally efficient special forces unit - and now he will use all his skills to take down everyone who goes up against him or stands in his way. --"
The Good Mother,0,0.0,0,09/01/2023,English,"Drama, Mystery",R,Miles Joris-Peyrafitte,"Olivia Cooke, Hilary Swank, Jack Reynor, Hopper Penn, Norm Lewis, Karen Aldridge",https://www.filmcrave.com/movie_page_main.php?id=64163,"Following the death of her estranged son, a journalist teams up with his pregnant girlfriend in order to track down those responsible - and find themselves tangled up in a dangerous world of drugs and corruption. --"
I.S.S.,33167,2.0,4,01/19/2024,English,"Sci-Fi, Thriller",R,Gabriela Cowperthwaite,"Pilou Asbæk, Chris Messina, Ariana DeBose, John Gallagher Jr., Costa Ronin, Masha Mashkova",https://www.filmcrave.com/movie_page_main.php?id=64164,Unknown
Super Eagles '96,0,0.0,0,11/12/2022,English,Documentary,PG,Yemi Bamiro,Unknown,https://www.filmcrave.com/movie_page_main.php?id=64165,Unknown
Taylor Swift: The Eras Tour,0,0.0,0,10/13/2023,English,Documentary,PG-13,Sam Wrench,"Taylor Swift, Tori Evans, Natalie Reid, Tamiya Lewis, Jan Ravnik, Raphael Thomas",https://www.filmcrave.com/movie_page_main.php?id=64166,A concert film that chronicles Taylor Swift's history-making Eras tour. --
Maestro,10299,2.7,5,11/22/2023,English,"Biography, Drama",R,Bradley Cooper,"Bradley Cooper, Carey Mulligan, Maya Hawke, Matt Bomer, Miriam Shor, Michael Urie",https://www.filmcrave.com/movie_page_main.php?id=64167,Unknown
Napoleon,7262,2.7,11,11/22/2023,English,"Biography, Action",R,Ridley Scott,"Joaquin Phoenix, Vanessa Kirby, Ben Miles, Ludivine Sagnier, Mark Bonnar, Ian McNeice",https://www.filmcrave.com/movie_page_main.php?id=64168,Unknown
Passages,2436,3.4,4,08/04/2023,English,"Drama, Romance",NR,Ira Sachs,"Franz Rogowski, Ben Whishaw, Adèle Exarchopoulos, Erwan Kepoa Falé, Arcadi Radeff, Léa Boublil",https://www.filmcrave.com/movie_page_main.php?id=64169,Unknown
New York Ninja,60476,1.0,1,10/02/2021,English,"Action, Crime",NR,"John Liu, Kurtis Spieler","Don Wilson, Michael Berryman, Linnea Quigley, Leon Isaac Kennedy, Cynthia Rothrock, Vince Murdocco",https://www.filmcrave.com/movie_page_main.php?id=64170,Unknown
Fremont,0,0.0,0,09/08/2023,English,Drama,NR,Babak Jalali,"Anaita Wali Zada, Jeremy Allen White, Gregg Turkington, Hilda Schmelling, Avis See-tho, Siddique Ahmed",https://www.filmcrave.com/movie_page_main.php?id=64171,"Formerly an Afghan translator for the military, Donya relocates to Fremont, CA where she leads a rather lonely life. But things change when she is hired for a job at a fortune cookie factory and finds a novel way to get her message out to the world. --"
Scrapper,0,0.0,0,08/25/2023,English,"Comedy, Drama",NR,Charlotte Regan,"Lola Campbell, Alin Uzun, Cary Crankson, Carys Bowkett, Ambreen Razia, Ayokunle Oyesanwo",https://www.filmcrave.com/movie_page_main.php?id=64172,Georgie is a 12-year-old who is happy living alone - but her dreamy life is interrupted by the unexpected arrival of her estranged father and she must face a new reality. --
Amerikatsi,0,0.0,0,09/15/2023,Russian,Drama,NR,Michael A. Goorjian,"Michael A. Goorjian, Hovik Keuchkerian, Nelli Uvarova, Mikhail Trukhin, Jean-Pierre Nshanian, Narine Grigoryan",https://www.filmcrave.com/movie_page_main.php?id=64173,"Charlies escapes from the Armenian genocide as a young boy, relocates to America and returns home as an adult only to find himself imprisoned. Through his cell bars he observes an Armenian couple as well as bonds with his fellow prisoners, learning about his homeland and making the most out of his brutal situation. --"
Godland ( Vanskabte land ),45541,3.5,1,09/03/2022,Danish,Drama,NR,Hlynur Pálmason,"Elliott Crosset Hove, Ingvar Sigurdsson, Vic Carmen Sonne, Jacob Lohmann, Hilmar Guðjónsson, Waage Sandø",https://www.filmcrave.com/movie_page_main.php?id=64174,Unknown
"Eight Mountains, The ( otto montagne, Le )",0,0.0,0,11/03/2022,Italian,Drama,NR,"Felix van Groeningen, Charlotte Vandermeersch","Lupo Barbiero, Cristiano Sassella, Elena Lietti, Chiara Jorrioz, Filippo Timi, Fiammetta Olivieri",https://www.filmcrave.com/movie_page_main.php?id=64175,Unknown
Tori and Lokita ( Tori et Lokita ),0,0.0,0,09/02/2022,French,Drama,NR,"Jean-Pierre Dardenne, Luc Dardenne","Pablo Schils, Joely Mbundu, Alban Ukaj, Tijmen Govaerts, Charlotte De Bruyne, Nadège Ouedraogo",https://www.filmcrave.com/movie_page_main.php?id=64176,Unknown
T.R. Baskin,0,0.0,0,10/20/1971,English,Drama,NR,Herbert Ross,"Candice Bergen, Peter Boyle, James Caan, Marcia Rodd, Erin O'Reilly, Howard Platt",https://www.filmcrave.com/movie_page_main.php?id=64177,Unknown
"Innocent, The ( innocent, L' )",0,0.0,0,10/16/2022,French,"Comedy, Crime",NR,Louis Garrel,"Louis Garrel, Roschdy Zem, Noémie Merlant, Anouk Grinberg, Jean-Claude Pautot, Yanisse Kebbab",https://www.filmcrave.com/movie_page_main.php?id=64178,Unknown
No Bears ( Khers nist ),0,0.0,0,10/09/2022,Turkish,"Drama, Romance",NR,Jafar Panahi,"Jafar Panahi, Naser Hashemi, Vahid Mobasseri, Bakhtiyar Panjeei, Mina Kavani, Narges Delaram",https://www.filmcrave.com/movie_page_main.php?id=64179,Unknown
"immensità, L'",0,0.0,0,05/12/2023,Italian,Drama,NR,Emanuele Crialese,"Penélope Cruz, Vincenzo Amato, Luana Giuliani, Patrizio Francioni, María Chiara Goretti, Penélope Nieto Conti",https://www.filmcrave.com/movie_page_main.php?id=64180,Unknown
Other People's Children,0,0.0,0,12/25/2015,English,"Drama, Romance",NR,Liz Hinlein,"Diane Gaeta, Chad Michael Murray, Michael Mosley, Alexandra Breckenridge, Harrison Thomas, Alyssa Diaz",https://www.filmcrave.com/movie_page_main.php?id=64181,Unknown
Godzilla Minus One ( Gojira -1.0 ),365,3.4,15,12/01/2023,Japanese,"Action, Adventure",PG-13,Takashi Yamazaki,"Ryunosuke Kamiki, Minami Hamabe, Yûki Yamada, Hidetaka Yoshioka, Sakura Ando, Kuranosuke Sasaki",https://www.filmcrave.com/movie_page_main.php?id=64182,"In post-war Japan, the country and its people struggle to recover from the"
The Bikeriders,11000,2.6,8,06/21/2024,English,"Crime, Drama",R,Jeff Nichols,"Austin Butler, Jodie Comer, Tom Hardy, Michael Shannon, Mike Faist, Boyd Holbrook",https://www.filmcrave.com/movie_page_main.php?id=64183,"When Kathy is first drawn to Benny, he is part of a Midwestern motorcycle"
Magazine Dreams,0,0.0,0,03/21/2025,English,Drama,Unknown,Elijah Bynum,"Jonathan Majors, Harrison Page, Harriet Sansom Harris, Haley Bennett, Michael O'Hearn, Taylour Paige",https://www.filmcrave.com/movie_page_main.php?id=64184,Unknown
The Zone of Interest,1828,3.1,12,12/08/2023,English,"Drama, Historical",PG-13,Jonathan Glazer,"Sandra Hüller, Christian Friedel, Freya Kreutzkam, Ralph Herforth, Max Beck, Ralf Zillmann",https://www.filmcrave.com/movie_page_main.php?id=64185,"Rudolf Höss, commandant of Auschwitz, does his best to provide a perfect home for his wife, Hedwig and their children in an idyllic spot right next to the camp. --"
Anyone But You,4027,3.1,5,12/22/2023,English,"Comedy, Romance",R,Will Gluck,"Sydney Sweeney, Glen Powell, Alexandra Shipp, Darren Barnet, Bryan Brown, Joe Davidson",https://www.filmcrave.com/movie_page_main.php?id=64186,Unknown
The Iron Claw,1647,3.2,9,12/22/2023,English,"Biography, Sport",R,Sean Durkin,"Zac Efron, Jeremy Allen White, Harris Dickinson, Maura Tierney, Holt McCallany, Lily James",https://www.filmcrave.com/movie_page_main.php?id=64187,Unknown
Pet Sematary: Bloodlines,54739,3.0,1,10/06/2023,English,"Horror, Fantasy",R,Lindsey Anderson Beer,"Samantha Mathis, David Duchovny, Henry Thomas, Jack Mulhern, Natalie Alyn Lind, Pam Grier",https://www.filmcrave.com/movie_page_main.php?id=64188,Unknown
Shayda,0,0.0,0,01/19/2023,English,Drama,PG-13,Noora Niasari,"Leah Purcell, Zar Amir Ebrahimi, Mojean Aria, Jillian Nguyen, Osamah Sami, Jerome Meyer",https://www.filmcrave.com/movie_page_main.php?id=64189,Unknown
What Happens Later,0,0.0,0,11/03/2023,English,"Comedy, Romance",R,Meg Ryan,"Meg Ryan, David Duchovny",https://www.filmcrave.com/movie_page_main.php?id=64190,Unknown
Freelance,7596,3.2,3,10/27/2023,English,"Action, Comedy",R,Pierre Morel,"John Cena, Alison Brie, Alice Eve, Marton Csokas, Christian Slater, Juan Pablo Raba",https://www.filmcrave.com/movie_page_main.php?id=64191,Unknown
Inspector Sun and the Curse of the Black Widow,16243,3.5,2,10/27/2023,Spanish,Animation,PG,Julio Soto Gurpide,"Ronny Chieng, Iain Batchelor, Vicente Gil, Juan Rueda, Isabel Donate, Jesús Barreda",https://www.filmcrave.com/movie_page_main.php?id=64192,Unknown
Story Ave,0,0.0,0,09/29/2023,English,Drama,NR,Aristotle Torres,"Asante Blackk, Luis Guzmán, Melvin Gregg, Alex R. Hibbert, Cassandra Freeman, Coral Peña",https://www.filmcrave.com/movie_page_main.php?id=64193,Unknown
Anatomy of a Fall ( Anatomie d'une chute ),991,3.2,14,10/13/2023,French,"Crime, Drama",R,Justine Triet,"Sandra Hüller, Swann Arlaud, Milo Machado Graner, Antoine Reinartz, Samuel Theis, Jehnny Beth",https://www.filmcrave.com/movie_page_main.php?id=64194,"When an author's husband turns up dead and the investigation prove inconclusive between an accident and murder, she calls upon an old friend - the only lawyer she knows - to help prepare for the impending trial.  --"
Before the Sunset,0,0.0,0,09/29/2023,Japanese,"Drama, Fantasy",PG-13,Hiroshi Akabane,"Masane Tsukayama, Hiroaki Tanaka,  Rikako Miura, Mirai Irako, Richard Neil, Barbara Scolaro",https://www.filmcrave.com/movie_page_main.php?id=64195,Unknown
The Canterville Ghost,0,0.0,0,10/31/2023,English,"Animation, Comedy",PG,"Kim Burdon, Robert Chandler","Toby Jones, Freddie Highmore, Hugh Laurie, Imelda Staunton, Stephen Fry, Miranda Hart",https://www.filmcrave.com/movie_page_main.php?id=64196,Unknown
The Cello,0,0.0,0,09/14/2023,English,"Horror, Mystery",R,Darren Lynn Bousman,"Jeremy Irons, Tobin Bell, Samer Ismail, Elham Ali, Mila Al Zahrani, Baraa Alem",https://www.filmcrave.com/movie_page_main.php?id=64197,Unknown
In the Fire,0,0.0,0,10/13/2023,English,Thriller,R,Conor Allyn,"Amber Heard, Eduardo Noriega, Lorenzo McGovern Zaini, Sophie Amber, Luca Calvani, Yari Gugliucci",https://www.filmcrave.com/movie_page_main.php?id=64198,Unknown
The Monstrosity aka Atomic Brain,60481,0.5,1,09/01/1963,English,"Horror, Mystery",NR,"Joseph V. Mascelli, Jack Pollexfen","Marjorie Eaton, Frank Gerstle, Frank Fowler, Erika Peters, Judy Bamber, Lisa Lang",https://www.filmcrave.com/movie_page_main.php?id=64200,Unknown
Native Son,0,0.0,0,01/24/2019,English,Drama,NR,Rashid Johnson,"Ashton Sanders, Margaret Qualley, Nick Robinson, KiKi Layne, Bill Camp, Sanaa Lathan",https://www.filmcrave.com/movie_page_main.php?id=64201,Unknown
Resident Evil: Death Island,31525,2.2,3,07/25/2023,English,"Animation, Action",R,Eiichirô Hasumi,"Matthew Mercer, Nicole Tompkins, Kevin Dorman, Stephanie Panisello, Erin Cahill, Salli Saffioti",https://www.filmcrave.com/movie_page_main.php?id=64202,Unknown
River Wild,0,0.0,0,08/01/2023,English,Sport,PG-13,Ben Ketai,"Adam Brody, Eve Connolly, Matt Devere, Taran Killam, Leighton Meester, Olivia Swann",https://www.filmcrave.com/movie_page_main.php?id=64203,Unknown
"Conference, The ( Konferensen )",40020,1.8,3,10/13/2023,Swedish,"Comedy, Horror",NR,Patrik Eklund,"Katia Winter, Eva Melander, Lola Zackow, Adam Lundgren, Cecilia Nilsson, Christoffer Nordenrot",https://www.filmcrave.com/movie_page_main.php?id=64204,Unknown
After Death,54742,3.0,1,10/27/2023,English,Documentary,PG-13,"Stephen Gray, Chris Radtke","Michael Jovanovski, Koko Marshall, Kate Duffy, Doug Lito, Drew Neal Horton, Nicholas Saenz",https://www.filmcrave.com/movie_page_main.php?id=64205,Unknown
The Duel,0,0.0,0,03/03/2023,English,Comedy,R,"Justin Matthews, Luke Spencer Roberts","Dylan Sprouse, Callan McAuliffe, Patrick Warburton, Rachel Matthews, Denny Love, Hart Denton",https://www.filmcrave.com/movie_page_main.php?id=64206,Unknown
The Royal Hotel,9178,2.9,4,09/01/2023,English,Thriller,R,Kitty Green,"Julia Garner, Jessica Henwick, Hugo Weaving, Ursula Yovich, James Frecheville, Daniel Henshall",https://www.filmcrave.com/movie_page_main.php?id=64207,"Hanna and Liv are a pair of young, Canadian women on an Australian getaway. But when their money runs out, they have little recourse but to take a job at a remote Australian pub, where the local men are rowdy, often drunk and maybe a bit dangerous. --"
Hotel Coolgardie,0,0.0,0,10/28/2016,English,Documentary,NR,Pete Gleeson,"Nicolina, Stephanie, Peter Coffey, John Joseph Lowe",https://www.filmcrave.com/movie_page_main.php?id=64208,Unknown
Saltburn,2201,3.0,12,11/22/2023,English,"Drama, Thriller",R,Emerald Fennell,"Barry Keoghan, Jacob Elordi, Rosamund Pike, Alison Oliver, Archie Madekwe, Richard E. Grant",https://www.filmcrave.com/movie_page_main.php?id=64209,"Oliver Quick is a student at Oxford who finds himself on the outside looking in - struggling to adapt to this new world. Fellow student Felix Catton invites him to stay at his sprawling family estate, Saltburn, for the summer and he accepts. With an eccentric family and wild nights - it will forever change his life. --"
The Young Wife,0,0.0,0,03/12/2023,English,"Comedy, Drama",R,Tayarisha Poe,"Leon Bridges, Kiersey Clemons, Aya Cash, Brandon Micheal Hall, Judith Light, Sandy Honig",https://www.filmcrave.com/movie_page_main.php?id=64210,Unknown
Another Me,0,0.0,0,08/22/2014,English,"Mystery, Thriller",PG-13,Isabel Coixet,"Sophie Turner, Claire Forlani, Rhys Ifans, Eugenio Pérez, Gregg Sulkin, Priyanka Patel",https://www.filmcrave.com/movie_page_main.php?id=64211,Unknown
She Wants Me,0,0.0,0,04/05/2012,English,Comedy,NR,Rob Margolies,"Josh Gad, Kriten Ruhlin, Hilary Duff, Aaron Yoo, Brit Morgan, Johnny Messner",https://www.filmcrave.com/movie_page_main.php?id=64212,Unknown
Ukraine is Not a Brothel,0,0.0,0,03/08/2016,Russian,Documentary,NR,Kitty Green,"Inna Shevchenko, Sasha Shevchenko, Anna Hutsol, Oksana Shachko, Andriy Haddad",https://www.filmcrave.com/movie_page_main.php?id=64213,Unknown
The Witchmaker,0,0.0,0,05/01/1969,English,"Horror, Mystery",R,William O. Brown,"Anthony Eisley, Thordis Brandt, Alvy Moore, Shelby Grant, Tony Benson, Robyn Millan",https://www.filmcrave.com/movie_page_main.php?id=64214,Unknown
The Retirement Plan,31607,2.8,2,09/15/2023,English,"Action, Comedy",R,Tim Brown,"Nicolas Cage, Ashley Greene, Ron Perlman, Jackie Earle Haley, Ernie Hudson, Joel David Moore",https://www.filmcrave.com/movie_page_main.php?id=64215,"When her boyfriend runs afoul of a local mob boss, Ashley plans to run away with her daughter Sarah to her estranged father at a hideaway on the Cayman Islands. But trouble follows and Sarah is sent alone - and with a valuable thumb drive -  and soon learns her grandpa has a shady past - one that means the mob may the one that's really in trouble. --"
Bob Marley: One Love,17788,2.4,5,02/14/2023,English,"Biography, Drama",PG-13,Reinaldo Marcus Green,"Kingsley Ben-Adir, Micheal Ward, James Norton, Lashana Lynch, Michael Gandolfini, Anthony Welsh",https://www.filmcrave.com/movie_page_main.php?id=64216,Unknown
No One Will Save You,10283,2.6,9,09/22/2023,English,"Horror, Sci-Fi",PG-13,Brian Duffield,"Kaitlyn Dever, Elizabeth Kaluev, Dari Lynn Griffin, Lauren L. Murray, Geraldine Singer, Dane Rhodes",https://www.filmcrave.com/movie_page_main.php?id=64217,Unknown
"Bim, the Little Donkey",0,0.0,0,02/07/1951,French,"Drama, Family",NR,Albert Lamorisse,Jacques Prévert,https://www.filmcrave.com/movie_page_main.php?id=64218,Unknown
Circus Angel ( Fifi la plume ),0,0.0,0,10/27/1965,French,"Comedy, Fantasy",NR,Albert Lamorisse,"Philippe Avron, Mireille Nègre, Henri Lambert, Paule Noëlle, Michel Nastorg, Pierre Collet",https://www.filmcrave.com/movie_page_main.php?id=64219,Unknown
"Stowaway in the Sky ( voyage en ballon, Le )",0,0.0,0,06/12/1962,French,"Adventure, Family",NR,Albert Lamorisse,"André Gille, Maurice Baquet, Pascal Lamorisse, Charles Bayard, Jack Lemmon, Paul Villé",https://www.filmcrave.com/movie_page_main.php?id=64220,Unknown
Passion,0,0.0,0,03/29/2008,Japanese,"Drama, Romance",NR,Ryûsuke Hamaguchi,"Aoba Kawai, Nao Okabe, Ryuta Okamoto, Kiyohiko Shibukawa, Fusako Urabe, Yue",https://www.filmcrave.com/movie_page_main.php?id=64221,Unknown
Dream Scenario,3451,3.0,8,11/22/2023,English,Comedy,R,Kristoffer Borgli,"Nicolas Cage, Lily Bird, Julianne Nicholson, Jessica Clement, Tim Meadows, Dylan Baker",https://www.filmcrave.com/movie_page_main.php?id=64222,"Paul Matthews is perfectly ordinary, boring family man and tenured professor and, like many people, wonders if his life of anonymity has meaning. All that changes when he inexplicably begins to show up in other people's dreams - at an exponential rate. His newfound stardom seems to be just what he wanted - until dreams turn into nightmares and he must contend with the fallout. --"
Fitting In,0,0.0,0,03/23/2023,English,"Comedy, Drama",R,Molly McGlynn,"Maddie Ziegler, Emily Hampshire, Djouliet Amara, D'Pharaoh Woon-A-Tai, Christian Rose, Dennis Andres",https://www.filmcrave.com/movie_page_main.php?id=64223,Unknown
Sly,31605,2.8,2,11/03/2023,English,"Documentary, Biography",R,Thom Zimny,"Sylvester Stallone, Arnold Schwarzenegger, Quentin Tarantino, Jennifer Flavin, John Herzfeld, Frank Stallone",https://www.filmcrave.com/movie_page_main.php?id=64224,Unknown
Your Lucky Day,0,0.0,0,11/10/2023,English,Thriller,R,Dan Brown,"Angus Cloud, Jason O'Mara, Spencer Garrett, Jason Wiles, Sterling Beaumon, Elliot Knight",https://www.filmcrave.com/movie_page_main.php?id=64225,Unknown
Evil Does Not Exist ( Aku wa sonzai shinai ),54754,3.0,1,05/03/2024,Japanese,Drama,Unknown,Ryûsuke Hamaguchi,"Hitoshi Omika, Ryô Nishikawa, Ryûji Kosaka, Ayaka Shibutani, Hazuki Kikuchi, Hiroyuki Miura",https://www.filmcrave.com/movie_page_main.php?id=64226,"Mizubiki Village lies just outside Tokyo and Takumi, along with his"
"Beast, The ( bête, La )",7716,3.2,3,04/05/2024,French,"Drama, Romance",Unknown,Bertrand Bonello,"Léa Seydoux, George MacKay, Guslagie Malanda, Dasha Nekrasova, Martin Scali, Elina Löwensohn",https://www.filmcrave.com/movie_page_main.php?id=64227,"In the near future, AI has evolved and determined human emotion as a"
Reptile,19057,2.3,6,09/22/2023,English,"Crime, Drama",R,Grant Singer,"Benicio Del Toro, Justin Timberlake, Eric Bogosian, Alicia Silverstone, Domenick Lombardozzi, Frances Fisher",https://www.filmcrave.com/movie_page_main.php?id=64228,Unknown
Fever Dream ( Distancia de rescate ),0,0.0,0,10/06/2021,Spanish,"Drama, Horror",R,Claudia Llosa,"María Valverde, Dolores Fonzi, Guillermo Pfening, Cristina Banegas, Germán Palacios, Marcelo Michinaux",https://www.filmcrave.com/movie_page_main.php?id=64229,Unknown
The Burial,3448,3.1,6,10/06/2023,English,Drama,R,Maggie Betts,"Jamie Foxx, Tommy Lee Jones, Jurnee Smollett, Alan Ruck, Mamoudou Athie, Pamela Reed",https://www.filmcrave.com/movie_page_main.php?id=64230,"Based on true events: when a small-town funeral home owner takes on a corporate behemoth in court, he relies on his long-time lawyer as well as a smooth-talking black lawyer and his team to undercover the depth of corruption and greed in the system - provided they can learn to work together. --"
May December,1202,3.2,11,11/17/2023,English,Drama,R,Todd Haynes,"Natalie Portman, Julianne Moore, Charles Melton, Piper Curda, Cory Michael Smith, D.W. Moffett",https://www.filmcrave.com/movie_page_main.php?id=64231,"Twenty years ago Gracie Atherton became a tabloid sensation after a scandalous romance with a teenage boy. Now married, the couple find their lives and love fractured by the arrival of an actress looking to research them for an upcoming film. --"
Argylle,18986,2.2,11,02/02/2024,English,"Action, Thriller",PG-13,Matthew Vaughn,"Bryce Dallas Howard, Sam Rockwell, Henry Cavill, Sofia Boutella, Catherine O'Hara, Bryan Cranston",https://www.filmcrave.com/movie_page_main.php?id=64232,"Elly Conway is a famous spy novelist who prefers to stay out of the spotlight. Her hit series following world-famous Argylle draws legions of fans - but when her latest story closely mirrors real-life events, she finds herself caught up in her own story, along with her cat Alfie.  --"
"Night of the 12th, The ( nuit du 12, La )",0,0.0,0,10/16/2022,French,"Crime, Mystery",NR,Dominik Moll,"Lula Cotton-Frapier, Pierre Lottin, Camille Rutherford, Nathanaël Beausivoir, Bastien Bouillon, Bouli Lanners",https://www.filmcrave.com/movie_page_main.php?id=64233,Unknown
Dicks: The Musical,55423,1.5,2,10/06/2023,English,"Comedy, Musical",R,Larry Charles,"Josh Sharp, Aaron Jackson, Nathan Lane, Megan Mullally, Bowen Yang, Megan Thee Stallion",https://www.filmcrave.com/movie_page_main.php?id=64234,"Working at the same company, Craig and Trevor couldn't be more different from each other - but doesn't stop them from finding out they're identical twins. The two hatch a plot to get their eccentric, reclusive parents back together and get the real family experience they have both missed out on. --"
Rustin,13703,2.8,3,11/03/2023,English,"Biography, Drama",PG-13,George C. Wolfe,"Colman Domingo, Chris Rock, Glynn Turman, Aml Ameen, Gus Halper, CCH Pounder",https://www.filmcrave.com/movie_page_main.php?id=64235,Unknown
Renaissance: A Film by Beyoncé,0,0.0,0,12/01/2023,English,Documentary,Unknown,Nadia Lee Cohen,"Beyoncé, Blue Ivy Carter, Diana Ross, Megan Thee Stallion",https://www.filmcrave.com/movie_page_main.php?id=64236,Unknown
Alan and the Rulers of the Air,0,0.0,0,10/22/2023,English,"Drama, Thriller",PG-13,Markus Cook,"Leanne Johnson, Joseph Moreland, John Bibby, Jessie Epstein, Samantha Russell, Andrew Gordon",https://www.filmcrave.com/movie_page_main.php?id=64237,Unknown
Beyond Utopia,0,0.0,0,10/23/2023,English,"Documentary, Biography",PG-13,Madeleine Gavin,"Barbara Demick, Sung-eun Kim, Hyeonseo Lee, So-yeon Lee, Jong-Un Kim, Jong-Il Kim",https://www.filmcrave.com/movie_page_main.php?id=64238,"Follows the story of several families who are attempting to flee the oppressive regime in North Korea, offering a rare glimpse into the true lives of people in the vastly secretive nation. --"
Candy Cane Lane,26851,2.3,3,12/01/2023,English,"Comedy, Fantasy",PG,Reginald Hudlin,"Eddie Murphy, Nick Offerman, Riki Lindhome, Timothy Simons, Jillian Bell, Ken Marino",https://www.filmcrave.com/movie_page_main.php?id=64239,"Chris Carver would do anything to win his neighborhood's Christmas decorating prize - and this includes making a deal with a real-life elf. Far from being nice, however, the pact brings the 12 day of Christmas to life - and chaos soon follows. --"
There's Something in the Barn,60387,2.0,1,09/24/2023,English,"Comedy, Horror",R,Magnus Martens,"Amrita Acharia, Martin Starr, Zoe Winther-Hansen, Jeppe Beck Laursen, Townes Bunner, Paul Monaghan",https://www.filmcrave.com/movie_page_main.php?id=64240,Unknown
Wish,5290,3.0,5,11/22/2023,English,"Animation, Adventure",PG,"Chris Buck, Fawn Veerasunthorn","Ariana DeBose, Evan Peters, Chris Pine, Alan Tudyk, Harvey Guillén, Angelique Cabral",https://www.filmcrave.com/movie_page_main.php?id=64241,When you wish upon a star... Asha has heard the stories but never imagines her own wish will be answered so directly - and a mischievous star falls from the sky and into her life. --
Totally Killer,4481,2.9,9,10/06/2023,English,"Horror, Comedy",R,Nahnatchka Khan,"Kiernan Shipka, Olivia Holt, Charlie Gillespie, Lochlyn Munro, Troy Leigh-Anne Johnson, Liana Liberato",https://www.filmcrave.com/movie_page_main.php?id=64242,"In 1987, the Sweet Sixteen Killer began a murder spree -- 35 years later, Jamie Hughes is about to become the next victim in his next spree but a bizarre twist winds up sending her back to 1987 - where she tries to stop the original killings before they can begin. --"
The New Boy,24959,3.0,2,09/28/2023,English,"Drama, Fantasy",Unknown,Warwick Thornton,"Cate Blanchett, Aswan Reid, Deborah Mailman, Wayne Blair, Shane Brady, Tyrique Brady",https://www.filmcrave.com/movie_page_main.php?id=64243,Unknown
The Sensei,51337,3.0,1,05/04/2008,English,"Action, Drama",NR,Diana Lee Inosanto,"Diana Lee Inosanto, Michael O'Laskey II, Keith David, Jonathan Camp, Ben Perkins, Melissa Taylor",https://www.filmcrave.com/movie_page_main.php?id=64244,Unknown
Dracula's Widow,0,0.0,0,12/01/1988,English,"Horror, Thriller",R,Christopher Coppola,"Sylvia Kristel, Josef Sommer, Lenny von Dohlen, Marc Coppola, Stefan Schnabel, Rachel Jones",https://www.filmcrave.com/movie_page_main.php?id=64245,Unknown
On the Line,54664,3.0,1,11/04/2022,English,Thriller,R,Romuald Boulanger,"Mel Gibson, William Moseley, Alia Seror-O'Neill, Paul Spera, Nadia Farès, Enrique Arce",https://www.filmcrave.com/movie_page_main.php?id=64246,Unknown
The Clearing,38278,2.5,2,06/04/2020,English,Horror,NR,David Matalon,"Liam McIntyre, Aundrea Smith, Steven Swadling, Sydelle Noel, Erica Allseitz, Hayden Currie",https://www.filmcrave.com/movie_page_main.php?id=64247,Unknown
A Dark Place,54065,3.0,1,04/12/2019,English,"Mystery, Thriller",NR,Simon Fellows,"Andrew Scott, Bronagh Waugh,  Denise Gough, Michael Rose, Sandra Ellis Lafferty, Christa Beth Campbell",https://www.filmcrave.com/movie_page_main.php?id=64248,Unknown
I... For Icarus ( I... comme Icare ),0,0.0,0,12/19/1979,French,"Crime, Drama",NR,Henri Verneuil,"Yves Montand, Michel Albertini, Roland Amstutz, Jean-Pierre Bagot, Georges Beller, Maurice Bénichou",https://www.filmcrave.com/movie_page_main.php?id=64249,Unknown
Mille milliards de dollars,0,0.0,0,02/10/1982,French,"Crime, Drama",NR,Henri Verneuil,"Patrick Dewaere, Mel Ferrer, Michel Auclair, Caroline Cellier, Charles Denner, Anny Duperey",https://www.filmcrave.com/movie_page_main.php?id=64250,Unknown
The Moon and Back,0,0.0,0,10/07/2022,English,Comedy,PG-13,Leah Bleich,"Isabel May, Missi Pyle, P.J. Byrne, Nat Faxon, Miles Gutierrez-Riley, Molly Jackson",https://www.filmcrave.com/movie_page_main.php?id=64251,Unknown
Our Son,0,0.0,0,06/10/2023,English,Drama,R,Bill Oliver,"Luke Evans, Robin Weigert, Andrew Rannells, Kate Burton, Billy Porter, Phylicia Rashad",https://www.filmcrave.com/movie_page_main.php?id=64252,Unknown
Soul Mates,0,0.0,0,10/20/2023,English,"Horror, Thriller",R,Mark Gantt,"Charlie Weber, Annie Ilonzeh, Neal McDonough, Kayla Eva, Saxon Cardenas, Starletta DuPois",https://www.filmcrave.com/movie_page_main.php?id=64253,"Allison and Jason both sing up for a new dating service that promises to find their one, true soul mate. What they don't know if that in order to be successful, they will have to survive the twisted tests set up by the demented Matchmaker. If it turns out they aren't meant for one another, well, what's the use of living without love? --"
Stamped from the Beginning,0,0.0,0,09/30/2023,English,Documentary,R,Roger Ross Williams,"Angela Davis, Ibram X. Kendi, Elizabeth Hinton, Lynae Vanee, Brittney Cooper, Carol Anderson",https://www.filmcrave.com/movie_page_main.php?id=64254,Unknown
They Shot the Piano Player,0,0.0,0,10/21/2023,English,"Animation, Drama",PG-13,"Javier Mariscal, Fernando Trueba","Jeff Goldblum, Roberta Wallach, Tony Ramos, Stephen Hughes, Caetano Veloso, João Gilberto",https://www.filmcrave.com/movie_page_main.php?id=64255,Unknown
The Other Zoey,0,0.0,0,10/20/2023,English,"Comedy, Drama",PG-13,Sara Zandieh,"Josephine Langford, Drew Starkey, Archie Renaux, Mallori Johnson, Andie MacDowell, Patrick Fabian",https://www.filmcrave.com/movie_page_main.php?id=64256,"Zoey Miller is more interested in earning good grades than finding romance. But when star soccer player Zach MacLaren is hit by a car, temporary amnesia makes him think Zoey is his girlfriend. Things are complicated even further when she meets Miles, Zach's cousin, who is much more aligned with her smarts and personality. A ski trip with the MacLaren family will test where her true love lies. --"
"Four Daughters ( filles d'Olfa, Les )",54743,3.0,1,10/27/2023,Arabic,Documentary,NR,Kaouther Ben Hania,"Olfa Hamrouni, Eya Chikhaoui, Tayssir Chikhaoui, Nour Karoui, Ichrak Matar, Hind Sabri",https://www.filmcrave.com/movie_page_main.php?id=64257,Unknown
Warhorse One,21480,3.3,2,06/30/2023,English,"Action, War",R,"William Kaufman, Johnny Strong","Johnny Strong, Athena Durner, Raj Kala, James Sherrill, Siya Rostami, Todd Jenkins",https://www.filmcrave.com/movie_page_main.php?id=64258,Unknown
The Hard Ride,0,0.0,0,04/22/1971,English,"Action, Drama",Unknown,Burt Topper,"Robert Fuller, Sherry Bain, Tony Russel, William Bonner, Marshall Reed, Mikel Angel",https://www.filmcrave.com/movie_page_main.php?id=64259,Unknown
Outlaw Riders,0,0.0,0,09/01/1971,English,"Action, Drama",Unknown,Tony Huston,"Bryan West, Darlene Duralia, William Bonner, Bambi Allen, Jennifer Bishop, Lindsay Crosby",https://www.filmcrave.com/movie_page_main.php?id=64260,Unknown
Allswell in New York,0,0.0,0,06/13/2022,English,"Comedy, Drama",R,Ben Snyder,"Elizabeth Rodriguez, Liza Colón-Zayas, Daphne Rubin-Vega, Mackenzie Lansing, Felix Solis, Bobby Cannavale",https://www.filmcrave.com/movie_page_main.php?id=64261,Unknown
"Boy and the Heron, The ( Kimitachi wa dô ikiru ka )",2940,3.0,10,11/22/2023,Japanese,"Anime, Adventure",PG-13,Hayao Miyazaki,"Soma Santoki, Masaki Suda, Takuya Kimura, Kô Shibasaki, Christian Bale, Luca Padovan",https://www.filmcrave.com/movie_page_main.php?id=64262,Young Mahito Maki struggles to adapt following the death of his mother - hearing her voice in the fire even after moving the countryside with his uncle. Upon discovering an abandoned tower - he finds a world between life and death. --
The Disappearance of Shere Hite,0,0.0,0,11/17/2023,English,Documentary,R,Nicole Newnham,"Shere Hite, Dakota Johnson",https://www.filmcrave.com/movie_page_main.php?id=64263,Unknown
How the Gringo Stole Christmas,0,0.0,0,12/01/2023,Unknown,Comedy,PG-13,Angel Gracia,"Emily Tosta, Mariana Treviño, George Lopez, Jack Kilmer, Alma Martinez, Romy Peniche",https://www.filmcrave.com/movie_page_main.php?id=64264,"Bennie is looking forward to his daughter's holiday visit, but things get complicated when she invites her new boyfriend along. --"
It's a Wonderful Knife,17906,2.7,3,11/10/2023,English,"Comedy, Horror",R,Tyler MacIntyre,"Jane Widdop, Jess McLeod, Joel McHale, Katharine Isabelle, William B. Davis, Justin Long",https://www.filmcrave.com/movie_page_main.php?id=64265,"In Angel Falls, Winnie Carruthers stops a psychotic killer but finds it makes her own life far from wonderful. After making a wish that she had never been born she finds herself in a parallel reality - one in which the killer is very much alive and active, and now must figure out how to stop the killers and return to her old life. --"
Origin,8923,2.9,4,01/19/2024,English,"Drama, Historical",PG-13,Ava DuVernay,"Vera Farmiga, Niecy Nash, Blair Underwood, Finn Wittrock, Aunjanue Ellis-Taylor, Jon Bernthal",https://www.filmcrave.com/movie_page_main.php?id=64266,Unknown
The Unbreakable Bunch,0,0.0,0,10/13/2023,English,Action,R,"Robert Pralgo, Roman Weaver","Ray Lloyd, Ernest Miller, Luther Biggs, Tonga Fifita, Larry Whistler, Julia Denton",https://www.filmcrave.com/movie_page_main.php?id=64267,Unknown
Thanksgiving,4864,2.8,11,11/17/2023,English,"Horror, Mystery",R,Eli Roth,"Rick Hoffman, Gina Gershon, Patrick Dempsey, Milo Manheim, Addison Rae, Karen Cliche",https://www.filmcrave.com/movie_page_main.php?id=64268,"Plymouth, Massachusetts, the birthplace of Thanksgiving, becomes a"
House of Long Shadows,0,0.0,0,01/27/1984,English,"Comedy, Horror",PG,Pete Walker,"Vincent Price, Christopher Lee, Peter Cushing, Desi Arnaz Jr., John Carradine, Sheila Keith",https://www.filmcrave.com/movie_page_main.php?id=64269,Unknown
Mister Organ,26441,3.0,2,10/03/2023,English,Documentary,NR,David Farrier,"David Farrier, Michael Organ",https://www.filmcrave.com/movie_page_main.php?id=64270,Unknown
Horizon: An American Saga - Chapter One,15306,2.5,5,06/28/2024,English,"Drama, Western",R,Kevin Costner,"Kevin Costner, Jena Malone, Isabelle Fuhrman, Abbey Lee, Michael Rooker, Sienna Miller",https://www.filmcrave.com/movie_page_main.php?id=64272,Unknown
Kung Fu Panda 4,28576,2.0,7,03/08/2024,English,"Animation, Action",PG,"Mike Mitchell, Stephanie Stine","Jack Black, Seth Rogen, Angelina Jolie, Dustin Hoffman, Jackie Chan, Lucy Liu",https://www.filmcrave.com/movie_page_main.php?id=64273,Unknown
The SpongeBob Movie: Search for SquarePants,0,0.0,0,12/19/2025,English,"Animation, Comedy",Unknown,Derek Drymon,"Clancy Brown, Tom Kenny, Bill Fagerbakke, Brian Doyle-Murray, Rodger Bumpass",https://www.filmcrave.com/movie_page_main.php?id=64275,Unknown
Paddington in Peru,21624,2.5,3,02/14/2025,English,"Animation, Adventure",PG,Dougal Wilson,"Rachel Zegler, Ben Whishaw, Olivia Colman, Antonio Banderas, Emily Mortimer, Jim Broadbent",https://www.filmcrave.com/movie_page_main.php?id=64276,Unknown
Suitable Flesh,26443,3.0,2,10/27/2023,English,"Horror, Thriller",NR,Joe Lynch,"Heather Graham, Judah Lewis, Barbara Crampton, Bruce Davison, Johnathon Schaech, Giovannie Cruz",https://www.filmcrave.com/movie_page_main.php?id=64277,A psychiatrist finds herself drawn to a young patient with an interest in the supernatural - but finds herself the vessel for an entity that has plans of its own. --
American Symphony,31599,2.8,2,11/24/2023,English,"Documentary, Biography",PG-13,Matthew Heineman,"Jon Batiste, Suleika Jaouad",https://www.filmcrave.com/movie_page_main.php?id=64278,Unknown
Ezra,0,0.0,0,10/01/2023,English,Comedy,R,Tony Goldwyn,"Robert De Niro, Vera Farmiga, Rose Byrne, Bobby Cannavale, Rainn Wilson, Whoopi Goldberg",https://www.filmcrave.com/movie_page_main.php?id=64279,Unknown
Family Switch,23769,2.2,5,11/30/2023,English,"Comedy, Family",PG,McG,"Jennifer Garner, Emma Myers, Rita Moreno, Ed Helms, Brady Noon, Matthias Schweighöfer",https://www.filmcrave.com/movie_page_main.php?id=64280,Unknown
Ferrari,6015,2.8,8,12/25/2023,English,"Biography, Drama",R,Michael Mann,"Adam Driver, Shailene Woodley, Sarah Gadon, Penélope Cruz, Patrick Dempsey, Jack O'Connell",https://www.filmcrave.com/movie_page_main.php?id=64281,Unknown
"Society of the Snow ( sociedad de la nieve, La )",1257,3.2,9,10/31/2023,Spanish,"Drama, Biography",R,J.A. Bayona,"Enzo Vogrincic, Esteban Bigliardi, Simon Hempe, Rafael Federman, Andy Pruss, Agustín Pardella",https://www.filmcrave.com/movie_page_main.php?id=64282,Unknown
Zombie Town,45013,2.0,2,09/01/2023,English,"Comedy, Horror",PG-13,Peter Lepeniotis,"Marlon Kazadi, Madi Monroe, Chevy Chase, Dan Aykroyd, Henry Czerny, Mikael Conde",https://www.filmcrave.com/movie_page_main.php?id=64283,Unknown
"Queen of Black Magic, The ( Ratu IIm Hitam )",26403,3.0,2,01/28/2021,Other,"Drama, Horror",NR,Kimo Stamboel,"Ario Bayu, Hannah Al Rashid, Adhisty Zara, Muzakki Ramdhan, Ari Irham, Tanta Ginting",https://www.filmcrave.com/movie_page_main.php?id=64284,Unknown
The Driver,55417,1.5,2,11/26/2019,English,"Action, Horror",R,Wych Kaosayananda,"Mark Dacascos, Julie Condra, Noelani Dacascos, Kane Kosugi, Kelly B. Jones, Jeremy Stutes",https://www.filmcrave.com/movie_page_main.php?id=64285,Unknown
Snow White,29943,2.2,3,03/21/2025,English,"Adventure, Family",PG,Marc Webb,"Rachel Zegler, Gal Gadot, Andrew Burnap, Ansu Kabia, Colin Michael Carmichael, Dujonna Gift",https://www.filmcrave.com/movie_page_main.php?id=64286,Unknown
Elio,47154,3.0,1,06/20/2025,English,"Animation, Adventure",PG,Adrian Molina,"Yonas Kibreab, Zoe Saldaña, Jameela Jamil, Brad Garrett, Shirley Henderson, Remy Edgerly",https://www.filmcrave.com/movie_page_main.php?id=64287,Unknown
The Alto Knights,17914,2.7,3,03/21/2025,English,"Biography, Crime",R,Barry Levinson,"Robert De Niro, Debra Messing, Cosmo Jarvis, Kathrine Narducci, Matt Servitto, Louis Mustillo",https://www.filmcrave.com/movie_page_main.php?id=64288,Unknown
Supercell,0,0.0,0,03/17/2023,English,"Action, Drama",PG-13,Herbert James Winterstern,"Skeet Ulrich, Anne Heche, Alec Baldwin, Daniel Diemer, Jane Lind, Anjul Nigam",https://www.filmcrave.com/movie_page_main.php?id=64289,Unknown
Incantation ( Zhou ),55519,2.5,1,07/08/2022,Mandarin,"Horror, Mystery",NR,Kevin Ko,"Hsuan-yen Tsai, Sin-Ting Huang, Ying-Hsuan Kao, Sean Lin, Ching-Yu Wen, Chia-Yi Chu",https://www.filmcrave.com/movie_page_main.php?id=64290,Unknown
Cypher,0,0.0,0,11/24/2023,English,"Documentary, Thriller",R,Chris Moukarbel,"Tierra Whack, Chris Moukarbel, Johnny Montina, Natalia-Leigh Brown, Zach Citara, Bionca Bradley",https://www.filmcrave.com/movie_page_main.php?id=64291,Unknown
Holiday Twist,0,0.0,0,12/01/2023,English,"Comedy, Mystery",PG,Stephanie Garvin,"Neal McDonough, Sean Astin, Caylee Cowan, Kelly Stables, Emily Tosta, Drew Fuller",https://www.filmcrave.com/movie_page_main.php?id=64292,Unknown
David Holmes: The Boy Who Lived,31598,2.8,2,11/15/2023,English,Documentary,NR,Dan Hartley,"David Holmes, Daniel Radcliffe",https://www.filmcrave.com/movie_page_main.php?id=64293,Unknown
Rumble Through the Dark,0,0.0,0,11/03/2023,English,"Action, Mystery",R,"Graham Phillips, Parker Phillips","Bella Thorne, Aaron Eckhart, Ritchie Coster, Marianne Jean-Baptiste, Derek Russo, Liz Fenning",https://www.filmcrave.com/movie_page_main.php?id=64294,"Deep in the Mississippi Delta, a bare-knuckle fighter with nothings left to lose will make one, final desperate attempt to repay his debts and save his dying foster mother's family home. --"
The Marsh King's Daughter,5414,3.3,3,11/03/2023,English,"Crime, Drama",R,Neil Burger,"Daisy Ridley, Ben Mendelsohn, Brooklynn Prince, Gil Birmingham, Caren Pistorius, Garrett Hedlund",https://www.filmcrave.com/movie_page_main.php?id=64295,"Years after abducing Helena her mother, Jacob Holbrook aka The Marsh King, escapes from his prison transport. Fearing that she will be targeted, Helena must come to terms with her past and face the man who may now target her own family. --"
Terrifier 3,4007,3.1,5,10/11/2023,English,Horror,NR,Damien Leone,"Lauren LaVera, David Howard Thornton, Antonella Rose, Elliott Fullam, Samantha Scaffidi, Margaret Anne Florence",https://www.filmcrave.com/movie_page_main.php?id=64296,Unknown
Quiz Lady,5368,3.0,5,11/03/2023,English,Comedy,R,Jessica Yu,"Awkwafina, Sandra Oh, Will Ferrell, Holland Taylor, Jason Schwartzman, Tawny Newsome",https://www.filmcrave.com/movie_page_main.php?id=64297,Unknown
"Sitting Duck, The ( syndicaliste, La )",0,0.0,0,12/08/2023,French,"Drama, Thriller",Unknown,Jean-Paul Salomé,"Isabelle Huppert, Grégory Gadebois, François-Xavier Demaison, Pierre Deladonchamps, Alexandra Maria Lara, Gilles Cohen",https://www.filmcrave.com/movie_page_main.php?id=64298,"Based on the true story of Maureen Kearney - a woman who formed the head union of a French multinational nuclear powerhouse who turned whistle-blower, presenting secret deals that shook the sector to its core. Yet standing seemingly alone - this move did not come without consequences. --"
Tiger 3,0,0.0,0,11/11/2023,Hindi,"Action, Thriller",Unknown,Maneesh Sharma,"Salman Khan, Katrina Kaif, Emraan Hashmi, Kumud Mishra, Anant Vidhaat",https://www.filmcrave.com/movie_page_main.php?id=64299,Unknown
Asian Persuasion,54814,3.0,1,03/19/2025,English,"Comedy, Drama",R,Jhett Tolentino,"Dante Basco, Geneva Carr, Paolo Montalban, Celia Au, KC Concepcion, Kevin Kreider",https://www.filmcrave.com/movie_page_main.php?id=64300,Unknown
Cold Copy,0,0.0,0,06/11/2023,English,Thriller,R,Roxine Helberg,"Bel Powley, Tracee Ellis Ross, Jacob Tremblay, Nesta Cooper, Ekaterina Baker, James Tupper",https://www.filmcrave.com/movie_page_main.php?id=64301,Unknown
Downtown Owl,0,0.0,0,06/08/2023,English,Drama,R,"Hamish Linklater, Lily Rabe","Emma Halleen, Vanessa Hudgens, Finn Wittrock, Lily Rabe, Ed Harris, Jack Dylan Grazer",https://www.filmcrave.com/movie_page_main.php?id=64302,Unknown
Night Swim,20450,2.2,9,01/05/2024,English,"Horror, Thriller",PG-13,Bryce McGuire,"Kerry Condon, Wyatt Russell, Amélie Hoeferle, Nancy Lenehan, Ben Sinclair, Jodi Long",https://www.filmcrave.com/movie_page_main.php?id=64303,"A family moves into a new, large house that comes with a lot of new features - including an outdoor pool. While on the surface, everything appears to be perfectly normal, diving deeper reveals an evil entity waiting beneath... --"
Anselm ( Anselm - Das Rauschen der Zeit ),0,0.0,0,01/05/2024,German,Documentary,NR,Wim Wenders,"Anselm Kiefer, Daniel Kiefer, Anton Wenders",https://www.filmcrave.com/movie_page_main.php?id=64304,"Wim Wenders' immersive documentary about German artist Anselm Kiefer as past and present, film and art, combine for a truly unique experience. --"
Occupied City,0,0.0,0,08/31/2023,English,"Documentary, Historical",PG-13,Steve McQueen,Melanie Hyams,https://www.filmcrave.com/movie_page_main.php?id=64305,Unknown
The Boys in the Boat,17904,2.7,3,12/25/2023,English,"Biography, Drama",PG-13,George Clooney,"Joel Edgerton, Callum Turner, Peter Guinness, Sam Strike, Thomas Elms, Jack Mulhern",https://www.filmcrave.com/movie_page_main.php?id=64306,"Based on a true story - at the height of the Great Depression, the University of Washington, under coach Al Ulbrickson, puts together an underdog rowing team that quickly defies all expectations and finds itself at the 1936 Olympic games. --"
Day Zero,60466,1.5,1,05/23/2023,Other,"Action, Horror",NR,Joey De Guzman,"Brandon Vera, Pepe Herrera, Mary Jean Lastimosa, Joey Marquez, Freya Fury Montierro, Yohance Levi Buie",https://www.filmcrave.com/movie_page_main.php?id=64307,Unknown
Surrounded,0,0.0,0,04/02/2023,English,"Drama, Western",R,Anthony Mandler,"Letitia Wright, Jamie Bell, Jeffrey Donovan, Michael Kenneth Williams, Brett Gelman, Kevin Wiggins",https://www.filmcrave.com/movie_page_main.php?id=64308,Unknown
The Black Book,38399,2.5,2,09/22/2023,English,Thriller,NR,Editi Effiong,"Richard Mofe-Damijo, Ade Laoye, Sam Dede, Alex Usifo Omiagbo, Shaffy Bello, Kelechi Udegbe",https://www.filmcrave.com/movie_page_main.php?id=64309,Unknown
Mufasa: The Lion King,24962,3.0,2,12/20/2024,English,"Adventure, Family",PG,Barry Jenkins,"Aaron Pierre, Seth Rogen, Kelvin Harrison Jr., Billy Eichner, John Kani",https://www.filmcrave.com/movie_page_main.php?id=64310,Unknown
"Elis and Tom ( Elis & Tom, só tinha de ser com você )",0,0.0,0,12/08/2023,Portuguese,Documentary,Unknown,"Roberto de Oliveira, Jom Tob Azulay","Elis Regina, Antonio Carlos Jobim, Elizabeth Jobim, Paulo Braga, João Marcello Bôscoli, César Camargo Mariano",https://www.filmcrave.com/movie_page_main.php?id=64311,Unknown
Broken Darkness,42050,2.3,2,02/18/2017,English,"Action, Sci-Fi",NR,Christopher-Lee dos Santos,"Sean Cameron Michael, Suraya Rose Santos, Brandon Auret, Brendan Sean Murray, Ryan Kruger, Sean Redpath",https://www.filmcrave.com/movie_page_main.php?id=64312,Unknown
Zom 100: Bucket List of the Dead ( Zom 100: Zombie ni Naru made ni Shitai 100 no Koto ),38398,2.5,2,08/03/2023,Japanese,"Action, Comedy",NR,Yûsuke Ishida,"Eiji Akaso, Mai Shiraishi, Shuntarô Yanagi, Yui Ichikawa, Kazuki Kitamura, Akari Hayami",https://www.filmcrave.com/movie_page_main.php?id=64313,Unknown
Damsel,19751,2.3,6,03/08/2024,English,"Action, Fantasy",PG-13,Juan Carlos Fresnadillo,"Millie Bobby Brown, Robin Wright, Shohreh Aghdashloo, Nick Robinson, Angela Bassett, Ray Winstone",https://www.filmcrave.com/movie_page_main.php?id=64314,Unknown
Inside Out 2,3784,2.9,11,06/14/2024,English,"Animation, Comedy",PG,Kelsey Mann,"Amy Poehler, Phyllis Smith, Lewis Black, Maya Hawke, Tony Hale, Liza Lapira",https://www.filmcrave.com/movie_page_main.php?id=64315,"As Riley enters her teenage years and the minefield known as puberty, her emotions (Joy, Sadness, Anger, Disgust and Fear) must cope with the arrival of new guests Anxiety, Envy, Embarrassment and Ennui. As she prepares for a momentous hockey skills camp - along with entering high school without her two best friends by her side - a hostile takeover by Anxiety threatens to upend her very core beliefs, but Joy and the rest won't go down without a fight. --"
Breakwater,0,0.0,0,08/19/2023,English,Thriller,R,James Rowe,"Mena Suvari, Dermot Mulroney, Sonja Sohn, Celia Rose Gooding, Darren Mann, JD Evermore",https://www.filmcrave.com/movie_page_main.php?id=64316,Unknown
Bring Him to Me,45567,1.8,2,01/19/2024,English,"Crime, Thriller",R,Luke Sparke,"Barry Pepper, Sam Neill, Liam McIntyre, Jamie Costa, Rachel Griffiths, Zac Garred",https://www.filmcrave.com/movie_page_main.php?id=64317,Unknown
Deep Sea ( Shen hai ),0,0.0,0,06/09/2023,Mandarin,"Animation, Drama",PG-13,Xiaopeng Tian,"Tingwen Wang, Su Xin, Kuixing Teng, Yang Ting, Jing Ji, Haoran Guo",https://www.filmcrave.com/movie_page_main.php?id=64318,Unknown
Diary of a Wimpy Kid Christmas: Cabin Fever,0,0.0,0,12/08/2023,English,"Animation, Comedy",PG,Luke Cormican,"Wesley Kimmel, Hunter Dillon, Gracen Newton, Erica Cerra, Spencer Howell, Jayden Ham",https://www.filmcrave.com/movie_page_main.php?id=64319,Unknown
M&A,0,0.0,0,05/11/2023,English,Documentary,G,Doug Orchard,"Kevin Thomas, Dennis Mallen, Alexis Baca, Brian Beaulieu, Mike Gallagher, Nate Ford",https://www.filmcrave.com/movie_page_main.php?id=64320,Unknown
Silent Night,4999,2.9,8,12/01/2023,English,Action,R,John Woo,"Joel Kinnaman, Catalina Sandino Moreno, Kid Cudi, Harold Torres, Vinny O'Brien, Yoko Hamamura",https://www.filmcrave.com/movie_page_main.php?id=64321,"After a drive-by shooting claims his son and his voice, a grieving man will stop at nothing to take revenge on the gang that shattered his life and his family. --"
The Shift,0,0.0,0,12/01/2023,English,Sci-Fi,PG-13,Brock Heasley,"Neal McDonough, Sean Astin, Jordan Alexandra, Kristoffer Polaha, Elizabeth Tabish, Jason Marsden",https://www.filmcrave.com/movie_page_main.php?id=64322,Unknown
Touch the Water,0,0.0,0,11/03/2023,English,Drama,PG,Travis Holt Hamilton,"Pershlie Ami, Emeka Ukaga, Jan Sandwich, Roz Monahan, Dan Weisgerber, Alex Camacho",https://www.filmcrave.com/movie_page_main.php?id=64323,Unknown
The First Omen,4117,2.9,10,04/05/2024,English,Horror,R,Arkasha Stevenson,"Nell Tiger Free, Ralph Ineson, Sonia Braga, Maria Caballero, Nicole Sorace, Bill Nighy",https://www.filmcrave.com/movie_page_main.php?id=64324,"A young American woman arrives in Rome, ready to give her life to the service of the church but encounters an encroaching evil that has her questioning her faith - and revealing a a dark conspiracy to bring about the End of Times. --"
Imaginary,43155,1.7,3,03/08/2024,English,Horror,PG-13,Jeff Wadlow,"DeWanda Wise, Pyper Braun, Betty Buckley, Taegen Burns, Tom Payne, Veronica Falcón",https://www.filmcrave.com/movie_page_main.php?id=64325,Unknown
A Disturbance in the Force,0,0.0,0,03/11/2023,English,"Documentary, Historical",NR,"Jeremy Coon, Steve Kozak","Kevin Smith, Seth Green, 'Weird Al' Yankovic, Bruce Vilanch, Donny Osmond, Mick Garris",https://www.filmcrave.com/movie_page_main.php?id=64326,Unknown
Heroic Trio 2: Executioners ( Yin doi hou hap zyun ),0,0.0,0,02/10/1994,Cantonese,"Action, Sci-Fi",NR,"Siu-Tung Ching, Johnnie To","Maggie Cheung, Michelle Yeoh, Anita Mui, Damian Lau, Anthony Chau-Sang Wong, Takeshi Kaneshiro",https://www.filmcrave.com/movie_page_main.php?id=64327,Unknown
Blood for Dust,0,0.0,0,06/11/2023,English,"Crime, Thriller",R,Rod Blackhurst,"Kit Harington, Josh Lucas, Scoot McNairy, Ethan Suplee, Stephen Dorff, Nora Zehetner",https://www.filmcrave.com/movie_page_main.php?id=64328,Unknown
Hit Man,1511,3.1,13,05/24/2024,English,"Action, Comedy",R,Richard Linklater,"Glen Powell, Adria Arjona, Austin Amelio, Retta, Molly Bernard, Mike Markoff",https://www.filmcrave.com/movie_page_main.php?id=64329,Unknown
Janet Planet,26447,3.0,2,06/21/2024,English,Drama,PG-13,Annie Baker,"Zoe Ziegler, Julianne Nicholson, Will Patton, Mary Shultz, Sophie Okonedo, Elias Koteas",https://www.filmcrave.com/movie_page_main.php?id=64330,Unknown
Perfect Days,3477,3.1,6,09/01/2023,Japanese,Drama,PG,Wim Wenders,"Kôji Yakusho, Yumi Asô, Tokio Emoto, Sayuri Ishikawa, Tomokazu Miura, Arisa Nakano",https://www.filmcrave.com/movie_page_main.php?id=64331,Unknown
The Piper,0,0.0,0,10/18/2023,English,"Fantasy, Horror",R,Anthony Waller,"Elizabeth Hurley, Mia Jenkins, Jack Stewart, Robert Daws, Tara Fitzgerald, Ieva Aleksandrova-Eklone",https://www.filmcrave.com/movie_page_main.php?id=64332,Unknown
Riddle of Fire,0,0.0,0,10/25/2023,English,"Adventure, Comedy",PG-13,Weston Razooli,"Lio Tipton, Charles Halford, Danielle Hoetmer, Weston Razooli, Charlie Stover, Lorelei Olivia Mote",https://www.filmcrave.com/movie_page_main.php?id=64333,Unknown
Some Other Woman,0,0.0,0,03/03/2023,English,Thriller,R,Adam Cooper,"Karen Gillan, Russell Crowe, Marton Csokas, Tommy Flanagan, Kelly Greyson, Elizabeth Blackmore",https://www.filmcrave.com/movie_page_main.php?id=64334,Unknown
Stopmotion,11820,2.8,4,02/23/2024,English,"Animation, Horror",R,Robert Morgan,"Aisling Franciosi, Stella Gonet, Tom York, Caoilinn Springall, Joshua J Parker, James Swanton",https://www.filmcrave.com/movie_page_main.php?id=64335,Unknown
The Toxic Avenger,0,0.0,0,08/29/2025,English,"Comedy, Horror",R,Macon Blair,"Peter Dinklage, Kevin Bacon, Jacob Tremblay, Elijah Wood, Macon Blair, Julia Davis",https://www.filmcrave.com/movie_page_main.php?id=64336,Unknown
Lisa Frankenstein,14413,2.6,4,02/09/2024,English,"Comedy, Horror",PG-13,Zelda Williams,"Kathryn Newton, Cole Sprouse, Carla Gugino, Jenna Davis, Liza Soberano, Paola Andino",https://www.filmcrave.com/movie_page_main.php?id=64337,Unknown
Werewolf by Night,23114,2.5,3,09/25/2022,English,"Action, Fantasy",NR,Michael Giacchino,"Gael García Bernal, Laura Donnelly, Harriet Sansom Harris, Kirk R. Thatcher, Eugenie Bondurant, Leonardo Nam",https://www.filmcrave.com/movie_page_main.php?id=64338,Unknown
Ghostbusters: Frozen Empire,23155,2.1,10,03/22/2024,English,"Adventure, Comedy",PG-13,Gil Kenan,"Mckenna Grace, Carrie Coon, Paul Rudd, Finn Wolfhard, Bill Murray, Dan Aykroyd",https://www.filmcrave.com/movie_page_main.php?id=64339,"The Spengler family find themselves in the place it all began: a New York City firehouse, where the original Ghostbusters have a top-secret lab with next-gen technology to bust ghosts. But when they uncover an ancient artifact, evil is unleashed the two generations will have to come together to stop the arrival of a second ice age. --"
The Book of Clarence,43291,2.0,2,01/12/2024,English,"Adventure, Comedy",PG-13,Jeymes Samuel,"David Oyelowo, Benedict Cumberbatch, James McAvoy, LaKeith Stanfield, Omar Sy, Alfre Woodard",https://www.filmcrave.com/movie_page_main.php?id=64340,"In ancient Jerusalem, Clarence struggles with the life he has been given. But the rise of a new Messiah gives him a new divine path to walk. --"
Mean Girls,13296,2.4,8,01/12/2024,English,"Comedy, Musical",Unknown,"Samantha Jayne, Arturo Perez Jr.","Angourie Rice, Reneé Rapp, Jon Hamm, Jenna Fischer, Tina Fey, Auli'i Cravalho",https://www.filmcrave.com/movie_page_main.php?id=64341,Unknown
Arthur the King,6807,3.0,4,03/15/2024,English,Adventure,PG-13,Simon Cellan Jones,"Mark Wahlberg, Nathalie Emmanuel, Simu Liu, Michael Landes, Paul Guilfoyle, Ali Suliman",https://www.filmcrave.com/movie_page_main.php?id=64342,"Finding his one, last chance to win the big one, endurance racer Mikael Lindnord and his team pick up a stray dog along the race - one that manages to keep pace in the brutal conditions - and becomes more than a mascot, but a source of inspiration along their journey. --"
Beetlejuice Beetlejuice,6146,2.7,16,09/06/2024,English,"Comedy, Fantasy",PG-13,Tim Burton,"Winona Ryder, Michael Keaton, Jenna Ortega, Monica Bellucci, Catherine O'Hara, Willem Dafoe",https://www.filmcrave.com/movie_page_main.php?id=64343,Unknown
Despicable Me 4,4028,3.1,5,07/03/2024,English,"Animation, Comedy",PG,"Chris Renaud, Patrick Delage","Steve Carell, Kristen Wiig, Joey King, Will Ferrell, Sofía Vergara, Miranda Cosgrove",https://www.filmcrave.com/movie_page_main.php?id=64344,"The happy family of Gru, Lucy, Margo, Edith, and Agnes is about to get"
Sleepwalk,0,0.0,0,03/20/1987,English,"Drama, Fantasy",R,Sara Driver,"Suzanne Fletcher, Ann Magnuson, Dexter Lee, Stephen Chen, Tony Todd, Richard Boes",https://www.filmcrave.com/movie_page_main.php?id=64345,Unknown
Nowhere,55521,2.5,1,09/29/2023,Spanish,"Drama, Thriller",NR,Albert Pintó,"Anna Castillo, Tamar Novas, Tony Corvillo, Mariam Torres, Irina Bravo, Victoria Teijeiro",https://www.filmcrave.com/movie_page_main.php?id=64346,Unknown
Convict's Code,0,0.0,0,01/18/1939,English,"Crime, Drama",NR,Lambert Hillyer,"Robert Kent, Anne Nagel, Sidney Blackmer, Victor Kilian, Norman Willis, Maude Eburne",https://www.filmcrave.com/movie_page_main.php?id=64347,Unknown
Role Play,34548,2.0,3,01/12/2024,English,"Action, Thriller",R,Thomas Vincent,"Kaley Cuoco, David Oyelowo, Bill Nighy, Connie Nielsen, Rudi Dharmalingam, Lucia Aliu",https://www.filmcrave.com/movie_page_main.php?id=64348,Unknown
Eileen,0,0.0,0,12/01/2023,English,"Drama, Thriller",R,William Oldroyd,"Thomasin McKenzie, Anne Hathaway, Shea Whigham, Sam Nivola, Owen Teague, Jefferson White",https://www.filmcrave.com/movie_page_main.php?id=64349,Unknown
The End We Start From,0,0.0,0,12/08/2023,English,"Drama, Thriller",R,Mahalia Belo,"Jodie Comer, Joel Fry, Benedict Cumberbatch, Alexandria Riley, Mark Strong, Katherine Waterston",https://www.filmcrave.com/movie_page_main.php?id=64350,Unknown
Freud's Last Session,24956,3.0,2,12/22/2023,English,Drama,PG-13,Matt Brown,"Anthony Hopkins, Matthew Goode, Jodi Balfour, Orla Brady, Stephen Campbell Moore, Liv Lisa Fries",https://www.filmcrave.com/movie_page_main.php?id=64351,Unknown
Memory,31608,2.8,2,12/22/2023,English,Drama,R,Michel Franco,"Jessica Chastain, Peter Sarsgaard, Brooke Timber, Elsie Fisher, Josh Charles, Jessica Harper",https://www.filmcrave.com/movie_page_main.php?id=64352,Unknown
"Peasants, The ( Chlopi )",0,0.0,0,10/08/2023,Polish,"Animation, Drama",R,"DK Welchman, Hugh Welchman","Kamila Urzedowska, Robert Gulaczyk, Miroslaw Baka, Sonia Mietielica, Ewa Kasprzyk, Cyprian Grabowski",https://www.filmcrave.com/movie_page_main.php?id=64353,Unknown
Place of Bones,0,0.0,0,12/05/2023,English,"Drama, Thriller",R,Audrey Cummings,"Heather Graham, Tom Hopper, Corin Nemec, Brielle Robillard, Donald Cerrone, Gattlin Griffith",https://www.filmcrave.com/movie_page_main.php?id=64354,Unknown
The Private Eye,0,0.0,0,02/09/2024,English,"Comedy, Mystery",R,Jack Cook,"Matt Rife, Clare Grant, Elliot, Denzel Whitaker, Eric Roberts, Lexy Panterra",https://www.filmcrave.com/movie_page_main.php?id=64355,Unknown
Nosferatu,2820,3.0,13,12/25/2024,English,"Fantasy, Horror",R,Robert Eggers,"Emma Corrin, Nicholas Hoult, Aaron Taylor-Johnson, Bill Skarsgård, Willem Dafoe, Lily-Rose Depp",https://www.filmcrave.com/movie_page_main.php?id=64356,Unknown
Desperation Road,54737,3.0,1,10/06/2023,English,"Action, Thriller",R,Nadine Crocker,"Willa Fitzgerald, Mel Gibson, Garrett Hedlund, Ryan Hurst, Kat Foster, Pyper Braun",https://www.filmcrave.com/movie_page_main.php?id=64357,Unknown
The Baker,38382,2.5,2,10/31/2022,English,"Action, Crime",R,Jonathan Sobol,"Ron Perlman, Harvey Keitel, Elias Koteas, Joel David Moore, Varun Saranga, Emma Ho",https://www.filmcrave.com/movie_page_main.php?id=64358,Unknown
Winnie the Pooh: Blood and Honey ,60477,1.0,1,02/15/2023,English,Horror,NR,Rhys Frake-Waterfield,"Nikolai Leon, Maria Taylor, Natasha Rose Mills, Amber Doig-Thorne, Danielle Ronald, Natasha Tosini",https://www.filmcrave.com/movie_page_main.php?id=64359,"Years after leaving the 100 Acre Woods behind for college, Christopher Robin returns and find his childhood friends have gone feral - and are very, very hungry. --"
Afire ( Roter Himmel ),0,0.0,0,05/01/2023,German,"Comedy, Drama",NR,Christian Petzold,"Thomas Schubert, Paula Beer, Enno Trebs, Langston Uibel, Matthias Brandt, Jennipher Antoni",https://www.filmcrave.com/movie_page_main.php?id=64360,Unknown
Popular Theory,0,0.0,0,02/09/2023,English,"Adventure, Comedy",PG,Ali Scher,"Sophia Reid-Gantzert, Lincoln Lambert, Chloe East, Cheryl Hines, Marc Evan Jackson, Kat Conner Sterling",https://www.filmcrave.com/movie_page_main.php?id=64361,Unknown
Weak Layers,0,0.0,0,01/05/2024,English,Comedy,Unknown,Katie Burrell,"Katie Burrell, Jadyn Wong, Chelsea Conwright, Evan Jonigkeit, Neal Bledsoe, Charlie Manoukian",https://www.filmcrave.com/movie_page_main.php?id=64362,Unknown
Waitress: The Musical,0,0.0,0,12/07/2023,English,"Musical, Comedy",Unknown,"Diane Paulus, Brett Sullivan","Sara Bareilles, Caitlin Houlahan, Joe Tippett, Anastacia McCleskey, Christopher Fitzgerald, Charity Dawson",https://www.filmcrave.com/movie_page_main.php?id=64363,Unknown
Titanic: The Musical,0,0.0,0,11/04/2023,English,"Musical, Drama",Unknown,Thom Southerland,"Martin Allanson, Barnaby Hughes, Niamh Long, Billy Roberts",https://www.filmcrave.com/movie_page_main.php?id=64364,Unknown
Disco Boy,54747,3.0,1,02/02/2024,French,Drama,NR,Giacomo Abbruzzese,"Franz Rogowski, Morr Ndiaye, Laetitia Ky, Leon Lucev, Robert Wieckiewicz, Matteo Olivetti",https://www.filmcrave.com/movie_page_main.php?id=64365,Unknown
Zombie Island ( Gu dao bing du shi jian ),42086,2.3,2,12/31/2018,Chinese,Horror,NR,Gabriel Leung,"Amy Chung, Bai Feng, Tang Xin-Hua, Ubbe Zhi, Jiao Zhou",https://www.filmcrave.com/movie_page_main.php?id=64366,Unknown
The Lake,46743,1.8,2,03/14/2023,Thai,"Horror, Sci-Fi",NR,Lee Thongkham,"Xu Qian, Su Jack, Zang Jinsheng, Palita Chueasawathee, Wanmai Chatborirak, Chartchai Ketnust",https://www.filmcrave.com/movie_page_main.php?id=64367,Unknown
Rebel Moon - Part Two: The Scargiver,18987,2.2,11,04/12/2024,English,"Action, Sci-Fi",PG-13,Zack Snyder,"Sofia Boutella, Ed Skrein, Djimon Hounsou, Michiel Huisman, Bae Doona, Anthony Hopkins",https://www.filmcrave.com/movie_page_main.php?id=64368,Unknown
1992,46986,3.0,1,08/30/2024,English,"Action, Drama",R,Ariel Vromen,"Ray Liotta, Scott Eastwood, Tyrese Gibson, Dylan Arnold, Tosin Morohunfola, Oleg Taktarov",https://www.filmcrave.com/movie_page_main.php?id=64369,Unknown
The Windigo,47075,3.0,1,03/29/2024,English,"Horror, Thriller",NR,Gabe Torres,"Marco Fuller, Fivel Stewart, Tonantzin Carmelo, Casey Camp-Horinek, Troy James, Brian Krause",https://www.filmcrave.com/movie_page_main.php?id=64370,"A Native American teenager and his grandmother call upon an ancient Chippewa demon known as the windigo in order to deal with the dangerous back-woods meth dealers that have set up near them. But the demon's lust for killing soon grows out of control, even as it forms a bond with the teen who called upon it. Now they will have to figure out how to dispel the evil before it consumes them all. --"
Scout's Honor: The Secret Files of the Boy Scouts of America,0,0.0,0,09/06/2023,English,"Documentary, Crime",NR,Brian Knappenberger,Unknown,https://www.filmcrave.com/movie_page_main.php?id=64371,Unknown
Cabrini,0,0.0,0,03/08/2024,English,"Biography, Drama",PG-13,Alejandro Monteverde,"Cristiana Dell'Anna, John Lithgow, David Morse, Giancarlo Giannini, Jeremy Bobb, Federico Castelluccio",https://www.filmcrave.com/movie_page_main.php?id=64372,Unknown
Lights Out,40159,2.3,2,02/16/2024,English,"Action, Thriller",R,Christian Sesma,"Dermot Mulroney, Scott Adkins, Jaime King, Frank Grillo, Mekhi Phifer, Kevin Gage",https://www.filmcrave.com/movie_page_main.php?id=64373,Unknown
Speak No Evil,8285,2.8,6,09/13/2024,English,"Drama, Horror",R,James Watkins,"Mackenzie Davis, James McAvoy, Scoot McNairy, Aisling Franciosi, Alix West Lefler, Dan Hough",https://www.filmcrave.com/movie_page_main.php?id=64374,"After meeting another family while on vacation, the Daltons accept an"
This Is Me... Now: The Film,17907,2.7,3,02/16/2024,English,Documentary,PG-13,Dave Meyers,"Jennifer Lopez, Fat Joe, Sean Paul",https://www.filmcrave.com/movie_page_main.php?id=64375,Unknown
About Dry Grasses ( Kuru Otlar Üstüne ),54750,3.0,1,03/01/2024,Turkish,Drama,Unknown,Nuri Bilge Ceylan,"Deniz Celiloglu, Merve Dizdar, Musab Ekici, Ece Bagci, Erdem Senocak, Yüksel Aksu",https://www.filmcrave.com/movie_page_main.php?id=64376,Unknown
God & Country,54749,3.0,1,02/16/2024,English,Documentary,PG-13,Dan Partland,Unknown,https://www.filmcrave.com/movie_page_main.php?id=64377,Unknown
Gloria Gaynor: I Will Survive,60395,2.0,1,02/13/2024,English,Documentary,Unknown,Betsy Schechter,Gloria Gaynor,https://www.filmcrave.com/movie_page_main.php?id=64378,Unknown
"Taste of Things, The ( passion de Dodin Bouffant, La )",26445,3.0,2,02/09/2024,French,"Drama, Romance",PG-13,Anh Hung Tran,"Juliette Binoche, Benoît Magimel, Emmanuel Salinger, Patrick d'Assumçao, Galatéa Bellugi, Jan Hammenecker",https://www.filmcrave.com/movie_page_main.php?id=64379,Unknown
It Ends with Us,55427,1.2,3,08/09/2024,English,"Drama, Romance",PG-13,Justin Baldoni,"Blake Lively, Jenny Slate, Brandon Sklenar, Justin Baldoni, Hasan Minhaj, Alex Neustaedter",https://www.filmcrave.com/movie_page_main.php?id=64380,Based on the best-selling Colleen Hoover novel: Lily Bloom has put her
The Monk and the Gun,54748,3.0,1,02/02/2024,English,Drama,PG-13,Pawo Choyning Dorji,"Tandin Wangchuk, Harry Einhorn, Tandin Phubz, Tandin Sonam, Pema Zangmo Sherpa, Deki Lhamo",https://www.filmcrave.com/movie_page_main.php?id=64381,Unknown
Rayman's Big Movie,60442,2.0,1,12/31/2025,English,"Animation, Adventure",Unknown,Grace Wan,Unknown,https://www.filmcrave.com/movie_page_main.php?id=64382,Unknown
The American Society of Magical Negroes,34546,1.8,5,03/15/2024,English,Comedy,PG-13,Kobi Libii,"Rupert Friend, David Alan Grier, Justice Smith, Michaela Watkins, Nicole Byer, Maurice J. Irvin",https://www.filmcrave.com/movie_page_main.php?id=64383,Young Aren finds himself recruited a most secret of societies - one that has one and only one goal - to make white people feel comfortable around black people - thus maintaining a safe and orderly balance. --
Late Night with the Devil,2493,3.0,13,03/22/2024,English,Horror,R,"Cameron Cairnes, Colin Cairnes","David Dastmalchian, Laura Gordon, Ian Bliss, Fayssal Bazzi, Ingrid Torelli, Rhys Auteri",https://www.filmcrave.com/movie_page_main.php?id=64384,Jack Delroy is a popular late-night television host in the 70s... but not
Mickey 17,11519,2.8,4,03/07/2025,English,"Adventure, Sci-Fi",R,Bong Joon Ho,"Mark Ruffalo, Robert Pattinson, Toni Collette, Steven Yeun, Naomi Ackie, Thomas Turgoose",https://www.filmcrave.com/movie_page_main.php?id=64385,Unknown
Civil War,2871,2.9,15,04/12/2024,English,"Action, Drama",R,Alex Garland,"Kirsten Dunst, Wagner Moura, Cailee Spaeny, Stephen McKinley Henderson, Nick Offerman, Jesse Plemons",https://www.filmcrave.com/movie_page_main.php?id=64386,"In a near-future America torn apart by a new civil war, a group of"
Concrete Utopia ( Konkeuriteu yutopia ),0,0.0,0,12/22/2023,Korean,"Action, Drama",NR,Tae-hwa Eom,"Park Seo-joon, Lee Byung-hun, Park Bo-young, Kim Sun-young, Park Ji-hu, Na Chul",https://www.filmcrave.com/movie_page_main.php?id=64387,Unknown
Albert Brooks: Defending My Life,26442,3.0,2,10/26/2023,English,"Documentary, Biography",NR,Rob Reiner,"Albert Brooks, Rob Reiner, James L. Brooks, Larry David, Judd Apatow, Jon Stewart",https://www.filmcrave.com/movie_page_main.php?id=64388,Unknown
Dogman,21685,2.5,3,03/22/2024,English,"Drama, Thriller",R,Luc Besson,"Caleb Landry Jones, Jojo T. Gibbs, Christopher Denham, Clemens Schick, John Charles Aguilar, Grace Palma",https://www.filmcrave.com/movie_page_main.php?id=64389,"After being abused as a young boy and literally thrown to the dogs, Douglas embraced the animals as they protected him. Now an adult on the margins of society, he finds more comfort in love in his dogs than any person and when they find themselves threatened, they lash out. --"
EXmas,55522,2.5,1,11/17/2023,English,Comedy,PG-13,Jonah Feingold,"Leighton Meester, Robbie Amell, Michael Hitchcock, Kathryn Greenwood, Veronika Slowikowska, Steven Huy",https://www.filmcrave.com/movie_page_main.php?id=64390,Unknown
Housekeeping for Beginners ( Domakinstvo za Pocetnici ),0,0.0,0,04/05/2024,Other,"Comedy, Drama",R,Goran Stolevski,"Samson Selim, Mia Mustafi, Dzada Selim, Anamaria Marinca, Alina Serban, Sara Klimoska",https://www.filmcrave.com/movie_page_main.php?id=64391,Unknown
King Ivory,0,0.0,0,09/30/2024,English,"Crime, Drama",R,John Swab,"Ben Foster, James Badge Dale, Melissa Leo, Graham Greene, Rory Cochrane, Michael Mando",https://www.filmcrave.com/movie_page_main.php?id=64392,Unknown
The Long Game,54692,3.0,1,03/12/2023,English,"Drama, Historical",PG,Julio Quintana,"Dennis Quaid, Jay Hernandez, Gillian Vigman, Oscar Nuñez, Jaina Lee Ortiz, Cheech Marin",https://www.filmcrave.com/movie_page_main.php?id=64393,Unknown
That Christmas,0,0.0,0,01/23/2024,English,"Animation, Comedy",PG,Simon Otto,Unknown,https://www.filmcrave.com/movie_page_main.php?id=64394,Unknown
WeWork: Or the Making and Breaking of a $47 Billion Unicorn,0,0.0,0,04/02/2021,English,Documentary,NR,Jed Rothstein,"Adam Neumann, Rebekah Paltrow Neumann, David Vainchenker, Joanna C. Strange, Farah White",https://www.filmcrave.com/movie_page_main.php?id=64395,Unknown
When Evil Lurks ( Cuando acecha la maldad ),1288,3.3,7,09/22/2023,Spanish,Horror,NR,Demián Rugna,"Ezequiel Rodríguez, Demián Salomón, Silvina Sabater, Luis Ziembrowski, Marcelo Michinaux, Emilio Vodanovich",https://www.filmcrave.com/movie_page_main.php?id=64396,Unknown
The Family Plan,60391,2.0,1,12/15/2023,English,"Action, Comedy",PG-13,Simon Cellan Jones,"Mark Wahlberg, Michelle Monaghan, Ciarán Hinds, Zoe Colletti, Van Crosby, Iliana Norris",https://www.filmcrave.com/movie_page_main.php?id=64397,Unknown
All the Beauty and the Bloodshed,0,0.0,0,10/07/2022,English,Documentary,NR,Laura Poitras,"Nan Goldin, David Velasco, Megan Kapler, Marina Berio, Noemi Bonazzi, Patrick Radden Keefe",https://www.filmcrave.com/movie_page_main.php?id=64398,Unknown
Drifter,0,0.0,0,01/01/1974,English,Drama,R,Pat Rocco,"Joe Adair, David Russell, Joe Caruso, Dean Shah-Kee, Bambi Allen, Inga Maria",https://www.filmcrave.com/movie_page_main.php?id=64399,Unknown
"Road to Shame, The ( femmes disparaissent, Des )",0,0.0,0,08/29/1962,French,"Crime, Drama",NR,Édouard Molinaro,"Robert Hossein, Magali Noël, Estella Blain, Philippe Clay, Jane Marken, Robert Lombard",https://www.filmcrave.com/movie_page_main.php?id=64400,Unknown
Twisters,6103,2.7,15,07/19/2024,English,"Action, Adventure",PG-13,Lee Isaac Chung,"Glen Powell, Daisy Edgar-Jones,  Anthony Ramos, Brandon Perea, Maura Tierney, Sasha Lane",https://www.filmcrave.com/movie_page_main.php?id=64401,"Eager to get her research into the field, Kate and her team misjudge a"
Good Grief,0,0.0,0,01/05/2024,English,"Comedy, Romance",R,Dan Levy,"Dan Levy, Ruth Negga, Himesh Patel, Luke Evans, Celia Imrie, David Bradley",https://www.filmcrave.com/movie_page_main.php?id=64402,"Marc finds himself spiraling after the sudden death of his husband, leaning on his two best friends Sophie and Thomas for support. In order to thank them for their help, Marc decides to take them on a trip to Paris - but the trip proves much more than they anticipated as each find themselves confronting some uncomfortable truths. --"
The Strangers: Chapter 1,54758,3.0,1,05/17/2024,English,Horror,R,Renny Harlin,"Madelaine Petsch, Rachel Shenton, Gabriel Basso, George Young, Ella Bruccoleri, Richard Brake",https://www.filmcrave.com/movie_page_main.php?id=64403,Unknown
Outside the Law,0,0.0,0,06/01/1956,English,"Crime, Drama",NR,Jack Arnold,"Ray Danton, Leigh Snowden, Grant Williams, Onslow Stevens, Raymond Bailey, Judson Pratt",https://www.filmcrave.com/movie_page_main.php?id=64404,Unknown
Primal Rage ( Rage-Furia Primitiva ),55260,1.5,2,12/01/1988,English,"Horror, Sci-Fi",R,Vittorio Rambaldi,"Patrick Lowe, Cheryl Arutt, Sarah Buxton, Bo Svenson, Mitch Watson, Doug Sloan",https://www.filmcrave.com/movie_page_main.php?id=64405,Unknown
Hard Rock Zombies,55719,1.3,2,09/01/1985,English,"Comedy, Horror",R,Krishna Shah,"E.J. Curse, Geno Andrews, Sam Mann, Mick McMains, Lisa Toothman, Jennifer Coe",https://www.filmcrave.com/movie_page_main.php?id=64406,Unknown
Slaughterhouse Rock,0,0.0,0,05/21/1988,English,"Comedy, Horror",R,Dimitri Logothetis,"Toni Basil, Nicholas Celozzi, Tom Reilly, Donna Denton, Hope Marie Carlton, Tammy Hyler",https://www.filmcrave.com/movie_page_main.php?id=64407,Unknown
Scrambled,47070,3.0,1,02/02/2024,English,Comedy,R,Leah McKendrick,"Leah McKendrick, Clancy Brown, Andrew Santino, Yvonne Strahovski, June Diane Raphael, Adam Rodriguez",https://www.filmcrave.com/movie_page_main.php?id=64408,Unknown
The Ministry of Ungentlemanly Warfare,4753,2.9,7,04/19/2024,English,"Drama, War",R,Guy Ritchie,"Alan Ritchson, Henry Cavill, Cary Elwes, Eiza González, Hero Fiennes Tiffin, Freddie Fox",https://www.filmcrave.com/movie_page_main.php?id=64409,"In the middle of the most dangerous point of WWII, Winston Churchill authorized the formation of a secret task force to go behind German lines and disrupt however they can. The group of irregulars was the prelude to modern black ops. --"
Beautiful Wedding,45557,1.8,2,01/24/2024,English,"Comedy, Romance",R,Roger Kumble,"Dylan Sprouse, Virginia Gardner, Steven Bauer, Rob Estes, Libe Barer, Austin North",https://www.filmcrave.com/movie_page_main.php?id=64410,Unknown
Cat Person,0,0.0,0,10/06/2023,English,"Drama, Thriller",R,Susanna Fogel,"Emilia Jones, Nicholas Braun, Geraldine Viswanathan, Isabella Rossellini, Hope Davis, Christopher Shyer",https://www.filmcrave.com/movie_page_main.php?id=64411,Unknown
Escape from Germany,0,0.0,0,04/11/2024,English,"Drama, Historical",PG,T.C. Christensen,"Whitney Palmer, David McConnell, Landon Henneman, Pamela Beheshti, Joel Bishop, Abby Villasmil",https://www.filmcrave.com/movie_page_main.php?id=64412,Unknown
Unsung Hero,47076,3.0,1,04/26/2024,English,"Drama, Family",PG,"Richard L. Ramsey, Joel Smallbone","Daisy Betts, Joel Smallbone, Kirrilee Berger, Jonathan Jackson, Lucas Black, Paul Luke Bonenfant",https://www.filmcrave.com/movie_page_main.php?id=64413,"After the collapse of their music company in Australia, a husband and wife Helen and David Smallbone, along with their six children, relocated to the states. Even though they are down-and-out, Helen never loses faith and inspires her husband and children to never give up on their dreams - leading to a harmonious outcome and a Grammy-winning success story. --"
Monolith,0,0.0,0,03/13/2023,English,"Sci-Fi, Mystery",R,Matt Vesely,"Lily Sullivan, Ling Cooper Tang, Ansuya Nathan, Erik Thomson, Terence Crawford, Matt Crook",https://www.filmcrave.com/movie_page_main.php?id=64414,Unknown
We Grown Now,0,0.0,0,10/11/2023,English,Drama,PG,Minhal Baig,"Gian Knight Ramirez, Blake Cameron James, Lil Rel Howery, Jurnee Smollett, Avery Holliday, Ora Jones",https://www.filmcrave.com/movie_page_main.php?id=64415,Unknown
Escape ( Flukt ),0,0.0,0,09/28/2012,Norwegian,"Adventure, Drama",NR,Roar Uthaug,"Isabel Christine Andreasen, Ingrid Bolsø Berdal, Milla Olin, Tobias Santelmann, Bjørn Moan, Martin Slaatto",https://www.filmcrave.com/movie_page_main.php?id=64416,Unknown
Abigail,3941,2.9,14,04/19/2024,English,Horror,R,"Matt Bettinelli-Olpin, Tyler Gillett","Alisha Weir, Kathryn Newton, Kevin Durand, Angus Cloud, Dan Stevens, Melissa Barrera",https://www.filmcrave.com/movie_page_main.php?id=64417,A group of criminals think they have the score of a lifetime when they
Love Lies Bleeding,4718,2.9,7,03/15/2024,English,"Action, Crime",R,Rose Glass,"Kristen Stewart, Katy M. O'Brian, Ed Harris, Anna Baryshnikov, Dave Franco, Jena Malone",https://www.filmcrave.com/movie_page_main.php?id=64418,"Loner and drifter Lou enters a whirlwind romance with bodybuilder Jackie when she happens upon the same gym as her. But their relationship is soon complicated when Jackie begins working for Lou, Sr. - a local crime boss - and the deeper she gets the more danger grows. --"
Squaring the Circle: The Story of Hipgnosis,0,0.0,0,09/04/2022,English,Documentary,NR,Anton Corbijn,"Aubrey Powell, Paul McCartney, Jimmy Page, Roger Waters, David Gilmour, Nick Mason",https://www.filmcrave.com/movie_page_main.php?id=64419,Unknown
Curry & Cyanide: The Jolly Joseph Case,0,0.0,0,12/22/2023,Hindi,"Documentary, Crime",NR,Christo Tomy,"Remo Roy, K.G. Simon, Rojo Thomas, Renji Wilson, B.A. Aloor, Nikhila Henry",https://www.filmcrave.com/movie_page_main.php?id=64420,Unknown
Bitconned,0,0.0,0,01/01/2024,English,"Documentary, Crime",NR,Bryan Storkel,"Ray Trapani, Robert Farkas, Hamza Murtaza Jafri, Damian Williams, Sohrab Sharma",https://www.filmcrave.com/movie_page_main.php?id=64421,Unknown
Hell Camp: Teen Nightmare,0,0.0,0,12/27/2023,English,Documentary,NR,Liza Williams,"Lance 'Horsehair' Jaggar, Kristen Chase, Matthew Callahan, Adam Weinberg, Ashley Baldwin, Max Jackson",https://www.filmcrave.com/movie_page_main.php?id=64422,Unknown
Trust No One: The Hunt for the Crypto King,0,0.0,0,03/30/2022,English,"Documentary, Crime",NR,Luke Sewell,"Gerry Cotten, Alexandra Posadzki",https://www.filmcrave.com/movie_page_main.php?id=64423,Unknown
The Tinder Swindler,0,0.0,0,02/02/2022,English,"Documentary, Crime",NR,Felicity Morris,"Simon Leviev, Ayleen Charlotte, Natalie Remøe Hansen, Cecilie Fjellhøy, Pernilla Sjöholm, Erlend Ofte Arntsen",https://www.filmcrave.com/movie_page_main.php?id=64424,Unknown
American Murder: The Family Next Door,0,0.0,0,09/30/2020,English,"Documentary, Crime",NR,Jenny Popplewell,"Chris Watts, Shanann Watts, Nichol Kessinger, Nickole Atkinson, Sandi Rzucek, Frankie Rzucek",https://www.filmcrave.com/movie_page_main.php?id=64425,Unknown
Our Father,0,0.0,0,05/11/2022,English,"Documentary, Crime",NR,Lucie Jourdan,"Jacoba Ballard, Julie Harmon, Matt White, Heather Woock, Lisa Shepherd-Stidham, Jason Hyatt",https://www.filmcrave.com/movie_page_main.php?id=64426,Unknown
There's Something Wrong with Aunt Diane,0,0.0,0,07/25/2011,English,"Documentary, Crime",NR,Liz Garbus,"Diane Schuler, Jay Schuler, Michael Realmuto, Joe LaGrippo, Daniel Schuler, Jimmy Schuler",https://www.filmcrave.com/movie_page_main.php?id=64427,Unknown
Thought Crimes: The Case of the Cannibal Cop,0,0.0,0,04/20/2015,English,"Documentary, Crime",NR,Erin Lee Carr,"Gilberto Valle, Violet Blue, Robert Kolker, David Greenfield, Jane Rosenberg, Maria Tatar",https://www.filmcrave.com/movie_page_main.php?id=64428,Unknown
Float,47071,3.0,1,02/09/2024,English,"Drama, Romance",PG-13,Sherren Lee,"Andrea Bang, Robbie Amell, Sarah Desjardins, Michelle Krusiec, Rukiya Bernard, Andrew Bachelor",https://www.filmcrave.com/movie_page_main.php?id=64429,"After her plans are derailed for the summer, Waverly bides her time in a small Canadian town. At a beach party, she nearly drowns and is saved by Blake, a lifeguard who offers to teach her to swim. But a spark soon develops during their lessons and she must decide if this will be more than just a summer detour or something much more. --"
137 Shots,0,0.0,0,12/15/2021,English,"Documentary, Crime",NR,Michael Milano,"Timothy McGinty, Connie Schultz, Samaria Rice, Michelle Russell, Michael Brelo, Steve Loomis",https://www.filmcrave.com/movie_page_main.php?id=64430,Unknown
"Ice Cold: Murder, Coffee and Jessica Wongso",0,0.0,0,09/28/2023,English,"Documentary, Crime",NR,Rob Sixsmith,"Jessica Wongso, Timothy Marbun, Rangga Saputro, Made Sandy Salihin, Edi Darmawan Salihin, Otto Hasibuan",https://www.filmcrave.com/movie_page_main.php?id=64431,Unknown
Missing: The Lucie Blackman Case ( Keishichô sôsaikka rûshî burakku man jiken ),0,0.0,0,07/26/2023,Japanese,"Documentary, Crime",NR,Hyoe Yamamoto,"Katsuyoshi Abe, Jake Adelstein, Keizo Harafuji, Junichiro Kuku, Akira Mitsuzane, Suzy Quinn",https://www.filmcrave.com/movie_page_main.php?id=64432,Unknown
Take Care of Maya,0,0.0,0,06/10/2023,English,Documentary,NR,Henry Roosevelt,"Maya Kowalski, Jack Kowalski, Beata Kowalski",https://www.filmcrave.com/movie_page_main.php?id=64433,Unknown
The Devil on Trial,0,0.0,0,10/17/2023,English,"Documentary, Crime",NR,Chris Holt,"David Glatzel, Debbie Glatzel, Arne Cheyenne Johnson, Foster Hamilton, Adam Hunt, Kathy Rupcic",https://www.filmcrave.com/movie_page_main.php?id=64434,Unknown
Good Burger 2,0,0.0,0,11/22/2023,English,"Comedy, Family",PG,Phil Traill,"Kel Mitchell, Kenan Thompson, Sofia Black-D'Elia, Mark Cuban, Emily Hinkler, Elizabeth Hinkler",https://www.filmcrave.com/movie_page_main.php?id=64435,Unknown
Lynch/Oz,0,0.0,0,06/09/2022,English,Documentary,NR,Alexandre O. Philippe,"David Lynch, Amy Nicholson, Rodney Ascher, John Waters, Karyn Kusama, Justin Benson",https://www.filmcrave.com/movie_page_main.php?id=64436,Unknown
Never Surrender: A Galaxy Quest Documentary,0,0.0,0,11/26/2019,English,Documentary,NR,Jack Bennett,"Tim Allen, Greg Berlanti, Damon Lindelof, Tony Shalhoub, Wil Wheaton, Dean Parisot",https://www.filmcrave.com/movie_page_main.php?id=64437,Unknown
Miller's Girl,26755,2.3,3,01/26/2024,English,"Comedy, Drama",R,Jade Halley Bartlett,"Martin Freeman, Jenna Ortega, Bashir Salahuddin, Gideon Adlon, Dagmara Dominczyk, Christine Adams",https://www.filmcrave.com/movie_page_main.php?id=64438,As a teacher becomes closer to a talented student it is soon revealed her designs may very well lead to his downfall. --
Take a Girl Like You,0,0.0,0,12/16/1970,English,"Comedy, Romance",R,Jonathan Miller,"Hayley Mills, Oliver Reed, Noel Harrison, John Bird, Sheila Hancock, Aimi MacDonald",https://www.filmcrave.com/movie_page_main.php?id=64439,Unknown
Hell House LLC Origins: The Carmichael Manor,54741,3.0,1,10/24/2023,English,"Horror, Mystery",NR,Stephen Cognetti,"Bridget Rose Perrotta, Destiny Leilani Brown, James Liddell, Gideon Berger, Cayla Berejikian, Victoria Andrunik",https://www.filmcrave.com/movie_page_main.php?id=64440,Unknown
Hell House LLC II: The Abaddon Hotel,53950,3.0,1,09/20/2018,English,"Horror, Mystery",NR,Stephen Cognetti,"Joy Shatz, Jillian Geurts, Vas Eli, Dusty Austen, Brian David Tracy, Kyle Ingleman",https://www.filmcrave.com/movie_page_main.php?id=64441,Unknown
Hell House LLC III: Lake of Fire,54155,3.0,1,09/19/2019,English,"Horror, Mystery",NR,Stephen Cognetti,"Gabriel Chytry, Elizabeth Vermilyea, Sam Kazzi, Leo DeFriend, Jordan Kaplan, Brian David Tracy",https://www.filmcrave.com/movie_page_main.php?id=64442,Unknown
Miranda’s Victim,55868,2.0,1,09/29/2023,English,"Biography, Crime",NR,Michelle Danner,"Abigail Breslin, Mireille Enos, Kyle MacLachlan, Donald Sutherland, Emily VanCamp, Andy Garcia",https://www.filmcrave.com/movie_page_main.php?id=64443,Unknown
It's What's Inside,13676,2.8,3,10/04/2024,English,"Horror, Mystery",R,Greg Jardin,"Alycia Debnam-Carey, Madison Davenport, Brittany O'Grady, Gavin Leatherwood, James Morosini, Reina Hardesty",https://www.filmcrave.com/movie_page_main.php?id=64444,A group of friends come together before a wedding as dictated by a decade-long promise. But when one of their estranged members shows up with a wonder of technology that allows them to temporarily switch bodies - what starts off as a game turns much more serious as long-held jealousy and desire spirals out of control. --
A Different Man,659,3.4,8,09/20/2024,English,Thriller,R,Aaron Schimberg,"Sebastian Stan, Miles G. Jackson, Adam Pearson, Renate Reinsve, Patrick Wang, Neal Davidson",https://www.filmcrave.com/movie_page_main.php?id=64445,"Edward undergoes a radical facial reconstruction surgery, which is a"
Super/Man: The Christopher Reeve Story,54782,3.0,1,09/21/2024,English,Documentary,PG-13,"Ian Bonhôte, Peter Ettedgui","Christopher Reeve, Dana Reeve, Will Reeve, Matthew Reeve, Alexandra Reeve Givens, Glenn Close",https://www.filmcrave.com/movie_page_main.php?id=64446,Unknown
The Sleep Experiment,42145,2.3,2,11/01/2022,English,"Horror, Thriller",NR,John Farrelly,"Tom Kerrisk, Rob James Capel, Will Murphy, Sam McGovern, Brian Moore, Steven Jess",https://www.filmcrave.com/movie_page_main.php?id=64447,Unknown
National Anthem,0,0.0,0,03/10/2023,English,Drama,R,Luke Gilford,"Charlie Plummer, Eve Lindley, Rene Rosado, Mason Alexander Park, Robyn Lively, Alexander Alayon Jr.",https://www.filmcrave.com/movie_page_main.php?id=64448,Unknown
One Life,11464,2.8,4,03/15/2024,English,"Biography, Drama",PG,James Hawes,"Anthony Hopkins, Helena Bonham Carter, Romola Garai, Lena Olin, Jonathan Pryce, Johnny Flynn",https://www.filmcrave.com/movie_page_main.php?id=64449,Unknown
The Stolen Valley,0,0.0,0,02/23/2024,English,"Action, Western",PG-13,Jesse Edwards,"Briza Covarrubias, Allee Sutton Hethcoat, Micah Fitzgerald, Paula Miranda, Paulette Lamori, Oscar Balderrama",https://www.filmcrave.com/movie_page_main.php?id=64450,Unknown
I Am Paul Walker,0,0.0,0,08/11/2018,English,"Documentary, Biography",NR,Adrian Buitenhuis,"Paul Walker, Cheryl Crabtree Walker, Paul Walker III, Caleb Walker, Ashlie Walker, Rhett Walker",https://www.filmcrave.com/movie_page_main.php?id=64451,Unknown
Operation Napoleon,0,0.0,0,08/11/2023,Other,"Action, Thriller",NR,Óskar Thór Axelsson,"Vivian Ólafsdóttir, Jack Fox, Iain Glen, Wotan Wilke Möhring, Ólafur Darri Ólafsson, Atli Óskar Fjalarsson",https://www.filmcrave.com/movie_page_main.php?id=64452,Unknown
The Monkey King,0,0.0,0,08/11/2023,English,"Animation, Action",PG,Anthony Stacchi,"Jimmy O. Yang, Bowen Yang, Jolie Hoang-Rappaport, Jo Koy, Ron Yuan, Nan Li",https://www.filmcrave.com/movie_page_main.php?id=64453,Unknown
The Re-Education of Molly Singer,0,0.0,0,09/29/2023,English,Comedy,R,Andy Palmer,"Britt Robertson, Wendie Malick, Jaime Pressly, Ty Simpkins, Jonathan Lipnicki, Holland Roden",https://www.filmcrave.com/movie_page_main.php?id=64454,Unknown
