title,overall_rank,average_rating,number_reviews,theatrical_release_date,language,genre,mpaa_rating,director,actors,url,plot
She Had to Choose,47416,3.0,1,10/01/1934,English,Drama,NR,Ralph Ceder,"Buster Crabbe, Isabel Jewell, Sally Blane, Regis Toomey, Maidel Turner, Fuzzy Knight",https://www.filmcrave.com/movie_page_main.php?id=61455,Unknown
Dolittle,29722,1.8,14,01/17/2020,English,"Comedy, Family",PG,Stephen Gaghan,"Robert Downey Jr., Tom Holland, Michael Sheen, Rami Malek, Emma Thompson, Jessie Buckley",https://www.filmcrave.com/movie_page_main.php?id=61456,"Following the death of his wife, Dr. John Dolittle lives a secluded life behind the walls of his manor, keeping company with only the exotic animals he can understands and speak with. But he finds himself on the adventure of a lifetime when Queen Victoria falls gravely ill, and the reported cure waits on a mythical island that abounds with wondrous creatures. --"
"Man without Gravity, The ( uomo senza gravità, L' )",54185,3.0,1,11/01/2019,Italian,"Comedy, Drama",NR,Marco Bonfanti,"Elio Germano, Michela Cescon, Elena Cotta, Silvia D'Amico, Vincent Scarito, Pietro Pescara",https://www.filmcrave.com/movie_page_main.php?id=61457,Unknown
The Climb,6976,3.0,4,12/31/2020,English,"Comedy, Drama",R,Michael Angelo Covino,"Michael Angelo Covino, Kyle Marvin, Gayle Rankin, Judith Godrèche, Talia Balsam, George Wendt",https://www.filmcrave.com/movie_page_main.php?id=61458,Explores the enduring and tumultuous relationship between lifelong friends Mike and Kyle. --
Elsewhere,60217,2.0,1,11/14/2019,English,"Comedy, Drama",R,Hernan Jimenez,"Parker Posey, Beau Bridges, Jackie Tohn, Ken Jeong, Jacki Weaver, Kathleen Munroe",https://www.filmcrave.com/movie_page_main.php?id=61459,Unknown
The Grudge,28643,1.9,9,01/03/2020,English,Horror,R,Nicolas Pesce,"Betty Gilpin, Andrea Riseborough, Lin Shaye, John Cho, William Sadler, Jacki Weaver",https://www.filmcrave.com/movie_page_main.php?id=61460,"A single mother and her son, along with a detective investigating a murder, become new targets for the vengeful spirits of a cursed house that kills all who enter. --"
The Kingmaker,21465,3.3,2,11/01/2019,English,Documentary,R,Lauren Greenfield,Imelda Marcos,https://www.filmcrave.com/movie_page_main.php?id=61461,Unknown
Run This Town,60187,2.0,1,03/09/2019,English,Drama,R,Ricky Tollman,"Ben Platt, Nina Dobrev, Mena Massoud, Damian Lewis, Jennifer Ehle, Gil Bellows",https://www.filmcrave.com/movie_page_main.php?id=61462,Unknown
"Wedding of Palo, The ( Palos brudefærd )",25120,3.0,2,03/01/1937,Danish,"Drama, Romance",NR,Friedrich Dalsheim,"Thorvald Stauning, Herluf Zahle",https://www.filmcrave.com/movie_page_main.php?id=61463,Unknown
The Admiral's Secret,56116,2.0,1,08/06/1934,English,Comedy,NR,Guy Newall,"Edmund Gwenn, Aubrey Mather, James Raglan, Edgar Driver, Abraham Sofaer, Dorothy Black",https://www.filmcrave.com/movie_page_main.php?id=61464,Unknown
The Beast of Borneo,47385,3.0,1,04/14/1934,English,"Adventure, Comedy",NR,Harry Garson,"Mae Stuart, John Preston, Eugene Sigaloff, Alexander Schoenberg, Doris Brook, Val Duran",https://www.filmcrave.com/movie_page_main.php?id=61465,Unknown
A Scream in the Night,56143,2.0,1,01/01/1935,English,"Crime, Thriller",NR,Fred C. Newmeyer,"John Ince, Richard Cramer, Lon Chaney Jr., Sheila Terry, Manuel López, Philip Ahn",https://www.filmcrave.com/movie_page_main.php?id=61466,Unknown
Behind the Green Lights,47463,3.0,1,03/11/1935,English,"Crime, Drama",NR,Christy Cabanne,"Norman Foster, Judith Allen, Sidney Blackmer, Purnell Pratt, Theodore von Eltz, Ford Sterling",https://www.filmcrave.com/movie_page_main.php?id=61467,Unknown
The Church Mouse,47436,3.0,1,12/15/1934,English,"Comedy, Romance",NR,Monty Banks,"Laura La Plante, Ian Hunter, Edward Chapman, Jane Carr, Clifford Heatherley, John Batten",https://www.filmcrave.com/movie_page_main.php?id=61468,Unknown
Born to Gamble,47503,3.0,1,07/10/1935,English,"Drama, Romance",NR,Phil Rosen,"Onslow Stevens, H.B. Warner, Maxine Doyle, Eric Linden, Lois Wilson, William Janney",https://www.filmcrave.com/movie_page_main.php?id=61469,Unknown
Cheers of the Crowd,47510,3.0,1,08/05/1935,English,Drama,NR,Vin Moore,"Russell Hopton, Irene Ware, Harry Holman, Bradley Page, John Quillan, Wade Boteler",https://www.filmcrave.com/movie_page_main.php?id=61470,Unknown
Cheating Blondes,47346,3.0,1,05/01/1933,English,Mystery,NR,Joseph Levering,"Thelma Todd, Ralf Harolde, Inez Courtney, Milton Wallis, Mae Busch, Earl McCarthy",https://www.filmcrave.com/movie_page_main.php?id=61471,Unknown
Flirtation,47424,3.0,1,11/09/1934,English,"Drama, Romance",NR,Leo Birinsky,"Jeanette Loff, Ben Alexander, Arthur Tracy, Emma Dunn, Franklin Pangborn, Helen MacKellar",https://www.filmcrave.com/movie_page_main.php?id=61472,Unknown
Everything's Ducky,47420,3.0,1,10/19/1934,English,Comedy,NR,Ben Holmes,"Bobby Clark, Paul McCullough, Eddie Gribbon, Joyce Compton, Maude Truax, Phil Dunham",https://www.filmcrave.com/movie_page_main.php?id=61473,Unknown
Black Oxen,47237,3.0,1,01/01/1924,English,"Drama, Romance",NR,Frank Lloyd,"Corinne Griffith, Conway Tearle, Tom Ricketts, Clara Bow, Kate Lester, Tom Guise",https://www.filmcrave.com/movie_page_main.php?id=61474,Unknown
The Average Woman,47238,3.0,1,03/01/1924,English,Drama,NR,Christy Cabanne,"Pauline Garon, David Powell, Harrison Ford, Burr McIntosh, Russell Griffin, Coit Albertson",https://www.filmcrave.com/movie_page_main.php?id=61475,Unknown
The Pace That Kills,40370,2.3,2,12/01/1928,English,Drama,NR,"William A. O'Connor, Norton S. Parker","Owen Gorin, Thelma Daniels, Florence Turner, Florence Dudley, Harry Todd, Arnold Dallas",https://www.filmcrave.com/movie_page_main.php?id=61476,Unknown
Street of Forgotten Women,43475,2.0,2,08/18/1927,English,Drama,NR,Norton S. Parker,Unknown,https://www.filmcrave.com/movie_page_main.php?id=61477,Unknown
The Road to Ruin,40366,2.3,2,03/23/1928,English,Drama,NR,Norton S. Parker,"Helen Foster, Grant Withers, Florence Turner, Charles Miller, Virginia Roye, Thomas Carr",https://www.filmcrave.com/movie_page_main.php?id=61478,Unknown
Get That Man,47504,3.0,1,07/11/1935,English,Drama,NR,Spencer Gordon Bennet,"Wallace Ford, Finis Barton, E. Alyn Warren, Leon Ames, Lillian Miles, Laura Treadwell",https://www.filmcrave.com/movie_page_main.php?id=61479,Unknown
The Silent Passenger,47494,3.0,1,06/20/1935,English,"Crime, Mystery",NR,Reginald Denham,"John Loder, Peter Haddon, Lilian Oldland, Donald Wolfit, Austin Trevor, Leslie Perrins",https://www.filmcrave.com/movie_page_main.php?id=61480,Unknown
August Weekend,47553,3.0,1,02/18/1936,English,Drama,NR,Charles Lamont,"Valerie Hobson, Paul Harvey, G.P. Huntley, Betty Compson, Frank Melton, Edgar Norton",https://www.filmcrave.com/movie_page_main.php?id=61481,Unknown
Dancing Pirate,43577,2.0,2,05/22/1936,English,"Adventure, Comedy",NR,Lloyd Corrigan,"Charles Collins, Frank Morgan, Steffi Duna, Luis Alberni, Victor Varconi, Jack La Rue",https://www.filmcrave.com/movie_page_main.php?id=61482,Unknown
Follow Your Heart,47597,3.0,1,08/11/1936,English,Musical,NR,Aubrey Scotto,"Marion Talley, Michael Bartlett, Nigel Bruce, Luis Alberni, Henrietta Crosman, Vivienne Osborne",https://www.filmcrave.com/movie_page_main.php?id=61483,Unknown
I'll Name the Murderer,47547,3.0,1,01/27/1936,English,"Comedy, Crime",NR,Raymond K. Johnson,"Ralph Forbes, Marion Shilling, Malcolm McGregor, James Guilfoyle, John Cowell, William Bailey",https://www.filmcrave.com/movie_page_main.php?id=61484,Unknown
Mister Cinderella,47616,3.0,1,10/23/1936,English,Comedy,NR,Edward Sedgwick,"Jack Haley, Betty Furness, Arthur Treacher, Raymond Walburn, Robert McWade, Rosina Lawrence",https://www.filmcrave.com/movie_page_main.php?id=61485,Unknown
Prison Shadows,47591,3.0,1,07/18/1936,English,"Crime, Drama",NR,Robert F. Hill,"Edward J. Nugent, Lucille Lund, Joan Barclay, Forrest Taylor, Syd Saylor, Monte Blue",https://www.filmcrave.com/movie_page_main.php?id=61486,Unknown
Stars on Parade,56220,2.0,1,01/01/1936,English,Musical,NR,"Oswald Mitchell, Challis Sanderson","Sam Barton, Mabel Constanduros, Kitty McShane, Horace Goldin, Syd Harrison, Raymond Baird",https://www.filmcrave.com/movie_page_main.php?id=61487,Unknown
The Avenging Hand,56270,2.0,1,09/28/1936,English,"Crime, Drama",NR,"Frank Richardson, Victor Hanbury","Noah Beery, Kathleen Kelly, Louis Borel, Charles Oliver, Reginald Long, Penelope Parkes",https://www.filmcrave.com/movie_page_main.php?id=61488,Unknown
The Drag-Net,47568,3.0,1,04/15/1936,English,"Crime, Drama",NR,Vin Moore,"Rod La Rocque, Marian Nixon, Betty Compson, Jack Adair, John Dilson, Edward Keane",https://www.filmcrave.com/movie_page_main.php?id=61489,Unknown
"Circus, The ( Tsirk )",56249,2.0,1,05/25/1936,Russian,"Comedy, Musical",NR,"Grigoriy Aleksandrov, Isidor Simkov","Lyubov Orlova, Evgeniya Melnikova, Vladimir Volodin, Sergey Stolyarov, Pavel Massalsky, Aleksandr Komissarov",https://www.filmcrave.com/movie_page_main.php?id=61490,Unknown
Tundra,47601,3.0,1,08/25/1936,English,Adventure,NR,"Norman Dawn, Fred R. Feitshans Jr.","Alfred Delcambre, Merrill McCormick, Jack Santos, Frank Baker, Earl Dwire, Wally Howes",https://www.filmcrave.com/movie_page_main.php?id=61491,Unknown
Radioflash,44975,2.0,2,11/15/2019,English,"Drama, Thriller",NR,Ben McPherson,"Brighton Sharbino, Dominic Monaghan, Will Patton, Fionnula Flanagan, Miles Anderson, Michael Filipowich",https://www.filmcrave.com/movie_page_main.php?id=61492,Unknown
Cold Brook,42083,2.3,2,10/15/2018,English,Drama,NR,William Fichtner,"Harold Perrineau, William Fichtner, Robin Weigert, Kim Coates, Mary Lynn Rajskub, Brad William Henke",https://www.filmcrave.com/movie_page_main.php?id=61493,Unknown
Crazy Right,53981,3.0,1,10/13/2018,English,"Drama, Romance",NR,Ian Stewart Fowler,"Patrick D. Green, Lindsae Klein, Dennis Fitzpatrick, Michael Draper, Ian Stout, Whitney Crittenden",https://www.filmcrave.com/movie_page_main.php?id=61494,Unknown
American Son,60216,2.0,1,11/01/2019,English,Drama,NR,Kenny Leon,"Kerry Washington, Jeremy Jordan, Steven Pasquale, Eugene Lee",https://www.filmcrave.com/movie_page_main.php?id=61495,Unknown
Adopt a Highway,7701,3.2,3,11/01/2019,English,Drama,NR,Logan Marshall-Green,"Ethan Hawke, Chris Sullivan, Christopher Heyerdahl, Mo McRae, Elaine Hendrix, Betty Gabriel",https://www.filmcrave.com/movie_page_main.php?id=61496,Unknown
Peter Rabbit 2: The Runaway,26489,2.1,5,07/02/2021,English,"Animation, Adventure",PG,Will Gluck,"Margot Robbie, James Corden, Elizabeth Debicki, Rose Byrne, Daisy Ridley, Domhnall Gleeson",https://www.filmcrave.com/movie_page_main.php?id=61497,"Thomas and Bea are now happily married and live with Peter Rabbit and his family. But when Peter decides to leave the farm life behind for the big city, he creates chaos for everyone. --"
Bloodshot,29397,1.8,19,03/13/2020,English,"Action, Drama",PG-13,Dave Wilson,"Vin Diesel, Sam Heughan, Guy Pearce, Eiza González, Toby Kebbell, Talulah Riley",https://www.filmcrave.com/movie_page_main.php?id=61498,"Marine Ray Garrison, along with his wife, are killed by an assassin but Ray finds new life when scientists, utilizing nanotechnology, bring him back as the ultimate killing machine: Bloodshot. Training with fellow supersoldiers and with no recollection of his past, as memories slowly return, he becomes hellbent on seeking revenge - not knowing the conspiracy goes much deeper than he expects. --"
Let It Snow,33614,2.0,4,11/08/2019,English,"Comedy, Romance",PG-13,Luke Snellin,"Isabela Moner, Kiernan Shipka, Joan Cusack, Odeya Rush, Jacob Batalon, Shameik Moore",https://www.filmcrave.com/movie_page_main.php?id=61499,Unknown
Trauma Center,43152,1.7,3,12/06/2019,English,"Action, Thriller",R,Matt Eskandari,"Bruce Willis, Nicky Whelan, Steve Guttenberg, Tito Ortiz, Texas Battle, Lynn Gilmartin",https://www.filmcrave.com/movie_page_main.php?id=61500,Unknown
The Islands,54197,3.0,1,12/06/2019,English,Adventure,NR,Timothy A. Chey,"Teuira Shanti Napa, Mira Sorvino, Ricky Sua'ava, John Savage, Michael Camp, Malia Marquez",https://www.filmcrave.com/movie_page_main.php?id=61501,Unknown
The Photograph,11979,2.6,6,02/14/2020,English,"Drama, Romance",PG-13,Stella Meghie,"Chelsea Peretti, LaKeith Stanfield, Kingsley Ben-Adir, Courtney B. Vance, Kelvin Harrison Jr., Issa Rae",https://www.filmcrave.com/movie_page_main.php?id=61502,Unknown
Burden,19053,2.3,6,02/28/2020,English,Drama,R,Andrew Heckler,"Andrea Riseborough, Garrett Hedlund, Forest Whitaker, Tess Harper, Usher Raymond, Tom Wilkinson",https://www.filmcrave.com/movie_page_main.php?id=61503,"A rising member of the Ku Klux Klan, who opens up a museum and shop in Laurens, SC. finds himself falling love - and leaving the his old life behind. But after starting a new family, the Klan isn't ready to leave him behind - and he finds solace when an African American Reverend takes them in. --"
The Dead Center,26350,3.0,2,09/21/2018,English,"Horror, Mystery",NR,Billy Senese,"Shane Carruth, Poorna Jagannathan, Jeremy Childs, Bill Feehely, Andy McPhee, Rachel Agee",https://www.filmcrave.com/movie_page_main.php?id=61504,Unknown
Dolemite is My Name,1719,3.1,15,10/25/2019,English,"Biography, Comedy",R,Craig Brewer,"Eddie Murphy, Keegan-Michael Key, Kodi Smit-McPhee, Wesley Snipes, Craig Robinson, Chris Rock",https://www.filmcrave.com/movie_page_main.php?id=61505,Unknown
Tall Girl,28500,2.3,3,09/13/2019,English,Comedy,NR,Nzingha Stewart,"Ava Michelle, Griffin Gluck, Sabrina Carpenter, Paris Berelc, Luke Eisner, Clara Wilsey",https://www.filmcrave.com/movie_page_main.php?id=61506,Unknown
Shark Attack 3: Megalodon,45386,1.5,3,04/14/2003,English,"Action, Historical",R,David Worth,"John Barrowman, Jenny McShane, Ryan Cutrona, George Stanchev, Pavlin Kemilev, Ivo Tonchev",https://www.filmcrave.com/movie_page_main.php?id=61507,Unknown
"Golden Glove, The ( goldene Handschuh, Der )",10940,3.0,3,09/27/2019,German,"Crime, Horror",NR,Fatih Akin,"Jonas Dassler, Margarete Tiesel, Katja Studt, Adam Bousdoukos, Marc Hosemann, Martina Eitner-Acheampong",https://www.filmcrave.com/movie_page_main.php?id=61508,Unknown
10 Minutes Gone,54162,3.0,1,09/27/2019,English,"Action, Crime",R,Brian A. Miller,"Bruce Willis, Michael Chiklis, Meadow Williams, Kyle Schmid, Texas Battle, Lydia Hull",https://www.filmcrave.com/movie_page_main.php?id=61509,Unknown
War,54165,3.0,1,10/02/2019,Hindi,"Action, Thriller",NR,Siddharth Anand,"Hrithik Roshan, Tiger Shroff, Vaani Kapoor, Ashutosh Rana, Anupriya Goenka, Yash Raaj Singh",https://www.filmcrave.com/movie_page_main.php?id=61510,Unknown
Wrinkles the Clown,38256,2.5,2,10/04/2019,English,"Documentary, Comedy",NR,Michael Beach Nichols,"D.B. Lambert, Christopher Barcia, Benjamin Radford, Jarrett Wideman, Trevor J. Blank, George Holden",https://www.filmcrave.com/movie_page_main.php?id=61511,Unknown
"Climbers, The ( Pan deng zhe )",54167,3.0,1,10/04/2019,Mandarin,"Action, Drama",NR,Daniel Lee,"Jing Wu, Ziyi Zhang, Boran Jing, Yi Zhang, Ge Hu, Jackie Chan",https://www.filmcrave.com/movie_page_main.php?id=61512,Unknown
The Parts You Lose,14932,2.6,4,10/04/2019,English,"Action, Thriller",NR,Christopher Cantwell,"Mary Elizabeth Winstead, Aaron Paul, Scoot McNairy, Kristen Harris, Danny Murphy, Jane Wu",https://www.filmcrave.com/movie_page_main.php?id=61513,Unknown
Gift,38258,2.5,2,10/11/2019,English,Documentary,NR,Robin McKenna,"Marcus Alfred, Wayne Alfred, Giorgio De Finis, Mingwei Lee",https://www.filmcrave.com/movie_page_main.php?id=61514,Unknown
High Strung Free Dance,54172,3.0,1,10/11/2019,English,Romance,PG,Michael Damian,"Thomas Doherty, Jane Seymour, Juliet Doherty, Harry Jarvis, Ace Bhatti, Kika Markham",https://www.filmcrave.com/movie_page_main.php?id=61515,Unknown
Ben & Arthur,46491,1.8,2,01/02/2003,English,"Drama, Romance",NR,Sam Mraovich,"Sam Mraovich, Jamie Brett Gabel, Michael Haboush, Bill Hindley, Julie M. Zimmerman, Gina Aguilar",https://www.filmcrave.com/movie_page_main.php?id=61516,Unknown
The Shed,42115,2.3,2,11/15/2019,English,Horror,NR,Frank Sabatella,"Jay Jay Warren, Cody Kostro, Sofia Happonen, Frank Whaley, Timothy Bottoms, Siobhan Fallon Hogan",https://www.filmcrave.com/movie_page_main.php?id=61517,Unknown
Olivia,48218,3.0,1,04/08/1954,French,Drama,NR,Jacqueline Audry,"Edwige Feuillère, Simone Simon, Marie-Claire Olivia, Yvonne de Bray, Suzanne Dehelly, Marina de Berg",https://www.filmcrave.com/movie_page_main.php?id=61518,Unknown
Little Joe,8443,2.8,6,12/06/2019,English,"Drama, Sci-Fi",NR,Jessica Hausner,"Emily Beecham, Ben Whishaw, Kerry Fox, Kit Connor, Phénix Brossard, Leanne Best",https://www.filmcrave.com/movie_page_main.php?id=61519,"Alice is a dutiful single mother as well as an expert plant breeder for a corporation that develops new species. A new plant she has engineered, a crimson flower, is both beautiful and beneficial: at the right temperature as well as regular feeding and communication, the flower makes its owner happy. Against policy, she takes a sample home for her son, Joe - thus ""Little Joe"" is born but as the flower grows, she begins to suspect the benign natures hides a sinister secret. --"
Weathering with You ( Tenki no ko ),3529,3.0,8,01/17/2020,Japanese,"Anime, Fantasy",PG-13,Makoto Shinkai,"Kotaro Daigo, Nana Mori, Tsubasa Honda, Sakura Kiryu, Chieko Baishô, Ryô Narita",https://www.filmcrave.com/movie_page_main.php?id=61520,Unknown
Sorry We Missed You,5365,3.0,5,03/20/2020,English,Drama,Unknown,Ken Loach,"Kris Hitchen, Debbie Honeywood, Katie Proctor, Rhys Stone, Alfie Dobson, Julian Ions",https://www.filmcrave.com/movie_page_main.php?id=61521,Unknown
The Way Back,9268,2.5,15,03/06/2020,English,"Drama, Sport",R,Gavin O'Connor,"Ben Affleck, Janina Gavankar, Da'Vinchi, Hayes MacArthur, Rachael Carpani, T.K. Carter",https://www.filmcrave.com/movie_page_main.php?id=61522,"A former High School standout, Jack Cunningham's life has not turned out as he wanted, as her turns to alcoholism. But he has a chance at redemption when his alma mater offers him a coaching job and, as the team begins winning, it gives him a chance to face his demons. --"
First Cow,3880,3.0,7,03/06/2020,English,Drama,PG-13,Kelly Reichardt,"Alia Shawkat, Scott Shepherd, Toby Jones, Rene Auberjonois, John Magaro, Ewen Bremner",https://www.filmcrave.com/movie_page_main.php?id=61523,A loner cook finds his path taking him far to the west where he falls in with a group of fur trappers in the Oregon Territory. The only person he finds himself making any meaningful connection with is a Chinese immigrant. The two men decide to run a business together - but the entire operation hinges on a wealthy landowner allowing them access to a prized milking cow. --
Soul,484,3.2,32,12/25/2020,English,"Animation, Adventure",PG,"Pete Docter, Kemp Powers","Tina Fey, Jamie Foxx, Alice Braga, Richard Ayoade, Graham Norton, Rachel House",https://www.filmcrave.com/movie_page_main.php?id=61524,"A musician finds his passion for music waning and then he finds himself without a body. Now he must rely on the help of an infant soul, still learning about herself, in order to return back to himself. --"
Fatherhood,7987,2.7,10,06/18/2021,English,Drama,PG-13,Paul Weitz,"Paul Reiser, Alfre Woodard, Kevin Hart, Anthony Carrigan, DeWanda Wise, Lil Rel Howery",https://www.filmcrave.com/movie_page_main.php?id=61525,"After the sudden death of his wife shortly after giving birth, Matt realizes he will have to pull himself together and raise his newborn daughter on his own. --"
Love and Monsters,6290,2.7,18,10/16/2020,English,"Adventure, Comedy",PG-13,Michael Matthews,"Dylan O'Brien, Jessica Henwick, Michael Rooker, Ariana Greenblatt, Dan Ewing, Ellen Hollman",https://www.filmcrave.com/movie_page_main.php?id=61526,"Mankind may have destroyed a world-ending meteor - but the fallout also unleashed genetic mutations causing common insects and amphibians to mutate into killing machines. Seven years later, Joel is living in a bunker and hardly contributing due to his lack of combat skills and preignition to freeze when in trouble. But when he manages to contact the love of his life, Aimee, in a sea-side colony 80 miles away, he throws all caution and logic to the wind in order to reunite with her. --"
Cotton Queen,56329,2.0,1,10/11/1937,English,Comedy,NR,"Bernard Vorhaus, Joe Rock","Will Fyffe, Stanley Holloway, Mary Lawson, Jimmy Hanley, Helen Haye, Marcelle Rogez",https://www.filmcrave.com/movie_page_main.php?id=61527,Unknown
"Broken Jug, The ( zerbrochene Krug, Der )",56351,2.0,1,01/14/1938,German,Comedy,NR,"Gustav Ucicky, Emil Jannings","Emil Jannings, Friedrich Kayßler, Max Gülstorff, Lina Carstens, Angela Salloker, Bruno Hübner",https://www.filmcrave.com/movie_page_main.php?id=61528,Unknown
"Bizarre, Bizarre ( Drôle de drame )",56420,2.0,1,03/20/1939,French,Comedy,NR,Marcel Carné,"Louis Jouvet, Françoise Rosay, Michel Simon, Jean-Pierre Aumont, Jean-Louis Barrault, Nadine Vogel",https://www.filmcrave.com/movie_page_main.php?id=61529,Unknown
Gasparone,56364,2.0,1,03/11/1938,German,"Comedy, Musical",NR,Georg Jacoby,"Marika Rökk, Johannes Heesters, Heinz Schorlemmer, Edith Schollwer, Oskar Sima, Leo Slezak",https://www.filmcrave.com/movie_page_main.php?id=61530,Unknown
By the Grace of God ( Grâce à Dieu ),54178,3.0,1,10/18/2019,French,"Crime, Drama",NR,François Ozon,"Melvil Poupaud, Denis Ménochet, Swann Arlaud, Éric Caravaca, François Marthouret, Bernard Verley",https://www.filmcrave.com/movie_page_main.php?id=61531,Unknown
The Barkley Marathons: The Race That Eats Its Young,52109,3.0,1,10/26/2014,English,"Documentary, Adventure",NR,"Annika Iltis, Timothy James Kane","Lazarus Lake, Gary Cantrell",https://www.filmcrave.com/movie_page_main.php?id=61532,Unknown
Falling Inn Love,54142,3.0,1,08/29/2019,English,"Comedy, Romance",NR,Roger Kumble,"Christina Milian, Adam Demos, Jeffrey Bowyer-Chapman, Anna Jullienne, Claire Chitham, Blair Strang",https://www.filmcrave.com/movie_page_main.php?id=61533,Unknown
The King,4698,2.8,13,11/01/2019,English,"Biography, Drama",R,David Michôd,"Robert Pattinson, Timothée Chalamet, Lily-Rose Depp, Joel Edgerton, Thomasin McKenzie, Ben Mendelsohn",https://www.filmcrave.com/movie_page_main.php?id=61534,Unknown
A Dogwalker's Christmas Tale,52476,3.0,1,11/10/2015,English,"Comedy, Drama",NR,Letia Clouston,"Jonathan Bennett, Lexi Giovagnoli, Dina Meyer, Patrick Muldoon, Jennifer Joseph, Timeca M. Seretti",https://www.filmcrave.com/movie_page_main.php?id=61535,Unknown
"Awakening of Motti Wolkenbruch, The ( Wolkenbruchs wunderliche Reise in die Arme einer Schickse )",54179,3.0,1,10/25/2019,German,"Comedy, Drama",NR,Michael Steiner,"Joel Basman, Noémie Schmidt, Meytal Gal, Lena Kalisch, Udo Samel, Sunnyi Melles",https://www.filmcrave.com/movie_page_main.php?id=61536,Unknown
Meet the Boy Friend,47668,3.0,1,04/12/1937,English,"Comedy, Romance",NR,Ralph Staub,"Robert Paige, Carol Hughes, Warren Hymer, Pert Kelton, Andrew Tombes, Gwili Andre",https://www.filmcrave.com/movie_page_main.php?id=61537,Unknown
Big Dame Hunting,47298,3.0,1,01/16/1932,English,Comedy,NR,George Marshall,"Ned Sparks, James Donlan, Lew Kelly, Betty Farrington, Elise Cavanna, Isabel La Mal",https://www.filmcrave.com/movie_page_main.php?id=61538,Unknown
Paradise Express,47652,3.0,1,02/22/1937,English,"Action, Crime",NR,Joseph Kane,"Grant Withers, Dorothy Appleby, Arthur Hoyt, Maude Eburne, Harry Davenport, Donald Kirke",https://www.filmcrave.com/movie_page_main.php?id=61539,Unknown
Better Days ( Shao nian de ni ),11513,2.8,4,11/08/2019,Mandarin,"Drama, Romance",NR,Derek Tsang,"Dongyu Zhou, Jackson Yee, Fang Yin, Jue Huang, Yue Wu, Yao Zhang",https://www.filmcrave.com/movie_page_main.php?id=61540,"Set around the Chinese gaokao- a two-day national college exam that determines the future for millions of students, Chen Nian, a relentlessly bullied female student, under crushing pressure, starts a relationship with a small-time criminal leading down a dangerous path. --"
Clemency,6708,2.9,5,12/27/2019,English,Drama,R,Chinonye Chukwu,"Alfre Woodard, Vernee Watson, LaMonica Garrett, Richard Schiff, Aldis Hodge, Wendell Pierce",https://www.filmcrave.com/movie_page_main.php?id=61541,"Prison warden Bernadine Williams has carried out year of executions - something which has taken a toll on her psychologically and emotionally. With yet another execution scheduled, everything comes to the surface as she finds herself connecting with the man whose life she holds in her hands. --"
Museo,38212,2.5,2,09/14/2018,Spanish,"Crime, Drama",NR,Alonso Ruizpalacios,"Gael García Bernal, Simon Russell Beale, Lynn Gilmartin, Bernardo Velasco, Lisa Owen, Leonardo Ortizgris",https://www.filmcrave.com/movie_page_main.php?id=61542,Unknown
Time is My Enemy,48304,3.0,1,05/24/1957,English,"Crime, Drama",NR,Don Chaffey,"Dennis Price, Renée Asherson, Patrick Barr, Duncan Lamont, Susan Shaw, Bonar Colleano",https://www.filmcrave.com/movie_page_main.php?id=61543,Unknown
Time Lock,48308,3.0,1,08/27/1957,English,Thriller,NR,Gerald Thomas,"Robert Beatty, Lee Patterson, Betty McDowall, Vincent Winter, Robert Ayres, Alan Gifford",https://www.filmcrave.com/movie_page_main.php?id=61544,Unknown
"Circle, The ( Vicious Circle, The )",48357,3.0,1,04/15/1959,English,"Crime, Mystery",NR,Gerald Thomas,"John Mills, Derek Farr, Noelle Middleton, Wilfrid Hyde-White, Roland Culver, Mervyn Johns",https://www.filmcrave.com/movie_page_main.php?id=61545,Unknown
The Banker,10941,3.0,3,12/06/2019,English,Drama,PG-13,George Nolfi,"Samuel L. Jackson, Nia Long, Nicholas Hoult, Anthony Mackie, Jessie T. Usher, Colm Meaney",https://www.filmcrave.com/movie_page_main.php?id=61546,Unknown
The Great War,60192,2.0,1,04/07/2019,English,"War, Drama",R,Steven Luke,"Ron Perlman, Billy Zane, Bates Wilder, Edgar Damatian, Wade Everett, Hiram A. Murray",https://www.filmcrave.com/movie_page_main.php?id=61547,Unknown
The Host,45470,1.5,3,01/17/2020,English,"Crime, Mystery",R,Andy Newbery,"Maryam Hassouni, Mike Beckingham, Dougie Poynter, Nigel Barber, Suan-Li Ong, Togo Igawa",https://www.filmcrave.com/movie_page_main.php?id=61548,Unknown
Samurai Cop,43239,1.5,4,11/30/1991,English,"Action, Crime",NR,Amir Shervan,"Robert Z'Dar, Mathew Karedas, Janis Farley, Mark Frazer, Melissa Moore, Gerald Okamura",https://www.filmcrave.com/movie_page_main.php?id=61549,Unknown
Rose of Tralee,56397,2.0,1,10/21/1938,English,Musical,NR,Oswald Mitchell,"Grenville Darling, Harry Adnes, Hamilton Keene, Jack Lester, Patrick Ludlow, Scott Harrold",https://www.filmcrave.com/movie_page_main.php?id=61550,Unknown
Swing It Professor,47659,3.0,1,03/13/1937,English,"Comedy, Musical",NR,Marshall Neilan,"Pinky Tomlin, Paula Stone, Milburn Stone, Mary Kornman, Bill Elliott, Pat Gleason",https://www.filmcrave.com/movie_page_main.php?id=61551,Unknown
The Last Adventurers,47723,3.0,1,10/28/1937,English,"Drama, Romance",NR,Roy Kellino,"Niall MacGinnis, Roy Emerton, Linden Travers, Peter Gawthorne, Kay Walsh, Johnnie Schofield",https://www.filmcrave.com/movie_page_main.php?id=61552,Unknown
The Penny Pool,56296,2.0,1,01/01/1937,English,Comedy,NR,George Black,"Douglas Wakefield, Billy Nelson, Chuck O'Neil, Jack Butler, Louanne Shaw, Tommy Fields",https://www.filmcrave.com/movie_page_main.php?id=61553,Unknown
Color Out of Space,5178,2.8,16,09/20/2019,English,"Horror, Sci-Fi",NR,Richard Stanley,"Nicolas Cage, Joely Richardson, Q'orianka Kilcher, Elliot Knight, Tommy Chong, Julian Hilliard",https://www.filmcrave.com/movie_page_main.php?id=61554,Unknown
Wendy,15600,2.5,5,02/28/2020,English,"Drama, Fantasy",PG-13,Benh Zeitlin,"Devin France, Yashua Mack, Gage Naquin, Gavin Naquin, Ahmad Cage, Shay Walker",https://www.filmcrave.com/movie_page_main.php?id=61555,"An updated take on a classic tale as Wendy finds herself with a ragtag group in a mysterious place where time and age are unglued. Wendy searches for her family, and also her freedom, all while trying to keep the spirit of youth intact from the perils of adulthood. --"
The Invisible Man,1990,2.9,36,02/28/2020,English,"Horror, Sci-Fi",R,Leigh Whannell,"Elisabeth Moss, Oliver Jackson-Cohen, Aldis Hodge, Storm Reid, Harriet Dyer, Sam Smith",https://www.filmcrave.com/movie_page_main.php?id=61556,"Cecilia suffered years of abuse from her her ex, who she finds out has committed suicide, leaving her with his money. But she soon suspects his death is a con, as a series of coincidences soon turns lethal and she is sure something unseen is hunting her. --"
Coming 2 America,23480,2.0,13,03/05/2021,English,Comedy,PG-13,Craig Brewer,"Eddie Murphy, Wesley Snipes, James Earl Jones, Luenell, Arsenio Hall, Garcelle Beauvais",https://www.filmcrave.com/movie_page_main.php?id=61557,"Prince - soon to be King - Akeem must travel back to America, with his faithful friend and aide, Semmi in order to track down a long-lost son in Queens in order to prepare him to take on the mantle as a prince of Zamunda. --"
"Bikram: Yogi, Guru, Predator",33104,2.8,2,11/19/2019,English,"Documentary, Crime",NR,Eva Orner,"Bikram Choudhury, Sarah Baughn, Micki Jafa-Bodden",https://www.filmcrave.com/movie_page_main.php?id=61558,Unknown
Grand Isle,45469,1.5,3,12/06/2019,English,"Action, Thriller",R,Stephen S. Campanelli,"Nicolas Cage, Kelsey Grammer, KaDee Strickland, Luke Benward, Emily Marie Palmer, Beatrice Hernandez",https://www.filmcrave.com/movie_page_main.php?id=61559,Unknown
Hell on the Border,54201,3.0,1,12/13/2019,English,"Adventure, Western",R,Wes Miller,"Ron Perlman, Frank Grillo, Zahn McClarnon, David Gyasi, Randy Wayne, Manu Intiraymi",https://www.filmcrave.com/movie_page_main.php?id=61560,Unknown
The Knight Before Christmas,54191,3.0,1,11/21/2019,English,Comedy,Unknown,Monika Mitchell,"Emmanuelle Chriqui, Vanessa Hudgens, Josh Whitehouse, Harry Jarvis, Ella Kenion, Jacob Soley",https://www.filmcrave.com/movie_page_main.php?id=61561,Unknown
Knives and Skin,54198,3.0,1,12/06/2019,English,Drama,NR,Jennifer Reeder,"Kate Arrington, Tim Hopper, Marika Engelhardt, Tony Fitzpatrick, James Vincent Meredith, Audrey Francis",https://www.filmcrave.com/movie_page_main.php?id=61562,Unknown
Use Me,54096,3.0,1,06/02/2019,English,Thriller,NR,Julian Shaw,"Ceara Lynch, Julian Shaw, Jazlyn Yoder, Sarah Armanious, Lilith Astaroth, Jonathon Green",https://www.filmcrave.com/movie_page_main.php?id=61563,Unknown
Blumhouse's Fantasy Island,34100,1.7,14,02/14/2020,English,"Comedy, Horror",PG-13,Jeff Wadlow,"Maggie Q, Michael Peña, Portia Doubleday, Kim Coates, Lucy Hale, Michael Rooker",https://www.filmcrave.com/movie_page_main.php?id=61564,"A twisted take on the classic setup - the mysterious Mr. Roarke has an island that can make dreams come true - but when those dreams turn to nightmares, guests will have to solve the island's mysteries in order to escape. --"
En Brazos de un Asesino,54195,3.0,1,12/06/2019,Spanish,"Romance, Thriller",R,Matías Moltrasio,"William Levy, Alicia Sanz, Adrián Lastra, Roberto Sosa, Jean Jean, Ettore D'Alessandro",https://www.filmcrave.com/movie_page_main.php?id=61565,"Victor Faust is handsome, seductive and very dangerous. Behind his smooth-talking exterior beats the heart of a cold-blooded killer, a world-class assassin who will do anything for money. Thus he finds himself working for a brutal drug lord and, when he goes to collect his most recent payment, grabs the attention of Sarai, a beautiful woman who has been under the thumb of the kingpin for nine years. Seeking escape, she hides in Victor's car when he leaves - only to find she has only traded one monster for another. Yet something about her begins to break down the walls of Victor's heart and as the drug lord and his men close in, he can't help but try to save Sarai. --"
Seberg,38265,2.5,2,12/13/2019,English,"Biography, Drama",R,Benedict Andrews,"Kristen Stewart, Margaret Qualley, Zazie Beetz, Jade Pettyjohn, Vince Vaughn, Anthony Mackie",https://www.filmcrave.com/movie_page_main.php?id=61566,"Based on the true story of Jean Seberg, darling of the French New Wave and star of Breathless who came under scrutiny of Hoover's FBI in the late 1960s when she became involved with civil rights activist Hakim Jamal. --"
Beyond the Law,60221,2.0,1,12/06/2019,English,Action,NR,James Cullen Bressack,"Johnny Messner, Steven Seagal, DMX, Bill Cobbs, Zack Ward, Randy Charach",https://www.filmcrave.com/movie_page_main.php?id=61567,Unknown
Holiday Rush,60219,2.0,1,11/28/2019,English,"Comedy, Romance",NR,Leslie Small,"Stormi Maya, Sonequa Martin-Green, La La Anthony, Tamala Jones, Romany Malco, Deon Cole",https://www.filmcrave.com/movie_page_main.php?id=61568,Unknown
The SpongeBob Movie: Sponge on the Run,26782,2.0,8,12/31/2021,English,"Animation, Comedy",PG,Tim Hill,"Tom Kenny, Bill Fagerbakke, Clancy Brown, Awkwafina, Lori Alan, Mr. Lawrence",https://www.filmcrave.com/movie_page_main.php?id=61569,"Set before the events of the television series, SpongeBob visits Kamp Koral where he meets some new friends, including the loveable Patrick but things take a dastardly turn when his pet snail, Gary, it kidnapped by none other than Poseidon. The two new friends embark on an adventure to the Lost City of Atlantic City in order to save him and thwart Poseidon's plans. --"
Black Adam,20341,2.1,21,10/21/2022,English,"Action, Sci-Fi",PG-13,Jaume Collet-Serra,"Dwayne Johnson, Noah Centineo, Sarah Shahi, Pierce Brosnan, Aldis Hodge, Quintessa Swindell",https://www.filmcrave.com/movie_page_main.php?id=61570,"After 5000, a slave bestowed with the power of the gods is finally freed and Black Adam vows to bow to no one ever again. In present day, he will have to decide whether his path will lead to the world's salvation or destruction. --"
After Class ( Safe Spaces ),54193,3.0,1,12/06/2019,English,Unknown,Unknown,Daniel Schechter,"Justin Long, Fran Drescher, Richard Schiff, Kate Berlant, Camrus Johnson, Becky Ann Baker",https://www.filmcrave.com/movie_page_main.php?id=61571,Unknown
Line of Descent,54202,3.0,1,12/13/2019,Hindi,"Crime, Drama",NR,Rohit Karn Batra,"Brendan Fraser, Prem Chopra, Abhay Deol, Ronit Roy, Neeraj Kabi, Ali Haji",https://www.filmcrave.com/movie_page_main.php?id=61572,Unknown
Mind Games,49504,3.0,1,03/03/1989,English,Thriller,R,Bob Yari,"Maxwell Caulfield, Edward Albert, Shawn Weatherly, Matt Norero",https://www.filmcrave.com/movie_page_main.php?id=61573,Unknown
Olympic Dreams,54222,3.0,1,02/14/2020,English,"Comedy, Romance",PG-13,Jeremy Teicher,"Gus Kenworthy, Nick Kroll, Alexi Pappas, Morgan Schild",https://www.filmcrave.com/movie_page_main.php?id=61574,Unknown
Saint Maud,4490,2.9,9,12/31/2019,English,Horror,R,Rose Glass,"Jennifer Ehle, Morfydd Clark, Turlough Convery, Lily Frazer, Lily Knight, Marcus Hutton",https://www.filmcrave.com/movie_page_main.php?id=61575,"Hospice nurse Maud, recently converted to Roman Catholicism, finds herself becoming dangerously infatuated with her new charge, a former dancer named Amanda, and soon becomes convinced she is being possessed. --"
Santa In Training,54203,3.0,1,12/13/2019,English,"Comedy, Family",PG,Christian Vogeler,"Antonio Sabato Jr., Julio Iglesias Jr., Carson Rowland, Kate Katzman, Armando Gutierrez, Sofia Osorio",https://www.filmcrave.com/movie_page_main.php?id=61576,Unknown
Anything to Declare?,56411,2.0,1,12/31/1938,English,Crime,NR,Unknown,"John Loder, Noel Madison, Belle Chrystall, Leonora Corbett, Jerry Verno, Davina Craig",https://www.filmcrave.com/movie_page_main.php?id=61577,Unknown
Convicts at Large,47809,3.0,1,12/13/1938,English,Drama,NR,"Scott R. Beal,  David Friedman","Ralph Forbes, Paula Stone, William Royle, John Kelly, George Travell, Charles Brokaw",https://www.filmcrave.com/movie_page_main.php?id=61578,Unknown
Hawaiian Buckaroo,47745,3.0,1,01/14/1938,English,Western,NR,Ray Taylor,"Smith Ballew, Evalyn Knapp, Harry Woods, Pat J. O'Brien, George Regas, Benny Burt",https://www.filmcrave.com/movie_page_main.php?id=61579,Unknown
Hollywood Stadium Mystery,47754,3.0,1,02/21/1938,English,"Mystery, Sport",NR,David Howard,"Neil Hamilton, Evelyn Venable, Jimmy Wallington, Barbara Pepper, Lucien Littlefield, Lynne Roberts",https://www.filmcrave.com/movie_page_main.php?id=61580,Unknown
Invisible Enemy,56368,2.0,1,04/04/1938,English,"Drama, Crime",NR,John H. Auer,"Alan Marshal, Tala Birell, Mady Correll, C. Henry Gordon, Herbert Mundin, Gerald Oliver Smith",https://www.filmcrave.com/movie_page_main.php?id=61581,Unknown
King of the Sierras,47802,3.0,1,11/09/1938,English,Western,NR,"Samuel Diege, Arthur Rosson","Hobart Bosworth, Wally Albright, Frank Campeau, Harry Harvey, Harry Harvey Jr., Rex",https://www.filmcrave.com/movie_page_main.php?id=61582,Unknown
Rebellious Daughters,47775,3.0,1,07/01/1938,English,"Adventure, Crime",NR,Jean Yarbrough,"Marjorie Reynolds, Verna Hillie, Sheila Bromley, George Douglas, Dennis Moore, Oscar O'Shea",https://www.filmcrave.com/movie_page_main.php?id=61583,Unknown
Shine on Harvest Moon,22040,2.5,3,12/30/1938,English,"Action, Drama",NR,Joseph Kane,"Roy Rogers, Lynne Roberts, Myrtle Wiseman, Scotty Wiseman, Stanley Andrews, William Farnum",https://www.filmcrave.com/movie_page_main.php?id=61584,The partnership between two men has devolved into a range war. The son of one man and the daughter of the other work to mend ties while he fights against cattle rustlers. --
Itsy Bitsy,42112,2.3,2,08/30/2019,English,"Fantasy, Horror",NR,Micah Gallo,"Bruce Davison, Elizabeth Roberts, Denise Crosby, Arman Darbo, Chloe Perrin, Treva Etienne",https://www.filmcrave.com/movie_page_main.php?id=61585,Unknown
Assimilate,44971,2.0,2,05/24/2019,English,"Horror, Sci-Fi",NR,John Murlowski,"Joel Courtney, Calum Worthy, Andi Matichak, Katherine McNamara, Cam Gigandet, Mason McNulty",https://www.filmcrave.com/movie_page_main.php?id=61586,Unknown
Behind the Curve,13702,2.8,3,11/15/2018,English,Documentary,NR,Daniel J. Clark,"Mark K. Sargent, Darryle Marble, Robbie Davidson, Joe Pierre, Chris Pontius, Nathan Thompson",https://www.filmcrave.com/movie_page_main.php?id=61587,Unknown
Up There,44969,2.0,2,04/29/2019,English,Drama,NR,"Michael Blaustein, Daniel Weingarten","Zoe Kanters, Daniel Weingarten, Michael Blaustein, Kirk Fox, Claudia Doumit, David Stifel",https://www.filmcrave.com/movie_page_main.php?id=61588,Unknown
Deep Water,23278,2.1,7,03/18/2022,English,Thriller,R,Adrian Lyne,"Ana de Armas, Ben Affleck, Kristen Connolly, Tracy Letts, Jacob Elordi, Rachel Blanchard",https://www.filmcrave.com/movie_page_main.php?id=61589,"In order to keep his marriage intact, a wealthy husband allows his wife to conduct her own affairs but when her lovers begin to go missing, he soon becomes the prime suspect. --"
She's Missing,47093,3.0,1,12/20/2019,English,Drama,NR,Alexandra McGuinness,"Lucy Fry, Eiza González, Christian Camargo, Josh Hartnett, Blake Berris, Sheila Vand",https://www.filmcrave.com/movie_page_main.php?id=61590,"After her friend Jane goes missing following a rodeo, Heidi scours the desert looking for clues about what happened and learning that life on the road holds many dangers. --"
Antebellum,20378,2.2,10,09/18/2020,English,Thriller,R,"Gerard Bush, Christopher Renz","Janelle Monáe, Tongayi Chirisa, Eric Lange, Jack Huston, Kiersey Clemons, Jena Malone",https://www.filmcrave.com/movie_page_main.php?id=61591,"Successful author Veronica Henley finds herself transported into a new, twisted reality after being incapacitated by her abusive husband. Desperate to escape this new nightmare, she must learn how to navigate this warped fantasy before her time is up. --"
Emma.,12525,2.4,14,03/06/2020,English,"Comedy, Drama",PG,Autumn de Wilde,"Anya Taylor-Joy, Gemma Whelan, Josh O'Connor, Bill Nighy, Mia Goth, Callum Turner",https://www.filmcrave.com/movie_page_main.php?id=61592,"In her sleepy home town, Emma Woodhouse has both beauty and brains to go with her wealth. While she navigates the finding romance for those around her - she has not time for lover herself. But even as she plots out and plans the perfect couples, it turns out her own perfect match is closer then she realizes. --"
Wonder Woman: Bloodlines,13336,2.4,8,10/05/2019,English,"Animation, Action",PG-13,"Justin Copeland, Sam Liu","Rosario Dawson, Jeffrey Donovan, Marie Avgeropoulos, Kimberly Brooks, Cree Summer, Nia Vardalos",https://www.filmcrave.com/movie_page_main.php?id=61593,Unknown
Burning Cane,5495,3.3,3,11/06/2019,English,Drama,NR,Phillip Youmans,"Wendell Pierce, Karen Kaia Livers, Dominique McClellan, Braelyn Kelly, Cynthia Capers, Emyri Crutchfield",https://www.filmcrave.com/movie_page_main.php?id=61594,Unknown
Bigger,38217,2.5,2,10/12/2018,English,"Biography, Drama",PG-13,George Gallo,"Victoria Justice, Julianne Hough, Kevin Durand, Tyler Hoechlin, Robert Forster, Steve Guttenberg",https://www.filmcrave.com/movie_page_main.php?id=61595,Unknown
Invention for Destruction ( Vynález zkázy ),48396,3.0,1,06/07/1961,Czech,"Animation, Adventure",NR,Karel Zeman,"Lubor Tokos, Arnost Navrátil, Miroslav Holub, Frantisek Slégr, Václav Kyzlink, Jana Zatloukalová",https://www.filmcrave.com/movie_page_main.php?id=61596,Unknown
Another Day of Life,53990,3.0,1,10/20/2018,Portuguese,"Animation, Biography",NR,"Raúl de la Fuente, Damian Nenow","Miroslaw Haniszewski, Vergil J. Smith, Tomasz Zietek, Olga Boladz, Rafal Fudalej, Kerry Shale",https://www.filmcrave.com/movie_page_main.php?id=61597,Unknown
Evil Ed,49895,3.0,1,05/02/1997,English,"Comedy, Horror",R,Anders Jacobsson,"Johan Rudebeck, Per Löfberg, Camela Leierth, Michael Kallaanvaara, Olof Rhodin, Cecilia Ljung",https://www.filmcrave.com/movie_page_main.php?id=61598,Unknown
Lucky Day,38259,2.5,2,10/11/2019,English,"Action, Crime",R,Roger Avary,"Luke Bracey, Nina Dobrev, Crispin Glover, Ella Ryan Quinn, Clé Bennett, Clifton Collins Jr.",https://www.filmcrave.com/movie_page_main.php?id=61599,Unknown
Inherit the Viper,21127,2.4,4,01/10/2020,English,"Crime, Drama",R,Anthony Jerjen,"Chandler Riggs, Josh Hartnett, Margarita Levieva, Owen Teague, Bruce Dern, Dash Mihok",https://www.filmcrave.com/movie_page_main.php?id=61600,Unknown
Samurai Marathon 1855 ( Samurai marason ),54107,3.0,1,06/28/2019,Japanese,Historical,NR,Bernard Rose,"Takeru Satoh, Nana Komatsu, Mirai Moriyama, Shôta Sometani, Munetaka Aoki, Ryu Kohata",https://www.filmcrave.com/movie_page_main.php?id=61601,Unknown
Three Christs,54207,3.0,1,01/03/2020,English,Drama,R,Jon Avnet,"Richard Gere, Peter Dinklage, Walton Goggins, Bradley Whitford, Charlotte Hope, Julianna Margulies",https://www.filmcrave.com/movie_page_main.php?id=61602,Unknown
Hold On,54196,3.0,1,12/06/2019,English,Drama,PG-13,Tarek Tohme,"Micayla De Ette, Tarek Tohme, Luis Guzmán, Maurice Benard, Flavor Flav, Beth Grant",https://www.filmcrave.com/movie_page_main.php?id=61603,Unknown
Invisible Life ( A Vida Invisível ),54204,3.0,1,12/20/2019,Portuguese,Drama,R,Karim Aïnouz,"Julia Stockler, Carol Duarte, Flávia Gusmão, António Fonseca, Nikolas Antunes, Maria Manoella",https://www.filmcrave.com/movie_page_main.php?id=61604,Unknown
The Secret: Dare to Dream,38271,2.5,2,04/17/2020,English,Drama,PG,Andy Tennant,"Katie Holmes, Katie Holmes, Jerry O'Connell, Celia Weston, Sarah Hoffmeister, Aidan Pierce Brennan",https://www.filmcrave.com/movie_page_main.php?id=61605,"Feature adaptation of ""The Secret"" as Miranda Wells, a struggling mother of three,  finds her life changed after meeting a charismatic stranger and begins to accept the karmic power of positive thinking - asking, believing, and then receiving. --"
See You Yesterday,23095,2.5,3,05/17/2019,English,"Action, Adventure",NR,Stefon Bristol,"Eden Duncan-Smith, Dante Crichlow, Astro, Marsha Stephanie Blake, Johnathan Nieves, Michael J. Fox",https://www.filmcrave.com/movie_page_main.php?id=61606,Unknown
Run,7942,2.6,11,12/31/2020,English,Thriller,PG-13,Aneesh Chaganty,"Sarah Paulson, Kiera Allen, Pat Healy, Erik Athavale, Bradley Sawatzky, Onalee Ames",https://www.filmcrave.com/movie_page_main.php?id=61607,"Home schooled teen Chloe Sherman begins to suspect her mother, Diane, is hiding a dark secret from her. --"
Big Time Adolescence,4255,2.9,8,03/13/2020,English,Comedy,R,Jason Orley,"Pete Davidson, Sydney Sweeney, Jon Cryer, Griffin Gluck, Machine Gun Kelly, Oona Laurence",https://www.filmcrave.com/movie_page_main.php?id=61608,"A suburban teen comes of age, bonding with his best friend - and terrible influence - college dropout Zeke. --"
One Missed Call 2 ( Chakushin ari 2 ),50779,3.0,1,02/05/2005,Japanese,"Horror, Mystery",R,Renpei Tsukamoto,"Mimura, Hisashi Yoshizawa, Renji Ishibashi, Haruko Wanibuchi, Peter Ho, Asaka Seto",https://www.filmcrave.com/movie_page_main.php?id=61609,Unknown
First Lady,38267,2.5,2,02/14/2020,English,"Comedy, Romance",PG,Nina May,"Corbin Bernsen, Nancy Stafford, Burgess Jenkins, Nico Greetham, Jenn Gotzon Chandler, Benjamin Dane",https://www.filmcrave.com/movie_page_main.php?id=61610,"An unmarried woman runs for the title of ""First Lady"" but finds a most unexpected and better offer suddenly at her feet. --"
Ip Man 4 ( Yip Man 4 ),4500,2.9,9,12/25/2019,Cantonese,"Action, Biography",NR,Wilson Yip,"Donnie Yen, Kwok-Kwan Chan, Scott Adkins, Chris Collins, Vanness Wu, Kent Cheng",https://www.filmcrave.com/movie_page_main.php?id=61611,The legendary Kung Fu Master finds himself traveling to the U.S. where one of his students has decided to open up his own Wing Chun school - drawing anger from the local martial arts community. --
Togo,26381,3.0,2,12/13/2019,English,Drama,PG,Ericson Core,"Willem Dafoe, Julianne Nicholson, Christopher Heyerdahl, Michael Gaston, Michael McElhatton, Jamie McShane",https://www.filmcrave.com/movie_page_main.php?id=61612,Unknown
The Assistant,5306,2.8,9,01/31/2020,English,Drama,R,Kitty Green,"Julia Garner, Matthew Macfadyen, Kristine Froseth, Dagmara Dominczyk, Makenzie Leigh, Alexander Chaplin",https://www.filmcrave.com/movie_page_main.php?id=61613,"Follows one day in the life of Jane, a recent college graduate and aspiring film producer who has landed a job as an assistant to a powerful entertainment mogul. Even as she performs the typical mundane task of any assistant, the insidious nature of the abuse and degradation of her position come through until Jane has finally had enough and makes a stand - only to realize how deeply embedded this issue is within the system. --"
Greed,11814,2.8,4,02/28/2020,English,"Comedy, Drama",R,Michael Winterbottom,"Isla Fisher, Asa Butterfield, Shirley Henderson, Sophie Cookson, Steve Coogan, Stephen Fry",https://www.filmcrave.com/movie_page_main.php?id=61614,A satirical look into the lives of the ultra-wealthy as we join billionaire high-street fashion mogul Sir Richard McCreadie during his 60th birthday on the Greek island Mykonos. --
Max and the Junkmen ( Max et les ferrailleurs ),48776,3.0,1,02/17/1971,French,"Crime, Drama",NR,Claude Sautet,"Michel Piccol, Romy Schneider, François Périer, Georges Wilson, Boby Lapointe, Philippe Léotard",https://www.filmcrave.com/movie_page_main.php?id=61615,Unknown
Downhill,29938,2.2,3,02/14/2020,English,Drama,R,"Nat Faxon, Jim Rash","Will Ferrell, Julia Louis-Dreyfus, Miranda Otto, Zach Woods, Kristofer Hivju, Zoe Chao",https://www.filmcrave.com/movie_page_main.php?id=61616,"A remake of the film Force Majeure, a married couple are forced to examine their relationship after a sudden avalanche puts everything into perspective. --"
Once Were Brothers: Robbie Robertson and the Band,38262,2.5,2,11/06/2019,English,"Documentary, Biography",R,Daniel Roher,"Martin Scorsese, Robbie Robertson, Bruce Springsteen, Bob Dylan, Eric Clapton, Peter Gabriel",https://www.filmcrave.com/movie_page_main.php?id=61617,Unknown
"Truth, The ( vérité, La - 2020 )",7710,3.2,3,12/31/2020,French,Drama,PG,Hirokazu Koreeda,"Catherine Deneuve, Juliette Binoche, Ethan Hawke, Clémentine Grenier, Manon Clavel, Ludivine Sagnier",https://www.filmcrave.com/movie_page_main.php?id=61618,Unknown
Antlers,9766,2.5,16,10/29/2021,English,"Horror, Mystery",R,Scott Cooper,"Keri Russell, Jesse Plemons, Jeremy T. Thomas, Graham Greene, Scott Haze, Rory Cochrane",https://www.filmcrave.com/movie_page_main.php?id=61619,"A small-town teacher suspects one of her students may hold the key to a series of gristly local deaths. Along with her brother, the local sheriff, the two under an ancient evil - one that is powerful and very hungry. --"
Promising Young Woman,668,3.2,25,04/17/2020,English,"Crime, Drama",R,Emerald Fennell,"Carey Mulligan, Bo Burnham, Laverne Cox, Clancy Brown, Jennifer Coolidge, Christopher Mintz-Plasse",https://www.filmcrave.com/movie_page_main.php?id=61620,A tragic event in her past causes a young woman to seek vengeance against the men who enter her life. --
Against All Hope,41411,2.3,2,01/01/1982,English,"Biography, Drama",NR,Edward T. McDougal,"Michael Madsen, Maureen McCarthy, Cecil Moe, Rex Flores, Yvonne Higgins, Merwyn Crowe",https://www.filmcrave.com/movie_page_main.php?id=61621,Unknown
Square One,54169,3.0,1,10/05/2019,English,Documentary,NR,"Danny Wu, Jess Garcia","Danny Wu, Charles Thomson, Jenny Winings, Taj Jackson, Geraldine Hughes, Josephine Zohny",https://www.filmcrave.com/movie_page_main.php?id=61622,Unknown
Rabid,34430,1.9,4,12/13/2019,English,"Horror, Sci-Fi",NR,"Jen Soska, Sylvia Soska","Laura Vandervoort, Benjamin Hollingsworth, Ted Atherton, Hanneke Talbot, Stephen Huszar, Mackenzie Gray",https://www.filmcrave.com/movie_page_main.php?id=61623,"Rose is a quiet, young and unassuming woman who dreams of one day becoming a fashion designer. But a horrific accident puts her life on hold - until a radical treatment not only fixes her wounds - but turns her into everything she's always wanted to be. But this gift comes at a steep price - and Rose is about to learn the depths of its cost. --"
The Matrix Resurrections,17447,2.2,25,12/22/2021,English,"Sci-Fi, Action",R,Lana Wachowski,"Keanu Reeves, Yahya Abdul-Mateen II, Carrie-Anne Moss, Jessica Henwick, Jonathan Groff, Neil Patrick Harris",https://www.filmcrave.com/movie_page_main.php?id=61624,"Decades after the events of Matrix Revolutions Thomas Anderson must once again escape the confines of a new prison - one in which he is a revolutionary video game designer who has gifted the world with The Matrix trilogy. But freeing himself is only the first step - he must also reclaim the love of his life, Trinity, in order to truly be free once more. --"
The Flash,10539,2.4,22,06/16/2023,English,"Action, Fantasy",PG-13,Andy Muschietti,"Ezra Miller, Michael Keaton, Sasha Calle, Michael Shannon, Ron Livingston, Kiersey Clemons",https://www.filmcrave.com/movie_page_main.php?id=61625,"Barry Allen aka The Flash returns to the past in order to save his family but in doing so creates an alternate future with no heroes - one in which General Zod faces no challenge to his destructive reign. In order to fix what he has created, Barry will have to find new allies - some familiar, some new - if he has any hope to make things right. --"
John Wick: Chapter 4,894,3.1,26,03/24/2023,English,"Action, Crime",R,Chad Stahelski,"Keanu Reeves, Donnie Yen, Bill Skarsgård, Laurence Fishburne, Hiroyuki Sanada, Shamier Anderson",https://www.filmcrave.com/movie_page_main.php?id=61626,"John Wick has one, final chance at earning true freedom: take down The High Table. He has a chance but before he can act, a new enemy with powerful allies across the globe plots to take him out and even old friends become enemies in the fight. --"
In the Heights,4846,2.8,14,06/11/2021,English,"Drama, Musical",PG-13,Jon M. Chu,"Anthony Ramos, Corey Hawkins, Melissa Barrera, Leslie Grace, Stephanie Beatriz, Jimmy Smits",https://www.filmcrave.com/movie_page_main.php?id=61627,"A film adaptation of the hit Broadway musical that follows a community living in Washington Heights area on the Northern tip of Manhattan. The heart of the show centers around Usnavi de la Vega, who runs a bodega, pines after the gorgeous beauty salon girl, looks after an aging Cuban and dreams of winning the lottery and moving to his native Dominican Republic. When the chance arrives after inheriting his grandmother's fortune - he will have to decide what life he truly wants to live. --"
Come to Daddy,6878,2.8,6,04/25/2019,English,"Comedy, Horror",R,Ant Timpson,"Elijah Wood, Stephen McHattie, Garfield Wilson, Madeleine Sami, Martin Donovan, Michael Smiley",https://www.filmcrave.com/movie_page_main.php?id=61628,"After 30 years, a son receives a letter from his father to come visit him at his remote home. Hoping to get answers on why he was abandoned, he gets much more than he ever expected.  --"
Lost Girls,44980,2.0,2,01/28/2020,English,"Drama, Mystery",R,Liz Garbus,"Thomasin McKenzie, Amy Ryan, Dean Winters, Lola Kirke, Gabriel Byrne, Miriam Shor",https://www.filmcrave.com/movie_page_main.php?id=61629,Unknown
Buffaloed,26385,3.0,2,02/14/2020,English,"Comedy, Drama",NR,Tanya Wexler,"Zoey Deutch, Judy Greer, Jai Courtney, Noah Reid, Jayne Eastwood, Lusia Strus",https://www.filmcrave.com/movie_page_main.php?id=61630,Unknown
Disturbing the Peace,36009,2.0,3,01/17/2020,English,Action,R,York Alec Shackleton,"Guy Pearce, Devon Sawa, Michael Bellisario, Barbie Blank, Dwayne Cameron, Jacob Grodnik",https://www.filmcrave.com/movie_page_main.php?id=61631,Unknown
The Sonata,24510,2.3,4,01/10/2020,English,"Mystery, Thriller",Unknown,Andrew Desmond,"Freya Tingley, Simon Abkarian, James Faulkner, Rutger Hauer, Catherine Schaub-Abkarian, Matt Barber",https://www.filmcrave.com/movie_page_main.php?id=61632,Unknown
Dark Light,54194,3.0,1,12/06/2019,English,"Horror, Sci-Fi",NR,Padraig Reynolds,"Ed Brody, Kristina Clifford, Opal Littleton, Jessica Madsen, Weston Meredith, Ben Sullivan",https://www.filmcrave.com/movie_page_main.php?id=61633,Unknown
I Am Still Here,26307,3.0,2,08/05/2017,English,Drama,NR,Mischa Marcus,"Ciara Jiana, Aliyah Conley, Johnny Rey Diaz, Kurry Damon, Erika Ringor, Michaela Escarcega",https://www.filmcrave.com/movie_page_main.php?id=61634,Unknown
"Woman Who Wouldn't Die, The ( Catacombs )",46231,1.8,2,05/05/1965,English,"Mystery, Thriller",NR,Gordon Hessler,"Gary Merrill, Jane Merrow, Georgina Cookson, Neil McCallum, Rachel Thomas, Jack Train",https://www.filmcrave.com/movie_page_main.php?id=61635,Unknown
What About Love,36122,2.5,2,02/14/2024,English,"Drama, Romance",Unknown,Klaus Menzel,"Sharon Stone, Andy Garcia, Iain Glen, Jose Coronado, Marielle Jaffe, Miguel Ángel Muñoz",https://www.filmcrave.com/movie_page_main.php?id=61636,"An adult couple who have left love behind find renewed passion from their children, as the young lovers inspire renewed feeling in their parents. --"
Fit to Kill,49682,3.0,1,10/27/1993,English,"Action, Sport",R,Andy Sidaris,"Dona Speir, Roberta Vasquez, Bruce Penhall, Geoffrey Moore, Tony Peck, Julie Strain",https://www.filmcrave.com/movie_page_main.php?id=61637,Unknown
Hard Hunted,49659,3.0,1,04/07/1993,English,"Action, Thriller",R,Andy Sidaris,"Dona Speir, Roberta Vasquez, Bruce Penhall, Geoffrey Moore, Tony Peck, Cynthia Brimhall",https://www.filmcrave.com/movie_page_main.php?id=61638,Unknown
The Murder of Nicole Brown Simpson,42306,1.6,4,01/10/2020,English,Thriller,R,Daniel Farrands,"Mena Suvari, Taryn Manning, Nick Stahl, Agnes Bruckner, Drew Roy, Gene Freeman",https://www.filmcrave.com/movie_page_main.php?id=61639,Unknown
"Underwater! ( Big Rainbow, The )",48242,3.0,1,02/09/1955,English,"Adventure, Drama",NR,John Sturges,"Jane Russell, Gilbert Roland, Richard Egan, Lori Nelson, Robert Keith, Joseph Calleia",https://www.filmcrave.com/movie_page_main.php?id=61640,Unknown
Beanpole ( Dylda ),21467,3.3,2,01/29/2020,Russian,"Drama, War",NR,Kantemir Balagov,"Viktoria Miroshnichenko, Vasilisa Perelygina, Andrey Bykov, Igor Shirokov, Konstantin Balakirev, Kseniya Kutepova",https://www.filmcrave.com/movie_page_main.php?id=61641,Unknown
The Painted Bird,16092,3.5,2,07/17/2020,Czech,"Drama, War",NR,Václav Marhoul,"Harvey Keitel, Stellan Skarsgård, Barry Pepper, Julian Sands, Udo Kier, Aleksey Kravchenko",https://www.filmcrave.com/movie_page_main.php?id=61642,"A young boy is left to fend for himself following the death of his aunt somewhere in war-torn Eastern Europe during WWII. Setting off to get back home, he encounters a variety of people - and plumbs the depths of the horrors war can bring. --"
"Same Time, Next Christmas",33105,2.8,2,12/05/2019,English,"Drama, Romance",NR,Stephen Herek,"Lea Michele, Charles Michael Davis, Nia Vardalos, George Newbern, Phil Morris, Bryan Greenberg",https://www.filmcrave.com/movie_page_main.php?id=61643,Unknown
Boris Godounov,31597,2.8,2,12/20/1989,Russian,"Musical, Drama",NR,Andrzej Zulawski,"Ruggero Raimondi, Kenneth Riegel, Bernard Lefort, Wyatscheslaw Polozov, Pavel Slabý, Paul Plishka",https://www.filmcrave.com/movie_page_main.php?id=61644,Unknown
Nightwish,49549,3.0,1,06/27/1990,English,Horror,R,Bruce R. Cook,"Brian Thompson, Jack Starrett, Elizabeth Kaitan, Alisha Das, Clayton Rohner, Artur Cybulski",https://www.filmcrave.com/movie_page_main.php?id=61645,Unknown
Last Ones Out,42076,2.3,2,03/03/2018,English,"Drama, Horror",NR,Howard Fyvie,"Greg Kriek, Christia Visser, Tshamano Sebe, Vukile Zuma, Mfihlakalo Mazwembe, Celé Du Plessis",https://www.filmcrave.com/movie_page_main.php?id=61646,Unknown
Chained for Life,21445,3.3,2,06/24/2018,English,Drama,NR,Aaron Schimberg,"Jess Weixler, Adam Pearson, Stephen Plunkett, Charlie Korsmo, Sari Lennick, Joanna Arnow",https://www.filmcrave.com/movie_page_main.php?id=61647,Unknown
Demon Eye,60193,2.0,1,04/26/2019,English,Horror,NR,Ryan Simons,"Darren Day, Liam Fox, Kate James, Ellie Goffe, Jimmy Allen, Alannah Marie",https://www.filmcrave.com/movie_page_main.php?id=61648,Unknown
Ana,54206,3.0,1,01/03/2020,English,"Comedy, Drama",NR,Charles McDougall,"Dafne Keen, Andy Garcia, Luna Lauren Velez, Ramón Franco, Blas Sien Diaz, Aris Mejias",https://www.filmcrave.com/movie_page_main.php?id=61649,Unknown
The Ride,54199,3.0,1,12/06/2019,English,Action,PG-13,Alex Ranarivelo,"Shane Graham, Ludacris, Sasha Alexander, Blake Sheldon, Alexander Davis, Ali Afshar",https://www.filmcrave.com/movie_page_main.php?id=61650,"Surviving an abusive childhood and finding the love and support he needs from an interracial foster family, a young man rises to become a BMX champion. --"
Bad Manners ( Growing Pains ),49357,3.0,1,11/01/1984,English,Comedy,R,Robert Houston,"Karen Black, Anne De Salvo, Kimmy Robertson, Martin Mull, Pamela Adlon, Michael Hentz",https://www.filmcrave.com/movie_page_main.php?id=61651,Unknown
Stomp! Shout! Scream!,51516,3.0,1,06/02/2009,English,"Horror, Sci-Fi",NR,Jay Wade Edwards,"Claire Bronson, Cynthia Evans, Mary Kraft, Travis Young, Bill Szymanski, Adrian Roberts",https://www.filmcrave.com/movie_page_main.php?id=61652,Unknown
Blow the Man Down,7700,3.2,3,04/26/2019,English,"Comedy, Drama",R,"Bridget Savage Cole, Danielle Krudy","Sophie Lowe, Morgan Saylor, June Squibb, Marceline Hugot, Annette O'Toole, Margo Martindale",https://www.filmcrave.com/movie_page_main.php?id=61653,Unknown
The Night Clerk,23098,2.5,3,02/21/2020,English,"Crime, Documentary",R,Michael Cristofer,"Ana de Armas, Helen Hunt, Tye Sheridan, John Leguizamo, Johnathon Schaech, Jacque Gray",https://www.filmcrave.com/movie_page_main.php?id=61654,Unknown
Emerald Run,54210,3.0,1,01/24/2020,English,Adventure,PG-13,Eric Etebari,"David Chokachi, John Schneider, Yancy Butler, Michael Paré, Chris Mulkey, Vernon Wells",https://www.filmcrave.com/movie_page_main.php?id=61655,Unknown
Green Fever,54249,3.0,1,04/20/2020,English,Thriller,R,Gerard Roxburgh,"Mike Foy, Paul Telfer, Kriss Dozal, Misha Crosby, Alexius Zellner, Declan Michael Laird",https://www.filmcrave.com/movie_page_main.php?id=61656,Unknown
The Personal History of David Copperfield,13590,2.5,6,08/28/2020,English,"Comedy, Drama",PG,Armando Iannucci,"Dev Patel, Tilda Swinton, Ben Whishaw, Gwendoline Christie, Peter Capaldi, Aimée Kelly",https://www.filmcrave.com/movie_page_main.php?id=61657,A re-imagination of the classic Charles Dicken's character who rises from impoverished orphan to Victorian England author. --
Quezon's Game,54211,3.0,1,01/24/2020,English,"Drama, Historical",PG-13,"Matthew Rosen, Matthew E. Rosen","Raymond Bagatsing, Rachel Alejandro, Kate Alejandrino, Billy Ray Gallion, David Bianco, Jennifer Blair-Bianco",https://www.filmcrave.com/movie_page_main.php?id=61658,Unknown
The Roads Not Taken,43312,2.0,2,03/13/2020,English,Drama,R,Sally Potter,"Javier Bardem, Elle Fanning, Salma Hayek, Branka Katic, Laura Linney, Dimitri Andreas",https://www.filmcrave.com/movie_page_main.php?id=61659,"Follows a day in the life of Molly and her father, Leo, as she attempts to navigate the challenges behind his chaotic mind. While the pair may be traveling in New York City, for Leo, his hallucinatory journey takes him through a series of alternate lives and through this, Molly grapples with her own path towards the future. --"
Run Sweetheart Run,60229,2.0,1,01/27/2020,English,Horror,R,Shana Feste,"Ella Balinska, Pilou Asbæk, Shohreh Aghdashloo, Clark Gregg, Betsy Brandt, Lamar Johnson",https://www.filmcrave.com/movie_page_main.php?id=61660,A woman on a blind date must fight to survive when her date turns out to be a violent psychopath. --
Tanks a Million,47915,3.0,1,09/12/1941,English,"Adventure, Comedy",NR,Fred Guiol,"William Tracy, James Gleason, Noah Beery Jr., Joe Sawyer, Elyse Knox, Douglas Fowley",https://www.filmcrave.com/movie_page_main.php?id=61661,Unknown
About Face,47933,3.0,1,04/16/1942,English,"Comedy, War",NR,Kurt Neumann,"William Tracy, Joe Sawyer, Jean Porter, Marjorie Lord, Margaret Dumont, Veda Ann Borg",https://www.filmcrave.com/movie_page_main.php?id=61662,Unknown
Yanks Ahoy,47981,3.0,1,06/29/1943,English,Comedy,NR,Kurt Neumann,"William Tracy, Joe Sawyer, Marjorie Woodworth, Minor Watson, Frank Faylen, Walter Woolf King",https://www.filmcrave.com/movie_page_main.php?id=61663,Unknown
Ága,55517,2.5,1,09/04/2019,Other,Drama,NR,Milko Lazarov,"Mikhail Aprosimov, Feodosia Ivanova, Sergei Egorov, Galina Tikhonova, Afanasiy Kylaev",https://www.filmcrave.com/movie_page_main.php?id=61664,Unknown
I Do Not Care If We Go Down in History as Barbarians ( Îmi este indiferent daca în istorie vom intra ca barbari ),54117,3.0,1,07/19/2019,Other,"Comedy, Drama",NR,Radu Jude,"Ioana Iacob, Alex Bogdan, Alexandru Dabija, Ion Rizea, Claudia Ieremia, Ilinca Harnut",https://www.filmcrave.com/movie_page_main.php?id=61665,Unknown
Nevrland,54061,3.0,1,03/30/2019,German,"Drama, Horror",NR,Gregor Schmidinger,"Simon Frühwirth, Paul Forman, Josef Hader, Wolfgang Hübsch, Anton Noori, Markus Schleinzer",https://www.filmcrave.com/movie_page_main.php?id=61666,Unknown
Relaxer,53777,3.0,1,03/09/2018,English,"Comedy, Fantasy",NR,Joel Potrykus,"Joshua Burge, David Dastmalchian, Andre Hyland, Mahfuz Rahman, Madigan Bachman, Amari Cheatom",https://www.filmcrave.com/movie_page_main.php?id=61667,Unknown
The Burnt Orange Heresy,20426,2.4,4,03/06/2020,English,"Action, Drama",R,Giuseppe Capotondi,"Claes Bang, Elizabeth Debicki, Donald Sutherland, Rosalind Halstead, Mick Jagger",https://www.filmcrave.com/movie_page_main.php?id=61668,"An ambitious art dealer has a plan to steal a painting from one of the most enigmatic artists of our times, but as the plan progresses, his greed and insecurity threaten to bring it all crashing down. --"
Created Equal: Clarence Thomas in His Own Words,60232,2.0,1,01/31/2020,English,Documentary,PG-13,Michael Pack,Clarence Thomas,https://www.filmcrave.com/movie_page_main.php?id=61669,Unknown
Detective Chinatown 3,54209,3.0,1,01/24/2020,Mandarin,"Action, Comedy",R,Sicheng Chen,"Baoqiang Wang, Haoran Liu, Satoshi Tsumabuki, Tony Jaa, Masami Nagasawa, Shôta Sometani",https://www.filmcrave.com/movie_page_main.php?id=61670,"Chinatown detectives Tang Ren and Qin Feng find themselves heading to Tokyo, and joining up with Japanese investigator Noda Hiroshi in order to solve the high-profile murder of a leading businessman. --"
Military Wives,24511,2.3,4,03/27/2020,English,"Comedy, Drama",PG-13,Peter Cattaneo,"Kristin Scott Thomas, Sharon Horgan, Jason Flemyng, Emma Lowndes, Lara Rossi, Gaby French",https://www.filmcrave.com/movie_page_main.php?id=61671,"While their partners are busy fighting the war in Afghanistan, a group of military wives forms a choir, which soon captures the media's attention and becomes a global sensation. --"
Spenser Confidential,23786,2.0,11,03/06/2020,English,"Crime, Drama",R,Peter Berg,"Mark Wahlberg, Alan Arkin, Colleen Camp, Bokeem Woodbine, Marc Maron, Winston Duke",https://www.filmcrave.com/movie_page_main.php?id=61672,Unknown
Swallow,3588,3.0,10,03/06/2020,English,"Drama, Horror",R,Carlo Mirabella-Davis,"Haley Bennett, Austin Stowell, Denis O'Hare, Elizabeth Marvel, David Rasche, Luna Lauren Velez",https://www.filmcrave.com/movie_page_main.php?id=61673,Unknown
Uncle Frank,18944,2.7,3,01/25/2020,English,Drama,R,Alan Ball,"Paul Bettany, Sophia Lillis, Peter Macdissi, Judy Greer, Stephen Root, Steve Zahn",https://www.filmcrave.com/movie_page_main.php?id=61674,Unknown
Batman: Hush,23096,2.5,3,07/20/2019,English,"Animation, Action",PG-13,Justin Copeland,"Jason O'Mara, Jennifer Morrison, Stuart Allan, Sachie Alessio, Geoffrey Arend, Peyton List",https://www.filmcrave.com/movie_page_main.php?id=61675,Unknown
Liyana,53403,3.0,1,06/17/2017,English,"Documentary, Animation",NR,"Aaron Kopp, Amanda Kopp",Gcina Mhlophe,https://www.filmcrave.com/movie_page_main.php?id=61676,Unknown
Reign of the Supermen,23088,2.5,3,01/10/2019,English,"Animation, Action",PG-13,Sam Liu,"Jerry O'Connell, Rebecca Romijn, Rainn Wilson, Patrick Fabian, Charles Halford, Cameron Monaghan",https://www.filmcrave.com/movie_page_main.php?id=61677,Unknown
The Huntress: Rune of the Dead,38260,2.5,2,10/19/2019,English,"Action, Horror",NR,Rasmus Tirzitis,"Moa Enqvist Stefansdotter, Yohanna Idha, Viva Östervall Lyngbrant, Ralf Beck, Andreas Rylander, Peter Mörlin",https://www.filmcrave.com/movie_page_main.php?id=61678,Unknown
Indian Horse,26353,3.0,2,10/13/2018,English,Drama,NR,Stephen S. Campanelli,"Sladen Peltier, Forrest Goodluck, Ajuawak Kapashesit, Michiel Huisman, Martin Donovan, Michael Murphy",https://www.filmcrave.com/movie_page_main.php?id=61679,Unknown
Undercover Brother 2,54187,3.0,1,11/05/2019,English,Comedy,R,Leslie Small,"Michael Jai White, Barry Bostwick, Jeff Daniel Phillips, Gary Owen, Laila Odom, Affion Crockett",https://www.filmcrave.com/movie_page_main.php?id=61680,Unknown
Girl on the Third Floor,54180,3.0,1,10/25/2019,English,Horror,NR,Travis Stevens,"C.M. Punk, Trieste Kelly Dunn, Sarah Brooks, Elissa Dowling, Karen Woditsch, Travis Delgado",https://www.filmcrave.com/movie_page_main.php?id=61681,Unknown
Batman vs Teenage Mutant Ninja Turtles,6608,2.9,5,05/14/2019,English,"Animation, Action",PG-13,Jake Castorena,"Troy Baker, Eric Bauza, Darren Criss, Kyle Mooney, Baron Vaughn, Rachel Bloom",https://www.filmcrave.com/movie_page_main.php?id=61682,Unknown
The Furies,33613,2.0,4,11/07/2019,English,"Action, Horror",NR,Tony D'Aquino,"Airlie Dodds, Linda Ngo, Taylor Ferguson, Ebony Vagulans, Danielle Horvat, Tom O'Sullivan",https://www.filmcrave.com/movie_page_main.php?id=61683,Unknown
Assassin 33 A.D.,667,3.2,24,01/24/2020,English,Sci-Fi,PG-13,Jim Carroll,"Donny Boaz, Heidi Montag, Susan Gallagher, Anthony Crivello, Jason Castro, Johnny Rey Diaz",https://www.filmcrave.com/movie_page_main.php?id=61684,Unknown
Guns Akimbo,6407,2.7,12,02/28/2020,English,"Action, Comedy",R,Jason Lei Howden,"Daniel Radcliffe, Samara Weaving, Rhys Darby, Ned Dennehy, Natasha Liu Bordizzo, Mark Rowley",https://www.filmcrave.com/movie_page_main.php?id=61685,"A new, ultra-violent app called Skizm is taking the online world by"
Sergio,60238,2.0,1,04/17/2020,English,Drama,R,Greg Barker,"Wagner Moura, Ana de Armas, Brían F. O'Byrne, Garret Dillahunt, Clemens Schick, Will Dalton",https://www.filmcrave.com/movie_page_main.php?id=61686,Unknown
Hotter Than Hot,47260,3.0,1,08/17/1929,English,Comedy,NR,Lewis R. Foster,"Harry Langdon, Thelma Todd, Edgar Kennedy, Eddie Dunn, Edith Kramer, Frank Austin",https://www.filmcrave.com/movie_page_main.php?id=61687,Unknown
Sky Boy,47261,3.0,1,10/05/1929,English,Comedy,NR,Charley Rogers,"Harry Langdon, Thelma Todd, Eddie Dunn",https://www.filmcrave.com/movie_page_main.php?id=61688,Unknown
Skirt Shy,47262,3.0,1,11/30/1929,English,Comedy,NR,"Charley Rogers,  Fred Guiol","Harry Langdon, May Wallace, Tom Ricketts, Judith Barrett",https://www.filmcrave.com/movie_page_main.php?id=61689,Unknown
The Head Guy,47264,3.0,1,01/11/1930,English,Comedy,NR,Fred Guiol,"Harry Langdon, Thelma Todd, Judith Barrett, Eddie Dunn",https://www.filmcrave.com/movie_page_main.php?id=61690,Unknown
The Fighting Parson,47266,3.0,1,02/22/1930,English,"Comedy, Western",NR,"Fred Guiol, Charley Rogers","Harry Langdon, Thelma Todd, Judith Barrett, Eddie Dunn",https://www.filmcrave.com/movie_page_main.php?id=61691,Unknown
The Big Kick,47268,3.0,1,03/29/1930,English,Comedy,NR,Warren Doane,"Harry Langdon, Edgar Kennedy, Judith Barrett",https://www.filmcrave.com/movie_page_main.php?id=61692,Unknown
The Shrimp,47271,3.0,1,05/03/1930,English,Comedy,NR,Charley Rogers,"Harry Langdon, Thelma Todd, Nancy Drexel, Jim Mason",https://www.filmcrave.com/movie_page_main.php?id=61693,Unknown
The King,47272,3.0,1,06/14/1930,English,Comedy,NR,"James W. Horne, Charley Rogers","Harry Langdon, Thelma Todd",https://www.filmcrave.com/movie_page_main.php?id=61694,Unknown
"estación de gasolina, La",47269,3.0,1,03/29/1930,Spanish,Comedy,NR,N/A,"Harry Langdon, Linda Loredo, Edgar Kennedy",https://www.filmcrave.com/movie_page_main.php?id=61695,Unknown
Disappearance at Clifton Hill,54226,3.0,1,02/28/2020,English,"Drama, Mystery",NR,Albert Shin,"Tuppence Middleton, Hannah Gross, Marie-Josée Croze, Eric Johnson, David Cronenberg, Andy McQueen",https://www.filmcrave.com/movie_page_main.php?id=61696,Unknown
Hope Gap,24945,3.0,2,03/06/2020,English,"Drama, Romance",PG-13,William Nicholson,"Josh O'Connor, Annette Bening, Bill Nighy, Aiysha Hart, Ryan McKen, Nicholas Burns",https://www.filmcrave.com/movie_page_main.php?id=61697,Things take a serious turn when a son meets with his parents and learns his father plans on leaving his mother. --
Horse Girl,19187,2.3,6,01/27/2020,English,Drama,R,Jeff Baena,"Alison Brie, Robin Tunney, John Ortiz, Matthew Gray Gubler, Debby Ryan, Paul Reiser",https://www.filmcrave.com/movie_page_main.php?id=61698,Unknown
Beneath Us,54230,3.0,1,03/06/2020,English,"Horror, Thriller",R,Max Pachman,"Lynn Collins, Rigo Sanchez, Josue Aguirre, James Tupper, Roberto 'Sanz' Sanchez, Thomas Chavira",https://www.filmcrave.com/movie_page_main.php?id=61699,"A group of undocumented day laborers thinks they have found their dream job when a wealthy couples hires them, but that dream soon turns into a nightmare when they learn their true fate.  --"
The Rescue,54214,3.0,1,01/25/2020,Mandarin,Action,R,Dante Lam,"Eddie Peng, Yanlin Wang, Zhilei Xin, Lyric Lan, Yutian Wang, Yang Xu",https://www.filmcrave.com/movie_page_main.php?id=61700,Unknown
Bull,33103,2.8,2,10/18/2019,English,Drama,NR,Annie Silverstein,"Rob Morgan, Amber Havard, Yolonda Ross, Karla Garbelotto, Troy Anthony Hogan, Peggy Schott",https://www.filmcrave.com/movie_page_main.php?id=61701,Unknown
The Last Thing He Wanted,55418,1.5,2,01/27/2020,English,"Crime, Drama",R,Dee Rees,"Anne Hathaway, Ben Affleck, Willem Dafoe, Rosie Perez, Toby Jones, Mel Rodriguez",https://www.filmcrave.com/movie_page_main.php?id=61702,Unknown
Vivarium,7973,2.7,10,09/19/2019,English,"Mystery, Sci-Fi",R,Lorcan Finnegan,"Jesse Eisenberg, Imogen Poots, Senan Jennings, Jonathan Aris, Eanna Hardwicke, Molly McCann",https://www.filmcrave.com/movie_page_main.php?id=61703,A young couple looking for the perfect house instead find themselves trapped in a labyrinthine nightmare of suburbia where every house looks identical. --
Irresistible,17519,2.4,5,06/26/2020,English,"Comedy, Drama",R,Jon Stewart,"Steve Carell, Chris Cooper, Mackenzie Davis, Rose Byrne, Topher Grace, Debra Messing",https://www.filmcrave.com/movie_page_main.php?id=61704,"Retired Democratic strategist Gary Zimmer takes a chance in helping Colonel Jack Hasting run for mayor of a small, conservative Wisconsin town in hopes of changing the political climate to the left. But his plot and politics gain the attention of the RNC, who send their own cut-throat strategist Faith to counter his moves. --"
Mr. Jones,14933,2.6,4,10/19/2019,English,"Biography, Drama",NR,Agnieszka Holland,"James Norton, Vanessa Kirby, Peter Sarsgaard, Joseph Mawle, Kenneth Cranham, Krzysztof Pieczynski",https://www.filmcrave.com/movie_page_main.php?id=61705,Unknown
Bad Hair,54343,3.0,1,10/23/2020,English,"Comedy, Horror",NR,Justin Simien,"Lena Waithe, Vanessa Williams, Michelle Hurd, Laverne Cox, Blair Underwood, Moses Storm",https://www.filmcrave.com/movie_page_main.php?id=61706,"Set in 1989, a woman looking to find success in an image-based world decides to enhance her chances with a brand new weave. But things take a decidedly deadly turn when she finds out her new hair has a mind of its own. --"
Happiest Season,15602,2.5,5,11/25/2020,English,"Comedy, Romance",PG-13,Clea DuVall,"Mackenzie Davis, Kristen Stewart, Dan Levy, Alison Brie, Aubrey Plaza, Mary Steenburgen",https://www.filmcrave.com/movie_page_main.php?id=61707,Unknown
On the Record,60225,2.0,1,01/25/2020,English,Documentary,NR,"Kirby Dick, Amy Ziering","Drew Dixon, Kimberlé Williams Crenshaw, Kierna Mayo, Si Lai Abrams, Jenny Lumet, Tarana Burke",https://www.filmcrave.com/movie_page_main.php?id=61708,Unknown
Holly Slept Over,60235,2.0,1,03/03/2020,English,Comedy,NR,Joshua Friedlander,"Erinn Hayes, Nathalie Emmanuel, Ron Livingston, Josh Lawson, Britt Lower, Kimberly G. Grader",https://www.filmcrave.com/movie_page_main.php?id=61709,Unknown
The Big Trip,54064,3.0,1,04/12/2019,English,"Animation, Comedy",G,Vasiliy Rovenskiy,"Drake Bell, Pauly Shore,  Danila Medvedev, Jonathan Salway, Bernard Carl, Katherine Marie",https://www.filmcrave.com/movie_page_main.php?id=61710,Unknown
Impractical Jokers: The Movie,23099,2.5,3,02/28/2020,English,Comedy,PG-13,Chris Henchy,"Brian Quinn, Joe Gatto, James Murray, Sal Vulcano, Jaden Smith, Paula Abdul",https://www.filmcrave.com/movie_page_main.php?id=61711,Unknown
The Vast of Night,815,3.2,14,03/13/2020,English,"Fantasy, Mystery",PG-13,Andrew Patterson,"Sierra McCormick, Jake Horowitz, Gail Cronauer, Bruce Davis, Cheyenne Barton, Mallorie Rodak",https://www.filmcrave.com/movie_page_main.php?id=61712,Unknown
The French Dispatch,2286,3.0,18,10/22/2021,English,"Comedy, Drama",R,Wes Anderson,"Tilda Swinton, Benicio Del Toro, Frances McDormand, Jeffrey Wright, Timothée Chalamet, Mathieu Amalric",https://www.filmcrave.com/movie_page_main.php?id=61713,"A love-letter to journalists, The French Dispatch follows an American newspaper set in a fictional 20th-century French town. The films plays out a series of vignettes reflecting the stories in the final issue. --"
Shatter,0,0.0,0,03/31/1975,English,"Action, Drama",R,"Michael Carreras, Monte Hellman","Stuart Whitman, Lung Ti, Lily Li, Peter Cushing, Anton Diffring, Yemi Goodman Ajibade",https://www.filmcrave.com/movie_page_main.php?id=61714,Unknown
God's Bloody Acre,49008,3.0,1,07/31/1975,English,"Drama, Horror",R,Harry Kerwin,"Wayne Crawford, Jennifer Stock, Sam Moree, Daniel Schweitzer, William Kerwin, Suzanne Robinson",https://www.filmcrave.com/movie_page_main.php?id=61715,Unknown
So Sad About Gloria,49017,3.0,1,10/31/1975,English,"Crime, Drama",PG,Harry Thomason,"Lori Saunders, Robert Ginnaven, Dean Jagger, Lou Hoffman, Seymore Treitman, Linda Wyse",https://www.filmcrave.com/movie_page_main.php?id=61716,Unknown
Project: Kill,49074,3.0,1,10/31/1976,English,"Action, Drama",NR,William Girdler,"Leslie Nielsen, Gary Lockwood, Nancy Kwan, Vic Silayan, Vic Diaz, Galen Thompson",https://www.filmcrave.com/movie_page_main.php?id=61717,Unknown
Karate Killer ( Kill or Be Killed ),49221,3.0,1,05/01/1980,English,"Action, Drama",PG,Ivan Hall,"James Ryan, Charlotte Michelle, Norman Coombes, Daniel DuPlessis, Raymond Ho-Tong, Ed Kannemeyer",https://www.filmcrave.com/movie_page_main.php?id=61718,Unknown
Kotoko,51712,3.0,1,03/02/2012,Japanese,"Drama, Horror",NR,Shin'ya Tsukamoto,"Shin'ya Tsukamoto, Yûko Nakamura, Cocco, Eiichi Takahashi, Ryûgo Nakamura, Sawako Makishi",https://www.filmcrave.com/movie_page_main.php?id=61719,Unknown
Killing ( Zan ),54020,3.0,1,11/12/2018,Japanese,"Action, Drama",NR,Shin'ya Tsukamoto,"Shin'ya Tsukamoto, Yû Aoi, Sôsuke Ikematsu, Kohji Katoh, Tatsuya Nakamura, Ryûsei Maeda",https://www.filmcrave.com/movie_page_main.php?id=61720,Unknown
"Adventure of Denchu-Kozo, The ( Denchû kozô no bôken )",49423,3.0,1,01/01/1987,Japanese,"Comedy, Horror",NR,Shin'ya Tsukamoto,"Kei Fujiwara, Nobu Kanaoka, N. Senba, Tomorô Taguchi, Shin'ya Tsukamoto",https://www.filmcrave.com/movie_page_main.php?id=61721,Unknown
Haze,41737,2.3,2,10/01/2005,Japanese,"Horror, Mystery",NR,Shin'ya Tsukamoto,"Shin'ya Tsukamoto, Takahiro Murase, Takahiro Kandaka, Masato Tsujioka, Mao Saito, Kaori Fujii",https://www.filmcrave.com/movie_page_main.php?id=61722,Unknown
Cut Throat City,17896,2.7,3,04/10/2020,English,"Action, Crime",R,RZA,"Eiza González, Ethan Hawke, Wesley Snipes, Kat Graham, Joel David Moore, Terrence Howard",https://www.filmcrave.com/movie_page_main.php?id=61723,"As Hurricane Katrina threatens the city of New Orleans, a group of criminals plans a brazen heist in the lower ninth ward. --"
Dreamkatcher,54256,3.0,1,04/30/2020,English,"Horror, Thriller",R,Kerry Harris,"Henry Thomas, Radha Mitchell, Lin Shaye, Jules Willcox, Joseph Bishara, Finlay Wojtak-Hissong",https://www.filmcrave.com/movie_page_main.php?id=61724,Unknown
Monster Hunter,16351,2.3,10,12/18/2020,English,"Action, Fantasy",PG-13,Paul W.S. Anderson,"Milla Jovovich, Meagan Good, Ron Perlman, Diego Boneta, Tony Jaa, T.I.",https://www.filmcrave.com/movie_page_main.php?id=61725,"Lt. Artemis and her group of loyal soldiers find themselves transported to a strange, dangerous new world. Enormous monsters roam this world, threatening their lives at every turn. With their modern weapons seemingly useless against the beasts, they must rely on the knowledge of a stranger to survive this world and find a way to return home. --"
Lazy Susan,46733,1.8,2,04/03/2020,English,Comedy,NR,Nick Peet,"Sean Hayes, Allison Janney, Matthew Broderick, Jim Rash, Margo Martindale, J.R. Ramirez",https://www.filmcrave.com/movie_page_main.php?id=61726,Unknown
Two/One,54081,3.0,1,04/28/2019,English,Drama,NR,Juan Cabral,"Boyd Holbrook, Beau Bridges, Anna Van Hooft, Zhu Zhu, Jane McGregor, Ashley Ross",https://www.filmcrave.com/movie_page_main.php?id=61727,Unknown
Minions: The Rise of Gru,6549,2.6,17,07/01/2022,English,"Animation, Adventure",PG,"Kyle Balda, Brad Ableson, Jonathan del Val","Steve Carell, Pierre Coffin, Alan Arkin, Taraji P. Henson, Michelle Yeoh, Julie Andrews",https://www.filmcrave.com/movie_page_main.php?id=61728,"The 70s are in full swing and a 12-year-old Gru wants nothing more than to be the world's most vile villain. Even as he idolizes the super-villain group, Vicious 6, he, along with his loyal Minions, take the first steps in crafting the perfect lair, inventing weapons and pulling off some missions. When the leader of the Vicious 6, Wild Knuckles, is let go - Gru sees an opening to join the group - only for things to backfire spectacularly. On the run from the villains Gru finds help in an unlikely place - Wild Knuckles - and learns that even the most evil person in the world still needs friends. --"
Spiral,21159,2.1,14,05/14/2021,English,Horror,R,Darren Lynn Bousman,"Samuel L. Jackson, Chris Rock, Marisol Nichols, Max Minghella, Zoie Palmer, Dan Petronijevic",https://www.filmcrave.com/movie_page_main.php?id=61729,"Detective Zeke Banks along with rookie partner William Schenk find themselves on the trail of a devious criminal and the more they investigate, they more they realize the crimes are influenced by a dark evil from the past and the games are about to begin again. --"
Abigail,54134,3.0,1,08/22/2019,English,"Adventure, Fantasy",NR,Aleksandr Boguslavskiy,"Tinatin Dalakishvili, Eddie Marsan, Rinal Mukhametov, Ravshana Kurkova, Gleb Bochkov, Artyom Tkachenko",https://www.filmcrave.com/movie_page_main.php?id=61730,Unknown
Resistance,8651,2.8,5,03/27/2020,English,"Biography, Drama",R,Jonathan Jakubowicz,"Jesse Eisenberg, Ed Harris, Edgar Ramírez, Clémence Poésy, Matthias Schweighöfer, Bella Ramsey",https://www.filmcrave.com/movie_page_main.php?id=61731,Unknown
Jenny,48725,3.0,1,01/02/1970,English,"Drama, Romance",NR,George Bloomfield,"Marlo Thomas, Alan Alda, Marian Hailey, Elizabeth Wilson, Vincent Gardenia, Charlotte Rae",https://www.filmcrave.com/movie_page_main.php?id=61732,Unknown
The Artist's Wife,44981,2.0,2,04/03/2020,English,Drama,R,Tom Dolby,"Lena Olin, Bruce Dern, Juliet Rylance, Avan Jogia, Stefanie Powers, Catherine Curtin",https://www.filmcrave.com/movie_page_main.php?id=61733,Unknown
The King of Staten Island,5398,2.8,9,06/12/2020,English,"Comedy, Drama",R,Judd Apatow,"Marisa Tomei, Steve Buscemi, Pamela Adlon, Pete Davidson, Bel Powley, Maude Apatow",https://www.filmcrave.com/movie_page_main.php?id=61734,Unknown
"My Boyfriend's Meds ( Pildoras De Mi Novio, Las )",54223,3.0,1,02/21/2020,Spanish,Comedy,R,Diego Kaplan,"Brooke Shields, Jason Alexander, Brian Baumgartner, Jaime Camil, James Maslow, Sandra Echeverría",https://www.filmcrave.com/movie_page_main.php?id=61735,"Jess, a beautiful and talented, high-powered marketing executive at an upscale tequila company, finds herself with an instant attraction to Hank, a charismatic mattress store owner she meets while shopping for a new bed. The two hit it off with Hank keeping one big secret - the fact he suffers from a variety of ailments his daily medication keeps at bay. Just as he's about to tell her the truth, she whisks him away on a tropical getaway, but the sudden change of plans means Hank forgot to pack the one thing he really needs - his precious medication - and the results will truly test if love can conquer all. --"
True History of the Kelly Gang,12147,2.6,6,04/24/2020,English,"Biography, Crime",R,Justin Kurzel,"George MacKay, Essie Davis, Nicholas Hoult, Orlando Schwerdt, Thomasin McKenzie, Charlie Hunnam",https://www.filmcrave.com/movie_page_main.php?id=61736,Unknown
"Deerskin ( daim, La )",21470,3.3,2,03/20/2020,French,"Comedy, Horror",NR,Quentin Dupieux,"Jean Dujardin, Adèle Haenel, Albert Delpy, Coralie Russier, Laurent Nicolas, Marie Bunel",https://www.filmcrave.com/movie_page_main.php?id=61737,"A middle-aged man comes into the possession of a 100% deerskin jacket - one that asserts a strange hold on him. A new man, he befriends a bartender, and aspiring editor as he takes on the guise of an independent filmmaker with a very specific movie in mind. --"
The Green Knight,2016,3.0,22,07/30/2020,English,"Drama, Fantasy",R,David Lowery,"Dev Patel, Alicia Vikander, Joel Edgerton, Sarita Choudhury, Sean Harris, Kate Dickie",https://www.filmcrave.com/movie_page_main.php?id=61738,"Based on the epic tale from Arthurian legend - Sir Gawain, Arthur's reckless and headstrong nephew, seeks to challenge The Green Knight, a monstrous, emerald-skinned tester of men. Along the way he will face ghosts, thieves, schemes and more and find a deeper calling as he seeks to prove himself to his family and kingdom alike. --"
"Great Leap, The aka Big Jump, The ( große Sprung - Eine unwahrscheinliche, aber bewegte Geschichte, Der )",43478,2.0,2,12/20/1927,German,"Adventure, Comedy",NR,Arnold Fanck,"Leni Riefenstahl, Luis Trenker, Hans Schneeberger, Paul Graetz, Leontine Sagan",https://www.filmcrave.com/movie_page_main.php?id=61739,Unknown
The Cold Blue,54110,3.0,1,07/04/2019,English,"Documentary, War",NR,Erik Nelson,"V.G. Alexander, Paul Haedike, Mort Kimmel, William Toombs, Al Villagran",https://www.filmcrave.com/movie_page_main.php?id=61740,Unknown
Marfa Girl 2,54009,3.0,1,11/02/2018,English,Drama,NR,Larry Clark,"Adam Mediano, Drake Burnette, Mercedes Maxwell, Jonathan Velasquez, Indigo Rael, Jeremy St. James",https://www.filmcrave.com/movie_page_main.php?id=61741,Unknown
The Secret Garden,17360,2.5,4,04/17/2020,English,"Drama, Family",PG,Marc Munden,"Dixie Egerickx, Colin Firth, Julie Walters, Edan Hayhurst, Isis Davis, Maeve Dermody",https://www.filmcrave.com/movie_page_main.php?id=61742,Unknown
Banana Split,23763,2.2,5,09/22/2018,English,Comedy,R,Benjamin Kasulke,"Liana Liberato, Dylan Sprouse, Hannah Marks, Addison Riecke, Meagan Kimberly Smith, Haley Ramm",https://www.filmcrave.com/movie_page_main.php?id=61743,Unknown
Dream Horse,26390,3.0,2,05/01/2020,English,Comedy,PG,Euros Lyn,"Toni Collette, Damian Lewis, Joanna Page, Nicholas Farrell, Peter Davison, Owen Teale",https://www.filmcrave.com/movie_page_main.php?id=61744,"Jan runs a bar in her Welsh town but dreams of breeding her own race horse. Hoping those in town helps chip in, Jan raises Dream Alliance and, with grit and determination, finds a place among the racing elite and earning a spot at the Welsh Grand National. --"
The Grizzlies,54046,3.0,1,01/05/2019,English,"Biography, Drama",R,Miranda de Pencier,"Ben Schnetzer, Anna Lambe, Paul Nutarariaq, Tantoo Cardinal, Madeline Ivalu, Booboo Stewart",https://www.filmcrave.com/movie_page_main.php?id=61745,Unknown
My Hero Academia: Heroes Rising ( My Hero Academia - Boku no hîrô akademia THE MOVIE - Heroes: Rising - Hîrôzu: Raijingu ),54227,3.0,1,02/28/2020,Japanese,"Anime, Adventure",PG-13,Kenji Nagasaki,"Christopher Bevins, Colleen Clinkenbeard, Luci Christian, Johnny Yong Bosch, Kiyotaka Furushima, Yoshimasa Hosoya",https://www.filmcrave.com/movie_page_main.php?id=61746,Unknown
Slay the Dragon,38269,2.5,2,03/13/2020,English,Documentary,PG-13,"Chris Durrance, Barak Goodman","Nick Stephanopoulos, Anita Earls, Ruth Greenwood, Stephen Wolf, David Daley, Chris Jankowski",https://www.filmcrave.com/movie_page_main.php?id=61747,Unknown
Zola,10636,2.5,12,06/30/2021,English,Drama,R,Janicza Bravo,"Taylour Paige, Riley Keough, Nicholas Braun, Ari'el Stachel, Colman Domingo, Megan Hayes",https://www.filmcrave.com/movie_page_main.php?id=61748,"Based on a twitter feed that went viral, Zola follows a stripper's journey, along with another women she just met, on an unforgettable and wild road trip to Florida. --"
"Endings, Beginnings",31507,2.2,3,05/01/2020,English,Drama,NR,Drake Doremus,"Shailene Woodley, Jamie Dornan, Sebastian Stan, Matthew Gray Gubler, Lindsay Sloane, Luke Baybak",https://www.filmcrave.com/movie_page_main.php?id=61749,Unknown
Charm City Kings,54208,3.0,1,01/17/2020,English,Drama,R,Angel Manuel Soto,"Teyonah Parris, Milan Ray, Jahi Di'Allo Winston, William Catlett, Donielle T. Hansley Jr., Meek Mill",https://www.filmcrave.com/movie_page_main.php?id=61750,"Mouse is a fourteen-year old boy living in Baltimore who wants nothing more than to join the Midnight Clique, a group of dirt bike riders who rule the summer streets. When Blax, the leader of the group, takes Mouse under his wing, Mouse will soon have to decide what path in life he really wants to take. --"
The Postcard Killings,34431,1.9,4,03/13/2020,English,"Crime, Drama",NR,Danis Tanovic,"Jeffrey Dean Morgan, Famke Janssen, Naomi Battrick, Ruairi O'Connor, Cush Jumbo, Joachim Król",https://www.filmcrave.com/movie_page_main.php?id=61751,Unknown
Satan's Slaves ( Pengabdi Setan ),14305,2.8,3,11/08/2017,Other,"Drama, Horror",NR,Joko Anwar,"Tara Basro, Bront Palarae, Dimas Aditya, Endy Arfian, Nasar Annuz, M. Adhiyat",https://www.filmcrave.com/movie_page_main.php?id=61752,Unknown
Ray & Liz,26367,3.0,2,07/10/2019,English,Drama,NR,Richard Billingham,"Justin Salinger, Ella Smith, Tony Way, James Eeles, Sam Gittins, Michelle Bonnard",https://www.filmcrave.com/movie_page_main.php?id=61753,Unknown
Ashes and Snow,0,0.0,0,03/05/2005,English,"Documentary, Drama",NR,Gregory Colbert,"Laurence Fishburne, Jeanne Moreau, Ken Watanabe, Enrique Rocha",https://www.filmcrave.com/movie_page_main.php?id=61754,Unknown
The Further Adventures of Walt's Frozen Head,26360,3.0,2,03/14/2019,English,Comedy,NR,Benjamin Lancaster,"Daniel Cooksley, Kate Jenkins, Ron Schneider, Jaiden Anderson, Jason Anderson, David Raizor",https://www.filmcrave.com/movie_page_main.php?id=61755,Unknown
White Tiger,25628,3.0,2,05/28/1996,English,Action,R,Richard Martin,"Gary Daniels, Mig Macario, Kelly Benson, Matt Craven, Frank Cassini, Cary-Hiroyuki Tagawa",https://www.filmcrave.com/movie_page_main.php?id=61756,Unknown
Promare ( Promare: Puromea ),54112,3.0,1,07/05/2019,Japanese,"Anime, Action",PG-13,Hiroyuki Imaishi,"John Eric Bentle, Steve Blum, Johnny Yong Bosch, Crispin Freeman, Tetsu Inada, Nobuyuki Hiyama",https://www.filmcrave.com/movie_page_main.php?id=61757,Unknown
Bad Education,8258,2.7,7,04/25/2020,English,"Comedy, Drama",NR,Cory Finley,"Hugh Jackman, Allison Janney, Geraldine Viswanathan, Alex Wolff, Ray Romano, Kathrine Narducci",https://www.filmcrave.com/movie_page_main.php?id=61758,Unknown
Crip Camp,6710,2.9,5,03/25/2020,English,Documentary,R,"James Lebrecht, Nicole Newnham","James Lebrecht, Lionel Je'Woodyard, Joseph O'Conor, Ann Cupolo Freeman, Denise Sherer Jacobson, Larry Allison",https://www.filmcrave.com/movie_page_main.php?id=61759,Unknown
The Courier,19028,2.3,6,03/19/2021,English,Drama,PG-13,Dominic Cooke,"Rachel Brosnahan, Jessie Buckley, Benedict Cumberbatch, Angus Wright, Merab Ninidze, Joseph Balderrama",https://www.filmcrave.com/movie_page_main.php?id=61760,"As tensions in the Cold War grow and the Cuban Missile Crisis threatens nuclear annihilation, spy Greville Wynne and his Russian source look to prevent world-wide devastation. --"
The Lumber Baron,54093,3.0,1,05/24/2019,English,"Drama, Historical",PG,Barry Andersson,"Joseph Bezenek, Scout Taylor-Compton, Charles Hubbell, Christina Baldwin, Anna Stranz, Henry Sollberger",https://www.filmcrave.com/movie_page_main.php?id=61761,Unknown
Never Rarely Sometimes Always,1623,3.2,10,03/13/2020,English,Drama,PG-13,Eliza Hittman,"Ryan Eggold, Théodore Pellerin, Talia Ryder, Sidney Flanigan, Sharon Van Etten, Drew Seltzer",https://www.filmcrave.com/movie_page_main.php?id=61762,"Long time friends and cousins Skylar and Autumn navigate the treacherous world of female adolescence in their rural Pennsylvania town. When Autumn finds herself unintentionally pregnant, she finds no help in the conservative surroundings and embarks on a road trip with Skylar to New York, seeking to find the help she needs. --"
Rumble,21608,2.5,3,12/15/2021,English,"Animation, Comedy",PG,Hamish Grieve,"Ben Schwartz, Will Arnett, Geraldine Viswanathan, Terry Crews, Jimmy Tatro, Tony Danza",https://www.filmcrave.com/movie_page_main.php?id=61763,"In this world Monster Wrestling is a global phenomenon, making monsters the biggest superstar athletes on the planet. Teenager Winnie wants nothing more than to follow in her father's footsteps, which means taking on a monster underdog and turning him into champion material. --"
Candyman,13064,2.3,19,08/27/2021,English,Horror,R,Nia DaCosta,"Yahya Abdul-Mateen II, Teyonah Parris, Nathan Stewart-Jarrett, Colman Domingo, Tony Todd, Vanessa Williams",https://www.filmcrave.com/movie_page_main.php?id=61764,"Chicago's Cabrini-Green may be gone, but some ghosts remain. In the now-gentrified neighborhood, visual artist Anthony McCoy's obsession with one such ghost - the legend of Candyman - leads to new revelations and trauma. --"
Fatima,36164,2.5,2,08/28/2020,English,Drama,PG-13,Marco Pontecorvo,"Harvey Keitel, Goran Visnjic, Sônia Braga, Joaquim de Almeida, Lúcia Moniz, Stephanie Gil",https://www.filmcrave.com/movie_page_main.php?id=61765,"In 1917, Fátima, Portugal - a 10-year-old shepherd and his two young cousins witness a vision of the Virgin Mary. Even as their story draws the faithful - it also draws the ire of the church and secular government. Even as they try to force the children to recant their story, tens of thousands flock to see the miracle, an event that will change lives forever. --"
The High Note,10237,2.6,9,05/29/2020,English,"Drama, Romance",PG-13,Nisha Ganatra,"Bill Pullman, Dakota Johnson, June Diane Raphael, Ice Cube, Eddie Izzard, Tracee Ellis Ross",https://www.filmcrave.com/movie_page_main.php?id=61766,"Grace Davis is a superstar - one who has been playing the same show to sell-out crowds for ten years. Maggie, her harried personal assistant for the past three years, has trained in music but finds herself on the sidelines. When Grace announces she wants to record a new album, the journey will change both her and Maggie's life. --"
"It's Not Just You, Murray!",32185,2.8,2,02/01/1964,English,"Comedy, Crime",NR,Martin Scorsese,"Ira Rubin, Sam DeFazio, Andrea Martin, Catherine Scorsese, Robert Uricola, Bernard Weisberger",https://www.filmcrave.com/movie_page_main.php?id=61767,Unknown
What's a Nice Girl Like You Doing in a Place Like This?,32182,2.8,2,12/31/1963,English,"Comedy, Drama",NR,Martin Scorsese,"Zeph Michaelis, Mimi Stark, Sarah Braveman, Fred Sica, Robert Uricola",https://www.filmcrave.com/movie_page_main.php?id=61768,Unknown
Blue Story,11327,2.6,7,12/31/2020,English,"Crime, Drama",R,Rapman aka Andrew Onwubolu,"Stephen Odubola, Micheal Ward, Khali Best, Karla-Simone Spence, Eric Kofi-Abrefa, Kadeem Ramsay",https://www.filmcrave.com/movie_page_main.php?id=61769,"Based on the true story of the childhood of Rapman (Andrew Onwubolu) and feature-length debut of his popular YouTube series, Blue Story follows the lives of Timmy and Marco. Though from two very different backgrounds, they strike up a friendship at school. This friendship will soon be tested when they find themselves on opposite sides of a street war. --"
The Mitchells vs. the Machines,146,3.5,19,04/30/2021,English,"Animation, Comedy",PG,"Michael Rianda, Jeff Rowe","Danny McBride, Abbi Jacobson, Maya Rudolph, Olivia Colman, Eric André, Michael Rianda",https://www.filmcrave.com/movie_page_main.php?id=61770,"When Katie Mitchell finds out she has been accepted into film school, her whole family decides to drive her down. But during the trip, a tech uprising interrupts their plans forcing the Mitchell family to band together to save themselves and perhaps the world. --"
I Carry You with Me,60228,2.0,1,01/26/2020,Spanish,Drama,R,Heidi Ewing,"Armando Espitia, Christian Vazquez, Michelle Rodríguez, Ángeles Cruz, Raúl Briones, Arcelia Ramírez",https://www.filmcrave.com/movie_page_main.php?id=61771,Unknown
The Quarry,38270,2.5,2,03/14/2020,English,"Crime, Mystery",R,Scott Teems,"Shea Whigham, Michael Shannon, Catalina Sandino Moreno, Bobby Soto, Bruno Bichir, Alvaro Martinez",https://www.filmcrave.com/movie_page_main.php?id=61772,Unknown
Y Como Es El?,54247,3.0,1,04/17/2020,Spanish,Comedy,PG-13,Ariel Winograd,"Miguel Rodarte, Omar Chaparro, Mauricio Ochmann, Zuria Vega, Mauricio Barrientos",https://www.filmcrave.com/movie_page_main.php?id=61773,Unknown
Page Eight,25950,3.0,2,11/06/2011,English,"Drama, Mystery",NR,David Hare,"Bill Nighy, Rachel Weisz, Tom Hughes, Michael Gambon, Judy Davis, Felicity Jones",https://www.filmcrave.com/movie_page_main.php?id=61774,Unknown
Bad Grandpa .5,52060,3.0,1,06/04/2014,English,Comedy,NR,Jeff Tremaine,"Johnny Knoxville, Jackson Nicoll, Spike Jonze, Catherine Keener, Georgina Cates, Grasie Mercedes",https://www.filmcrave.com/movie_page_main.php?id=61775,Unknown
Rattlesnake,54182,3.0,1,10/25/2019,English,"Drama, Horror",NR,Zak Hilditch,"Carmen Ejogo, Theo Rossi, Emma Greenwell, Apollonia Pratt, Bruce Davis, Spencer Mabrey",https://www.filmcrave.com/movie_page_main.php?id=61776,Unknown
The Scorpion King: Book of Souls,53996,3.0,1,10/23/2018,English,"Action, Fantasy",PG-13,Don Michael Paul,"Zach McGowan, Pearl Thusi, Nathan Jones, Mayling Ng, Peter Mensah, Katy Louise Saunders",https://www.filmcrave.com/movie_page_main.php?id=61777,Unknown
The Last Vermeer,18942,2.7,3,08/31/2019,English,Drama,R,Dan Friedkin,"Guy Pearce, Claes Bang, Vicky Krieps, August Diehl, Olivia Grant, Roland Møller",https://www.filmcrave.com/movie_page_main.php?id=61778,Unknown
Abe,54048,3.0,1,01/26/2019,English,Family,NR,Fernando Grostein Andrade,"Noah Schnapp, Mark Margolis, Dagmara Dominczyk, Alexander Hodge, Arian Moayed, Seu Jorge",https://www.filmcrave.com/movie_page_main.php?id=61779,Unknown
Judy & Punch,54252,3.0,1,04/24/2020,English,"Comedy, Crime",NR,Mirrah Foulkes,"Mia Wasikowska, Damon Herriman, Benedict Hardie, Kiruna Stamell, Jacek Koman, Tom Budge",https://www.filmcrave.com/movie_page_main.php?id=61780,Unknown
The Other Lamb,21129,2.4,4,04/03/2020,English,"Drama, Horror",NR,Malgorzata Szumowska,"Raffey Cassidy, Michiel Huisman, Denise Gough, Kelly Campbell, Eve Connolly, Isabelle Connolly",https://www.filmcrave.com/movie_page_main.php?id=61781,Unknown
Escape from Pretoria,14934,2.6,4,03/06/2020,English,Thriller,PG-13,Francis Annan,"Daniel Radcliffe, Daniel Webber, Ian Hart, Nathan Page, Ratidzo Mambo, Mark Leonard Winter",https://www.filmcrave.com/movie_page_main.php?id=61782,Unknown
Citizen K,54192,3.0,1,11/22/2019,Russian,Documentary,NR,Alex Gibney,"Mikhail Khodorkovsky, Vladimir Putin, Leonid Nevzlin, Boris Berezovsky, Igor Malashenko, Anton Drel",https://www.filmcrave.com/movie_page_main.php?id=61783,Unknown
"Platform, The ( hoyo, El )",4013,2.9,12,03/20/2020,Spanish,"Horror, Sci-Fi",NR,Galder Gaztelu-Urrutia,"Ivan Massagué, Zorion Eguileor, Antonia San Juan, Emilio Buale, Alexandra Masangkay, Mario Pardo",https://www.filmcrave.com/movie_page_main.php?id=61784,Unknown
Get Duked!,18948,2.7,3,08/28/2020,English,"Action, Comedy",R,Ninian Doff,"Rian Gordon, Lewis Gribben, Viraj Juneja, Samuel Bottomley, Eddie Izzard, Kate Dickie",https://www.filmcrave.com/movie_page_main.php?id=61785,Unknown
We Summon the Darkness,20269,2.2,8,12/13/2019,English,"Horror, Thriller",R,Marc Meyers,"Alexandra Daddario, Keean Johnson, Johnny Knoxville, Maddie Hasson, Logan Miller, Amy Forsyth",https://www.filmcrave.com/movie_page_main.php?id=61786,Unknown
Keith Richards: Under the Influence,52393,3.0,1,09/18/2015,English,Documentary,NR,Morgan Neville,"Keith Richards, Tom Waits, Steve Jordan, Waddy Wachtel",https://www.filmcrave.com/movie_page_main.php?id=61787,Unknown
Working Man,54067,3.0,1,04/13/2019,English,Drama,NR,Robert Jury,"Peter Gerety, Billy Brown, Talia Shire, Kirsten Fitzgerald, J. Salome Martinez, Bobby Richards",https://www.filmcrave.com/movie_page_main.php?id=61788,Unknown
Arkansas,38273,2.5,2,05/01/2020,English,"Crime, Drama",R,Clark Duke,"Vince Vaughn, John Malkovich, Liam Hemsworth, Vivica A. Fox, Clark Duke, Michael Kenneth Williams",https://www.filmcrave.com/movie_page_main.php?id=61789,Unknown
Clover,54239,3.0,1,04/03/2020,English,"Comedy, Crime",NR,Jon Abrahams,"Mark Webber, Nicole Elizabeth Berger, Jon Abrahams, Erika Christensen, Jake Weber, Ron Perlman",https://www.filmcrave.com/movie_page_main.php?id=61790,Unknown
Legally Blonde 3,34571,2.0,3,12/31/2025,English,Comedy,Unknown,Jamie Suk,"Reese Witherspoon, Alanna Ubach, Jessica Cauffiel",https://www.filmcrave.com/movie_page_main.php?id=61791,Unknown
Brighton Rock,40151,2.3,2,11/07/1951,English,"Crime, Drama",NR,John Boulting,"Richard Attenborough, Hermione Baddeley, William Hartnell, Harcourt Williams, Wylie Watson, Nigel Stock",https://www.filmcrave.com/movie_page_main.php?id=61792,Unknown
Behind You,42119,2.3,2,04/17/2020,English,Horror,R,"Andrew Mecham, Matthew Whedon","Addy Miller, Elizabeth Birkner, Jan Broberg, Philip Brodie, Aimee-Lynn Chadwick, Caroline Labrum",https://www.filmcrave.com/movie_page_main.php?id=61793,Unknown
Blush,44962,2.0,2,01/26/2019,English,Drama,NR,Debra Eisenstadt,"Kate Alberts, Max Burkholder, Wendi McLendon-Covey, Kate Blumberg, Steve Little, Michael Rivkin",https://www.filmcrave.com/movie_page_main.php?id=61794,Unknown
A Hidden Life,2610,3.2,6,12/13/2019,English,"Biography, Drama",PG-13,Terrence Malick,"August Diehl, Valerie Pachner, Maria Simon, Karin Neuhäuser, Tobias Moretti, Ulrich Matthes",https://www.filmcrave.com/movie_page_main.php?id=61795,Unknown
International Falls,54068,3.0,1,04/14/2019,English,Comedy,NR,Amber McGinnis,"Rachael Harris, Matthew Glave, Rob Huebel, Mindy Sterling, Kevin Nealon, Erik Griffin",https://www.filmcrave.com/movie_page_main.php?id=61796,Unknown
Come Play,12814,2.6,5,10/30/2020,English,Horror,PG-13,Jacob Chase,"Azhy Robertson, Gillian Jacobs, John Gallagher Jr., Rachel Wilson, Winslow Fegley, Jayden Marine",https://www.filmcrave.com/movie_page_main.php?id=61797,"Oliver is a lonely, young boy who is coping with Autism and feels disconnected from those around him. Seeking solace and friendship, he is drawn into the ever-present world that smart phones and tablets have to offer. But when he makes a new friend in ""Larry"" he doesn't realize the danger that yearns to break into our world - and his parents soon realize they will have to fight to save their son. --"
Extraction,5240,2.7,17,04/24/2020,English,"Action, Drama",R,Sam Hargrave,"Chris Hemsworth, David Harbour, Golshifteh Farahani, Derek Luke, Chris Jai Alex, Randeep Hooda",https://www.filmcrave.com/movie_page_main.php?id=61798,"Tyler Rake, a fearless black market mercenary, embarks on the most deadly extraction of his career when he's enlisted to rescue the kidnapped son of an imprisoned international crime lord."
John Lewis: Good Trouble,38274,2.5,2,05/01/2020,English,Documentary,PG,Dawn Porter,John Lewis,https://www.filmcrave.com/movie_page_main.php?id=61799,Unknown
Outback,38280,2.5,2,06/09/2020,English,Thriller,R,Mike Green,"Brendan Donoghue, Lauren Lofberg, Taylor Wiese, Jim Winton Porter, Kym Cramp",https://www.filmcrave.com/movie_page_main.php?id=61800,Unknown
Tesla,60231,2.0,1,01/27/2020,English,"Biography, Drama",PG-13,Michael Almereyda,"Ethan Hawke, Hannah Gross, Eve Hewson, Kyle MacLachlan, Jim Gaffigan, Lucy Walters",https://www.filmcrave.com/movie_page_main.php?id=61801,Unknown
Yellow Rose,38299,2.5,2,10/09/2020,English,Drama,PG-13,Diane Paragas,"Lea Salonga, Gustavo Gomez, Eva Noblezada, Liam Booth, Princess Punzalan, Libby Villari",https://www.filmcrave.com/movie_page_main.php?id=61802,Unknown
"Yes, God, Yes",31506,2.2,3,04/10/2020,English,Drama,R,Karen Maine,"Natalia Dyer, Donna Lynne Champlin, Matt Lewis, John Henry Ward, Tre'len Johnston, Alisha Boe",https://www.filmcrave.com/movie_page_main.php?id=61803,Unknown
1BR,26377,3.0,2,09/28/2019,English,"Drama, Horror",NR,David Marmor,"Nicole Brydon Bloom, Alan Blumenfeld, Andrea Gabriel, Curtis Webster, Naomi Grossman, Taylor Nichols",https://www.filmcrave.com/movie_page_main.php?id=61804,Unknown
Sea Fever,17357,2.5,4,09/25/2019,English,"Horror, Sci-Fi",NR,Neasa Hardiman,"Connie Nielsen, Dougray Scott, Hermione Corfield, Olwen Fouéré, Jack Hickey, Ardalan Esmaili",https://www.filmcrave.com/movie_page_main.php?id=61805,Unknown
Bad Therapy,54246,3.0,1,04/17/2020,English,Comedy,NR,William Teitler,"Michaela Watkins, Rob Corddry, Alicia Silverstone, Anna Pniowsky, Aisha Tyler, Haley Joel Osment",https://www.filmcrave.com/movie_page_main.php?id=61806,Unknown
Inheritance,20038,2.3,5,05/15/2020,English,Thriller,NR,Vaughn Stein,"Lily Collins, Connie Nielsen, Simon Pegg, Chace Crawford, Marque Richardson, Michael Beach",https://www.filmcrave.com/movie_page_main.php?id=61807,Unknown
Pretty Smart,49432,3.0,1,03/01/1987,English,"Comedy, Drama",R,Dimitri Logothetis,"Tricia Leigh Fisher, Lisa Lörient, Dennis Cole, Patricia Arquette, Kimberly B. Delfin, Paris Vaughan",https://www.filmcrave.com/movie_page_main.php?id=61808,Unknown
"Long and the Short and the Tall, The ( Jungle Fighters )",48412,3.0,1,03/14/1962,English,"War, Drama",NR,Leslie Norman,"Richard Todd, Laurence Harvey, Richard Harris, Ronald Fraser, David McCallum, John Meillon",https://www.filmcrave.com/movie_page_main.php?id=61809,Unknown
"Exorcism at 60,000 Feet",54128,3.0,1,08/09/2019,English,"Comedy, Horror",NR,Chad Ferrin,"Robert Miano, Bai Ling, Lance Henriksen, Matthew Moy, Kevin J. O'Connor, Bill Moseley",https://www.filmcrave.com/movie_page_main.php?id=61810,Unknown
Coda,26384,3.0,2,02/01/2020,English,Drama,NR,Claude Lalonde,"Patrick Stewart, Katie Holmes, Giancarlo Esposito, Letitia Brookes, Catherine St-Laurent, Drew Davis",https://www.filmcrave.com/movie_page_main.php?id=61811,Unknown
Malignant,9512,2.5,23,09/10/2021,English,Horror,R,James Wan,"Annabelle Wallis, Maddie Hasson, George Young, Michole Briana White, Jacqueline McKenzie, Jon Lee Brody",https://www.filmcrave.com/movie_page_main.php?id=61812,A woman finds herself tortured with visions of gristly murders but things take an even darker turn when she realizes these gruesome are not just dreams - but are taking place in reality. --
How to Build a Girl,31601,2.8,2,05/08/2020,English,Comedy,R,Coky Giedroyc,"Emma Thompson, Beanie Feldstein, Alfie Allen, Lucy Punch, Paddy Considine, Jameela Jamil",https://www.filmcrave.com/movie_page_main.php?id=61813,"Based on the best-selling novel by Caitlin Moran, the film follows Johanna Morrigan, who yearns to break free from her over-crowded family life and finds out she can when she reinvents herself as Dolly Wilde - an adventurous, ambitious music critic who moves to London where she soon finds her made-up life is much harder to handle then she could imagine. --"
Rebuilding Paradise,54212,3.0,1,01/24/2020,English,Documentary,PG-13,Ron Howard,Unknown,https://www.filmcrave.com/movie_page_main.php?id=61814,Unknown
Shirley,9169,2.9,4,01/25/2020,English,"Biography, Drama",R,Josephine Decker,"Elisabeth Moss, Logan Lerman, Michael Stuhlbarg, Odessa Young, Steve Vinovich, Allen McCullough",https://www.filmcrave.com/movie_page_main.php?id=61815,Unknown
"Wolf's Call, The ( Chant du loup, Le )",60203,2.0,1,06/20/2019,French,"Action, Sci-Fi",NR,Antonin Baudry,"François Civil, Omar Sy, Mathieu Kassovitz, Reda Kateb, Paula Beer, Alexis Michalik",https://www.filmcrave.com/movie_page_main.php?id=61816,Unknown
Leprechaun Returns,54039,3.0,1,12/11/2018,English,"Fantasy, Horror",R,Steven Kostanski,"Taylor Spreitler, Pepi Sonuga, Sai Bennett, Linden Porco, Emily Reid, Mark Holton",https://www.filmcrave.com/movie_page_main.php?id=61817,Unknown
A Murder of Crows,22653,2.5,3,07/06/1999,English,"Action, Crime",R,Rowdy Herrington,"Cuba Gooding Jr., Tom Berenger, Marianne Jean-Baptiste, Eric Stoltz, Mark Pellegrino, Ashley Laurence",https://www.filmcrave.com/movie_page_main.php?id=61818,Unknown
Ghosthunter,33092,2.8,2,10/28/2018,English,Documentary,NR,Ben Lawrence,Jason King,https://www.filmcrave.com/movie_page_main.php?id=61819,Unknown
Rampage: Capital Punishment,52075,3.0,1,08/14/2014,English,"Action, Crime",NR,Uwe Boll,"Brendan Fletcher, Lochlyn Munro, Mike Dopud, Michaela Mann, Bruce Blain, John Sampson",https://www.filmcrave.com/movie_page_main.php?id=61820,Unknown
Coffee & Kareem,31505,2.2,3,04/03/2020,English,"Action, Comedy",NR,Michael Dowse,"Betty Gilpin, Taraji P. Henson, Ed Helms, David Alan Grier, Terrence Little Gardenhigh, Samantha Cole",https://www.filmcrave.com/movie_page_main.php?id=61821,Unknown
The Legion,60240,2.0,1,05/08/2020,English,"Action, Historical",R,Jose Magan,"Mickey Rourke, Bai Ling, Joaquim de Almeida, Vladimir Kulich, Maksim Matveev, Bosco Hogan",https://www.filmcrave.com/movie_page_main.php?id=61822,Unknown
The Willoughbys,6711,2.9,5,04/22/2020,English,"Animation, Comedy",PG,"Kris Pearn, Cory Evans, Rob Lodermeier","Will Forte, Martin Short, Alessia Cara, Jane Krakowski, Ricky Gervais, Maya Rudolph",https://www.filmcrave.com/movie_page_main.php?id=61823,Unknown
The Wretched,15276,2.4,10,05/01/2020,English,Horror,NR,"Brett Pierce, Drew T. Pierce","John-Paul Howard, Piper Curda, Jamison Jones, Azie Tesfai, Zarah Mahler, Kevin Bigley",https://www.filmcrave.com/movie_page_main.php?id=61824,"While dealing with his parent's immanent divorce, a defiant teen realized the woman next door houses the spirit of an ancient, malevolent witch. --"
Taylor Swift: Miss Americana,54219,3.0,1,01/31/2020,English,Documentary,NR,Lana Wilson,"Taylor Swift, Andrea Swift, Scott Swift, Joel Little, Tree Paine, Jack Antonoff",https://www.filmcrave.com/movie_page_main.php?id=61825,Unknown
"Karol - The Pope, the Man ( Karol, un Papa rimasto uomo )",51004,3.0,1,04/16/2006,English,Biography,NR,Giacomo Battiato,"Piotr Adamczyk, Dariusz Kwasnik, Michele Placido, Alberto Cracco, Adriana Asti, Leslie Hope",https://www.filmcrave.com/movie_page_main.php?id=61826,Unknown
Elephants,54035,3.0,1,12/07/2018,English,"Drama, Romance",NR,Alex Hanno,"Luca Malacrino, Allison Blaize, Lauren Kelly, Kelly V. Dolan, Chris Jones, Nathan Shaw",https://www.filmcrave.com/movie_page_main.php?id=61827,Unknown
Numb,51170,3.0,1,04/30/2007,English,"Comedy, Drama",R,Harris Goldberg,"Matthew Perry, Lynn Collins, Kevin Pollak, Bob Gunton, Helen Shaver, William B. Davis",https://www.filmcrave.com/movie_page_main.php?id=61828,Unknown
Premature,6709,2.9,5,02/21/2020,English,"Drama, Romance",NR,Rashaad Ernesto Green,"Zora Howard, Joshua Boone, Michelle Wilson, Alexis Marie Wint, Imani Lewis, Tashiana Washington",https://www.filmcrave.com/movie_page_main.php?id=61829,Unknown
Ready to Mingle ( Solteras ),54098,3.0,1,06/07/2019,Spanish,Comedy,NR,Luis Javier Henaine,"Cassandra Ciangherotti, Gabriela de la Garza, Irán Castillo, Sophie Alexander-Katz, Edwarda Gurrola, Mariana Cabrera",https://www.filmcrave.com/movie_page_main.php?id=61830,Unknown
"Drop Dead, Dearest ( I Miss You, Hugs and Kisses )",57226,2.0,1,09/08/1978,English,"Drama, Mystery",NR,Murray Markowitz,"Elke Sommer, Donald Pilon, Chuck Shamata, George Touliatos, Cindy Girling, George Chuvalo",https://www.filmcrave.com/movie_page_main.php?id=61831,Unknown
Skin Walker,54283,3.0,1,08/05/2020,English,"Drama, Horror",NR,Christian Neuman,"Amber Anderson, Udo Kier, Jefferson Hall, Sophie Mousel, Luc Schiltz, Bérangère Mc Neese",https://www.filmcrave.com/movie_page_main.php?id=61832,Unknown
To the Stars,54253,3.0,1,04/24/2020,English,Drama,NR,Martha Stephens,"Kara Hayward, Jordana Spiro, Liana Liberato, Adelaide Clemens, Madisen Beaty, Madisen Beaty",https://www.filmcrave.com/movie_page_main.php?id=61833,Unknown
Boys State,60224,2.0,1,01/24/2020,English,Documentary,PG-13,"Amanda McBaine, Jesse Moss",Unknown,https://www.filmcrave.com/movie_page_main.php?id=61834,Unknown
Sing 2,8747,2.6,13,12/22/2021,English,"Animation, Comedy",PG,Garth Jennings,"Reese Witherspoon, Scarlett Johansson, Matthew McConaughey, Taron Egerton, Tori Kelly, Nick Kroll",https://www.filmcrave.com/movie_page_main.php?id=61835,Buster Moon and his newly-minted stars are facing the biggest show of their careers - but in order to impress the best they will have to convince reclusive rock star Clay Calloway to join them. --
Love. Wedding. Repeat,54241,3.0,1,04/10/2020,English,Comedy,NR,Dean Craig,"Sam Claflin, Olivia Munn, Eleanor Tomlinson, Freida Pinto, Joel Fry, Aisling Bea",https://www.filmcrave.com/movie_page_main.php?id=61836,Unknown
Survive the Night,44983,2.0,2,05/22/2020,English,"Action, Sport",R,Matt Eskandari,"Bruce Willis, Chad Michael Murray, Lydia Hull, Tyler Jon Olson, Shea Buckner, Jessica Abrams",https://www.filmcrave.com/movie_page_main.php?id=61837,Unknown
Thor: Love and Thunder,10046,2.4,32,07/08/2022,English,"Action, Fantasy",PG-13,Taika Waititi,"Chris Hemsworth, Natalie Portman, Tessa Thompson, Christian Bale, Russell Crowe, Taika Waititi",https://www.filmcrave.com/movie_page_main.php?id=61838,"Thor is all set to enjoy his retirement, even tagging along with the Guardians of the Galaxy. But his plan is derailed by the appearance of Gorr the God Butcher. Teaming up with King Valkyrie, Korg and ex-girlfriend Jane Foster - who somehow now wields the mighty Mjolnir as the new Mighty Thor - they must stop Gorr and his plan to eliminate all gods from the universe. --"
The Marvels,8918,2.5,17,11/10/2023,English,"Action, Sci-Fi",PG-13,Nia DaCosta,"Brie Larson, Teyonah Parris, Iman Vellani, Zawe Ashton, Samuel L. Jackson, Park Seo-joon",https://www.filmcrave.com/movie_page_main.php?id=61839,"Carol Danvers has taken the mantel of Captain Marvel as well as taken revenge on the dangerous Kree and their Supreme Intelligence but in doing so, has destabilized the universe. A wormhole entangles her powers with that of New Jersey super-fan Kamala Khan - Ms. Marvel and that of her estranged niece, Captain Monica Rambeau. Now the three must work together, harnessing their powers, to set things right. --"
Fatale,19818,2.3,6,12/18/2020,English,Thriller,R,Deon Taylor,"Hilary Swank, Michael Ealy, Sam Daly, Geoffrey Owens, Mike Colter, Kali Hawk",https://www.filmcrave.com/movie_page_main.php?id=61840,"A married man finds himself getting involved with a female detective, who draws him into her plan for murder. --"
Barb and Star Go to Vista Del Mar,23186,2.1,9,07/16/2021,English,Comedy,PG-13,Josh Greenbaum,"Kristen Wiig, Annie Mumolo, Jamie Dornan, Wendi McLendon-Covey, Damon Wayans Jr., Tom Lenk",https://www.filmcrave.com/movie_page_main.php?id=61841,"A pair of Midwest best friends go on their first ever vacation to Vista Del Mar where they encounter sun, fun and adventure - along with romance and a plot to destroy the entire town. --"
Infinite,33897,1.9,5,06/30/2021,English,Sci-Fi,PG-13,Antoine Fuqua,"Mark Wahlberg, Dylan O'Brien, Chiwetel Ejiofor, Rupert Friend, Jóhannes Haukur Jóhannesson, Jason Mantzoukas",https://www.filmcrave.com/movie_page_main.php?id=61842,"Evan McCauley has skills he never learned and memories of places he has never visited. Self-medicated and on the brink of a mental breakdown, a secret group that call themselves “Infinites” come to his rescue, revealing that his memories are real."
The Hitman's Wife's Bodyguard,23869,2.0,14,06/16/2021,English,"Action, Comedy",R,Patrick Hughes,"Ryan Reynolds, Samuel L. Jackson, Morgan Freeman, Salma Hayek, Antonio Banderas, Frank Grillo",https://www.filmcrave.com/movie_page_main.php?id=61843,"It's an even more volatile match when bodyguard Michael Bryce doesn't just have to take care of hitman Darius Kincaid but also his world-famous con artist wife, Sonia. But the trio will have plenty on their hands when they face off against a power-hungry madman that could spell doom for Europe. --"
Last Moment of Clarity,31509,2.2,3,05/19/2020,English,Thriller,R,"Colin Krisel, James Krisel","Carly Chaikin, Samara Weaving, Brian Cox, Udo Kier, Hal Ozsan, Pasha D. Lychnikoff",https://www.filmcrave.com/movie_page_main.php?id=61844,Unknown
The McGuerins from Brooklyn,47966,3.0,1,12/31/1942,English,"Adventure, Comedy",NR,Kurt Neumann,"William Bendix, Grace Bradley, Arline Judge, Max Baer, Marjorie Woodworth, Marion Martin",https://www.filmcrave.com/movie_page_main.php?id=61845,Unknown
All Day and a Night,60239,2.0,1,05/01/2020,English,Drama,R,Joe Robert Cole,"Jeffrey Wright, Yahya Abdul-Mateen II, Ashton Sanders, Jalyn Hall, Kelly Jenrette, Regina Taylor",https://www.filmcrave.com/movie_page_main.php?id=61846,Unknown
Blackbird,23097,2.5,3,10/12/2019,English,Drama,R,Roger Michell,"Susan Sarandon, Kate Winslet, Sam Neill, Mia Wasikowska, Rainn Wilson, Bex Taylor-Klaus",https://www.filmcrave.com/movie_page_main.php?id=61847,Unknown
"Belle Époque, La",54263,3.0,1,05/22/2020,French,"Comedy, Drama",R,Nicolas Bedos,"Daniel Auteuil, Guillaume Canet, Doria Tillier, Fanny Ardant, Pierre Arditi, Denis Podalydès",https://www.filmcrave.com/movie_page_main.php?id=61848,"Victor has lived a long life, but finds himself disillusioned with what has become. Enter Antoine,, a brilliant entrepreneur who offers him the chance of a lifetime - to go back to any era in time. Victor chooses the most memorable week of his life, 40 years ago when he met his one great love. --"
Rounded Corners,54141,3.0,1,08/24/2019,English,"Comedy, Drama",PG-13,Paul Check,"Marie Check, Tinuke Adetunji, Paul Check, James Zeiss, Leo Goodman, Mark Anthony Ashton",https://www.filmcrave.com/movie_page_main.php?id=61849,Unknown
Dolphin Reef,26389,3.0,2,04/03/2020,English,Documentary,G,Keith Scholey,Natalie Portman,https://www.filmcrave.com/movie_page_main.php?id=61850,Unknown
Bloodfist III: Forced to Fight,41498,2.3,2,01/03/1992,English,Action,R,Oley Sassone,"Don Wilson, Richard Roundtree, Gregory McKinney, Rick Dean, Richard Paul, Charles Boswell",https://www.filmcrave.com/movie_page_main.php?id=61851,Unknown
Blackbelt,57905,2.0,1,05/28/1992,English,Action,R,"Charles Philip Moore, Rick Jacobson","Don Wilson, Deirdre Imershein, Matthias Hues, Richard Beymer, Alan Blumenfeld, Jack Forcinito",https://www.filmcrave.com/movie_page_main.php?id=61852,Unknown
Household Saints,32408,2.8,2,09/15/1993,English,Drama,R,Nancy Savoca,"Tracey Ullman, Vincent D'Onofrio, Lili Taylor, Judith Malina, Michael Rispoli, Victor Argo",https://www.filmcrave.com/movie_page_main.php?id=61853,Unknown
Kurbaan,46607,1.8,2,11/20/2009,Hindi,"Action, Crime",NR,Renzil D'Silva,"Kareena Kapoor, Lewis Tan, Saif Ali Khan, Om Puri, Dia Mirza, Vivek Oberoi",https://www.filmcrave.com/movie_page_main.php?id=61854,Unknown
Ek Se Mera Kya Hoga,55775,1.3,2,01/01/2006,Hindi,Romance,NR,Ashish Bhatia,"Mallika Nayyar, Lyvi Rohatgi, Sangeeta Tiwari, Tanvi Verma",https://www.filmcrave.com/movie_page_main.php?id=61855,Unknown
"Why Don't You Just Die! ( Papa, sdokhni )",54250,3.0,1,04/20/2020,Russian,"Comedy, Thriller",NR,Kirill Sokolov,"Aleksandr Kuznetsov, Vitaliy Khaev, Evgeniya Kregzhde, Michael Gor, Elena Shevchenko, Aleksandr Domogarov",https://www.filmcrave.com/movie_page_main.php?id=61856,Unknown
The Lost Husband,44982,2.0,2,04/10/2020,English,Romance,PG-13,Vicky Wight,"Leslie Bibb, Josh Duhamel, Kevin Alejandro, Herizen F. Guardiola, Sharon Lawrence, Carly Pope",https://www.filmcrave.com/movie_page_main.php?id=61857,Unknown
NiNoKuni (Ni no Kuni),54139,3.0,1,08/23/2019,Japanese,"Anime, Adventure",NR,Yoshiyuki Momose,"Kento Yamazaki, Max Mittelman, Ray Chase, Kayli Mills, Tucker Chandler, Madison Rojas",https://www.filmcrave.com/movie_page_main.php?id=61858,Unknown
Nobody,2895,2.9,26,03/26/2021,English,"Action, Thriller",R,Ilya Naishuller,"Bob Odenkirk, Connie Nielsen, Christopher Lloyd, J.P. Manoux, Humberly González, Gage Munroe",https://www.filmcrave.com/movie_page_main.php?id=61859,"Hutch Mansell is the perfectly typical father and husband, in a perfectly overlooked life - your average nobody. But things change when he thwarts a home invasion and something inside of him, a simmering rage, finally snaps and causes him to push back. Now in the sights of a drug kingpin he will uncover long-buried secrets and dangerous skills in order to protect his family - and remind everyone he will be a nobody no more. --"
The Trip to Greece,20500,3.3,2,05/22/2020,English,"Comedy, Drama",NR,Michael Winterbottom,"Rob Brydon, Steve Coogan, Rebecca Johnson, Claire Keelan, Cordelia Bugeja, Tim Leach",https://www.filmcrave.com/movie_page_main.php?id=61860,"It took Odysseus ten years to get back to his home in Ithaca - now, Steve Coogan and Rob Brydon are going to follow in his mythical footsteps in a six-day journey through Greece. Apollo at Delphi, Athens ancient Agora, the island of Hydra, Niokastro Fortress and more - while they argue about comedy, tragedy, history and anything else that comes to mind. Now that's the way to end The Trip. --"
To Your Last Death,54235,3.0,1,03/19/2020,English,"Animation, Horror",NR,Jason Axinn,"Morena Baccarin, William Shatner, Ray Wise, Bill Moseley, Dani Lennon, Florence Hartigan",https://www.filmcrave.com/movie_page_main.php?id=61861,Unknown
The Half of It,5119,3.1,4,05/01/2020,English,"Comedy, Romance",PG-13,Alice Wu,"Enrique Murciano, Leah Lewis, Wolfgang Novogratz, Alexxis Lemire, Catherine Curtin, Collin Chou",https://www.filmcrave.com/movie_page_main.php?id=61862,Unknown
The Forever Purge,20265,2.2,9,07/02/2021,English,"Action, Horror",R,Everardo Gout,"Ana de la Reguera, Leven Rambin, Susie Abromeit, Tenoch Huerta, Joshua Dov, Gregory Zaragoza",https://www.filmcrave.com/movie_page_main.php?id=61863,"The annual Purge is meant to be a one-night, anything-goes free-for-all to let out your deepest and darkest and violent desires but one group has decided one night is not enough and wants to extend the Purge indefinitely. --"
Home,38153,2.5,2,11/13/2016,Dutch,Drama,NR,Fien Troch,"Sebastian Van Dun, Mistral Guidotti, Loïc Bellemans, Karlijn Sileghem, Yavuz Saçikara, Robbie Cleiren",https://www.filmcrave.com/movie_page_main.php?id=61864,Unknown
Closeness ( Tesnota ),26310,3.0,2,09/01/2017,Russian,Drama,NR,Kantemir Balagov,"Atrem Cipin, Olga Dragunova, Veniamin Kac, Anna Levit, Darya Zhovner, Nazir Zhukov",https://www.filmcrave.com/movie_page_main.php?id=61865,Unknown
Raya and the Last Dragon,3802,2.8,25,03/12/2021,English,"Animation, Adventure",PG,"Paul Briggs, Dean Wellins","Awkwafina, Kelly Marie Tran, Izaac Wang, Gemma Chan, Daniel Dae Kim, Benedict Wong",https://www.filmcrave.com/movie_page_main.php?id=61866,"In the land of Lumandra, a place like Earth but far removed, an ancient civilization has thrived. A warrior named Raya is determined to track down the last dragon, Sisu after an ancient evil returns. --"
Blood and Money ( Allagash ),42120,2.3,2,05/15/2020,English,Thriller,NR,John Barr,"Tom Berenger, Kristen Hager, Paul Ben-Victor, Mark Sivertsen, Melissa McMeekin, Erica McDermott",https://www.filmcrave.com/movie_page_main.php?id=61867,Unknown
False Colors,54238,3.0,1,04/02/2020,English,Thriller,NR,William Norton,"Matthew Gilliam, Lavinia Postolache, Peter Gantenbein, Tanya Thomas, Sam Voutas, Cameron J. Oro",https://www.filmcrave.com/movie_page_main.php?id=61868,Unknown
"Sharks, The ( tiburones, Los )",54053,3.0,1,01/28/2019,Spanish,Drama,NR,Lucía Garibaldi,"Romina Bentancur, Federico Morosini, Fabián Arenillas, Antonella Aquistapache, Valeria Lois, Bruno Pereyra",https://www.filmcrave.com/movie_page_main.php?id=61869,Unknown
Dangerous Lies,54255,3.0,1,04/30/2020,English,Thriller,NR,Michael Scott,"Camila Mendes, Jamie Chung, Cam Gigandet, Sasha Alexander, Elliott Gould, Jessie T. Usher",https://www.filmcrave.com/movie_page_main.php?id=61870,Unknown
Proximity,42121,2.3,2,05/15/2020,English,"Drama, Sci-Fi",NR,Eric Demeusy,"Ryan Masson, Highdee Kuan, Christian Prentice, Shaw Jones, Don Scribner, Christopher Murray",https://www.filmcrave.com/movie_page_main.php?id=61871,Unknown
Hosea,60218,2.0,1,11/14/2019,English,Drama,R,Ryan Daniel Dobson,"Camille Rowe, Avi Nash, Josh Pence, Timothy Fall, Ginger Gilmartin, Patrick Cavanaugh",https://www.filmcrave.com/movie_page_main.php?id=61872,Unknown
The Night House,16379,2.3,14,08/20/2021,English,"Horror, Thriller",R,David Bruckner,"Rebecca Hall, Sarah Goldberg, Stacy Martin, Evan Jonigkeit, Vondie Curtis-Hall, Allie McCulloch",https://www.filmcrave.com/movie_page_main.php?id=61873,"Following her husband's sudden death, Beth is left alone in the lakeside house he built for her. But soon she is plagued by disturbing visions and the feel of a presences. Against her friends advice, she begins to dig deeper into the mystery of the house - discovering secrets both strange and disturbing and she won't stop until she learns the whole truth. --"
Valley Girl,54261,3.0,1,05/08/2020,English,"Musical, Romance",PG-13,Rachel Lee Goldenberg,"Jessica Rothe, Josh Whitehouse, Peyton List, Mae Whitman, Judy Greer, Chloe Bennet",https://www.filmcrave.com/movie_page_main.php?id=61874,Unknown
Capone,24888,2.0,9,05/12/2020,English,"Biography, Crime",R,Josh Trank,"Tom Hardy, Linda Cardellini, Matt Dillon, Kyle MacLachlan, Noel Fisher, Jack Lowden",https://www.filmcrave.com/movie_page_main.php?id=61875,Unknown
Tammy's Always Dying,54258,3.0,1,05/01/2020,English,Drama,NR,Amy Jo Johnson,"Felicity Huffman, Anastasia Phillips, Clark Johnson, Lauren Holly, Kristian Bruun, Jessica Greco",https://www.filmcrave.com/movie_page_main.php?id=61876,Unknown
The Guy from Harlem,45327,1.5,3,09/01/1977,English,Action,R,Rene Martinez Jr.,"Loye Hawkins, Cathy Davis, Patricia Fulton, Wanda Starr, Steve Gallon, Laster Wilson",https://www.filmcrave.com/movie_page_main.php?id=61877,Unknown
A Bluebird in My Heart,33069,2.8,2,03/10/2018,English,"Drama, Thriller",NR,Jérémie Guez,"Roland Møller, Lola Le Lann, Veerle Baetens, Lubna Azabal, Jonathan Robert, Steven Struyven",https://www.filmcrave.com/movie_page_main.php?id=61878,Unknown
Green Rush,60236,2.0,1,04/14/2020,English,Thriller,R,Gerard Roxburgh,"Mike Foy, Paul Telfer, Kriss Dozal, Misha Crosby, Alexius Zellner, Michael Roddy",https://www.filmcrave.com/movie_page_main.php?id=61879,Unknown
L.E.T.H.A.L. Ladies: Return to Savage Beach,49953,3.0,1,01/01/1998,English,"Action, Adventure",R,Andy Sidaris,"Julie Strain, Rodrigo Obregón, Julie K. Smith, Shae Marks, Marcus Bagwell, Carrie Westcott",https://www.filmcrave.com/movie_page_main.php?id=61880,Unknown
The Booksellers,26387,3.0,2,03/06/2020,English,Documentary,NR,D.W. Young,"Parker Posey, Fran Lebowitz, Gay Talese, Rebecca Romney, Susan Orlean, Larry Lawrence",https://www.filmcrave.com/movie_page_main.php?id=61881,Unknown
The Batman,1032,3.0,41,03/04/2022,English,"Action, Crime",PG-13,Matt Reeves,"Robert Pattinson, Colin Farrell, Zoë Kravitz, Andy Serkis, Paul Dano, Jeffrey Wright",https://www.filmcrave.com/movie_page_main.php?id=61882,It has been two years since Bruce Wayne took on the alter ego of Batman in order to protect Gotham City. But now he faces something he could never foresee - corruption at the highest echelons that lead back to his own family as well as taking on a deranged serial killer known as The Riddler. --
The Many Saints of Newark,11257,2.5,13,10/01/2021,English,"Crime, Drama",R,Alan Taylor,"Michael Gandolfini, John Magaro, Billy Magnussen, Vera Farmiga, Jon Bernthal, Ray Liotta",https://www.filmcrave.com/movie_page_main.php?id=61883,Follows the life of a young Tony Soprano as he grows up in New Jersey and the people around him who will shape him into the man he is destined to become. --
Venom: Let There Be Carnage,15021,2.3,19,10/01/2021,English,"Action, Comedy",PG-13,Andy Serkis,"Tom Hardy, Michelle Williams, Woody Harrelson, Stephen Graham, Sean Delaney",https://www.filmcrave.com/movie_page_main.php?id=61884,"As Eddie Brock continues to learn to live with the symbiote Venom living inside of him, he attempts to get some semblance of his old life back together even while his other half if focused on vigilante justice. He gets a shot when notorious serial killer Cletus Kasady agrees to be interviewed before his execution - but only by Brock. This unleashes a new and much more bloodthirsty symbiote, Carnage, unto the world. --"
Bit,54240,3.0,1,04/04/2020,English,"Comedy, Horror",NR,Brad Michael Elmore,"M.C. Gainey, Nicole Maines, Diana Hopper, James Paxton, Zolee Griggs, Friday Chamberlain",https://www.filmcrave.com/movie_page_main.php?id=61885,Unknown
The Wrong Missy,31508,2.2,3,05/13/2020,English,"Comedy, Romance",NR,Tyler Spindel,"Sarah Chalke, Lauren Lapkus, David Spade, Nick Swardson, Molly Sims, Geoff Pierson",https://www.filmcrave.com/movie_page_main.php?id=61886,"After experiencing a disastrous blind date, Tim gives up dating until he meets the woman of his dreams at the airport. When Tim has to go on a work retreat the following week to try to get a promotion to save his job, he mistakenly asks the wrong woman to join him.   --"
An American Pickle,18946,2.7,3,08/14/2020,English,Comedy,PG-13,Brandon Trost,"Seth Rogen, Sarah Snook, Maya Erskine, Jorma Taccone, Sean Whalen, Joanna Adler",https://www.filmcrave.com/movie_page_main.php?id=61887,Unknown
Liberté: A Call to Spy,60223,2.0,1,01/17/2020,English,Drama,PG-13,Lydia Dean Pilcher,"Sarah Megan Thomas, Stana Katic, Radhika Apte, Linus Roache, Rossif Sutherland, Marc Rissmann",https://www.filmcrave.com/movie_page_main.php?id=61888,Unknown
Do Not Reply,38292,2.5,2,10/02/2020,English,"Horror, Thriller",R,"Daniel Woltosz, Walter Woltosz","Jackson Rathbone, Amanda Arcuri, Kerri Medders, Elise Luthman, Ashlee Füss, Ivon Millan",https://www.filmcrave.com/movie_page_main.php?id=61889,Unknown
Father Soldier Son,60242,2.0,1,06/19/2020,English,"Documentary, War",R,"Leslye Davis, Catrin Einhorn",Brian Eisch,https://www.filmcrave.com/movie_page_main.php?id=61890,Unknown
Spaceship Earth,26392,3.0,2,05/08/2020,English,Documentary,NR,Matt Wolf,"Tony Burgess, Linda Leigh, Roy Walford, John Allen, Jane Goodall, Mark Nelson",https://www.filmcrave.com/movie_page_main.php?id=61891,A look back at a group of people who built the  Biosphere 2 in 1991 - a massive project that was designed to replicate the Earth's ecosystem. --
James vs. His Future Self,54257,3.0,1,05/01/2020,English,"Comedy, Sci-Fi",NR,Jeremy LaLonde,"Jonas Chernick, Daniel Stern, Cleopatra Coleman, Frances Conroy, Tara Spencer-Nairn, Tommie-Amber Pirie",https://www.filmcrave.com/movie_page_main.php?id=61892,"A young, uptight time-travelling obsesses young man gets a visit from his very nihilistic future self - who has traveled back in time to prevent himself from inventing time travel. When his warnings go unheeded it's time for man vs. self... literally. --"
Castle in the Ground,54262,3.0,1,05/15/2020,English,Drama,NR,Joey Klein,"Imogen Poots, Neve Campbell, Alex Wolff, Keir Gilchrist, Tom Cullen, Star Slade",https://www.filmcrave.com/movie_page_main.php?id=61893,Unknown
Escape Room: Tournament of Champions,19504,2.2,9,07/16/2021,English,"Horror, Mystery",PG-13,Adam Robitel,"Taylor Russell,  Logan Miller, Deborah Ann Woll, Thomas Cocquerel, Holland Roden, Indya Moore",https://www.filmcrave.com/movie_page_main.php?id=61894,Unknown
Vivo,10530,2.7,5,07/30/2021,English,"Animation, Adventure",PG,"Kirk DeMicco, Brandon Jeffords","Lin-Manuel Miranda, Ynairaly Simo, Zoe Saldana, Juan de Marcos González, Brian Tyree Henry, Gloria Estefan",https://www.filmcrave.com/movie_page_main.php?id=61895,Unknown
Amulet,23100,2.5,3,07/24/2020,English,Horror,R,Romola Garai,"Imelda Staunton, Alec Secareanu, Carla Juri, Angeliki Papoulia, Paul O'Kelly, Jacqueline Roberts",https://www.filmcrave.com/movie_page_main.php?id=61896,"A war veteran lives homeless in London, suffering from nightmares and PTSD. Barely getting by, a chance encounter with a nun places him in a run-down house where a daughter cares for her ailing mother. He reluctantly becomes the new handyman, happy for a hot meal and place to sleep but he soon realizes the situation is far more dangerous than he could ever imagine. --"
The Father,640,3.2,17,01/27/2020,English,Drama,PG-13,Florian Zeller,"Anthony Hopkins, Olivia Colman, Olivia Williams, Rufus Sewell, Evie Wray, Imogen Poots",https://www.filmcrave.com/movie_page_main.php?id=61897,Unknown
Blood Machines,54154,3.0,1,09/19/2019,English,"Adventure, Sci-Fi",NR,"Raphaël Hernandez, Savitri Joly-Gonfard","Elisa Lasowski, Noémie Stevens, Anders Heinrichsen, Joëlle Berckmans, Christian Erickson, Natasha Cashman",https://www.filmcrave.com/movie_page_main.php?id=61898,Unknown
Dead Shack,18917,2.7,3,08/25/2017,English,"Horror, Comedy",R,Peter Ricq,"Matthew Nelson-Mahood, Lizzie Boys, Gabriel LaBelle, Lauren Holly, Donavon Stinson, Valerie Tian",https://www.filmcrave.com/movie_page_main.php?id=61899,Unknown
The Final Quarter,24952,3.0,2,06/07/2019,English,"Documentary, Biography",NR,Ian Darling,Adam Goodes,https://www.filmcrave.com/movie_page_main.php?id=61900,Unknown
Fairfield,44880,2.0,2,11/02/2014,English,"Drama, Horror",NR,Mattheau O'Brien,"Jasmine Cephas Jones, Juliet Landau, Grant Rosenmeyer, Chris Riggi, Archana Rajan, Jack Buckley",https://www.filmcrave.com/movie_page_main.php?id=61901,Unknown
Blood Quantum,26735,2.1,5,10/19/2019,English,Horror,NR,Jeff Barnaby,"Michael Greyeyes, Elle-Máijá Tailfeathers, Forrest Goodluck, Kiowa Gordon, Olivia Scriven, Stonehorse Lone Goeman",https://www.filmcrave.com/movie_page_main.php?id=61902,Unknown
The Painter and the Thief,60241,2.0,1,05/22/2020,English,Documentary,NR,Benjamin Ree,"Barbora Kysilkova, Karl-Bertil, Øystein Stene",https://www.filmcrave.com/movie_page_main.php?id=61903,Unknown
American Underdog,7007,2.8,7,12/25/2021,English,Drama,PG,"Andrew Erwin, Jon Erwin","Zachary Levi, Anna Paquin, Dennis Quaid, Adam Baldwin, Bruce McGill, Ser'Darius Blain",https://www.filmcrave.com/movie_page_main.php?id=61905,"The story of Kurt Warner, who went from stocking shelves to a rocky football career with plenty of stumbles along the way. But thanks to support from his wife, coaches and the players around him, Warner rose above it all to become the champion that was always inside. --"
Voyagers,20355,2.1,12,04/09/2021,English,"Sci-Fi, Thriller",PG-13,Neil Burger,"Colin Farrell, Tye Sheridan, Lily-Rose Depp, Isaac Hempstead Wright, Veronica Falcón, Fionn Whitehead",https://www.filmcrave.com/movie_page_main.php?id=61906,"In the not-so-distant future, mankind is on the brink of disaster. A deep-space missions is sent to colonize a distant planet with 30 candidates bred for intelligence and obedience on board. But as the the mission progresses, they uncover disturbing elements and decide to defy their orders and their most primitive instincts take over as they descend into madness. --"
The Nightingale,55867,2.0,1,12/31/2025,English,"Drama, Historical",Unknown,Mélanie Laurent,"Dakota Fanning, Elle Fanning",https://www.filmcrave.com/movie_page_main.php?id=61907,Unknown
Three Came to Kill,48366,3.0,1,03/01/1960,English,"Crime, Thriller",NR,Edward L. Cahn,"Cameron Mitchell, John Lupton, Steve Brodie, Lyn Thomas, Paul Langton, King Calder",https://www.filmcrave.com/movie_page_main.php?id=61908,Unknown
Paracelsus,47970,3.0,1,03/12/1943,German,"Biography, Drama",NR,Georg Wilhelm Pabst,"Werner Krauss, Harry Langewisch, Annelies Reinhold, Mathias Wieman, Fritz Rasp, Herbert Hübner",https://www.filmcrave.com/movie_page_main.php?id=61909,Unknown
"Blackout, The ( Avanpost )",54059,3.0,1,03/15/2019,Russian,"Action, Sci-Fi",NR,"Egor Baranov, Nathalia Hencker","Yuriy Borisov, Aleksey Chadov, Maksim Emelyanov, Pyotr Fyodorov, Sergey Godin, Svetlana Ivanova",https://www.filmcrave.com/movie_page_main.php?id=61910,Unknown
Sweetness in the Belly,54260,3.0,1,05/08/2020,English,Drama,NR,Zeresenay Mehari,"Dakota Fanning, Kunal Nayyar, Yahya Abdul-Mateen II, Wunmi Mosaku, Gavin Drea, Molly McCann",https://www.filmcrave.com/movie_page_main.php?id=61911,Unknown
Becoming,7704,3.2,3,05/06/2020,English,Documentary,PG,Nadia Hallgren,"Michelle Obama, Barack Obama, Phoebe Robinson",https://www.filmcrave.com/movie_page_main.php?id=61912,Unknown
The Devil Has a Name,42109,2.3,2,08/04/2019,English,Drama,R,Edward James Olmos,"Kate Bosworth, Haley Joel Osment, Pablo Schreiber, Martin Sheen, Edward James Olmos, David Strathairn",https://www.filmcrave.com/movie_page_main.php?id=61913,Unknown
Stage Mother,26383,3.0,2,01/04/2020,English,"Comedy, Drama",R,Thom Fitzgerald,"Lucy Liu, Adrian Grenier, Jacki Weaver, Lenore Zann, Mya Taylor, Anthony Skordi",https://www.filmcrave.com/movie_page_main.php?id=61914,Unknown
Babyteeth,4488,2.9,9,06/19/2020,English,"Comedy, Drama",Unknown,Shannon Murphy,"Ben Mendelsohn, Essie Davis, Eliza Scanlen, Toby Wallace, Andrea Demetriades, Emily Barclay",https://www.filmcrave.com/movie_page_main.php?id=61915,"Milla, a terminally ill teen, finds her first love in small-time drug dealer Moses, much to the horror of her parents. But as this roller coaster ride ride of a relationship takes off, it will prove that sometimes it's worth living life like there's no tomorrow. --"
Becky,16500,2.4,7,06/05/2020,English,"Action, Thriller",R,"Jonathan Milott, Cary Murnion","Lulu Wilson, Joel McHale, Kevin James, Amanda Brugel, Robert Maillet, Ryan McDonald",https://www.filmcrave.com/movie_page_main.php?id=61916,"With the death of her mother still affecting her, Becky reluctantly travels with her father to their home away from home - a remote cabin. While she is thrilled when she learns he isn't going to sell the special spot - she is less than thrilled to find out he invited his new girlfriend - and her young son - and that he is planning on getting remarried. Things take a much more drastic turn for the worse when a group of escaped convicts show up - and Becky finds a new way to unleash her pent-up anger with bloody retaliation. --"
Clementine,54259,3.0,1,05/08/2020,English,Drama,NR,Lara Gallagher,"Sonya Walger, Otmara Marrero, Sydney Sweeney, Will Brittain, Meeko, Ramsey",https://www.filmcrave.com/movie_page_main.php?id=61917,Unknown
Bloodstone,49511,3.0,1,04/19/1989,English,"Action, Comedy",NR,Dwight H. Little,"Brett Stimely, Rajinikanth, Anna Nicholas, Charlie Brill, Jack Kehler, Christopher Neame",https://www.filmcrave.com/movie_page_main.php?id=61918,Unknown
Starfish,54158,3.0,1,09/21/2019,English,"Drama, Horror",NR,A.T. White,"Virginia Gardner, Christina Masterson, Eric Beecroft, Natalie Mitchell, Shannon Hollander, Elias Brett",https://www.filmcrave.com/movie_page_main.php?id=61919,Unknown
Body Cam,38277,2.5,2,05/19/2020,English,"Horror, Mystery",R,Malik Vitthal,"Anika Noni Rose, Nat Wolff, Theo Rossi, David Zayas, Demetrius Grosse, Mary J. Blige",https://www.filmcrave.com/movie_page_main.php?id=61920,Unknown
I'm No Longer Here ( Ya no estoy aqui ),54115,3.0,1,07/13/2019,Spanish,Drama,NR,Fernando Frias,"Xueming Angelina Chen, Juan Daniel Garcia Treviño, Federico Mallet, Brandon Stanton, Juan Garcia, Kevin Bello",https://www.filmcrave.com/movie_page_main.php?id=61921,Unknown
Unhinged,7946,2.7,10,08/21/2020,English,Thriller,R,Derrick Borte,"Russell Crowe, Caren Pistorius, Gabriel Bateman, Jimmi Simpson, Austin P. McKenzie, Juliene Joyner",https://www.filmcrave.com/movie_page_main.php?id=61922,A woman running late to work makes the wrong decision at a traffic light and a man who feels invisible to everyone around him decides to make a stand and teach her a lesson with dire consequences in an incident of road rage taken to extremes. --
Athlete A,7707,3.2,3,06/24/2020,English,Documentary,PG-13,"Bonni Cohen, Jon Shenk","Maggie Nichols, Rachael Denhollander, Jessica Howard, Jamie Dantzscher, Steve Berta, John Manly",https://www.filmcrave.com/movie_page_main.php?id=61923,Unknown
Deep Blue Sea 3,60245,2.0,1,07/28/2020,English,"Action, Horror",R,John Pogue,"Nathaniel Buzolic, Emerson Brooks, Bren Foster, Reina Aoi, Alex Bhat, Siya Mayola",https://www.filmcrave.com/movie_page_main.php?id=61924,Unknown
Hamilton,780,3.3,12,07/03/2020,English,"Musical, Biography",PG-13,Thomas Kail,"Lin-Manuel Miranda, Daveed Diggs, Leslie Odom Jr., Phillipa Soo, Jasmine Cephas Jones, Renée Elise Goldsberry",https://www.filmcrave.com/movie_page_main.php?id=61925,Unknown
Mother to Earth,60215,2.0,1,10/19/2019,English,Documentary,PG,J. Bone-Christian,"Matt Alderman, Frank Cifaldi, Joey DeSena, Patrick Scott Patterson, Phil Sandhop",https://www.filmcrave.com/movie_page_main.php?id=61926,Unknown
Save Yourselves!,33107,2.8,2,01/25/2020,English,"Comedy, Sci-Fi",R,"Alex Huston Fischer, Eleanor Wilson","Sunita Mani, John Reynolds, Ben Sinclair, Amy Sedaris, John Early, Jo Firestone",https://www.filmcrave.com/movie_page_main.php?id=61927,Unknown
Time,8444,2.8,6,01/25/2020,English,Documentary,PG-13,Garrett Bradley,"Fox Rich, Rob Rich II, Laurence M. Rich, Mahlik Rich, Rob G. Rich, Freedom Fox Richardson",https://www.filmcrave.com/movie_page_main.php?id=61928,Unknown
"Girl-Getters, The ( System, The )",56743,2.0,1,04/12/1966,English,Drama,NR,Michael Winner,"Oliver Reed, Jane Merrow, Barbara Ferris, Harry Andrews, Julia Foster, Andrew Ray",https://www.filmcrave.com/movie_page_main.php?id=61929,Unknown
Torment,49401,3.0,1,04/01/1986,English,"Horror, Crime",R,"Samson Aslanian, John Hopkins","Taylor Gilbert, William Witt, Eve Brenner, Warren Lincoln, Najean Cherry, Stan Weston",https://www.filmcrave.com/movie_page_main.php?id=61930,Unknown
Da 5 Bloods,2277,3.0,15,06/12/2020,English,"Drama, War",R,Spike Lee,"Chadwick Boseman, Jean Reno, Paul Walter Hauser, Delroy Lindo, Jasper Pääkkönen, Clarke Peters",https://www.filmcrave.com/movie_page_main.php?id=61931,Unknown
Eurovision Song Contest: The Story of Fire Saga,13050,2.4,9,06/26/2020,English,Comedy,PG-13,David Dobkin,"Rachel McAdams, Will Ferrell, Dan Stevens, Pierce Brosnan, Demi Lovato, Jóhannes Haukur Jóhannesson",https://www.filmcrave.com/movie_page_main.php?id=61932,Unknown
Dick Johnson is Dead,13697,2.8,3,01/25/2020,English,Documentary,PG-13,Kirsten Johnson,"Kirsten Johnson, Dick Johnson, Ana Hoffman, Vasthy Mompoint",https://www.filmcrave.com/movie_page_main.php?id=61933,Unknown
Indelatino's 'El muerto',51545,3.0,1,07/31/2009,Spanish,"Adventure, Drama",R,Williamson Quintero,"Norman Santiago, Oscar H. Guerrero, Leonardo Castro, Noel Ernesto, Hector Natal, Giovanni Ojeda",https://www.filmcrave.com/movie_page_main.php?id=61934,Unknown
Jungle Beat: The Movie,54274,3.0,1,06/26/2020,English,"Animation, Adventure",G,Brent Dawes,"David Menkin, David Rintoul, Gavin Peter, Florrie Wilkinson, Adam Neill, Jason Pennycooke",https://www.filmcrave.com/movie_page_main.php?id=61935,Unknown
The Old Guard,7380,2.6,21,07/10/2020,English,"Action, Fantasy",R,Gina Prince-Bythewood,"Charlize Theron, Chiwetel Ejiofor, Harry Melling, Matthias Schoenaerts, Natacha Karam, Marwan Kenzari",https://www.filmcrave.com/movie_page_main.php?id=61936,A group of immortal mercenaries has worked to protect humanity throughout the ages. When their latest mission uncovers a new immortal - it also exposes their secret - and they must now work to stop those who would harness their power for nefarious purposes. --
Ravers,44985,2.0,2,09/18/2020,English,"Comedy, Horror",R,Bernhard Pucher,"Natasha Henstridge, Georgia Hirst, Eve Connolly, Manpreet Bambra, Danny Kirrane, Kamal Angelo Bolden",https://www.filmcrave.com/movie_page_main.php?id=61937,Unknown
Wanton,54236,3.0,1,03/20/2020,Hindi,"Crime, Thriller",NR,Jaimin Bal,"Aryan Neeraaj Anand, Vipin Bhardwaj, Pooja Chauhan, Varsha Choudhary, Jitendra Jha, Vinayak Mishra",https://www.filmcrave.com/movie_page_main.php?id=61938,Unknown
Force of Nature,33928,1.8,9,06/30/2020,English,"Action, Drama",R,Michael Polish,"Mel Gibson, Kate Bosworth, Emile Hirsch, David Zayas, Stephanie Cayo, William Catlett",https://www.filmcrave.com/movie_page_main.php?id=61939,Unknown
Gundala,42123,2.3,2,07/28/2020,Other,"Action, Adventure",NR,Joko Anwar,"Abimana Aryasatya, Tara Basro, Bront Palarae, Ario Bayu, Lukman Sardi, Arswendi Nasution",https://www.filmcrave.com/movie_page_main.php?id=61940,"Indonesia preeminent superhero hits the big screen for the first time as Gundala, along with his alter ego Sancaka takes on the wicked Pengkor and his army of orphan assassins. --"
Jurassic World Dominion,15220,2.3,23,06/10/2022,English,"Action, Sci-Fi",PG-13,Colin Trevorrow,"Chris Pratt, Bryce Dallas Howard, Jeff Goldblum, Laura Dern, Sam Neill, DeWanda Wise",https://www.filmcrave.com/movie_page_main.php?id=61941,"Four years after Isla Nublar has fallen, dinosaurs and mankind now live - and hunt - all across the world. But the fragile balance between the world's two apex species cannot last and a new era will dawn - but only one can come out on top. --"
Mighty Oak,38279,2.5,2,06/05/2020,English,"Comedy, Drama",PG-13,Sean McNamara,"Janel Parrish, Tommy Ragen, Levi Dylan, Alexa PenaVega, Raven-Symoné, Rodney Hicks",https://www.filmcrave.com/movie_page_main.php?id=61942,"Ten years after the tragic death of her brother, music manager Gina Jackson discovers musical prodigy Oak Scoggins and becomes convinced he is a reincarnation of her brother. --"
South Solitary,41846,2.3,2,07/29/2010,English,"Drama, Romance",NR,Shirley Barrett,"Miranda Otto, Marton Csokas, Essie Davis, Rohan Nichol, Barry Otto, Annie Martin",https://www.filmcrave.com/movie_page_main.php?id=61943,Unknown
Bong of the Living Dead,42072,2.3,2,10/20/2017,English,Horror,NR,Max Groah,"Tiffany Kiely, Eric Boso, Daniel Alan Kiely, Laura E. Mock, Dan Nye, Cat Taylor",https://www.filmcrave.com/movie_page_main.php?id=61944,Unknown
Intimate Strangers,37196,2.5,2,11/11/1977,English,Drama,NR,John Llewellyn Moxey,"Dennis Weaver, Sally Struthers, Tyne Daly, Larry Hagman, Melvyn Douglas, Brian Andrews",https://www.filmcrave.com/movie_page_main.php?id=61945,Unknown
The Shakedown,36291,2.5,2,03/10/1929,English,"Drama, Sport",NR,William Wyler,"James Murray, Barbara Kent, George Kotsonaros, Wheeler Oakman, Jack Hanlon, Harry Gribbon",https://www.filmcrave.com/movie_page_main.php?id=61946,Unknown
"Whistlers, The ( Gomera, La )",54160,3.0,1,09/21/2019,Other,"Comedy, Crime",NR,Corneliu Porumboiu,"Vlad Ivanov, Catrinel Marlon, Rodica Lazar, Agustí Villaronga, Sabin Tambrea, István Téglás",https://www.filmcrave.com/movie_page_main.php?id=61947,Unknown
Corpus Christi ( Boze Cialo ),26386,3.0,2,02/28/2020,Polish,Drama,NR,Jan Komasa,"Bartosz Bielenia, Aleksandra Konieczna, Eliza Rycembel, Tomasz Zietek, Barbara Kurzaj, Leszek Lichota",https://www.filmcrave.com/movie_page_main.php?id=61948,Unknown
Braking for Whales,54156,3.0,1,09/20/2019,English,"Comedy, Drama",NR,Sean McEwen,"Tom Felton, Tammin Sursok, Wendi McLendon-Covey, David Koechner, Austin Swift, Dylan Sandifer",https://www.filmcrave.com/movie_page_main.php?id=61949,Unknown
"Young Ahmed ( jeune Ahmed, Le )",54224,3.0,1,02/21/2020,French,Drama,NR,"Jean-Pierre Dardenne, Luc Dardenne","Idir Ben Addi, Olivier Bonnaud, Myriem Akheddiou, Victoria Bluck, Claire Bodson, Othmane Moumen",https://www.filmcrave.com/movie_page_main.php?id=61950,Unknown
Red Cow ( Para Aduma ),54014,3.0,1,11/05/2018,Hebrew,Drama,NR,Tsivia Barkai,"Avigail Kovari, Gal Toren, Moran Rosenblatt, Dana Sorin, Uri Hochman, Eli Haviv",https://www.filmcrave.com/movie_page_main.php?id=61951,Unknown
The Outpost,7891,2.6,12,07/02/2020,English,"Drama, War",R,Rod Lurie,"Orlando Bloom, Scott Eastwood, Caleb Landry Jones, Jacob Scipio, Milo Gibson, Jack Kesy",https://www.filmcrave.com/movie_page_main.php?id=61952,Unknown
Relic,11128,2.5,11,07/17/2020,English,"Horror, Drama",R,Natalie Erika James,"Emily Mortimer, Bella Heathcote, Robyn Nevin, Chris Bunton, Steve Rodgers, Jeremy Stanford",https://www.filmcrave.com/movie_page_main.php?id=61953,"When their grandmother, Edna, goes missing, her daughter Kay and grandaughter Sam show up at the run-down family estate in hopes of finding. After seeing signs of increasing dementia, Edna shows back up but it soon becomes apparent she is under the influence of a dark force. --"
Summerland,47094,3.0,1,07/31/2020,English,"Drama, War",PG,Jessica Swale,"Gemma Arterton, Gugu Mbatha-Raw, Penelope Wilton, Tom Courtenay, Amanda Root, Siân Phillips",https://www.filmcrave.com/movie_page_main.php?id=61954,"Alice has long resigned to a solitary life, the reclusive author resides on the seaside cliffs of Southern England even as WWII rages across the channel. When she is presented with a London evacuee, Frank, to adopt she at first does everything she can to resist, but soon finds herself connecting with him in unexpected ways, as she finally comes out of her shell. --"
Charlie's Christmas Wish,54346,3.0,1,11/05/2020,English,Family,PG,"Sue Ann Taylor, Melissa Holt, Yuanqing Zho, Aaron Barsky","Richard Tyson, Vernon Wells, Diane Ladd, Lindsey McKeon, Toni Hudson, John O'Hurley",https://www.filmcrave.com/movie_page_main.php?id=61955,Unknown
The Fight,60247,2.0,1,07/31/2020,English,Documentary,PG-13,"Eli B. Despres, Josh Kriegman, Elyse Steinberg","Dale Ho, Chase Strangio, Brigitte Amiri, Lee Gelernt",https://www.filmcrave.com/movie_page_main.php?id=61956,Unknown
Secret Society of Second Born Royals,54279,3.0,1,07/17/2020,English,"Action, Adventure",Unknown,Anna Mastro,"Elodie Yung, Skylar Astin, Niles Fitch, Peyton Elizabeth Lee, Isabella Blake-Thomas, Ashley Liao",https://www.filmcrave.com/movie_page_main.php?id=61957,Unknown
The Shadow of the Cat,25445,3.0,2,06/07/1961,English,"Horror, Mystery",NR,John Gilling,"André Morell, Barbara Shelley, William Lucas, Freda Jackson, Conrad Phillips, Richard Warner",https://www.filmcrave.com/movie_page_main.php?id=61958,Unknown
Black Test Car ( Kuro no tesuto kâ ),48419,3.0,1,07/01/1962,Japanese,"Crime, Drama",NR,Yasuzô Masumura,"Jirô Tamiya, Junko Kanô, Eiji Funakoshi, Hideo Takamatsu, Ichirô Sugai, Kichijirô Ueda",https://www.filmcrave.com/movie_page_main.php?id=61959,Unknown
"Black Report, The aka Black Statement Book ( Kuro no hôkokusho )",48433,3.0,1,01/13/1963,Japanese,Crime,NR,Yasuzô Masumura,"Ken Utsui, Junko Kanô, Hideo Takamatsu, Shigeru Kôyama, Eitarô Ozawa, Bontarô Miake",https://www.filmcrave.com/movie_page_main.php?id=61960,Unknown
The Comic,49360,3.0,1,01/01/1985,English,"Drama, Horror",NR,Richard Driscoll,"Steve Munroe, Berderia Timini, Jeff Pirie, Bernard Plant, Bob Flag, Vass Anderson",https://www.filmcrave.com/movie_page_main.php?id=61961,Unknown
Suckers,50057,3.0,1,04/24/1999,English,Comedy,R,Roger Nygard,"Joe Yannetty, Jake Johannsen, Daniel Benzali, David Ackert, Utah Blue, Eli Danker",https://www.filmcrave.com/movie_page_main.php?id=61962,Unknown
"City Without Jews, The ( Stadt ohne Juden, Die )",45741,1.8,2,07/07/1928,German,Drama,NR,H.K. Breslauer,"Johannes Riemann, Eugen Neufeld, Hans Moser, Anny Miletty, Ferdinand Mayerhofer, Mizi Griebl",https://www.filmcrave.com/movie_page_main.php?id=61963,Unknown
Bacurau,17781,2.4,5,03/19/2020,Portuguese,"Adventure, Mystery",NR,"Juliano Dornelles, Kleber Mendonça Filho","Bárbara Colen, Thomas Aquino, Silvero Pereira, Thardelly Lima, Rubens Santos, Wilson Rabelo",https://www.filmcrave.com/movie_page_main.php?id=61964,Unknown
House of Hummingbird ( Beol-sae ),54078,3.0,1,04/27/2019,Korean,Drama,NR,Bora Kim,"Ji-hu Park, Sae-byeok Kim, Seung-Yun Lee, In-gi Jeong",https://www.filmcrave.com/movie_page_main.php?id=61965,Unknown
Viena and the Fantomes,60244,2.0,1,06/30/2020,English,"Drama, Romance",R,Gerardo Naranjo,"Dakota Fanning, Evan Rachel Wood, Zoë Kravitz, Jon Bernthal, Caleb Landry Jones, Frank Dillane",https://www.filmcrave.com/movie_page_main.php?id=61966,Unknown
Mope,54049,3.0,1,01/27/2019,English,"Comedy, Drama",NR,Lucas Heyne,"Nathan Stewart-Jarrett, Kelly Sry, Brian Huskey, Max Adler, David Arquette, Tonya Cornelisse",https://www.filmcrave.com/movie_page_main.php?id=61967,Unknown
Swiped,43148,1.7,3,11/06/2018,English,Comedy,NR,Ann Deborah Fishman,"Noah Centineo, Kristen Johnston, George Hamilton, Leigh-Allyn Baker, Nathan Gamble, Maddy Curley",https://www.filmcrave.com/movie_page_main.php?id=61968,"James is a college outcast who is asked by his roommate, Lance, to code the ultimate hook-up app. When James finds out his mom is using the app to start dating again, he is beginning to have second thoughts on the project. --"
A Gun in the House,37223,2.5,2,02/11/1981,English,Drama,NR,Ivan Nagy,"Sally Struthers, David Ackroyd, Dick Anthony Williams, Joel Bailey, Frank Koppala, Jeffrey Tambor",https://www.filmcrave.com/movie_page_main.php?id=61969,Unknown
The Trap,37084,2.5,2,07/01/1967,English,"Adventure, Drama",NR,Sidney Hayers,"Rita Tushingham, Oliver Reed, Rex Sevenoaks, Barbara Chilcott, Linda Goranson, Blain Fairman",https://www.filmcrave.com/movie_page_main.php?id=61970,Unknown
Nine Days,54217,3.0,1,01/27/2020,English,"Drama, Family",R,Edson Oda,"Zazie Beetz, Bill Skarsgård, Winston Duke, Tony Hale, Benedict Wong, Geraldine Hughes",https://www.filmcrave.com/movie_page_main.php?id=61971,Unknown
Red Penguins,60212,2.0,1,10/11/2019,English,Documentary,PG-13,Gabe Polsky,"Howard Baldwin, Viktor Tikhonov, Steven Warshaw",https://www.filmcrave.com/movie_page_main.php?id=61972,Unknown
Sylvie's Love,60230,2.0,1,01/27/2020,English,"Drama, Romance",PG-13,Eugene Ashe,"Tessa Thompson, Nnamdi Asomugha, Eva Longoria, Aja Naomi King, Wendi McLendon-Covey, Tone Bell",https://www.filmcrave.com/movie_page_main.php?id=61973,Unknown
Synchronic,23325,2.1,7,09/22/2019,English,"Horror, Sci-Fi",R,"Justin Benson, Aaron Moorhead","Jamie Dornan, Anthony Mackie, Katie Aselton, Ally Ioannides, Bill Oberst Jr., Martin Bats Bradford",https://www.filmcrave.com/movie_page_main.php?id=61974,"In New Orleans a pair of friends, and paramedics - Steve and Dennis, get involved with a series of gristly deaths - all linked to the same strain of drug. When Dennis' daughter goes missing, Steve begins to experiment with the same drug and realized it opens a door into the past - and vows to find the missing girl before the limited supply of the drug runs out. --"
Run with the Hunted,54275,3.0,1,06/26/2020,English,"Crime, Drama",NR,John Swab,"Ron Perlman, Michael Pitt, Mark Boone Junior, William Forsythe, Kylie Rogers, Isiah Whitlock Jr.",https://www.filmcrave.com/movie_page_main.php?id=61975,Unknown
Last Night in Soho,1440,3.0,24,10/29/2021,English,"Drama, Horror",R,Edgar Wright,"Anya Taylor-Joy, Thomasin McKenzie, Diana Rigg, Matt Smith, Terence Stamp, Michael Ajao",https://www.filmcrave.com/movie_page_main.php?id=61976,"A young fashion student, obsessed with the 60s aesthetic, moves to London where she inexplicably finds herself connected across time and space to Sadie, a rising 60s starlet. But even as she dives deeper down the rabbit hole and her connection to Sadie grows stronger, reality begins to take a surreal turn. --"
You Should Have Left,23472,2.2,6,06/19/2020,English,"Horror, Mystery",R,David Koepp,"Kevin Bacon, Amanda Seyfried, Avery Tiiu Essex, Eli Powers, Joshua C Jackson, Lowri Ann Richards",https://www.filmcrave.com/movie_page_main.php?id=61977,Unknown
Friendsgiving,55834,2.0,1,10/30/2020,English,"Comedy, Drama",R,Nicol Paone,"Malin Akerman, Kat Dennings, Christine Taylor, Jane Seymour, Chelsea Peretti, Aisha Tyler",https://www.filmcrave.com/movie_page_main.php?id=61978,Unknown
7500,8098,2.7,8,06/19/2020,English,"Drama, Thriller",R,Patrick Vollrath,"Joseph Gordon-Levitt, Omid Memar, Passar Hariky, Hicham Sebiai, Paul Wollin, Murathan Muslu",https://www.filmcrave.com/movie_page_main.php?id=61979,"Terrorists try to seize control of a Berlin to Paris flight and it is up to a young, American co-pilot to save the passengers on the plane. --"
Feel the Beat,60243,2.0,1,06/19/2020,English,Drama,NR,Elissa Down,"Sofia Carson, Marissa Jaret Winokur, Shiloh Nelson, Lidya Jewett, Enrico Colantoni, Dennis Andres",https://www.filmcrave.com/movie_page_main.php?id=61980,Unknown
Cowboys vs Dinosaurs,36192,2.5,2,05/19/2015,English,"Action, Comedy",NR,Ari Novak,"Eric Roberts, Rib Hillis, Casey Fitzgerald, Vernon Wells, John Freeman, Sara Malakul Lane",https://www.filmcrave.com/movie_page_main.php?id=61981,Unknown
Bait,11809,2.8,4,03/29/2019,English,Drama,NR,Mark Jenkin,"Edward Rowe, Mary Woodvine, Simon Shepherd, Giles King, Chloe Endean, Isaac Woodvine",https://www.filmcrave.com/movie_page_main.php?id=61982,Unknown
The Beatles: Get Back,10945,3.0,3,11/25/2021,English,Documentary,Unknown,Peter Jackson,"John Lennon, Paul McCartney, George Harrison, Ringo Starr, Yoko Ono, George Martin",https://www.filmcrave.com/movie_page_main.php?id=61983,"Utilizing hundreds of hours of unreleased video and audio, Peter Jackson has compiled the definitive look at The Beatles during 1969 as they prepared for the release of the 1970 feature film, Let It Be. --"
Archive,14324,2.8,3,07/10/2020,English,Sci-Fi,Unknown,Gavin Rothery,"Rhona Mitra, Theo James, Toby Jones, Stacy Martin, Peter Ferdinando, Jeremy Wheeler",https://www.filmcrave.com/movie_page_main.php?id=61984,Unknown
Ghosts of War,17361,2.5,4,07/17/2020,English,"Horror, War",R,Eric Bress,"Brenton Thwaites, Theo Rossi, Kyle Gallner, Skylar Astin, Alan Ritchson, Shaun Toub",https://www.filmcrave.com/movie_page_main.php?id=61985,Unknown
Looks That Kill,54271,3.0,1,06/19/2020,English,"Comedy, Drama",NR,Kellen Moore,"Brandon Flynn, Julia Goldani Telles, Ki Hong Lee, Annie Mumolo, Tom Proctor, Lindsay Mushett",https://www.filmcrave.com/movie_page_main.php?id=61986,Unknown
Wasp Network,54272,3.0,1,06/19/2020,English,Thriller,NR,Olivier Assayas,"Ana de Armas, Edgar Ramírez, Penélope Cruz, Wagner Moura, Gael García Bernal, Leonardo Sbaraglia",https://www.filmcrave.com/movie_page_main.php?id=61987,Unknown
Raid on Rommel,37118,2.5,2,02/12/1971,English,"Drama, War",NR,Henry Hathaway,"Richard Burton, John Colicos, Clinton Greyn, Wolfgang Preiss, Danielle De Metz, Karl-Otto Alberty",https://www.filmcrave.com/movie_page_main.php?id=61988,Unknown
The Nest,20504,3.3,2,09/18/2020,English,Drama,R,Sean Durkin,"Jude Law, Carrie Coon, Anne Reid, Charlie Shotwell, Adeel Akhtar, Oona Roche",https://www.filmcrave.com/movie_page_main.php?id=61989,"An American entrepreneur moves his family to his run-down English estate, hoping to capitalize on London's 1980s booming economy. But as his wife struggles to adapt to this new life, and opportunities soon begin to dry up, it forces the couple to take a hard look into their relationship. --"
Nobody Knows I'm Here ( Nadie Sabe Que Estoy Aquí ),54273,3.0,1,06/24/2020,Spanish,Drama,NR,Gaspar Antillo,"Jorge Garcia, Millaray Lobos, Gastón Pauls, Juan Falcón, Alejandro Goic, Eduardo Paxeco",https://www.filmcrave.com/movie_page_main.php?id=61990,Unknown
Palm Springs,1706,3.0,26,07/10/2020,English,"Comedy, Romance",R,Max Barbakow,"Andy Samberg, Cristin Milioti, J.K. Simmons, Peter Gallagher, Meredith Hagner, Camila Mendes",https://www.filmcrave.com/movie_page_main.php?id=61991,"A wedding celebration brings together carefree Niles and the maid of honor (and family black sheep), Sarah. After saving her from a disastrous toast, the two form a bond - one which will truly be tested during this occasion - until the decide to let free and let havoc ensue. --"
The Broken Hearts Gallery,38285,2.5,2,09/11/2020,English,Romance,PG-13,Natalie Krinsky,"Dacre Montgomery, Geraldine Viswanathan, Molly Gordon, Phillipa Soo, Nikki Duval, Suki Waterhouse",https://www.filmcrave.com/movie_page_main.php?id=61992,"Lucy is a 20-something art gallery assistant in New York City who has just been dumped by another boyfriend. Something of an emotional hoarder, she has kept a memento from every one of her failed relationships. With nothing more to show, she decides to set up a pop-up space for these trinkets and finds herself attracting like-minded sentimental artists and, perhaps, leading to a relationship that can last. --"
Greenland,5272,2.7,17,10/13/2020,English,"Action, Thriller",PG-13,Ric Roman Waugh,"Morena Baccarin, Gerard Butler, Roger Dale Floyd, Scott Glenn, David Denman, Holt McCallany",https://www.filmcrave.com/movie_page_main.php?id=61993,"With a planet-killing comet heading towards Earth, a father, his estranged wife and son make a dangerous trek towards the last safe haven, even as humanity faces destruction and desperation. --"
Desperados,54276,3.0,1,07/03/2020,English,"Comedy, Romance",NR,LP,"Heather Graham, Robbie Amell, Anna Camp, Nasim Pedrad, Lamorne Morris, Sarah Burns",https://www.filmcrave.com/movie_page_main.php?id=61994,Unknown
The Rental,13367,2.5,6,07/24/2020,English,"Horror, Thriller",R,Dave Franco,"Alison Brie, Toby Huss, Dan Stevens, Jeremy Allen White, Sheila Vand, Anthony Molinari",https://www.filmcrave.com/movie_page_main.php?id=61995,Two couples hoping for a secluded getaway on a house overlooking a beach begin to suspect their overly-friendly host is spying on them. But even as they uncover the sinister motive - long-held secrets threaten the group to turn on each other. --
Retaliation ( Romans ),53688,3.0,1,12/31/2017,English,"Drama, Thriller",R,"Ludwig Shammasian, Paul Shammasian","Orlando Bloom, Janet Montgomery, Charlie Creed-Miles, Anne Reid, Alex Ferns, India Fowler",https://www.filmcrave.com/movie_page_main.php?id=61996,Unknown
Driveways,26391,3.0,2,05/07/2020,English,Drama,NR,Andrew Ahn,"Hong Chau, Lucas Jaye, Brian Dennehy, Christine Ebersole, Jeter Rivera, Sophia DiStefano",https://www.filmcrave.com/movie_page_main.php?id=61997,Unknown
The Reckless Age,47240,3.0,1,08/17/1924,English,"Comedy, Drama",NR,Harry A. Pollard,"Reginald Denny, Ruth Dwyer, John Steppling, May Wallace, William Austin, Tom McGuire",https://www.filmcrave.com/movie_page_main.php?id=61998,Unknown
"Tobacconist, The ( Trafikant, Der )",54277,3.0,1,07/10/2020,German,"Drama, Historical",NR,Nikolaus Leytner,"Simon Morzé, Bruno Ganz, Johannes Krisch, Emma Drogunova, Karoline Eichhorn, Regina Fritsch",https://www.filmcrave.com/movie_page_main.php?id=61999,Unknown
What She Said: The Art of Pauline Kael,54205,3.0,1,12/25/2019,English,"Documentary, Biography",NR,Rob Garver,"Pauline Kael, Sarah Jessica Parker, David O. Russell, Quentin Tarantino, Francis Ford Coppola, Alec Baldwin",https://www.filmcrave.com/movie_page_main.php?id=62000,Unknown
Music,45067,1.5,3,02/12/2021,English,Drama,PG-13,Sia,"Kate Hudson, Maddie Ziegler, Hector Elizondo, Leslie Odom Jr., Mary Kay Place, Tig Notaro",https://www.filmcrave.com/movie_page_main.php?id=62001,"Zu has finally become sober when she receives the unexpected news that she will be the sole guardian of her half-sister, Music, a young girl on the autism spectrum. Together, the two will learn what it is to find your voice - and family. --"
Project Power,20449,2.2,9,08/14/2020,English,"Sci-Fi, Thriller",R,"Henry Joost, Ariel Schulman","Joseph Gordon-Levitt, Jamie Foxx, Machine Gun Kelly, Rodrigo Santoro, Amy Landecker, Courtney B. Vance",https://www.filmcrave.com/movie_page_main.php?id=62002,"When a pill that gives its users unpredictable superpowers for five minutes hits the streets of New Orleans, a teenage dealer and a local cop must team with an ex-soldier to take down the group responsible for its creation. --"
One Night in Bangkok,54298,3.0,1,08/25/2020,English,"Action, Thriller",R,Wych Kaosayananda,"Mark Dacascos, Vanida Golten, Prinya Intachai, Michael S. New, Sahajak Boonthanakit, Julie Condra",https://www.filmcrave.com/movie_page_main.php?id=62003,Unknown
Waiting for the Barbarians,33111,2.8,2,08/07/2020,English,Drama,NR,Ciro Guerra,"Mark Rylance, Johnny Depp, Robert Pattinson, Gana Bayarsaikhan, Greta Scacchi, David Dencik",https://www.filmcrave.com/movie_page_main.php?id=62004,Unknown
A Nice Girl Like You,54278,3.0,1,07/17/2020,English,"Comedy, Romance",R,"Chris Riedell, Nick Riedell","Lucy Hale, Mindy Cohn, Jackie Cruz, Leonidas Gulaptis, Adhir Kalyan, Stephen Friedrich",https://www.filmcrave.com/movie_page_main.php?id=62005,Unknown
Made in Italy,17782,2.4,5,08/07/2020,English,Comedy,R,James D'Arcy,"Liam Neeson, Valeria Bilello, Micheál Richardson, Lindsay Duncan, Marco Quaglia, Gian Marco Tavani",https://www.filmcrave.com/movie_page_main.php?id=62006,A bohemian artist from London reunites with his estranged son in Italy in order to sell the house both have inherited from his late wife. --
Respect,8179,2.7,7,08/13/2021,English,"Biography, Drama",PG-13,Liesl Tommy,"Jennifer Hudson, Forest Whitaker, Audra McDonald, Saycon Sengbloh, Hailey Kilgore, Marlon Wayans",https://www.filmcrave.com/movie_page_main.php?id=62007,"The life and times of Aretha Franklin, one of the most influential and important R&B artists of all time. --"
Monstrum ( Mulgoe ),18930,2.7,3,09/12/2018,Korean,"Action, Horror",NR,Jong-ho Huh,"Myung-Min Kim, In-kwon Kim, Hyeri Lee, Woo-sik Choi, Sung-woong Park, Hee-soon Park",https://www.filmcrave.com/movie_page_main.php?id=62008,Unknown
Cowboys Vs. Vampires ( Dead West ),36193,2.5,2,10/09/2010,English,"Action, Comedy",NR,Douglas Myers,"Jasen Wade, Angélica Celaya, Shannon Whirry, Ariel Myers, Emily Pelzer, Clint James",https://www.filmcrave.com/movie_page_main.php?id=62009,Unknown
The Last Days of American Crime,45471,1.5,3,06/05/2020,English,"Action, Crime",NR,Olivier Megaton,"Anna Brewster, Edgar Ramírez, Michael Pitt, Sharlto Copley, Patrick Bergin, Tamer Burjaq",https://www.filmcrave.com/movie_page_main.php?id=62010,Unknown
Lords of the Deep,42911,1.7,3,06/02/1989,English,"Sci-Fi, Thriller",PG-13,Mary Ann Fisher,"Bradford Dillman, Priscilla Barnes, Daryl Haney, Mel Ryane, Stephen Davies, Richard Young",https://www.filmcrave.com/movie_page_main.php?id=62011,The crew of a deep ocean laboratory discovers an alien species that may or may be friendly.  --
The Truffle Hunters,54218,3.0,1,01/30/2020,English,Documentary,PG-13,"Michael Dweck, Gregory Kershaw","Piero Botto, Sergio Cauda, Enrico Crippa, Carlo Gondola, Gianfranco Curti, Paolo Stacchini",https://www.filmcrave.com/movie_page_main.php?id=62012,Unknown
Tom Clancy's Without Remorse,26530,1.9,14,04/30/2021,English,"Action, Crime",R,Stefano Sollima,"Michael B. Jordan, Jamie Bell, Cam Gigandet, Jodie Turner-Smith, Luke Mitchell, Brett Gelman",https://www.filmcrave.com/movie_page_main.php?id=62013,"John Clark, an elite Navy SEAL, seeks to track down the Russian assassin's responsible for his pregnant wife's murder. Teaming up with a fellow SEAL and a CIA agent, Clark finds himself as part of a much deeper conspiracy, one that threatens a new all-out war between the U.S. and Russia. --"
Terror Birds,52598,3.0,1,03/08/2016,English,"Action, Comedy",NR,Sean Cain,"Jessica Lee Keller, Lindsey Sporrer, Greg Evigan, Leslie Easterbrook, Dillon Cavitt, Evan Miller",https://www.filmcrave.com/movie_page_main.php?id=62014,Unknown
Avalanche Sharks,52031,3.0,1,01/12/2014,English,"Action, Comedy",NR,Scott Wheeler,"Alexander Mendeluk, Kate Nauta, Benjamin Easterday, Eric Scott Woods, Kelle Cantwell, Richard Gleason",https://www.filmcrave.com/movie_page_main.php?id=62015,Unknown
The Droving,38272,2.5,2,04/21/2020,English,"Crime, Mystery",NR,George Popov,"Daniel Oldroyd, Suzie Frances Garton, Amy Tyger, Jonathan Lawrence Risdon, Bobby Robertson, John Love",https://www.filmcrave.com/movie_page_main.php?id=62016,Unknown
Yummy,12812,2.6,5,06/25/2020,Dutch,"Comedy, Horror",NR,Lars Damoiseaux,"Maaike Neuville, Bart Hollanders, Benjamin Ramon, Clara Cleymans, Annick Christiaens, Eric Godon",https://www.filmcrave.com/movie_page_main.php?id=62017,Unknown
Enter the Fat Dragon ( Fei lung gwoh gong ),54221,3.0,1,02/14/2020,Mandarin,"Action, Comedy",NR,Kenji Tanigaki,"Donnie Yen, Niki Chow, Teresa Mo, Jing Wong, Jessica Jann, Qiunan Lin",https://www.filmcrave.com/movie_page_main.php?id=62018,Unknown
The Kissing Booth 2,33109,2.8,2,07/20/2020,English,"Comedy, Romance",NR,Vince Marcello,"Joey King, Jacob Elordi, Joel Courtney, Carson White, Maisie Richardson-Sellers, Matthew Dylan Roberts",https://www.filmcrave.com/movie_page_main.php?id=62019,Elle tries to navigate her senior year of high school while maintaining her long-distance relationship with Noah at Harvard. It won't be easy for Elle as a new classmate enters the picture that may have feelings for her. --
Valley of the Gods,54289,3.0,1,08/11/2020,English,Drama,NR,Lech Majewski,"John Malkovich, Josh Hartnett, Jaime Ray Newman, John Rhys-Davies, Bérénice Marlohe, Keir Dullea",https://www.filmcrave.com/movie_page_main.php?id=62020,Unknown
I Used to Go Here,54286,3.0,1,08/07/2020,English,Comedy,NR,Kris Rey,"Gillian Jacobs, Jemaine Clement, Kate Micucci, Hannah Marks, Jorma Taccone, Josh Wiggins",https://www.filmcrave.com/movie_page_main.php?id=62021,Unknown
Trump Card,14325,2.8,3,10/06/2020,English,Documentary,PG-13,"Dinesh D'Souza, Bruce Schooley","Donald Trump, Joe Biden, Bernie Sanders",https://www.filmcrave.com/movie_page_main.php?id=62022,Unknown
Out Stealing Horses ( Ut og stjæle hester ),54288,3.0,1,08/07/2020,Norwegian,"Drama, Mystery",NR,Hans Petter Moland,"Stellan Skarsgård, Bjørn Floberg, Tobias Santelmann, Danica Curcic, Pål Sverre Hagen, Jon Ranes",https://www.filmcrave.com/movie_page_main.php?id=62023,Unknown
She Dies Tomorrow,18945,2.7,3,07/31/2020,English,"Comedy, Drama",R,Amy Seimetz,"Kate Lyn Sheil, Jane Adams, Kentucker Audley, Katie Aselton, Chris Messina, Tunde Adebimpe",https://www.filmcrave.com/movie_page_main.php?id=62024,"A woman wakes up with a certainty that she is going to die the next and her delusion and paranoia soon passes on, like a virus, to friends and family as her life, and the lives of those around her, soon spiral into madness. --"
Endless,54291,3.0,1,08/14/2020,English,"Drama, Fantasy",NR,Scott Speer,"Famke Janssen, Alexandra Shipp, Ian Tracey, Nicholas Hamilton, DeRon Horton, Patrick Gilmore",https://www.filmcrave.com/movie_page_main.php?id=62025,Unknown
Radioactive,23101,2.5,3,07/24/2020,English,"Biography, Drama",PG-13,Marjane Satrapi,"Rosamund Pike, Sam Riley, Sian Brooke, Harriet Turnbull, Georgina Rich, Drew Jacoby",https://www.filmcrave.com/movie_page_main.php?id=62026,Unknown
National Anthem Girl,54069,3.0,1,04/15/2019,English,Documentary,NR,Jefferson Moore,"Janine Stange, Jefferson Moore, Bailey Ramirez, Rachael Yeager, Jim Allen, Betty Clements",https://www.filmcrave.com/movie_page_main.php?id=62027,Unknown
Gordon Lightfoot: If You Could Read My Mind,54281,3.0,1,07/29/2020,English,"Documentary, Biography",NR,"Martha Kehoe, Joan Tosoni","Gordon Lightfoot, Geddy Lee, Sarah McLachlan, Alec Baldwin, Randy Bachman, Kim Lightfoot",https://www.filmcrave.com/movie_page_main.php?id=62028,Unknown
The Bay House,54063,3.0,1,04/06/2019,English,Drama,NR,Bo Brinkman,"James Callis, Sean Faris, Barry Corbin, Lesley Ann Warren, Kim Beuché, Téa Mckay",https://www.filmcrave.com/movie_page_main.php?id=62029,Unknown
Sputnik,11326,2.6,7,08/14/2020,Russian,"Horror, Sci-Fi",NR,Egor Abramenko,"Oksana Akinshina, Fedor Bondarchuk, Pyotr Fyodorov, Anna Nazarova, Anton Vasilev, Albrecht Zander",https://www.filmcrave.com/movie_page_main.php?id=62030,A Russian cosmonaut is the lone survivor following a crash on a return from a secretive mission. A psychologist is brought in to examine his mental state and discovers he was not the only survivor after all - an alien life form has also been brought back. --
Sound of Metal,1139,3.1,21,08/14/2020,English,Drama,R,Darius Marder,"Riz Ahmed, Olivia Cooke, Mathieu Amalric, Lauren Ridloff, William Xifaras, Chris Perfetti",https://www.filmcrave.com/movie_page_main.php?id=62031,Unknown
Let Him Go,8047,2.7,9,11/06/2020,English,"Crime, Drama",R,Thomas Bezucha,"Kevin Costner, Diane Lane, Lesley Manville, Kayli Carter, Booboo Stewart, Jeffrey Donovan",https://www.filmcrave.com/movie_page_main.php?id=62032,"After the sudden death of their son, a retired sheriff and grieving wife"
Hearts and Bones,31602,2.8,2,10/11/2019,English,Drama,NR,Ben Lawrence,"Hugo Weaving, Andrew Luri, Hayley McElhinney, Bolude Watson, Alan Dukes, Toni Scanlan",https://www.filmcrave.com/movie_page_main.php?id=62033,Unknown
The GoodTimesKid,0,0.0,0,11/12/2005,English,"Action, Comedy",NR,Azazel Jacobs,"Azazel Jacobs, Gerardo Naranjo, Sara Diaz, Lucy Dodd, Pat Reynolds, Gill Dennis",https://www.filmcrave.com/movie_page_main.php?id=62034,Unknown
Black Gravel ( Schwarzer Kies ),0,0.0,0,04/13/1961,German,Drama,NR,Helmut Käutner,"Helmut Wildt, Ingmar Zeisberg, Hans Cossy, Wolfgang Büttner, Anita Höfer, Heinrich Trimbur",https://www.filmcrave.com/movie_page_main.php?id=62035,Unknown
La Llorona,19355,2.3,7,01/24/2020,Spanish,"Drama, Horror",NR,Jayro Bustamante,"María Mercedes Coroy, Sabrina De La Hoz, Margarita Kenéfic, Julio Diaz, María Telón, Juan Pablo Olyslager",https://www.filmcrave.com/movie_page_main.php?id=62036,Unknown
Random Acts of Violence,0,0.0,0,08/24/2020,English,Horror,NR,Jay Baruchel,"Jesse Williams, Jordana Brewster, Jay Baruchel, Simon Northwood, Niamh Wilson, Clark Backo",https://www.filmcrave.com/movie_page_main.php?id=62037,Unknown
Honest Thief,19277,2.3,7,10/16/2020,English,"Action, Crime",PG-13,Mark Williams,"Liam Neeson, Kate Walsh, Jai Courtney, Jeffrey Donovan, Jeffrey Wright, Anthony Ramos",https://www.filmcrave.com/movie_page_main.php?id=62038,"An  infamous bank robber decides to go straight and return the money after finding love but his attempt to do right takes a dark turn when he finds out the authorities are more corrupt than he ever was, forcing him and his love to go on the run while he does everything he can to clear his name. --"
Max Winslow and the House of Secrets,54265,3.0,1,05/29/2020,English,"Family, Sci-Fi",PG,Sean Olson,"Chad Michael Murray, Marina Sirtis, Tanner Buchanan, Jade Chynoweth, Emery Kelly, Jason Genao",https://www.filmcrave.com/movie_page_main.php?id=62039,Unknown
Over the Moon,17363,2.5,4,10/23/2020,English,"Animation, Adventure",PG,"Glen Keane, John Kahrs","Phillipa Soo, Ken Jeong, Sandra Oh, Kimiko Glenn, John Cho, Irene Tsu",https://www.filmcrave.com/movie_page_main.php?id=62040,Unknown
"Shadow of Violence, The ( Calm with Horses )",7708,3.2,3,07/31/2020,English,"Crime, Drama",R,Nick Rowland,"Anthony Welsh, Ned Dennehy, Barry Keoghan, David Wilmot, Niamh Algar, Cosmo Jarvis",https://www.filmcrave.com/movie_page_main.php?id=62041,Unknown
The Courier,42116,2.3,2,11/22/2019,English,"Action, Crime",R,Zackary Adler,"Olga Kurylenko, Gary Oldman, Amit Shah, Alicia Agneson, William Moseley, Dermot Mulroney",https://www.filmcrave.com/movie_page_main.php?id=62042,Unknown
Centigrade ,18947,2.7,3,08/28/2020,English,Thriller,NR,Brendan Walsh,"Genesis Rodriguez, Vincent Piazza, Mavis Simpson-Ernst",https://www.filmcrave.com/movie_page_main.php?id=62043,"Married and pregnant, Naomi, along with her husband, Matt find themselves stranded and facing the elements - and more - after their car is buried following a massive blizzard in the arctic mountains of Norway. --"
The Panama Papers,53975,3.0,1,10/06/2018,English,Documentary,NR,Alex Winter,"Luke Harding, Frederik Obermaier, Bastian Obermayer, Elijah Wood",https://www.filmcrave.com/movie_page_main.php?id=62044,Unknown
Zeta: When the Dead Awaken,42027,2.3,2,04/28/2016,Other,"Action, Horror",NR,Amanda Iswan,"Cut Mini Theo, Jeff Smith, Dimas Aditya, Edo Borne, Joshua Pandelaki, Willem Bevers",https://www.filmcrave.com/movie_page_main.php?id=62045,Unknown
Miss Juneteenth,7706,3.2,3,06/19/2020,English,Drama,NR,Channing Godfrey Peoples,"Nicole Beharie, Kendrick Sampson, Alexis Chikaeze, Lori Hayes, Marcus M. Mauldin, Liz Mikel",https://www.filmcrave.com/movie_page_main.php?id=62046,Unknown
Code Red,44789,2.0,2,02/04/2014,English,"Action, Horror",NR,Valeri Milev,"Paul Logan, Manal El-Feitury, Mya-Lecia Naylor, Julian Kostov, Georgi Staykov, Asen Mutafchiev",https://www.filmcrave.com/movie_page_main.php?id=62047,Unknown
Feels Good Man,54216,3.0,1,01/27/2020,English,Documentary,Unknown,Arthur Jones,Matt Furie,https://www.filmcrave.com/movie_page_main.php?id=62048,Unknown
Let It Snow,44986,2.0,2,09/22/2020,English,Thriller,NR,Stanislav Kapralov,"Ivanna Sakhno, Alex Hafner, Tinatin Dalakishvili",https://www.filmcrave.com/movie_page_main.php?id=62049,Unknown
Kajillionaire,17898,2.7,3,09/18/2020,English,"Crime, Drama",R,Miranda July,"Evan Rachel Wood, Debra Winger, Gina Rodriguez, Richard Jenkins, Diana Maria Riva, Da'Vine Joy Randolph",https://www.filmcrave.com/movie_page_main.php?id=62050,"Old Dolio has been raised to be the perfect scam artist from her likewise criminal parents, 	Robert and Theresa. But the family dynamic is put to the test when an outsider joins them on a major heist. --"
The Conjuring: The Devil Made Me Do It,7558,2.6,22,06/04/2021,English,"Horror, Mystery",R,Michael Chaves,"Vera Farmiga, Patrick Wilson, Julian Hilliard, Charlene Amoia, Sterling Jerins, Shannon Kook",https://www.filmcrave.com/movie_page_main.php?id=62051,"The Warrens are called to Connecticut to help the Glatzel whose young son, David, is experiencing chilling behavior. Convinced the boy is being possessed, the Warrens do all they can to save the boy - not knowing their actions will lead to even more dangerous consequences. --"
Infidel,38288,2.5,2,09/18/2020,English,"Action, Thriller",R,Cyrus Nowrasteh,"Jim Caviezel, Claudia Karvan, Hal Ozsan, Stelio Savante, Bijan Daneshmand, Isabelle Adriani",https://www.filmcrave.com/movie_page_main.php?id=62052,Unknown
Words on Bathroom Walls,17897,2.7,3,08/21/2020,English,Drama,PG-13,Thor Freudenthal,"AnnaSophia Robb, Walton Goggins, Andy Garcia, Molly Parker, Devon Bostick, Charlie Plummer",https://www.filmcrave.com/movie_page_main.php?id=62053,Adam not only has to navigate the minefield that is high school - he has to do so while dealing with paranoid schizophrenia. But an experimental new drug offers hope he can lead a more normal life - and maybe even find love along the way. --
The 2nd,38295,2.5,2,10/06/2020,English,Action,NR,Brian Skiba,"Casper Van Dien, Samaire Armstrong, Ryan Phillippe, William Katt, Richard Burgi, William McNamara",https://www.filmcrave.com/movie_page_main.php?id=62054,Unknown
Hard Kill,46734,1.8,2,08/28/2020,English,"Action, Thriller",R,Matt Eskandari,"Bruce Willis, Jesse Metcalfe, Tyler Jon Olson, Texas Battle, Natalie Eva Marie, Swen Temmel",https://www.filmcrave.com/movie_page_main.php?id=62055,Unknown
Possessor,4685,2.9,10,10/09/2020,English,"Horror, Sci-Fi",R,Brandon Cronenberg,"Andrea Riseborough, Jennifer Jason Leigh, Sean Bean, Tuppence Middleton, Christopher Abbott, Rossif Sutherland",https://www.filmcrave.com/movie_page_main.php?id=62056,"Tasya Vos is special kind of corporate agent - one who uses technology to inhabit other people's bodies, take over their minds and use them for assassinations to benefit the company. But time and stress has taken a toll and her mental state is in flux and when she inhabits the body of a particularly strong-willed individual, it threatens to erase her instead. --"
Work It,60248,2.0,1,08/07/2020,English,Comedy,NR,Laura Terruso,"Jordan Fisher, Sabrina Carpenter, Keiynan Lonsdale, Michelle Buteau, Drew Ray Tanner, Liza Koshy",https://www.filmcrave.com/movie_page_main.php?id=62057,Unknown
Spinster,54228,3.0,1,03/01/2020,English,Comedy,NR,Andrea Dorfman,"Chelsea Peretti, Susan Kent, Amy Groening, Charlie Boyle, Oliver Boyle, Bill Carr",https://www.filmcrave.com/movie_page_main.php?id=62058,Unknown
The Devil with Hitler,47957,3.0,1,10/22/1942,English,Comedy,NR,Gordon Douglas,"Alan Mowbray, Bobby Watson, George E. Stone, Joe Devlin, Marjorie Woodworth, Douglas Fowley",https://www.filmcrave.com/movie_page_main.php?id=62059,Unknown
Nazty Nuisance,47986,3.0,1,08/06/1943,English,"Action, Comedy",NR,Glenn Tryon,"Bobby Watson, Joe Devlin, Johnny Arthur, Jean Porter, Ian Keith, Frank Faylen",https://www.filmcrave.com/movie_page_main.php?id=62060,Unknown
The Short History of the Long Road,54268,3.0,1,06/16/2020,English,Drama,NR,Ani Simon-Kennedy,"Maggie Siff, Danny Trejo, Steven Ogg, Sabrina Carpenter, Kadrolsha Ona Carole, Rusty Schwimmer",https://www.filmcrave.com/movie_page_main.php?id=62061,Unknown
The Bay of Silence,54302,3.0,1,08/28/2020,English,Thriller,NR,Paula van der Oest,"Claes Bang, Olga Kurylenko, Brian Cox, Assaad Bouab, Alice Krige, Caroline Goodall",https://www.filmcrave.com/movie_page_main.php?id=62062,Unknown
Ema,38257,2.5,2,10/08/2019,Spanish,Drama,R,Pablo Larraín,"Mariana Di Girolamo, Gael García Bernal, Santiago Cabrera, Paola Giannini, Cristián Suárez, Giannina Fruttero",https://www.filmcrave.com/movie_page_main.php?id=62063,Unknown
Lost Girls and Love Hotels,60252,2.0,1,09/04/2020,English,"Drama, Thriller",R,William Olsson,"Alexandra Daddario, Carice van Houten, Takehiro Hira, Kate Easton, Peter Mark Kendall, Andrew Rothney",https://www.filmcrave.com/movie_page_main.php?id=62064,Unknown
Tulsa,42122,2.3,2,06/03/2020,English,"Comedy, Drama",PG-13,"Scott Pryor, Gloria Stella","Scott Pryor, Livi Birch, John Schneider, Nicole Marie Johnson, Cameron Arnett, Cedric Greenway",https://www.filmcrave.com/movie_page_main.php?id=62065,Unknown
Twisted Pair,55810,1.3,2,10/03/2018,English,"Drama, Fantasy",NR,Neil Breen,"Neil Breen, Sara Meritt, Siohbon Chevy Ebrahimi, Greg Smith Burns, Ada Masters, Denise Bellini",https://www.filmcrave.com/movie_page_main.php?id=62066,Unknown
Saint Frances,16241,3.5,2,02/28/2020,English,"Comedy, Drama",NR,Alex Thompson,"Kelly O'Sullivan, Ramona Edith Williams, Laura T. Fisher, Jim True-Frost, Rebekah Ward, Braden Crothers",https://www.filmcrave.com/movie_page_main.php?id=62067,Unknown
Blood on Her Name,21469,3.3,2,02/28/2020,English,"Crime, Thriller",NR,Matthew Pope,"Bethany Anne Lind, Will Patton, Elisabeth Röhm, Jared Ivers, Jimmy Gonzales, Jack Andrews",https://www.filmcrave.com/movie_page_main.php?id=62068,Unknown
Rogue,38282,2.5,2,08/28/2020,English,Action,R,M.J. Bassett,"Megan Fox, Philip Winchester, Calli Taylor, Jessica Sutton, Lee-Anne Liebenberg, Greg Kriek",https://www.filmcrave.com/movie_page_main.php?id=62069,Unknown
The Vanished,38268,2.5,2,02/28/2020,English,"Action, Mystery",NR,Peter Facinelli,"Jason Patric, Anne Heche, Thomas Jane, Peter Facinelli, Lucas Bentley, Lily Anne Harrison",https://www.filmcrave.com/movie_page_main.php?id=62070,Unknown
The Last Duel,1307,3.1,24,10/15/2021,English,Drama,R,Ridley Scott,"Matt Damon, Jodie Comer, Adam Driver, Ben Affleck, Harriet Walter, Marton Csokas",https://www.filmcrave.com/movie_page_main.php?id=62071,"In 14th century France, Marguerite de Carrouges accuses Jacques LeGris, friend and squire to her husband the knight Jean de Carrouges, of rape. Even as she faces intense scrutiny and even death for lying, her husband challenges LeGris to trial by combat - the last legally sanctioned duel in France's history. --"
Spree,29669,2.0,5,08/14/2020,English,"Comedy, Thriller",NR,Eugene Kotlyarenko,"Joe Keery, Sasheer Zamata, David Arquette, Kyle Mooney, Mischa Barton, Frankie Grande",https://www.filmcrave.com/movie_page_main.php?id=62072,"Kurt Kunkle is a rideshare driver who wants nothing more than to go viral across social media. In order to achieve his dream, he comes up with a killer plan... which is bad news for his passengers but a great boost to his follower count. --"
The Trial of the Chicago 7,1444,3.1,16,10/16/2020,English,"Drama, Historical",R,Aaron Sorkin,"Eddie Redmayne, Alex Sharp, Sacha Baron Cohen, Jeremy Strong, John Carroll Lynch, Yahya Abdul-Mateen II",https://www.filmcrave.com/movie_page_main.php?id=62073,Unknown
The Eleventh Commandment,49400,3.0,1,03/25/1986,English,"Drama, Horror",R,Paul Leder,"Bernard White, Dick Sargent, Greg Mullavey, James Avery, Julia Campbell, Marilyn Hassett",https://www.filmcrave.com/movie_page_main.php?id=62074,Unknown
All In: The Fight for Democracy,60254,2.0,1,09/18/2020,English,Documentary,PG-13,"Lisa Cortes, Liz Garbus",Stacey Abrams,https://www.filmcrave.com/movie_page_main.php?id=62075,Unknown
The Human Factor,54176,3.0,1,10/12/2019,English,Documentary,PG-13,Dror Moreh,"Dennis Ross, Gamal Helal, Aaron Miller, Martin Indyk, Robert Malley, Daniel Kurtzer",https://www.filmcrave.com/movie_page_main.php?id=62076,Unknown
The Social Dilemma,9170,2.9,4,01/26/2020,English,Documentary,PG-13,Jeff Orlowski,"Skyler Gisondo, Kara Hayward, Vincent Kartheiser, Tristan Harris, Sophia Hammons, Catalina Garayoa",https://www.filmcrave.com/movie_page_main.php?id=62077,Unknown
And Then We Danced,7703,3.2,3,02/07/2020,Other,"Drama, Romance",NR,Levan Akin,"Levan Gelbakhiani, Bachi Valishvili, Ana Javakishvili, Kakha Gogidze, Ana Makharadze, Nino Gabisonia",https://www.filmcrave.com/movie_page_main.php?id=62078,Unknown
Infection ( Infección ),38250,2.5,2,08/11/2019,Spanish,"Horror, Thriller",NR,Flavio Pedota,"Rubén Guevara, Leonidas Urbina, Magdiel González, Genna Chanelle Hayes, Luca de Lima, Johanna Juliethe",https://www.filmcrave.com/movie_page_main.php?id=62079,Unknown
Only,26529,2.1,5,03/06/2020,English,"Drama, Romance",NR,Takashi Doscher,"Freida Pinto, Leslie Odom Jr., Chandler Riggs, Jayson Warner Smith, Joshua Mikel, Mark Ashworth",https://www.filmcrave.com/movie_page_main.php?id=62080,Unknown
Still Here,38283,2.5,2,08/28/2020,English,Drama,Unknown,Vlad Feier,"Johnny Whitworth, Zazie Beetz, Afton Williamson, Maurice McRae, Larry Pine, Jeremy Holm",https://www.filmcrave.com/movie_page_main.php?id=62081,"After taking an assignment covering a missing African-American girl, a New York journalist finds himself risking everything when he decides to take matters into his own hands. --"
Uncle Peckerhead,44979,2.0,2,01/25/2020,English,"Comedy, Horror",Unknown,Matthew John Lawrence,"David Bluvband, David Littleton, Greg Maness, Lucy McMichael, Shannon O'Neill, Chloe Roe",https://www.filmcrave.com/movie_page_main.php?id=62082,Unknown
Chemical Hearts,33112,2.8,2,08/21/2020,English,"Drama, Romance",R,Richard Tanne,"Lili Reinhart, Austin Abrams, Sarah Jones, Kara Young, Coral Peña, Shannon Walsh",https://www.filmcrave.com/movie_page_main.php?id=62083,Unknown
The Pale Door,20392,2.4,4,08/21/2020,English,"Horror, Western",NR,Aaron B. Koontz,"Melora Walters, Zachary Knighton, Devin Druid, Noah Segan, Stan Shaw, Bill Sage",https://www.filmcrave.com/movie_page_main.php?id=62084,"The Dalton Gang finds themselves holed up in a ghost town following a train robbery gone wrong. With their leader wounded, the men are more than happy to finding a thriving brothel and welcome women - only to soon learn they have ran afoul of a coven of witches who have their own sinister plan in mind. --"
After We Collided,23103,2.5,3,10/23/2020,English,"Drama, Romance",R,Roger Kumble,"Josephine Langford, Hero Fiennes Tiffin, Louise Lombard, Dylan Sprouse, Candice King, Charlie Weber",https://www.filmcrave.com/movie_page_main.php?id=62085,"Following their tumultuous and steamy romance, Tessa and Hardin finally seem to be on the right path to making their unconventional romance work. But a bombshell revelation questions everything Tessa has come to know about how Hardin came into her life - and now both will have figure out how to deal with the consequences. --"
Misbehaviour,31512,2.2,3,09/25/2020,English,"Drama, Historical",NR,Philippa Lowthorpe,"Keira Knightley, Greg Kinnear, Jessie Buckley, Rhys Ifans, Gugu Mbatha-Raw, Lesley Manville",https://www.filmcrave.com/movie_page_main.php?id=62086,Unknown
I Am Woman,54305,3.0,1,09/11/2020,English,"Biography, Drama",Unknown,Unjoo Moon,"Tilda Cobham-Hervey, Danielle Macdonald, Evan Peters, Matty Cardarople, Dusty Sorg, Gus Murray",https://www.filmcrave.com/movie_page_main.php?id=62087,"In the 1970s, singer Helen Reddy found herself becoming an icon of the feminist movement as her song ""I Am Woman"" became an anthem for a generation. But the fight to make her voice heard extended far beyond the hit and still reverberate to this day. --"
Rent-A-Pal,28504,2.3,3,09/11/2020,English,Thriller,NR,Jon Stevenson,"Wil Wheaton, Brian Landis Folkins, Amy Rutledge, Kathleen Brady, Adrian Egolf, Olivia Hendrick",https://www.filmcrave.com/movie_page_main.php?id=62088,"In the 1990s a lonely bachelor named David, tired of the drudgery of caring for his ailing mother, decides to try a video dating service but is intrigued by a strange VHS tape called Rent-A-Pal. He soon finds himself watching the affable video of ""Andy"" offering his advice and friendship as a service - but David soon finds the price of this friendship is much too steep. --"
The Sleepover,60250,2.0,1,08/21/2020,English,"Action, Comedy",NR,Trish Sie,"Malin Akerman, Joe Manganiello, Ken Marino, Karla Souza, Cree Cicchino, Sadie Stanley",https://www.filmcrave.com/movie_page_main.php?id=62089,Unknown
The 40-Year-Old Version,6629,2.9,5,01/21/2020,English,Comedy,R,Radha Blank,"Welker White, Reed Birney, Imani Lewis, Antonio Ortiz, Jacob Ming-Trent, Peggy J. Scott",https://www.filmcrave.com/movie_page_main.php?id=62090,Unknown
Hillbilly Elegy,16058,2.4,6,11/30/2020,English,Drama,R,Ron Howard,"Amy Adams, Haley Bennett, Freida Pinto, Glenn Close, Sunny Mabrey, Bo Hopkins",https://www.filmcrave.com/movie_page_main.php?id=62091,Unknown
Rebecca,44988,2.0,2,10/21/2020,English,"Drama, Mystery",PG-13,Ben Wheatley,"Lily James, Armie Hammer, Keeley Hawes, Sam Riley, Kristin Scott Thomas, Ann Dowd",https://www.filmcrave.com/movie_page_main.php?id=62092,Unknown
The Secrets We Keep,38287,2.5,2,09/16/2020,English,"Crime, Drama",R,Yuval Adler,"Joel Kinnaman, Amy Seimetz, Noomi Rapace, Chris Messina, Kadrolsha Ona Carole, Lucy Faust",https://www.filmcrave.com/movie_page_main.php?id=62093,Unknown
Alone,12813,2.6,5,09/18/2020,English,Thriller,R,John Hyams,"Jules Willcox, Marc Menchaca, Anthony Heald, Jonathan Rosenthal, Shelly Lipkin, Emily Sahler",https://www.filmcrave.com/movie_page_main.php?id=62094,Unknown
I'm Thinking of Ending Things,3954,2.9,14,09/04/2020,English,"Drama, Horror",R,Charlie Kaufman,"Toni Collette, Jesse Plemons, Jessie Buckley, David Thewlis, Colby Minifie, Jason Ralph",https://www.filmcrave.com/movie_page_main.php?id=62095,Unknown
The Owners,38347,2.5,2,09/04/2021,English,"Action, Thriller",NR,Julius Berg,"Maisie Williams, Sylvester McCoy, Rita Tushingham, Jake Curran, Ian Kenny, Stacha Hicks",https://www.filmcrave.com/movie_page_main.php?id=62096,Unknown
All Together Now,60251,2.0,1,08/28/2020,English,Drama,PG,Brett Haley,"Auli'i Cravalho, Justina Machado, Judy Reyes, Carol Burnett, Fred Armisen, Rhenzy Feliz",https://www.filmcrave.com/movie_page_main.php?id=62097,Unknown
The Tax Collector,42169,1.6,4,08/07/2020,English,"Action, Crime",NR,David Ayer,"Bobby Soto, Shia LaBeouf, Cinthya Carmona, George Lopez, Jose Conejo Martin, Cheyenne Rae Hernandez",https://www.filmcrave.com/movie_page_main.php?id=62098,"A man working as a ""tax collector"" for a local crime boss finds himself and his family in danger when a rival crime lord comes to town. --"
Superman: Red Son,17359,2.5,4,02/25/2020,English,"Animation, Action",PG-13,Sam Liu,"Jason Isaacs, Amy Acker, Diedrich Bader, Vanessa Marshall, Phil LaMarr, Phil Morris",https://www.filmcrave.com/movie_page_main.php?id=62099,Unknown
Omega Doom,41557,2.3,2,07/08/1997,English,"Drama, Sci-Fi",R,Albert Pyun,"Rutger Hauer, Shannon Whirry, Norbert Weisser, Tina Cote, Anna Katarina, Jill Pierce",https://www.filmcrave.com/movie_page_main.php?id=62100,Unknown
Herself,38266,2.5,2,01/08/2020,English,Drama,R,Phyllida Lloyd,"Harriet Walter, Conleth Hill, Cathy Belton, Clare Dunne, Rebecca O'Mara, Sean Duggan",https://www.filmcrave.com/movie_page_main.php?id=62101,Unknown
Mank,4213,2.8,13,12/04/2020,English,"Biography, Drama",R,David Fincher,"Gary Oldman, Tuppence Middleton, Lily Collins, Amanda Seyfried, Tom Burke, Charles Dance",https://www.filmcrave.com/movie_page_main.php?id=62102,Unknown
Aggie,38296,2.5,2,10/06/2020,English,Documentary,Unknown,Catherine Gund,"Agnes Gund, Thelma Golden, John Waters, Dorothy Lichtenstein, Ava DuVernay",https://www.filmcrave.com/movie_page_main.php?id=62103,Unknown
2 Hearts,38300,2.5,2,10/16/2020,English,"Drama, Romance",PG-13,Lance Hool,"Jacob Elordi, Radha Mitchell, Adan Canto, Kari Matchett, Tiera Skovbye, Tahmoh Penikett",https://www.filmcrave.com/movie_page_main.php?id=62104,Unknown
Snake Eyes,20377,2.1,12,07/23/2021,English,"Action, Adventure",PG-13,Robert Schwentke,"Henry Golding, Andrew Koji, Úrsula Corberó, Steven Allerick, Takehiro Hira, Haruka Abe",https://www.filmcrave.com/movie_page_main.php?id=62105,"Saving the life of a friend, a man known only as Snake Eyes is taken in by the secretive and highly skilled Clan Arashikage, where he learns his friend ""Tommy"" is a skilled member. But even as Snake Eyes learns their ways, a shadow looms in the form of Cobra, which seeks to corrupt the clan for their own gains even as the opposite end, the G.I. Joes forms their own band of heroes. --"
Rising Phoenix,54299,3.0,1,08/26/2020,English,"Documentary, Sport",PG-13,"Ian Bonhôte, Peter Ettedgui","Tatyana McFadden, Jonnie Peacock, Bebe Vio Beatrice, Jean Baptiste Alaize",https://www.filmcrave.com/movie_page_main.php?id=62106,Unknown
You Cannot Kill David Arquette,38284,2.5,2,08/28/2020,English,Documentary,R,"David Darg, Price James","David Arquette, Patricia Arquette, Courteney Cox, Ric Flair, Dallas Page, Jack Perry",https://www.filmcrave.com/movie_page_main.php?id=62107,Unknown
The Devil All the Time,11885,2.5,9,09/16/2020,English,"Drama, Thriller",R,Antonio Campos,"Robert Pattinson, Harry Melling, Tom Holland, Riley Keough, Haley Bennett, Bill Skarsgård",https://www.filmcrave.com/movie_page_main.php?id=62108,"Follows a group of desperate, disturbed and violent individuals who have all suffered from the trauma of WWII and try to deal with this fallout as the years pass. --"
Freaks - You're One of Us,54303,3.0,1,09/02/2020,German,"Drama, Family",NR,Felix Binder,"Finnlay Berger, Thelma Buabeng, Gisa Flake, Cornelia Gröschel, Ralph Herforth, Tim Oliver Schultz",https://www.filmcrave.com/movie_page_main.php?id=62109,Unknown
Let's Scare Julie,38293,2.5,2,10/02/2020,English,"Horror, Mystery",NR,Jud Cremata,"Troy Leigh-Anne Johnson, Isabel May, Odessa A’zion, Brooke Sorenson, Jessica Sarah Flaum, Dakota Baccelli",https://www.filmcrave.com/movie_page_main.php?id=62110,Unknown
Picture Mommy Dead,0,0.0,0,11/02/1966,English,"Horror, Thriller",NR,Bert I. Gordon,"Don Ameche, Martha Hyer, Susan Gordon, Zsa Zsa Gabor, Maxwell Reed, Signe Hasso",https://www.filmcrave.com/movie_page_main.php?id=62111,Unknown
Happy Happy Joy Joy: The Ren & Stimpy Story,54292,3.0,1,08/14/2020,English,Documentary,NR,"Ron Cicero, Kimo Easterwood","John Kricfalusi, Vincent Waller, Billy West, Bobby Lee, Shawn Patterson, April March",https://www.filmcrave.com/movie_page_main.php?id=62112,Unknown
Confessional,42106,2.3,2,04/19/2019,English,"Horror, Mystery",NR,Brad T. Gottfred,"Lucas Adams, Paris Berelc, Annalisa Cochrane, Jess Gabor, Brandon Larracuente, Vanessa Marano",https://www.filmcrave.com/movie_page_main.php?id=62113,Unknown
Black Bear,31591,2.8,2,01/24/2020,English,Drama,R,Lawrence Michael Levine,"Aubrey Plaza, Sarah Gadon, Christopher Abbott, Lindsay Burdge, Paola Lázaro, Jennifer Kim",https://www.filmcrave.com/movie_page_main.php?id=62114,Unknown
The Little Things,19650,2.1,14,01/24/2021,English,Thriller,R,John Lee Hancock,"Denzel Washington, Jared Leto, Rami Malek, Natalie Morales, Chris Bauer, Michael Hyatt",https://www.filmcrave.com/movie_page_main.php?id=62115,"Baxter, a crack detective teams up with Deke, a burnt-out deputy sheriff in order to catch a serial killer. While Deke seems to have an uncanny ability to see the little things, his constant circumventing of the rules puts Baxter on Edge. The closer they get to the killer, Deke must content with his own dark past. --"
No Escape,29671,2.0,5,09/18/2020,English,"Horror, Thriller",R,Will Wernick,"Holland Roden, Ronen Rubinstein, Keegan Allen, Pasha D. Lychnikoff, Denzel Whitaker, Kimberly Quinn",https://www.filmcrave.com/movie_page_main.php?id=62116,Unknown
Shithouse,54337,3.0,1,10/16/2020,English,"Comedy, Romance",R,Cooper Raiff,"Cooper Raiff, Dylan Gelula, Amy Landecker, Logan Miller, Olivia Welch, Abby Quinn",https://www.filmcrave.com/movie_page_main.php?id=62117,"Alex is just one among thousands - a college freshman trying to make things work - but he has crushing homesickness, a home 1500 miles away, as he tries to keep things together. His sophomore RA, Maggie, is the polar opposite, a go-getter from day one who has made college her priority. But a particularly rough day lands Maggie at the go-to party palace where Alex also finds himself and the two form an unlikely relationship that will help them both find themselves. --"
Wander Darkly,60226,2.0,1,01/25/2020,English,Drama,R,Tara Miele,"Sienna Miller, Diego Luna, Vanessa Bayer, Aimee Carrero, Beth Grant, Ayden Mayeri",https://www.filmcrave.com/movie_page_main.php?id=62118,Unknown
Death of Me,26395,3.0,2,10/02/2020,English,Horror,R,Darren Lynn Bousman,"Maggie Q, Luke Hemsworth, Alex Essoe, Kat Ingkarat, Kelly B. Jones, Michael S. New",https://www.filmcrave.com/movie_page_main.php?id=62119,Unknown
Eternal Beauty,54319,3.0,1,10/02/2020,English,"Comedy, Romance",R,Craig Roberts,"Sally Hawkins, David Thewlis, Billie Piper, Penelope Wilton, Robert Pugh, Alice Lowe",https://www.filmcrave.com/movie_page_main.php?id=62120,Unknown
Falling,54384,3.0,1,02/05/2021,English,Drama,R,Viggo Mortensen,"Viggo Mortensen, Lance Henriksen, Sverrir Gudnason, Laura Linney, Hannah Gross, Terry Chen",https://www.filmcrave.com/movie_page_main.php?id=62121,Unknown
Cocaine Godmother,53719,3.0,1,01/18/2018,English,"Biography, Crime",NR,Guillermo Navarro,"Catherine Zeta-Jones, Jenny Pellicer, Alejandro Edda, Warren Christie, Juan Pablo Espinosa, José Julián",https://www.filmcrave.com/movie_page_main.php?id=62122,Unknown
Peninsula,20468,2.4,4,08/07/2020,Korean,"Action, Horror",NR,Sang-ho Yeon,"Dong-Won Gang, Jung-hyun Lee, Re Lee, Hae-hyo Kwon, Min-Jae Kim, Do-Yoon Kim",https://www.filmcrave.com/movie_page_main.php?id=62123,Unknown
On the Rocks,15601,2.5,5,10/31/2020,English,"Comedy, Drama",R,Sofia Coppola,"Bill Murray, Rashida Jones, Marlon Wayans, Jenny Slate, Jessica Henwick, Barbara Bain",https://www.filmcrave.com/movie_page_main.php?id=62124,Unknown
"Love, Guaranteed",0,0.0,0,09/03/2020,English,"Comedy, Romance",NR,Mark Steven Johnson,"Rachael Leigh Cook, Heather Graham, Damon Wayans Jr., Jed Rees, Lisa Durupt, Brendan Taylor",https://www.filmcrave.com/movie_page_main.php?id=62125,Unknown
Shazam! Fury of the Gods,10163,2.5,17,03/17/2023,English,"Action, Fantasy",PG-13,David F. Sandberg,"Zachary Levi, Asher Angel, Jack Dylan Grazer, Rachel Zegler, Helen Mirren, Lucy Liu",https://www.filmcrave.com/movie_page_main.php?id=62126,"With Billy Batson sharing the power of the gods with his extended family, it draws the attention of Hespera and Kalypso, two goddesses who are upset these powers have been granted to mere mortals. Soon Shazam and his heroic family find themselves face-to-face with the fury of the gods. --"
Bad Men from a Melting Moon,54229,3.0,1,03/05/2020,English,Fantasy,NR,Matt Orefice,"Travis Doane, Louisa Beal, Meredith Binder, Henry S Brown Jr., Bethany Buer, Danela Butler",https://www.filmcrave.com/movie_page_main.php?id=62127,Unknown
The Argument,36139,2.5,2,09/04/2020,English,Comedy,NR,Robert Schwartzman,"Dan Fogler, Emma Bell, Maggie Q, Danny Pudi, Tyler James Williams, Cleopatra Coleman",https://www.filmcrave.com/movie_page_main.php?id=62128,"After getting into an argument that escalates during a cocktail party and leading to an abrupt end, the hosts and guests decide to recreate the night in order to finally prove who is right about the subject. --"
Z,38275,2.5,2,05/07/2020,English,"Horror, Mystery",NR,Brandon Christensen,"Keegan Connor Tracy, Jett Klyne, Sean Rogerson, Sara Canning, Stephen McHattie, Chandra West",https://www.filmcrave.com/movie_page_main.php?id=62129,Unknown
Miracle in East Texas,54220,3.0,1,02/07/2020,English,Drama,PG,Kevin Sorbo,"Kevin Sorbo, John Ratzenberger, Louis Gossett Jr., Tyler Mane, Gwynyth Walsh, Sam Sorbo",https://www.filmcrave.com/movie_page_main.php?id=62130,Unknown
Enola Holmes,7377,2.7,13,09/23/2020,English,"Adventure, Crime",PG-13,Harry Bradbeer,"Millie Bobby Brown, Henry Cavill, Sam Claflin, Helena Bonham Carter, Fiona Shaw, Frances de la Tour",https://www.filmcrave.com/movie_page_main.php?id=62131,"On the morning of her 16th birthday, Enola Holmes awakens to several gifts - but her mother is nowhere to be found. Taken in by her brothers Sherlock and Mycroft, she soon finds her free-spirited ways are about to be sent to a ""proper"" boarding school. Seeing no other choice, she escapes, searching for her mother and becoming ensnared in a mystery surrounding a runway lord, outwitting her famous brother in the process. --"
The Babysitter: Killer Queen,29670,2.0,5,09/10/2020,English,"Comedy, Horror",NR,McG,"Judah Lewis, Emily Alyn Lind, Bella Thorne, Jenna Ortega, Robbie Amell, Ken Marino",https://www.filmcrave.com/movie_page_main.php?id=62132,"Cole survived a bloodbath only to find himself facing something much more horrifying: high school. With no evidence and no one (not even his parents) believing his wild story about blood sacrifice and demonic pacts, Cole is an outsider with just his friend Melanie as his only support. A chance to get away is just what he needs but ditching school for the beach turns out to be a big mistake as his bloody past once again threatens his life. --"
Spontaneous,2611,3.2,6,10/06/2020,English,"Comedy, Fantasy",R,Brian Duffield,"Katherine Langford, Charlie Plummer, Piper Perabo, Chelah Horsdal, Rob Huebel, Kaitlyn Bernard",https://www.filmcrave.com/movie_page_main.php?id=62133,Unknown
Impetigore ( Perempuan Tanah Jahanam ),6975,3.0,4,07/23/2020,Other,"Drama, Horror",NR,Joko Anwar,"Tara Basro, Ario Bayu, Marissa Anita, Christine Hakim, Asmara Abigail, Kiki Narendra",https://www.filmcrave.com/movie_page_main.php?id=62134,Unknown
Clifford the Big Red Dog,15247,2.4,10,11/10/2021,English,"Animation, Adventure",PG,Walt Becker,"Darby Camp, Jack Whitehall, Izaac Wang, John Cleese, Sienna Guillory, Tony Hale",https://www.filmcrave.com/movie_page_main.php?id=62135,Unknown
The Man Who Saw Tomorrow,57347,2.0,1,01/31/1981,English,"Biography, Drama",PG,Robert Guenette,"Orson Welles, Philip L. Clarke, Ray Laska, Richard Butler, David Burke, Marji Martin",https://www.filmcrave.com/movie_page_main.php?id=62137,Unknown
Lucky Grandma,7705,3.2,3,05/22/2020,Mandarin,"Comedy, Drama",NR,Sasie Sealy,"Tsai Chin, Hsiao-Yuan Ha, Michael Tow, Woody Fu, Yan Xi, Wai Ching Ho",https://www.filmcrave.com/movie_page_main.php?id=62138,Unknown
The Mandela Effect,18943,2.7,3,12/06/2019,English,"Drama, Sci-Fi",NR,David Guy Levy,"Charlie Hofheimer, Aleksa Palladino, Robin Lord Taylor, Clarke Peters, Madeleine McGraw, Tim Ransom",https://www.filmcrave.com/movie_page_main.php?id=62139,"After the loss of his young daughter, a man becomes obsessed with The Mandela Effect - the phenomena where a group of people misremember certain facts. As digs deeper, he seeks out a professor who posits these glitches in memory are the result of a simulated reality. --"
Chick Fight,44989,2.0,2,11/13/2020,English,"Action, Comedy",R,Paul Leyden,"Bella Thorne, Malin Akerman, Alec Baldwin, Julie Michaels, Kevin Connolly, Mariana Paola Vicente",https://www.filmcrave.com/movie_page_main.php?id=62140,Unknown
An Imperfect Murder,54372,3.0,1,01/01/2021,English,Drama,R,James Toback,"Sienna Miller, Alec Baldwin, Charles Grodin, Colleen Camp, Oliver 'Power' Grant, John Buffalo Mailer",https://www.filmcrave.com/movie_page_main.php?id=62141,Unknown
Judas and the Black Messiah,887,3.1,21,01/29/2021,English,"Biography, Drama",R,Shaka King,"Daniel Kaluuya, LaKeith Stanfield, Jesse Plemons, Martin Sheen, Dominique Fishback, Lil Rel Howery",https://www.filmcrave.com/movie_page_main.php?id=62142,"As the Black Panther movement spread across the United States, J. Edgar"
Immune,42025,2.3,2,04/23/2016,English,Horror,NR,Steven Tayler,"Christopher Clarke, Simon Jarrett, Steven Rostance, Steven Rostance, Kurtis Jay Atherton, Ross Hughes",https://www.filmcrave.com/movie_page_main.php?id=62143,Unknown
The Last Tree,26358,3.0,2,01/24/2019,English,Drama,NR,Shola Amoo,"Nicholas Pinnock, Gbemisola Ikumelo, Denise Black, Samuel Adewunmi, Tuwaine Barrett, Jayden Elijah",https://www.filmcrave.com/movie_page_main.php?id=62144,Unknown
Come As You Are,21468,3.3,2,02/14/2020,English,"Comedy, Drama",NR,Richard Wong,"Grant Rosenmeyer, Hayden Szeto, Ravi Patel, Gabourey Sidibe, Janeane Garofalo, C.S. Lee",https://www.filmcrave.com/movie_page_main.php?id=62145,Unknown
The Boys in the Band,14936,2.6,4,09/30/2020,English,Drama,R,Joe Mantello,"Jim Parsons, Zachary Quinto, Matt Bomer, Andrew Rannells, Robin de Jesus, Brian Hutchison",https://www.filmcrave.com/movie_page_main.php?id=62146,Unknown
Metamorphosis (Byeonshin ),33099,2.8,2,08/21/2019,Korean,"Horror, Thriller",R,Hong-seon Kim,"Sung-Woo Bae, Dong-il Sung, Young-nam Jang, Hye-Jun Kim, Yi-Hyun Cho, Kang-Hoon Kim",https://www.filmcrave.com/movie_page_main.php?id=62147,Unknown
This is Paris,54245,3.0,1,04/15/2020,English,Documentary,NR,Alexandra Dean,Paris Hilton,https://www.filmcrave.com/movie_page_main.php?id=62148,Unknown
The Comeback Trail,36165,2.5,2,02/21/2025,English,"Action, Comedy",R,George Gallo,"Robert De Niro, Morgan Freeman, Tommy Lee Jones, Emile Hirsch, Zach Braff, Patrick Muldoon",https://www.filmcrave.com/movie_page_main.php?id=62149,"A pair of long-time movie producers, who owe a lot of money to the mob,"
From the Vine,54188,3.0,1,11/13/2019,English,Drama,NR,Sean Cisterna,"Joe Pantoliano, Paula Brancati, Marco Leonardi, Wendy Crewson, Tony Nardi, Tony Nappo",https://www.filmcrave.com/movie_page_main.php?id=62150,Unknown
The Croods: A New Age,9196,2.6,10,11/25/2020,English,"Animation, Comedy",PG,Joel Crawford,"Nicolas Cage, Ryan Reynolds, Emma Stone, Leslie Mann, Catherine Keener, Peter Dinklage",https://www.filmcrave.com/movie_page_main.php?id=62151,"Having survived near extinction. The Croods look to find a new, safer home. They wind up in idyllic paradise - or so they think, not realizing until too late that another family, The Bettermans, have already claimed it. More refined and evolved with their inventions and irrigation, the family allows in the Croods as houseguests - and it isn't long before tempers flare. But when a new threat emerges that could spell doom for both families, they will learn to work together - for a better future for all. --"
Giving Voice,60227,2.0,1,01/26/2020,English,Documentary,PG-13,"James D. Stern, Fernando Villena","Viola Davis, Denzel Washington, Gerardo Navarro, Cody Merridith, Aaron Guy, Nia Sarfo",https://www.filmcrave.com/movie_page_main.php?id=62152,Unknown
The Glorias,54315,3.0,1,09/30/2020,English,"Biography, Drama",R,Julie Taymor,"Alicia Vikander, Julianne Moore, Janelle Monáe, Bette Midler, Timothy Hutton, Lulu Wilson",https://www.filmcrave.com/movie_page_main.php?id=62153,Unknown
Gunda,54309,3.0,1,09/19/2020,English,Documentary,G,Viktor Kosakovskiy,Unknown,https://www.filmcrave.com/movie_page_main.php?id=62154,Unknown
2067,23102,2.5,3,10/02/2020,English,Sci-Fi,NR,Seth Larney,"Kodi Smit-McPhee, Ryan Kwanten, Leeanna Walsman, Deborah Mailman, Sana'a Shaik, Finn Little",https://www.filmcrave.com/movie_page_main.php?id=62155,Unknown
Freaky,7361,2.6,14,11/13/2020,English,"Comedy, Horror",R,Christopher Landon,"Vince Vaughn, Kathryn Newton, Alan Ruck, Katie Finneran, Kelly Lamor Wilson, Deja Dee",https://www.filmcrave.com/movie_page_main.php?id=62156,A female high school student finds her body switched with that of a deranged serial killer - and soon learns that in less than 24 this change could become permanent. --
Hubie Halloween,23326,2.1,7,10/07/2020,English,Comedy,PG-13,Steven Brill,"Adam Sandler, Peyton List, Julie Bowen, Michael Chiklis, Steve Buscemi, Rob Schneider",https://www.filmcrave.com/movie_page_main.php?id=62157,Unknown
Ammonite,19739,2.3,5,11/13/2020,English,"Drama, Romance",R,Francis Lee,"Kate Winslet, Saoirse Ronan, Fiona Shaw, Gemma Jones, James McArdle, Claire Rushbrook",https://www.filmcrave.com/movie_page_main.php?id=62158,Unknown
Cuties ( Mignonnes ),46956,1.3,3,09/09/2020,French,"Comedy, Drama",NR,Maïmouna Doucouré,"Fathia Youssouf, Médina El Aidi-Azouni, Esther Gohourou, Ilanah Cami-Goursolas, Myriam Hamma, Maïmouna Gueye",https://www.filmcrave.com/movie_page_main.php?id=62159,Unknown
Dating Amber,38304,2.5,2,11/13/2020,English,"Comedy, Drama",NR,David Freyne,"Fionn O'Shea, Lola Petticrew, Sharon Horgan, Barry Ward, Simone Kirby, Evan O'Connor",https://www.filmcrave.com/movie_page_main.php?id=62160,Unknown
Miss Fisher and the Crypt of Tears,26388,3.0,2,03/13/2020,English,"Adventure, Drama",NR,Tony Tilse,"Essie Davis, Nathan Page, Rupert Penry-Jones, Miriam Margolyes, Daniel Lapaine, Jacqueline McKenzie",https://www.filmcrave.com/movie_page_main.php?id=62161,Unknown
The Go-Go Boys: The Inside Story of Cannon Films,26155,3.0,2,10/30/2014,English,Documentary,NR,Hilla Medalia,"Menahem Golan, Yoram Globus, Yehuda Barkan, Ram Globus, Naomi Golan, Yehoram Gaon",https://www.filmcrave.com/movie_page_main.php?id=62162,This documentary film is an inside look at the rise and fall of The Cannon Group. Cousins Menahem Golan and Yoram Globus were two of the biggest players in the 80's producing over 300 films creating the most powerful independent film company in the world. --
The Book of Revelation,20503,3.3,2,09/07/2006,English,"Crime, Drama",NR,Ana Kokkinos,"Tom Long, Greta Scacchi, Colin Friels, Deborah Mailman, Zoe Coyle, Nadine Garner",https://www.filmcrave.com/movie_page_main.php?id=62163,Unknown
Justice League Dark: Apokolips War,12978,2.5,7,05/05/2020,English,"Animation, Action",R,"Matt Peters, Christina Sotta","Jerry O'Connell, Jason O'Mara, Rosario Dawson, Shemar Moore, John DiMaggio, Tony Todd",https://www.filmcrave.com/movie_page_main.php?id=62164,Unknown
Howard,10937,3.0,3,12/14/2018,English,"Documentary, Biography",NR,Don Hahn,"Howard Ashman, Shirley Ashman, Don Hahn, Jeffrey Katzenberg, Jodi Benson, Alan Menken",https://www.filmcrave.com/movie_page_main.php?id=62165,Unknown
A Rainy Day in New York,29204,2.1,4,11/10/2020,English,"Comedy, Romance",PG-13,Woody Allen,"Timothée Chalamet, Elle Fanning, Liev Schreiber, Selena Gomez, Jude Law, Diego Luna",https://www.filmcrave.com/movie_page_main.php?id=62166,Unknown
I Met a Girl,38286,2.5,2,09/11/2020,English,"Drama, Romance",NR,Luke Eve,"Brenton Thwaites, Lily Sullivan, Joel Jackson, Anita Hegh, Zahra Newman, Liam Graham",https://www.filmcrave.com/movie_page_main.php?id=62167,Unknown
Scare Me,38290,2.5,2,10/01/2020,English,Horror,NR,Josh Ruben,"Aya Cash, Josh Ruben, Rebecca Drysdale, Chris Redd, Lauren Sick",https://www.filmcrave.com/movie_page_main.php?id=62168,Unknown
The Last Shift,44987,2.0,2,09/25/2020,English,Comedy,R,Andrew Cohn,"Richard Jenkins, Shane Paul McGhie, Ed O'Neill, Allison Tolman, Da'Vine Joy Randolph, Birgundi Baker",https://www.filmcrave.com/movie_page_main.php?id=62169,Unknown
The Opening Act,54334,3.0,1,10/16/2020,English,Comedy,NR,Steve Byrne,"Jimmy O. Yang, Cedric the Entertainer, Alex Moffat, Ken Jeong, Whitney Cummings, Roy Wood Jr.",https://www.filmcrave.com/movie_page_main.php?id=62170,Unknown
The Place of No Words,54079,3.0,1,04/27/2019,English,Fantasy,NR,Mark Webber,"Nicole Elizabeth Berger, Eric Christian Olsen, Bodhi Palmer, Teresa Palmer, Anna Schafer, Phoebe Tonkin",https://www.filmcrave.com/movie_page_main.php?id=62171,Unknown
915,60246,2.0,1,07/30/2020,English,Documentary,R,Charlie Minn,"Jessica Garcia, Liliana Munoz, Michelle Grady, Luis Calvillo, John Ogaz, Ramon Garcia Jr.",https://www.filmcrave.com/movie_page_main.php?id=62172,Unknown
Anonymous Killers,54341,3.0,1,10/20/2020,English,"Crime, Horror",R,A.R. Hilton,"Manu Intiraymi, Natassia Halabi, Dominic Pace, Sandra Staggs, Erica Manni, Andrew Bongiorno",https://www.filmcrave.com/movie_page_main.php?id=62173,Unknown
Pray: The Story of Patrick Peyton,54326,3.0,1,10/09/2020,English,Documentary,PG,Jonathan Cipiti,"Patrick Peyton, David L. Guffey, Mike Sweeney, Willy Raymond, Peter McEntee, David S. Marcham",https://www.filmcrave.com/movie_page_main.php?id=62174,Unknown
Shortcut,26799,2.3,3,09/25/2020,English,"Fantasy, Horror",R,Alessio Liguori,"Jack Kane, Andrei Claude, Zak Sutcliffe, Terence Anderson, Sophie Jane Oliver, David Keyes",https://www.filmcrave.com/movie_page_main.php?id=62175,"Five classmates find themselves stuck in their bus when a dangerous, mysterious creature blocks their path. As time passes, every moment places them closer to death. --"
The Wall of Mexico,54057,3.0,1,03/08/2019,English,"Comedy, Drama",NR,"Zachary Cotler, Magdalena Zyzak","Jackson Rathbone, Esai Morales, Marisol Sacramento, Carmela Zumbado, Alex Meneses, Moises Arias",https://www.filmcrave.com/movie_page_main.php?id=62176,Unknown
H is for Happiness,54304,3.0,1,09/04/2020,English,Family,NR,John Sheed,"Daisy Axon, Wesley Patten, Emma Booth, Richard Roxburgh, Miriam Margolyes, Joel Jackson",https://www.filmcrave.com/movie_page_main.php?id=62177,Unknown
Red Shoes and the Seven Dwarfs,38289,2.5,2,09/18/2020,English,"Animation, Adventure",PG,"Sung-ho Hong, Moo-Hyun Jang, Young Sik Uhm","Chloë Grace Moretz, Sam Claflin, Gina Gershon, Patrick Warburton, Jim Rash, Nolan North",https://www.filmcrave.com/movie_page_main.php?id=62178,Unknown
The Way I See It,54308,3.0,1,09/18/2020,English,Documentary,PG-13,Dawn Porter,"Pete Souza, Doris Kearns Goodwin, Ben Rhodes, Samantha Power, Ferial Govashiri, Alice Gabriner",https://www.filmcrave.com/movie_page_main.php?id=62179,Unknown
Blood Vessel,31510,2.2,3,07/21/2020,English,Horror,NR,Justin Dix,"Nathan Phillips, Alyssa Sutherland, Robert Taylor, Christopher Kirby, Alex Cooke, Mark Diaco",https://www.filmcrave.com/movie_page_main.php?id=62180,Unknown
Deadsight,42084,2.3,2,11/25/2018,English,Horror,NR,Jesse Thomas Cook,"Liv Collins, Adam Seybold, Ry Barrett, Jessica Vano, James Mercier, Jim Collis",https://www.filmcrave.com/movie_page_main.php?id=62181,Unknown
The Beach House,28503,2.3,3,07/09/2020,English,"Drama, Horror",NR,Jeffrey A. Brown,"Liana Liberato, Noah Le Gros, Jake Weber, Maryann Nagel, Michael Brumfield, Matt Maisto",https://www.filmcrave.com/movie_page_main.php?id=62182,Unknown
Books of Blood,54323,3.0,1,10/07/2020,English,"Drama, Horror",NR,Brannon Braga,"Britt Robertson, Anna Friel, Rafi Gavron, Yul Vazquez, Cory Lee, Brett Rickaby",https://www.filmcrave.com/movie_page_main.php?id=62183,Unknown
The Swerve,21461,3.3,2,06/15/2019,English,Drama,NR,Dean Kapsalis,"Azura Skye, Bryce Pinkham, Ashley Bell, Zach Rand, Taen Phillips, Liam Seib",https://www.filmcrave.com/movie_page_main.php?id=62184,Unknown
Deadly Virtues: Love.Honour.Obey.,44862,2.0,2,08/25/2014,English,"Drama, Thriller",NR,Ate de Jong,"Edward Akrout, Matt Barber, Megan Maczko, Helen Bradbury, Sadie Frost, Adam Patel",https://www.filmcrave.com/movie_page_main.php?id=62185,Unknown
#Alive ( #Saraitda ),9171,2.9,4,09/08/2020,Korean,"Action, Horror",NR,Il Cho,"Ah-In Yoo, Shin-Hye Park, Hyun-Wook Lee, Bae-soo Jeon, Hye-Won Oh, Jin So-Yeon",https://www.filmcrave.com/movie_page_main.php?id=62186,A survivor of a virus that has turned the tenants of his apartment complex into a ravenous horde must survive alone in his unit until help arrives. --
Sequence Break,38167,2.5,2,04/06/2017,English,"Horror, Romance",NR,Graham Skipper,"John Dinan, Lyle Kanouse, Fabianne Therese, Audrey Wasilewski, Chase Williamson",https://www.filmcrave.com/movie_page_main.php?id=62187,Unknown
Superman: Man of Tomorrow,20040,2.3,5,08/23/2020,English,"Animation, Action",PG-13,Chris Palmer,"Darren Criss, Zachary Quinto, Alexandra Daddario, Ike Amadi, Brett Dalton, Ryan Hurst",https://www.filmcrave.com/movie_page_main.php?id=62188,Unknown
The Room,38254,2.5,2,09/19/2019,English,"Drama, Horror",NR,Christian Volckman,"Olga Kurylenko, Kevin Janssens, Joshua Wilson, John Flanders, Francis Chapman, Vince Drews",https://www.filmcrave.com/movie_page_main.php?id=62189,Unknown
Matthias & Maxime ( Matthias et Maxime ),20505,3.3,2,08/28/2020,French,Drama,NR,Xavier Dolan,"Gabriel D'Almeida Freitas, Xavier Dolan, Pier-Luc Funk, Samuel Gauthier, Antoine Pilon, Adib Alkhalidey",https://www.filmcrave.com/movie_page_main.php?id=62190,Unknown
A Babysitter's Guide to Monster Hunting,60258,2.0,1,10/14/2020,English,"Comedy, Family",NR,Rachel Talalay,"Tom Felton, Indya Moore, Oona Laurence, Tamara Smart, Ian Ho, Ty Consiglio",https://www.filmcrave.com/movie_page_main.php?id=62191,Unknown
The Craft: Legacy,18950,2.7,3,10/27/2020,English,"Drama, Fantasy",PG-13,Zoe Lister-Jones,"Michelle Monaghan, Cailee Spaeny, David Duchovny, Lovie Simone, Hannah Gordon, Zoey Luna",https://www.filmcrave.com/movie_page_main.php?id=62192,Unknown
Holidate,38301,2.5,2,10/28/2020,English,"Comedy, Romance",NR,John Whitesell,"Emma Roberts, Luke Bracey, Frances Fisher, Jessica Capshaw, Kristin Chenoweth, Andrew Bachelor",https://www.filmcrave.com/movie_page_main.php?id=62193,Unknown
Vampires vs. the Bronx,17362,2.5,4,10/02/2020,English,"Comedy, Horror",PG-13,Osmany Rodriguez,"Jaden Michael, Gregory Diaz IV, Coco Jones, Shea Whigham, Method Man, Sarah Gadon",https://www.filmcrave.com/movie_page_main.php?id=62194,Three friend from the Bronx uncover a plot that vampires are trying to take over their neighborhood. --
Dreamland,42127,2.3,2,11/17/2020,English,"Drama, Thriller",R,Miles Joris-Peyrafitte,"Margot Robbie, Travis Fimmel, Garrett Hedlund, Kerry Condon, Finn Cole, Darby Camp",https://www.filmcrave.com/movie_page_main.php?id=62195,Unknown
Fatman,33615,2.0,4,12/04/2020,English,Comedy,R,"Eshom Nelms, Ian Nelms","Mel Gibson, Walton Goggins, Marianne Jean-Baptiste, Shaun Benson, Chance Hurstfield, Paulino Nunes",https://www.filmcrave.com/movie_page_main.php?id=62196,Unknown
Heaven,54321,3.0,1,10/02/2020,English,Drama,PG-13,Angus Benfield,"Eric Roberts, Aaron Groben, Angus Benfield, Juliet Rusche, Michael Maclane, Brittany Mann",https://www.filmcrave.com/movie_page_main.php?id=62197,Jonathan Stone has died - and caught between the Old World of Earth and New World of Heaven - he is given the chance to revisit his past and see the affect he has had on the future. --
Minari,3515,2.9,14,01/26/2020,English,Drama,PG-13,Lee Isaac Chung,"Steven Yeun, Yeri Han, Yuh-Jung Youn, Alan S. Kim, Noel Cho, Will Patton",https://www.filmcrave.com/movie_page_main.php?id=62198,Unknown
Spell,54186,3.0,1,11/01/2019,English,"Comedy, Drama",R,Brendan Walter,"Barak Hardley, Jackie Tohn, Magnús Jónsson, Birna Rún Eiríksdóttir, Tom Wright, Stacey Moseley",https://www.filmcrave.com/movie_page_main.php?id=62199,Unknown
Echo Boomers,38305,2.5,2,11/13/2020,English,"Action, Crime",R,Seth Savoy,"Michael Shannon, Alex Pettyfer, Lesley Ann Warren, Patrick Schwarzenegger, Oliver Cooper, Oliver Cooper",https://www.filmcrave.com/movie_page_main.php?id=62200,Unknown
His House,5908,2.9,7,10/30/2020,English,"Horror, Thriller",NR,Remi Weekes,"Wunmi Mosaku, Sope Dirisu, Matt Smith, Kofi Ossei, Rasaq Kukoyi, Gamba Cole",https://www.filmcrave.com/movie_page_main.php?id=62201,Unknown
All Roads to Pearla,54311,3.0,1,09/25/2020,English,"Crime, Drama",NR,Van Ditthavong,"Addison Timlin, Corin Nemec, Nick Chinlund, Dash Mihok, Alex MacNicoll, Paige McGarvin",https://www.filmcrave.com/movie_page_main.php?id=62202,Unknown
Borat Subsequent Moviefilm,9857,2.5,23,10/23/2020,English,Biography,R,Jason Woliner,"Sacha Baron Cohen, Maria Bakalova, Mike Pence, Rudy Guliani, Jeanise Jones, Jerry Holleman",https://www.filmcrave.com/movie_page_main.php?id=62203,"After great success with Borat: Cultural Learnings of America for Make Benefit Glorious Nation of Kazakhstan, Kazakh television journalist Borat, now very popular, tries to blend in with common America while continuing to skewer those who are still unaware. --"
The Witches,19534,2.2,9,10/22/2020,English,"Adventure, Family",PG,Robert Zemeckis,"Jahzir Bruno, Octavia Spencer, Anne Hathaway, Stanley Tucci, Chris Rock, Codie-Lei Eastick",https://www.filmcrave.com/movie_page_main.php?id=62204,"A young orphan sent to live with his kindly grandmother runs afoul of some very chic - and very evil - witches. Seeking to protect her grandson, the duo head to a grand seaside resort only to find it the very place the Grand High Witch has called a meeting in order to hatch a new, nefarious plan. --"
One Night in Miami,5191,2.8,16,12/25/2020,English,Drama,R,Regina King,"Kingsley Ben-Adir, Eli Goree, Aldis Hodge, Leslie Odom Jr., Lance Reddick, Nicolette Robinson",https://www.filmcrave.com/movie_page_main.php?id=62205,"A fictional account of a meeting between some of the biggest Civil Rights icons of the 1960s taking place at the Hampton House Motel: Muhammad Ali, Malcolm X, Sam Cooke, and Jim Brown. --"
Lie Exposed,54312,3.0,1,09/25/2020,English,Drama,NR,Jerry Ciccoritti,"Leslie Hope, Bruce Greenwood, Grace Lynn Kung, Megan Follows, Benjamin Ayres, Kristin Lehman",https://www.filmcrave.com/movie_page_main.php?id=62206,Unknown
12 Hour Shift,38291,2.5,2,10/02/2020,English,"Comedy, Horror",NR,Brea Grant,"Angela Bettis, David Arquette, Chloe Farnworth, Mick Foley, Kit Williamson, Nikea Gamby-Turner",https://www.filmcrave.com/movie_page_main.php?id=62207,Unknown
The Great American Lie,54320,3.0,1,10/02/2020,English,Documentary,NR,Jennifer Siebel Newsom,"Linda Darling-Hammond, Ruby De Tie, Nicholas Kristof, Libby Schaaf",https://www.filmcrave.com/movie_page_main.php?id=62208,Unknown
"Keeper, The ( Trautmann )",38244,2.5,2,07/22/2019,English,"Biography, Drama",NR,Marcus H. Rosenmüller,"David Kross, Freya Mavor, John Henshaw, Harry Melling, Michael Socha, Dave Johns",https://www.filmcrave.com/movie_page_main.php?id=62209,Unknown
Archenemy,28506,2.3,3,12/11/2020,English,"Action, Adventure",NR,Adam Egypt Mortimer,"Joe Manganiello, Amy Seimetz, Glenn Howerton, Paul Scheer, Joseph D. Reitman, Mac Brandt",https://www.filmcrave.com/movie_page_main.php?id=62210,Unknown
Wolfwalkers,546,3.3,13,10/11/2020,English,"Animation, Adventure",PG,"Tomm Moore, Ross Stewart","Sean Bean, Honor Kneafsey, Eva Whittaker, Simon McBurney, Maria Doyle Kennedy, Tommy Tiernan",https://www.filmcrave.com/movie_page_main.php?id=62211,Unknown
Come Away,60263,2.0,1,11/13/2020,English,"Adventure, Drama",PG,Brenda Chapman,"Gugu Mbatha-Raw, Angelina Jolie, Michael Caine, Derek Jacobi, David Oyelowo, Anna Chancellor",https://www.filmcrave.com/movie_page_main.php?id=62212,Unknown
American Pie Presents: Girls' Rules,33115,2.8,2,10/06/2020,English,Comedy,R,Mike Elliott,"Madison Pettis, Lizze Broadway, Natasha Behnam, Piper Curda, Darren Barnet, Camaron Engels",https://www.filmcrave.com/movie_page_main.php?id=62213,"Best friends Annie, Kayla, Michelle, and Stephanie decide to make a pact and find their perfect boyfriends during their last year of high school.  --"
This is Not a Movie,54248,3.0,1,04/18/2020,English,"Documentary, Biography",NR,Yung Chang,"Robert Fisk, Amira Hass, Nirmeen Hazineh, Sulieman Khatib, Antony Loewenstein",https://www.filmcrave.com/movie_page_main.php?id=62214,Unknown
Ava,23517,2.0,12,09/25/2020,English,"Action, Crime",R,Tate Taylor,"Jessica Chastain, John Malkovich, Common, Geena Davis, Jess Weixler, Colin Farrell",https://www.filmcrave.com/movie_page_main.php?id=62215,Unknown
I'm Your Woman,54369,3.0,1,12/11/2020,English,"Crime, Drama",R,Julia Hart,"Rachel Brosnahan, Frankie Faison, Bill Heck, Marceline Hugot, Marsha Stephanie Blake, James McMenamin",https://www.filmcrave.com/movie_page_main.php?id=62216,"Set in the 1970s, a suburban housewife and young son find themselves on the run after her husband, Eddie, betrays his partners. --"
Jungleland,17836,2.7,3,11/06/2020,English,Drama,R,Max Winkler,"Charlie Hunnam, Jonathan Majors, Jessica Barden, Jack O'Connell, Fran Kranz, John Cullum",https://www.filmcrave.com/movie_page_main.php?id=62217,"A barn-knuckle boxer and his manager brother travel across the country, forming a deep bond while trying to catch a piece of the American dream. But after failing to pay back a crime boss, the brothers are forced to take on an unconventional delivery - one that will test their bond and all they have worked towards. --"
"Life Ahead, The ( vita davanti a sé, La )",42126,2.3,2,11/13/2020,Italian,Drama,PG-13,Edoardo Ponti,"Sophia Loren, Abril Zamora, Babak Karimi, Renato Carpentieri, Massimiliano Rossi, Ibrahima Gueye",https://www.filmcrave.com/movie_page_main.php?id=62218,Unknown
The Midnight Sky,19535,2.2,9,12/31/2020,English,"Adventure, Sci-Fi",PG-13,George Clooney,"Felicity Jones, George Clooney, Sophie Rundle, Kyle Chandler, David Oyelowo, Demián Bichir",https://www.filmcrave.com/movie_page_main.php?id=62219,Unknown
Twiceborn,54338,3.0,1,10/16/2020,Japanese,Drama,PG,Hiroshi Akabane,"Fumika Shimizu, Yoshimi Ashikawa, Miyoko Yoshimoto, Hiroaki Tanaka, Shunsuke Kubozuka, Shirô Namiki",https://www.filmcrave.com/movie_page_main.php?id=62220,Unknown
The Kid Detective,6636,2.9,5,10/16/2020,English,"Comedy, Drama",R,Evan Morgan,"Adam Brody, Sophie Nélisse, Sarah Sutherland, Jesse Noah Gruman, Wendy Crewson, Jonathan Whittaker",https://www.filmcrave.com/movie_page_main.php?id=62221,Unknown
The Wolf of Snow Hollow,6316,2.8,10,10/09/2020,English,"Comedy, Horror",R,Jim Cummings,"Jim Cummings, Riki Lindhome, Robert Forster, Chloe East, Jimmy Tatro, Skyler Bible",https://www.filmcrave.com/movie_page_main.php?id=62222,Unknown
The Doorman,42125,2.3,2,10/09/2020,English,"Action, Thriller",R,Ryûhei Kitamura,"Ruby Rose, Jean Reno, Aksel Hennie, Rupert Evans, Julian Feder, David Sakurai",https://www.filmcrave.com/movie_page_main.php?id=62223,Unknown
Fly Like a Girl ,54324,3.0,1,10/09/2020,English,Documentary,NR,Katie McEntire Wiatt,"Taylor Richardson, Tammy Duckworth, Nicole Stott, Abby Harrison, Afton Kinkade, Heather Alexander",https://www.filmcrave.com/movie_page_main.php?id=62224,Unknown
The Planters,54366,3.0,1,12/08/2020,English,Comedy,NR,"Alexandra Kotcheff, Hannah Leder","Alexandra Kotcheff, Hannah Leder, Phil Parolisi, Pepe Serna, Michael Gmur, Jovan Adepo",https://www.filmcrave.com/movie_page_main.php?id=62225,Unknown
"My People, My Homeland ( Wo He Wo De Jia Xiang )",54325,3.0,1,10/09/2020,Mandarin,Drama,NR,"Hao Ning, Sicheng Chen, Chao Deng, Da-Mo Peng, Ao Shen, Zheng Xu, Fei Yan, Baimei Yu","Bo Huang, You Ge, Wei Fan, Chao Deng, Teng Shen, Baoqiang Wang",https://www.filmcrave.com/movie_page_main.php?id=62226,Unknown
Henchmen,38298,2.5,2,10/09/2020,English,"Animation, Comedy",NR,Adam Wood,"Rosario Dawson, James Marsden, Nathan Fillion, Jane Krakowski, Thomas Middleditch, Alfred Molina",https://www.filmcrave.com/movie_page_main.php?id=62227,Unknown
Henchman: The Al Leong Story,54042,3.0,1,12/15/2018,English,Documentary,NR,Vito Trabucco,"Al Leong, John Carpenter, Jeff Imada, Dave Callaham, James Lew, Gerald Okamura",https://www.filmcrave.com/movie_page_main.php?id=62228,Unknown
Proxima,54350,3.0,1,11/06/2020,English,"Action, Drama",NR,Alice Winocour,"Eva Green, Zélie Boulant, Matt Dillon, Aleksey Fateev, Lars Eidinger, Sandra Hüller",https://www.filmcrave.com/movie_page_main.php?id=62229,Unknown
Bobbleheads: The Movie,55518,2.5,1,12/08/2020,English,"Animation, Family",PG,Kirk Wise,"Cher, Jennifer Coolidge, Hala Finley, Khary Payton, Julian Sands, Luke Wilson",https://www.filmcrave.com/movie_page_main.php?id=62230,Unknown
The Dissident,7709,3.2,3,12/18/2020,Arabic,"Documentary, Crime",PG-13,Bryan Fogel,"Jamal Khashoggi, Hatice Cengiz, Mohammad Bin Salman, Donald Trump, Agnès Callamard, Omar Abdulaziz",https://www.filmcrave.com/movie_page_main.php?id=62231,Unknown
French Exit,60256,2.0,1,10/10/2020,English,"Comedy, Drama",R,Azazel Jacobs,"Michelle Pfeiffer, Lucas Hedges, Tracy Letts, Danielle Macdonald, Imogen Poots, Valerie Mahaffey",https://www.filmcrave.com/movie_page_main.php?id=62232,Unknown
Night Walk,47100,3.0,1,06/18/2021,English,"Action, Crime",R,Aziz Tazi,"Mickey Rourke, Eric Roberts, Louis Mandylor, Richard Tyson, Tommy 'Tiny' Lister, Patrick Kilpatrick",https://www.filmcrave.com/movie_page_main.php?id=62233,Unknown
Tom and Jerry,34050,1.8,7,02/26/2021,English,"Animation, Adventure",PG,Tim Story,"Chloë Grace Moretz, Michael Peña, Rob Delaney, Colin Jost, Ken Jeong, Pallavi Sharda",https://www.filmcrave.com/movie_page_main.php?id=62234,"After being kicked out of the house due, housecat Tom and rival mouse Jerry put aside their differences and go their separate ways. But as fate would have it, Jerry, now residing in a posh Manhattan apartment will once again cross paths with Tom when a newly-hired staff member chooses the cat to help rid the hotel of said mouse before a major wedding ceremony. But when the rivalry is rekindled, no one is safe from their antics even as an even more devious conspiracy involving the deputy hotel manager is uncovered. --"
Wild Mountain Thyme,38318,2.5,2,12/11/2020,English,"Drama, Romance",PG-13,John Patrick Shanley,"Jamie Dornan, Emily Blunt, Christopher Walken, Jon Hamm, Jon Tenney, Dearbhla Molloy",https://www.filmcrave.com/movie_page_main.php?id=62235,Unknown
Ma Rainey's Black Bottom,3579,2.9,12,12/18/2020,English,Drama,R,George C. Wolfe,"Chadwick Boseman, Viola Davis, Glynn Turman, Colman Domingo, Michael Potts, Taylour Paige",https://www.filmcrave.com/movie_page_main.php?id=62236,"Chicago, 1927, arriving late, the trailblazing, legendary ""Mother of the Blues"", Ma Rainey, finds herself in a battle of wills against her white manager and producer over the control of her music. Meanwhile, in the claustrophobic rehearsal room another drama plays out as ambitious trumpeter Levee, who has his own ideas for the music industry, engages with his fellow musicians - spurring them on to reveal secret stories that will alter their lives forever. --"
Zeppelin,25489,3.0,2,10/06/1971,English,"Adventure, War",G,Etienne Périer,"Michael York, Elke Sommer, Peter Carsten, Marius Goring, Anton Diffring, Andrew Keir",https://www.filmcrave.com/movie_page_main.php?id=62237,Unknown
Toys of Terror,60261,2.0,1,10/27/2020,English,Horror,NR,Nicholas Verso,"Dayo Ade, Georgia Waters, Zoe Fish, Kyana Teresa, Ernie Pitts, Verity Marks",https://www.filmcrave.com/movie_page_main.php?id=62238,Unknown
The Prom,38316,2.5,2,12/11/2020,English,"Comedy, Musical",PG-13,Ryan Murphy,"Nicole Kidman, Meryl Streep, James Corden, Keegan-Michael Key, Kerry Washington, Andrew Rannells",https://www.filmcrave.com/movie_page_main.php?id=62239,"When a girl wants to take another girl to the prom in her small, extremely conservative Indiana town - things take a turn for the fabulous when a troupe of self-obsessed theater stars come to her rescue. --"
Don't Breathe 2,23865,2.1,9,08/13/2021,English,"Horror, Crime",R,Rodo Sayagues,"Stephen Lang, Rocci Williams, Stephanie Arcila, Bobby Schofield, Diaana Babnicova, Adam Young",https://www.filmcrave.com/movie_page_main.php?id=62240,"Living in quiet isolation with a young, orphaned girl he rescued from a house fire, the enigmatic Blind Man will find his past coming back to haunt him when a group of criminals kidnaps the girl and he finds himself having to take on the group outside his walls. --"
Summer Daydream ( Technicolour Daydream ),53766,3.0,1,02/25/2018,English,Drama,NR,Mitch Hudson,"Nico Ford, Erica Jo Cartrett, Debbie Hartner, Alex Vaughn Miller, Kira Calvaresi, Joshua Harris",https://www.filmcrave.com/movie_page_main.php?id=62241,Unknown
Creem: America's Only Rock 'n' Roll Magazine,54284,3.0,1,08/07/2020,English,Documentary,NR,Scott Crawford,"Lester Bangs, Alice Cooper, Cameron Crowe, Dave Marsh, Wayne Kramer, Gene Simmons",https://www.filmcrave.com/movie_page_main.php?id=62242,Unknown
Wander,31514,2.2,3,12/04/2020,English,"Action, Crime",R,April Mullen,"Aaron Eckhart, Tommy Lee Jones, Katheryn Winnick, Heather Graham, Raymond Cruz, Brendan Fehr",https://www.filmcrave.com/movie_page_main.php?id=62243,Unknown
The Addams Family 2,33720,1.9,5,10/01/2021,English,Animation,PG,"Greg Tiernan, Laura Brousseau, Kevin Pavlovic","Charlize Theron, Oscar Isaac, Chloë Grace Moretz, Nick Kroll, Javon 'Wanna' Walton, Bette Midler",https://www.filmcrave.com/movie_page_main.php?id=62244,"With their family dynamic crumbling as the kids grow older, Gomez and Morticia decide to hold one, last family road trip. Cramming into their haunted camper, the cross-country adventure will having them meeting up with Cousin It and plenty more close encounters of the kooky, spooky kind. --"
Stardust,31513,2.2,3,10/16/2020,English,Drama,NR,Gabriel Range,"Johnny Flynn, Jena Malone, Marc Maron, Aaron Poole, Paulino Nunes",https://www.filmcrave.com/movie_page_main.php?id=62245,Unknown
Vanguard,38308,2.5,2,11/20/2020,Mandarin,Action,PG-13,Stanley Tong,"Jackie Chan, Yang Yang, Miya Muqi, Lun Ai, Ruohan Xu, Zhengting Zhu",https://www.filmcrave.com/movie_page_main.php?id=62246,"An accountant becomes the target of an elite mercenary unit and, in turn, finds himself under the protection of an elite team known as Vanguard. The team will travel the globe and do everything in their power to keep their charge safe. --"
Gamera the Brave ( Chiisaki yûsha-tachi: Gamera ),51014,3.0,1,04/29/2006,Japanese,"Action, Adventure",NR,Ryuta Tasaki,"Ryô Tomioka, Kaho, Shingo Ishikawa, Shogo Narita, Kanji Tsuda, Susumu Terajima",https://www.filmcrave.com/movie_page_main.php?id=62247,Unknown
Gamera 2: Attack of the Legion ( Gamera 2: Region shurai ),49832,3.0,1,07/13/1996,Japanese,"Action, Sci-Fi",NR,Shûsuke Kaneko,"Toshiyuki Nagashima, Miki Mizuno, Tamotsu Ishibashi, Mitsuru Fukikoshi, Ayako Fujitani, Yûsuke Kawazu",https://www.filmcrave.com/movie_page_main.php?id=62248,Unknown
Rolling Thunder Revue: A Bob Dylan Story by Martin Scorsese,54101,3.0,1,06/12/2019,English,"Documentary, Biography",NR,Martin Scorsese,"Bob Dylan, Allen Ginsberg, Patti Smith, Martin von Haselberg, Scarlet Rivera, Joan Baez",https://www.filmcrave.com/movie_page_main.php?id=62249,Unknown
Joint Security Area ( Gongdong gyeongbi guyeok JSA ),25694,3.0,2,06/15/2001,Korean,"Action, Drama",NR,Chan-wook Park,"Yeong-ae Lee, Byung-hun Lee, Kang-ho Song, Tae-woo Kim, Ha-kyun Shin, Christoph Hofrichter",https://www.filmcrave.com/movie_page_main.php?id=62250,Unknown
Bombay Rose,60214,2.0,1,10/19/2019,Hindi,"Animation, Drama",PG-13,Gitanjali Rao,"Anurag Kashyap, Makrand Deshpande, Geetanjali Kulkarni, Shishir Sharma, Virendra Saxena, Amardeep Jha",https://www.filmcrave.com/movie_page_main.php?id=62251,Unknown
Finding You,36120,2.5,2,05/14/2021,English,"Drama, Romance",PG,Brian Baugh,"Rose Reid, Jedidiah Goodacre, Tom Everett Scott, Vanessa Redgrave, Judith Hoag, Katherine McNamara",https://www.filmcrave.com/movie_page_main.php?id=62252,"Finley, a budding violinist runs into young movie star Beckett on her way to study abroad in a small, coastal Irish village. The two make an unlikely pair but Beckett helps Finley unwind and she, in turn, helps him take charge of his life. But their sudden relationship soon faces the pressure that stardom brings.  --"
"Love, Weddings & Other Disasters",38314,2.5,2,12/04/2020,English,"Comedy, Romance",PG-13,Dennis Dugan,"Maggie Grace, Diane Keaton, Jeremy Irons, Andrew Bachelor, Dennis Dugan, Diego Boneta",https://www.filmcrave.com/movie_page_main.php?id=62253,Unknown
Reminiscence,15228,2.3,15,08/20/2021,English,"Sci-Fi, Thriller",PG-13,Lisa Joy,"Rebecca Ferguson, Hugh Jackman, Thandie Newton, Natalie Martinez, Cliff Curtis, Angela Sarafyan",https://www.filmcrave.com/movie_page_main.php?id=62254,"Nick Bannister is a PI of the mind - using science to to navigate the past memories of clients. But this darkly alluring world challenges him like never before when he takes on a new client, Mae, and a lost and found case descends into conspiracy and holding on to an elusive lost love. --"
The Stand In,44991,2.0,2,12/11/2020,English,Comedy,R,Jamie Babbit,"Drew Barrymore, Ellie Kemper, Holland Taylor, T.J. Miller, Andrew Rannells, Lena Dunham",https://www.filmcrave.com/movie_page_main.php?id=62255,Unknown
Nomadland,895,3.1,22,12/04/2020,English,Drama,R,Chloé Zhao,"Frances McDormand, Gay DeForest, Patricia Grier, Linda May, Angela Reyes, Carl R. Hughes",https://www.filmcrave.com/movie_page_main.php?id=62256,"Fern has lived all her life in a company town in rural Nevada. When the recession causes the small-town economy to collapse she packs up her van and takes off, deciding to explore life as a modern-day nomad. --"
18 to Party,54190,3.0,1,11/21/2019,English,Comedy,NR,Jeff Roda,"Sam McCarthy, Taylor Richardson, Oliver Gifford, Ashling Doyle, Tanner Flood, Erich Schuett",https://www.filmcrave.com/movie_page_main.php?id=62257,Unknown
The Lego Star Wars Holiday Special,33117,2.8,2,11/17/2020,English,"Animation, Action",NR,Ken Cunningham,"Kelly Marie Tran, Billy Dee Williams, Matt Lanter, Tom Kane, James Arnold Taylor, Anthony Daniels",https://www.filmcrave.com/movie_page_main.php?id=62258,Unknown
The Bra,54330,3.0,1,10/16/2020,German,"Comedy, Drama",NR,Veit Helmer,"Predrag 'Miki' Manojlovic, Denis Lavant, Paz Vega, Chulpan Khamatova, Maia Morgenstern, Frankie Wallach",https://www.filmcrave.com/movie_page_main.php?id=62259,Unknown
Don't Look Back,54332,3.0,1,10/16/2020,English,"Horror, Mystery",NR,Jeffrey Reddick,"Kourtney Bell, Will Stout, Skyler Hart, Jeremy Holm, Jaqueline Fleming, Amanda Grace Benitez",https://www.filmcrave.com/movie_page_main.php?id=62260,Unknown
Clouds,54331,3.0,1,10/16/2020,English,Drama,PG-13,Justin Baldoni,"Fin Argus, Neve Campbell, Sabrina Carpenter, Madison Iseman, Tom Everett Scott, Lil Rel Howery",https://www.filmcrave.com/movie_page_main.php?id=62261,Unknown
She is the Ocean,54336,3.0,1,10/16/2020,English,Documentary,NR,Inna Blokhina,"Anna Bader, Keala Kennelly, Sylvia Earle, Coco Ho, Andrea Moller, Ocean Ramsey",https://www.filmcrave.com/movie_page_main.php?id=62262,Unknown
Escape from Extinction,54333,3.0,1,10/16/2020,English,Documentary,NR,Matthew R. Brady,Unknown,https://www.filmcrave.com/movie_page_main.php?id=62263,Unknown
The Shade Shepherd,54335,3.0,1,10/16/2020,English,"Adventure, Thriller",NR,Chris Faulisi,"Jordon Hodges, Randy Spence, Caroline Newton, Brett Baker, Jency Griffin Hogan, Jeff Sowell",https://www.filmcrave.com/movie_page_main.php?id=62264,Unknown
Bang! Bang!,54344,3.0,1,10/23/2020,English,"Action, Crime",NR,Nicholas Joseph Cunha,"Nicole Fahel, Lucas Mogerley, Jordan Knapp, Antonia Morais, Marlon Samuda, Marcelo Serrado",https://www.filmcrave.com/movie_page_main.php?id=62265,Unknown
Mortal,14327,2.8,3,11/06/2020,English,"Action, Fantasy",R,André Øvredal,"Nat Wolff, Iben Akerlie, Priyanka Bose, Per Frisch, Per Egil Aske, Arthur Hakalahti",https://www.filmcrave.com/movie_page_main.php?id=62266,A man hiding out in the Norwegian wilds after surviving a freak farmhouse fire is taken in after causing the death of a young man. A local psychologist reaches out to him as he begins to exhibit extraordinary powers - and attracts the attention of government agents. The two will come up against several obstacles in their attempt to find the origin of his abilities. --
The Giant,54351,3.0,1,11/13/2020,English,"Crime, Mystery",NR,David Raboy,"Odessa Young, Ben Schnetzer, Jack Kilmer, Madelyn Cline, Danny Ramirez, P.J. Marshall",https://www.filmcrave.com/movie_page_main.php?id=62267,Unknown
Bloody Hell,33119,2.8,2,01/14/2021,English,"Horror, Mystery",NR,Alister Grierson,"Ben O'Toole, Meg Fraser, Caroline Craig, Matthew Sunderland, Travis Jeffery, Jack Finsterer",https://www.filmcrave.com/movie_page_main.php?id=62268,Unknown
Minamata,36166,2.5,2,02/05/2021,English,Drama,R,Andrew Levitas,"Johnny Depp, Bill Nighy, Hiroyuki Sanada, Tadanobu Asano, Katherine Jenkins, Lily Robinson",https://www.filmcrave.com/movie_page_main.php?id=62269,Unknown
Another Round ( Druk ),2040,3.0,14,12/18/2020,Danish,Drama,NR,Thomas Vinterberg,"Mads Mikkelsen, Thomas Bo Larsen, Magnus Millang, Lars Ranthe, Maria Bonnevie, Susse Wold",https://www.filmcrave.com/movie_page_main.php?id=62270,Unknown
Animals,54051,3.0,1,01/28/2019,English,"Comedy, Drama",NR,Sophie Hyde,"Holliday Grainger, Alia Shawkat, Fra Fee, Dermot Murphy, Amy Molloy, Olwen Fouéré",https://www.filmcrave.com/movie_page_main.php?id=62271,Unknown
Breach,46769,1.3,4,12/18/2020,English,"Action, Sci-Fi",R,John Suits,"Cody Kearsley, Bruce Willis, Rachel Nichols, Kassandra Clementi, Johnny Messner, Corey Large",https://www.filmcrave.com/movie_page_main.php?id=62272,Unknown
Black Beauty,46976,3.0,1,11/27/2020,English,Drama,NR,Ashley Avis,"Claire Forlani, Kate Winslet, Mackenzie Foy, Iain Glen, Hakeem Kae-Kazim, Fern Deacon",https://www.filmcrave.com/movie_page_main.php?id=62273,"Set in the present day, Black Beauty follows a teenage girl who finds herself forging a life-long bond with a wild horse. --"
Elyse,60264,2.0,1,12/04/2020,English,Drama,NR,Stella Hopkins,"Anthony Hopkins, Lisa Pepper, Aaron Tucker, Tara Arroyave, Fran Tucker, Anthony Apel",https://www.filmcrave.com/movie_page_main.php?id=62274,Unknown
Let Them All Talk,17364,2.5,4,12/10/2020,English,"Comedy, Drama",R,Steven Soderbergh,"Meryl Streep, Gemma Chan, Dianne Wiest, Candice Bergen, Lucas Hedges, Saskia Larsen",https://www.filmcrave.com/movie_page_main.php?id=62275,Unknown
Mosul,40176,2.3,2,11/26/2020,Arabic,"Action, War",NR,Matthew Michael Carnahan,"Waleed Elgadi, Hayat Kamille, Thaer Al-Shayei, Suhail Dabbach, Adam Bessa, Is'haq Elias",https://www.filmcrave.com/movie_page_main.php?id=62276,Unknown
Pieces of a Woman,7298,2.7,11,01/07/2021,English,Drama,R,Kornél Mundruczó,"Vanessa Kirby, Shia LaBeouf, Ellen Burstyn, Iliza Shlesinger, Benny Safdie, Sarah Snook",https://www.filmcrave.com/movie_page_main.php?id=62277,"Follows the emotional journey of a woman, and those closest to her, after experiencing the loss of a child. --"
Dutch,54356,3.0,1,11/25/2020,English,Action,R,Preston A. Whitmore II,"Natasha Marc, Robert Costanzo, Jeremy Meeks, Malcolm David Kelley, Lance Gross, Macy Gray",https://www.filmcrave.com/movie_page_main.php?id=62278,Unknown
Strain 100,54342,3.0,1,10/22/2020,English,"Adventure, Horror",R,Hassan Hussein,"Jemma Dallender, Alexis Boozer Sterling, Matt Carriker, Erika Hoveland, Keyna Reynolds, Alex Rogers",https://www.filmcrave.com/movie_page_main.php?id=62279,Unknown
Coming Home Again,54345,3.0,1,10/23/2020,English,Drama,NR,Wayne Wang,"Justin Chon, Jackie Chung, Christina July Kim, John Lie, Leesa Kim",https://www.filmcrave.com/movie_page_main.php?id=62280,Unknown
"Forgotten Ones, The ( After Dusk They Come )",44671,2.0,2,04/29/2009,English,"Horror, Thriller",R,Jorg Ihle,"Jewel Staite, Justin Baldoni, Marc Bacher, Nikki Griffin, Kellan Lutz, Helena Barrett",https://www.filmcrave.com/movie_page_main.php?id=62281,Unknown
Billie,38312,2.5,2,12/04/2020,English,Documentary,NR,James Erskine,Billie Holiday,https://www.filmcrave.com/movie_page_main.php?id=62282,Unknown
Host,20039,2.3,5,07/30/2020,English,"Horror, Mystery",NR,Rob Savage,"Haley Bishop, Jemma Moore, Emma Louise Webb, Radina Drandova, Caroline Ward, Alan Emrys",https://www.filmcrave.com/movie_page_main.php?id=62283,Unknown
Mozambique,41249,2.3,2,02/09/1964,English,"Action, Crime",NR,Robert Lynn,"Steve Cochran, Hildegard Knef, Paul Hubschmid, Vivi Bach, Martin Benson, Dietmar Schönherr",https://www.filmcrave.com/movie_page_main.php?id=62284,Unknown
"Code 7, Victim 5 ( Victim Five )",48503,3.0,1,05/19/1965,English,"Action, Crime",NR,Robert Lynn,"Lex Barker, Ann Smyrner, Ronald Fraser, Walter Rilla, Dietmar Schönherr, Gert van den Bergh",https://www.filmcrave.com/movie_page_main.php?id=62285,Unknown
Orgies of Edo ( Zankoku ijô gyakutai monogatari: Genroku onna keizu ),41290,2.3,2,01/09/1969,Japanese,"Drama, Horror",NR,Teruo Ishii,"Teruo Yoshida, Toyozô Yamamoto, Masumi Tachibana, Michiyo Ai, Michi Tanaka, Akira Ishihama",https://www.filmcrave.com/movie_page_main.php?id=62286,Unknown
Godmothered,8972,2.9,4,12/04/2020,English,"Comedy, Fantasy",PG,Sharon Maguire,"Isla Fisher, Jillian Bell, Santiago Cabrera, June Squibb, Mary Elizabeth Ellis, Jane Curtin",https://www.filmcrave.com/movie_page_main.php?id=62287,An inexperienced Fairy Godmother decides to prove her own worth and sets out to track down a young girl whose wishes have gone unfulfilled. --
Hunter Hunter,33118,2.8,2,12/18/2020,English,"Horror, Thriller",NR,Shawn Linden,"Camille Sullivan, Summer H. Howell, Devon Sawa, Nick Stahl, Gabriel Daniels, Lauren Cochrane",https://www.filmcrave.com/movie_page_main.php?id=62288,A family of fur trappers living in the remote wilderness find their tranquil lives upended by the return of a rogue wolf. Who is the hunter and who is the hunted? --
Trail of Ashes,54363,3.0,1,12/01/2020,English,"Fantasy, Mystery",NR,Arturo Lizardi,"Héctor Escudero, Cecilia Arguelles, Arturo Lizardi, Jasmin Sanabria, Carlos Miranda, Migdalia Rosario",https://www.filmcrave.com/movie_page_main.php?id=62289,Unknown
Paint,54370,3.0,1,12/15/2020,English,Comedy,NR,Michael Walker,"Josh Caras, Olivia Luccardi, Paul Cooper, Comfort Clinton, Amy Hargreaves, François Arnaud",https://www.filmcrave.com/movie_page_main.php?id=62290,Unknown
Our Friend,0,0.0,0,01/22/2021,English,Drama,R,Gabriela Cowperthwaite,"Dakota Johnson, Jason Segel, Casey Affleck, Gwendoline Christie, Cherry Jones, Violet McGraw",https://www.filmcrave.com/movie_page_main.php?id=62291,"A sudden cancer diagnosis leaves couple and parents Nicole and Owen Teague leaves both struggling to cope with the consequences as well as raise their two daughers. Family friend Dane is brought in to help shoulder a bit of the burden, but what is meant to be a short-term solution turns into something truly profound that transcends mere friendship. --"
Insert Coin,54357,3.0,1,11/25/2020,English,Documentary,NR,Joshua Y. Tsui,"Paul W.S. Anderson, Ernest Cline, Warren Davis, Jeff Gerstmann, Eugene Jarvis, Neil Nicastro",https://www.filmcrave.com/movie_page_main.php?id=62292,Unknown
Don't Tell a Soul,26402,3.0,2,01/15/2021,English,"Drama, Thriller",R,Alex McAulay,"Fionn Whitehead, Jack Dylan Grazer, Mena Suvari, Rainn Wilson, McKenna Christine Poe, Graham Lutes",https://www.filmcrave.com/movie_page_main.php?id=62293,Unknown
The Mauritanian,14330,2.8,3,02/19/2021,English,Thriller,R,Kevin Macdonald,"Shailene Woodley, Jodie Foster, Benedict Cumberbatch, Zachary Levi, Langley Kirkwood, Tahar Rahim",https://www.filmcrave.com/movie_page_main.php?id=62294,Unknown
No Man's Land,54377,3.0,1,01/22/2021,English,"Action, Thriller",PG-13,Conor Allyn,"Frank Grillo, Andie MacDowell, George Lopez, Alex MacNicoll, Jake Allyn, Esmeralda Pimentel",https://www.filmcrave.com/movie_page_main.php?id=62295,Unknown
Stars Fell on Alabama,54373,3.0,1,01/08/2021,English,"Comedy, Romance",PG-13,V.W. Scheich,"Ciara Hanna, James Maslow, Jason Burkey, Jaclyn Betham, Lesa Wilson, Taylor Hicks",https://www.filmcrave.com/movie_page_main.php?id=62296,Unknown
Wrath of Man,4604,2.8,19,05/07/2021,English,"Action, Thriller",R,Guy Ritchie,"Jason Statham, Holt McCallany, Scott Eastwood, Josh Hartnett, Jeffrey Donovan, Laz Alonso",https://www.filmcrave.com/movie_page_main.php?id=62297,"H goes to work for a cash truck company that moves millions around the L.A. area. After a series of robberies, H proves he can handle the pressure and a gun - but he has his own agenda as well - tracking down those responsible for the death of his son and he will let no man stand in his way. --"
Nightbeast,49294,3.0,1,11/01/1982,English,"Horror, Sci-Fi",R,"Don Dohler, Dave Geatty","Tom Griffith, Jamie Zemarel, Karin Kardian, George Stover, Don Leifert, Richard Dyszel",https://www.filmcrave.com/movie_page_main.php?id=62298,Unknown
Fisherman's Friends,54280,3.0,1,07/24/2020,English,"Comedy, Drama",PG-13,Chris Foggin,"James Purefoy, Meadow Nobrega, David Hayman, Maggie Steed, Sam Swainsbury, Dave Johns",https://www.filmcrave.com/movie_page_main.php?id=62299,Unknown
Little Fish,55861,2.0,1,02/05/2021,English,"Romance, Sci-Fi",PG-13,Chad Hartigan,"Olivia Cooke, Jack O'Connell, Soko, Raúl Castillo, David Lennon, Mackenzie Cardwell",https://www.filmcrave.com/movie_page_main.php?id=62300,"As a virus that causes memory loss sweeps across the globe, a couple will do everything they can to ensure their love endures. --"
Two of Us ( Deux ),54388,3.0,1,02/05/2021,French,"Comedy, Drama",NR,Filippo Meneghetti,"Barbara Sukowa, Martine Chevallier, Léa Drucker, Jérôme Varanfrain, Muriel Bénazéraf, Augustin Reynes",https://www.filmcrave.com/movie_page_main.php?id=62301,Unknown
Supernova,24946,3.0,2,01/29/2021,English,"Drama, Romance",R,Harry Macqueen,"Colin Firth, Stanley Tucci, Pippa Haywood, Peter MacQueen, Nina Marlin, Ian Drysdale",https://www.filmcrave.com/movie_page_main.php?id=62302,"Sam and Tusker have been together for 20 years and find themselves on one final journey - travelling across England in their old RV. Two years ago Tusker was diagnosed with early-onset dementia and knows it is only a matter of time before his mind and memories fade - time is now the most important thing the pair have, and they will spend it with friends, family and the places that mean the most to them. --"
Terra Willy ( Terra Willy: Planète inconnue ),60190,2.0,1,04/03/2019,French,"Animation, Adventure",PG,Eric Tosti,"Timothé Vom Dorp, Edouard Baer, Marie-Eugénie Maréchal, Guillaume Lebon, Barbara Tissier, Jason Anthony",https://www.filmcrave.com/movie_page_main.php?id=62303,Unknown
Always and Forever,38306,2.5,2,11/20/2020,English,Thriller,R,Chris Stokes,"Cynthia Addai-Robinson, Robbie Jones, Aundrea Smith, Loretta Devine, Wood Harris, Lauren London",https://www.filmcrave.com/movie_page_main.php?id=62304,Unknown
The Forgotten Carols,54355,3.0,1,11/20/2020,English,Musical,NR,Christy Summerhays,"Roger Dunbar, Michael McLean, Christy Summerhays, Jeff McLean, Adrien Swenson, Dave Martin",https://www.filmcrave.com/movie_page_main.php?id=62305,Unknown
"Amigo Skate, Cuba",60255,2.0,1,09/22/2020,English,Documentary,NR,Vanesa Wilkey-Escobar,"Scott MacDonald, Sarah Rodriguez, Rene Lecour, Peely Banana, Juergen Gritzner, Yanza Wilkey",https://www.filmcrave.com/movie_page_main.php?id=62306,Unknown
Nekrotronic,33098,2.8,2,08/09/2019,English,"Comedy, Horror",R,Kiah Roache-Turner,"Ben O'Toole, Monica Bellucci, Caroline Ford, Tess Haubrich, Epine Bob Savea, David Wenham",https://www.filmcrave.com/movie_page_main.php?id=62307,Unknown
The Park is Mine,14037,2.8,3,10/06/1985,English,"Action, Drama",NR,Steven Hilliard Stern,"Tommy Lee Jones, Helen Shaver, Yaphet Kotto, Lawrence Dane, Peter Dvorsky, Gale Garnett",https://www.filmcrave.com/movie_page_main.php?id=62308,Unknown
Porno,38276,2.5,2,05/08/2020,English,"Comedy, Horror",NR,Keola Racela,"Evan Daves, Larry Saperstein, Jillian Mueller, Glenn Stott, Robbie Tann, Katelyn Pearce",https://www.filmcrave.com/movie_page_main.php?id=62309,Unknown
Cunnamulla,37475,2.5,2,12/14/2000,English,Documentary,NR,Dennis O'Rourke,Unknown,https://www.filmcrave.com/movie_page_main.php?id=62310,Unknown
Embattled,54354,3.0,1,11/20/2020,English,"Action, Sport",R,Nick Sarkisov,"Elizabeth Reaser, Stephen Dorff, Donald Faison, Darren Mann, Karrueche Tran, Saïd Taghmaoui",https://www.filmcrave.com/movie_page_main.php?id=62311,Unknown
The Christmas Chronicles 2,42128,2.3,2,11/25/2020,English,"Family, Adventure",PG,Chris Columbus,"Kurt Russell, Goldie Hawn, Darby Camp, Julian Dennison, Jahzir Bruno, Tyrese Gibson",https://www.filmcrave.com/movie_page_main.php?id=62312,Unknown
Blithe Spirit,36167,2.5,2,02/19/2021,English,"Comedy, Fantasy",PG-13,Edward Hall,"Isla Fisher, Dan Stevens, Leslie Mann, Judi Dench, Emilia Fox, Aimee-Ffion Edwards",https://www.filmcrave.com/movie_page_main.php?id=62313,"A writer hoping to overcome his writer's block enlists the help of a medium. The séance, however, summons the spirt of his first, deceased wife - which makes for an awkward love triangle with his current wife of five years. --"
Penguin Bloom,21130,2.4,4,01/27/2021,English,Drama,NR,Glendyn Ivin,"Naomi Watts, Andrew Lincoln, Rachel House, Jacki Weaver, Gia Carides, Leeanna Walsman",https://www.filmcrave.com/movie_page_main.php?id=62314,Unknown
Devil's Express,49065,3.0,1,08/18/1976,English,"Action, Crime",R,Barry Rosen,"Elsie Roman, Warhawk Tanzania, Larry Fleischman, Wilfredo Roldan, Stephen DeFazio, Theodore Gottlieb",https://www.filmcrave.com/movie_page_main.php?id=62315,Unknown
A Man Called Adam,48542,3.0,1,08/03/1966,English,Drama,NR,Leo Penn,"Sammy Davis Jr., Louis Armstrong, Ossie Davis, Cicely Tyson, Frank Sinatra Jr., Mel Tormé",https://www.filmcrave.com/movie_page_main.php?id=62316,Unknown
Songbird,28507,2.3,3,12/11/2020,English,"Comedy, Drama",R,Adam Mason,"K.J. Apa, Sofia Carson, Craig Robinson, Bradley Whitford, Alexandra Daddario, Peter Stormare",https://www.filmcrave.com/movie_page_main.php?id=62317,Unknown
The Boy from Medellín,60249,2.0,1,08/20/2020,English,"Documentary, Biography",R,Matthew Heineman,J Balvin,https://www.filmcrave.com/movie_page_main.php?id=62318,Unknown
Brothers by Blood,38319,2.5,2,01/22/2021,English,"Action, Crime",R,Jérémie Guez,"Ryan Phillippe, Joel Kinnaman, Maika Monroe, Matthias Schoenaerts, Paul Schneider, Nicholas Crovetti",https://www.filmcrave.com/movie_page_main.php?id=62319,Unknown
Malcolm & Marie,12815,2.6,5,02/05/2021,English,Drama,R,Sam Levinson,"John David Washington, Zendaya",https://www.filmcrave.com/movie_page_main.php?id=62320,Unknown
The Marksman,21164,2.1,13,01/15/2021,English,"Action, Thriller",PG-13,Robert Lorenz,"Katheryn Winnick, Liam Neeson, Juan Pablo Raba, Teresa Ruiz, Ming Wang, Lelia Symington",https://www.filmcrave.com/movie_page_main.php?id=62321,"Rancher, vet and widower Jim manages to eek out a living on a failing plot of land along the Arizona/Mexico border. But a chance encounter with tragic consequences has him taking on Miguel, a young boy trying to escape a vicious cartel. Determined to save the boy, Jim will stop at nothing to get him to a trusted contact in Chicago - even as the cartel closes in. --"
Tortured for Christ,53994,3.0,1,10/22/2018,English,"Documentary, Biography",PG-13,John Grooters,"Emil Mandanac, Raluca Botez, Alexandru Fainisi, Adrian Anghel, Eduard Adam, Andrei Geavela",https://www.filmcrave.com/movie_page_main.php?id=62322,Unknown
Half Brothers,38313,2.5,2,12/04/2020,English,"Comedy, Drama",PG-13,Luke Greenfield,"Luis Gerardo Méndez, Connor Del Rio, José Zúñiga, Vincent Spano, Juan Pablo Espinosa, Ashley Poole",https://www.filmcrave.com/movie_page_main.php?id=62323,Unknown
All My Life,38311,2.5,2,12/04/2020,English,"Drama, Romance",PG-13,Marc Meyers,"Jessica Rothe, Harry Shum Jr., Marielle Scott, Ever Carradine, Keala Settle, Josh Brener",https://www.filmcrave.com/movie_page_main.php?id=62324,Unknown
Encanto,1830,3.0,27,11/24/2021,English,"Animation, Animation",PG,"Jared Bush, Charise Castro Smith, Byron Howard","Diane Guerrero, Stephanie Beatriz, Wilmer Valderrama, Angie Cepeda, Rhenzy Feliz, Carolina Gaitan",https://www.filmcrave.com/movie_page_main.php?id=62325,A young women feels left out as she is the only member of her family without any magical powers. But her supposed weakness will turn into her greatest strength - and her families saving grace - when an attack is planned to take away all magic forever. --
Turning Red,19021,2.2,18,03/11/2022,English,"Animation, Comedy",PG,Domee Shi,"Rosalie Chiang, Sandra Oh, Sasha Roiz, James Hong, Maitreyi Ramakrishnan, Jordan Fisher",https://www.filmcrave.com/movie_page_main.php?id=62326,"A 13-year old Mei Lee is, on the surface, a typical teenage girl, confident but also dealing with parental issues and hormones. To maker matters worse, however, the Chinese-Canadian also must deal with the face she turns into a giant red panda whenever she gets over-excited or stressed out due to a specific family heritage. --"
Lightyear,6562,2.6,17,06/17/2022,English,"Animation, Adventure",PG,Angus MacLane,"Chris Evans, Keke Palmer, Taika Waititi, James Brolin, Uzo Aduba, Dale Soules",https://www.filmcrave.com/movie_page_main.php?id=62327,"Before becoming every child's favorite intergalactic spaceman toy, Buzz Lightyear was an astronaut who had his own adventures to infinity and beyond. --"
Outside the Wire,44993,2.0,2,01/15/2021,English,"Action, Sci-Fi",R,Mikael Håfström,"Anthony Mackie, Emily Beecham, Michael Kelly, Kristina Tonteri-Young, Damson Idris, Enzo Cilenti",https://www.filmcrave.com/movie_page_main.php?id=62328,A drone pilot must team up with an android officer in order to locate a doomsday device located deep within a lethal militarized zone. --
Mortal Kombat,17553,2.2,21,04/23/2021,English,"Action, Adventure",R,Simon McQuoid,"Lewis Tan, Hiroyuki Sanada, Jessica McNamee, Joe Taslim, Josh Lawson, Mehcad Brooks",https://www.filmcrave.com/movie_page_main.php?id=62329,"MMA fighter Cole Young is no stranger to putting up a tough fight for good pay - but has little idea that his heritage may be key to standing against Emperor Shang Tsung of the Outworld, who has taken an interest in him and sent his greatest warrior, Cryomancer Sub-Zero after him. After teaming up with fellow warrior who bear the strange dragon marking Cole was born with, he realizes the true battle awaits, with the fate of the world on the line. --"
Dr. Bird's Advice for Sad Poets,54374,3.0,1,01/12/2021,English,Drama,R,Yaniv Raz,"Jason Isaacs, Lisa Edelstein, Taylor Russell, YaYa Gosselin, David Arquette, Tom Wilkinson",https://www.filmcrave.com/movie_page_main.php?id=62330,Unknown
Happily,54408,3.0,1,03/19/2021,English,"Comedy, Thriller",R,BenDavid Grabinski,"Natalie Zea, Joel McHale, Natalie Morales, Stephen Root, Charlyne Yi, Kerry Bishé",https://www.filmcrave.com/movie_page_main.php?id=62331,Unknown
The Killing of Two Lovers,54394,3.0,1,02/23/2021,English,Drama,R,Robert Machoian,"Chris Coy, Clayne Crawford, Sepideh Moafi, Avery Pizzuto, Barbara Whinnery, Arri Graham",https://www.filmcrave.com/movie_page_main.php?id=62332,Unknown
The World to Come,38321,2.5,2,02/12/2021,English,Drama,R,Mona Fastvold,"Katherine Waterston, Vanessa Kirby, Karina Ziana Gherasim, Casey Affleck, Christopher Abbott, Sandra Personnic-House",https://www.filmcrave.com/movie_page_main.php?id=62333,Unknown
Skyfire,54391,3.0,1,02/12/2021,Mandarin,Action,NR,Simon West,"Xueqi Wang, Hannah Quinlivan, Shawn Dou, Jason Isaacs, An Bai, Lingchen Ji",https://www.filmcrave.com/movie_page_main.php?id=62334,Unknown
The Last Blockbuster,26400,3.0,2,12/20/2020,English,Documentary,NR,Taylor Morden,"Sandi Harding, Kevin Smith, Ione Skye, Brian Posehn, Doug Benson, Samm Levine",https://www.filmcrave.com/movie_page_main.php?id=62335,Unknown
Land,17365,2.5,4,02/12/2021,English,Drama,PG-13,Robin Wright,"Robin Wright, Warren Christie, Kim Dickens, Demián Bichir, Brad Leland, Finlay Wojtak-Hissong",https://www.filmcrave.com/movie_page_main.php?id=62336,"Following a tragedy, Edee Mathis finds herself unable to connect with anything or anyone in her current life. Breaking off from what she knows, she retreats deep into the harsh and unforgiving wilds of the Rockies. On the brink of death, she is rescued by a hunter and realizes she must learn how to live again. --"
The White Tiger,6080,2.8,8,01/22/2021,English,"Crime, Drama",R,Ramin Bahrani,"Adarsh Gourav, Priyanka Chopra, Rajkummar Rao, Mahesh Manjrekar, Vijay Maurya, Ansuman Bhagat",https://www.filmcrave.com/movie_page_main.php?id=62337,"A poor Indian driver uses his wits and cunning to becoming an indispensable part of the lives of a rich couple who have just returned from America. But the servant soon learns just how duplicitous his masters are and, after a night of betrayal, sees his very future hang in the balance. Finally realizing he has to break free from his lot in life, he turns the tables and looks to break down the system once and for all. --"
Dara of Jasenovac ( Dara iz Jasenovca ),54383,3.0,1,02/05/2021,Serbian,"Drama, War",R,Predrag Antonijevic,"Radoslav 'Rale' Milenkovic, Natasa Ninkovic, Vuk Kostic, Igor Djordjevic, Nikolina Jelisavac, Marko Janketic",https://www.filmcrave.com/movie_page_main.php?id=62338,Unknown
Freak Power: The Ballot or the Bomb,60260,2.0,1,10/23/2020,English,Documentary,R,"Ajax Phillips, Daniel Joseph Watkins","Hunter S. Thompson, Ralph Steadman, Jann Wenner, Joe DiSalvo, Travis Fulton, Bob Braudis",https://www.filmcrave.com/movie_page_main.php?id=62339,Unknown
Phobias,38325,2.5,2,03/19/2021,English,"Horror, Thriller",R,"Camilla Belle, Maritte Lee Go, Joe Sill, Jess Varley, Chris von Hoffmann","Alexis Knapp, Charlotte McKinney, Lauren Miller Rogen, Martina García, Hana Mae Lee, Micah Hauptman",https://www.filmcrave.com/movie_page_main.php?id=62340,"After an attack by an unknown entity, a young man finds himself in an institution where patients are forced to relive their worst fears over and over again in order to harness the potent energy it gives off. --"
Silk Road,38322,2.5,2,02/19/2021,English,"Crime, Drama",R,Tiller Russell,"Nick Robinson, Jennifer Yun, Jimmi Simpson, Jason Clarke, Darrell Britt-Gibson, Alexandra Shipp",https://www.filmcrave.com/movie_page_main.php?id=62341,Unknown
The Trouble with Being Born,44992,2.0,2,12/12/2020,German,"Drama, Mystery",NR,Sandra Wollner,"Ingrid Burkhard, Susanne Gschwendtner, Simon Hatzl, Jana McKinnon, Dominik Warta, Lena Watson",https://www.filmcrave.com/movie_page_main.php?id=62342,Unknown
"Black Book of Father Dinis, The ( O Caderno Negro )",54365,3.0,1,12/08/2020,French,"Drama, Historical",NR,Valeria Sarmiento,"Lou de Laâge, Stanislas Merhar, Niels Schneider, Jenna Thiam, David Caracol, Fleur Fitoussi",https://www.filmcrave.com/movie_page_main.php?id=62343,Unknown
Zappa,38309,2.5,2,11/27/2020,English,"Documentary, Biography",NR,Alex Winter,"Frank Zappa, Mick Jagger, Paul McCartney, David Bowie, Alice Cooper, Joni Mitchell",https://www.filmcrave.com/movie_page_main.php?id=62344,Unknown
Last Call,54358,3.0,1,11/25/2020,English,"Biography, Drama",NR,Steven Bernstein,"Rhys Ifans, Romola Garai, Zosia Mamet, John Malkovich, Rodrigo Santoro, Tony Hale",https://www.filmcrave.com/movie_page_main.php?id=62345,Unknown
Princess of the Row,54360,3.0,1,11/27/2020,English,Drama,NR,Van Maximilian Carlson,"Edi Gathegi, Tayler Buck, Martin Sheen, Jacob Vargas, Ana Ortiz, Tabitha Brown",https://www.filmcrave.com/movie_page_main.php?id=62346,Unknown
Dear Santa,54364,3.0,1,12/04/2020,English,"Documentary, Family",NR,Dana Nachman,"Damion DiGrazia, Orlando Mendez, Andrew Wallace",https://www.filmcrave.com/movie_page_main.php?id=62347,Unknown
12 Days of Giving,42074,2.3,2,12/03/2017,English,"Drama, Romance",NR,Christine Conradt,"Ashley Jones, David Blue, Jax Connolly, Preston James Hillier, Melanie Recker, Paul Boesing",https://www.filmcrave.com/movie_page_main.php?id=62348,Unknown
Assassins,21466,3.3,2,01/26/2020,Vietnamese,Documentary,NR,Ryan White,"Siti Aisyah, Hadi Azmi, Anna Fifield, Doan Thi Huong",https://www.filmcrave.com/movie_page_main.php?id=62349,Unknown
Ip Man: Kung Fu Master,38315,2.5,2,12/11/2020,Mandarin,Action,NR,Liming Li,"Yu-Hang To, Michael Wong, Wanliruo Xin, Dongfeng Yue",https://www.filmcrave.com/movie_page_main.php?id=62350,Unknown
The Very Excellent Mr. Dundee,38317,2.5,2,12/11/2020,English,Comedy,PG-13,Dean Murphy,"Paul Hogan, Luke Hemsworth, Chevy Chase, Olivia Newton-John, John Cleese, Luke Bracey",https://www.filmcrave.com/movie_page_main.php?id=62351,Unknown
Safety,26399,3.0,2,12/11/2020,English,"Biography, Sport",PG,Reginald Hudlin,"Jay Reeves, Javien Jackson, Thaddeus J. Mixson, Corinne Foxx, Matthew Glave, James Badge Dale",https://www.filmcrave.com/movie_page_main.php?id=62352,Unknown
"Golden Arrow, The ( arciere delle mille e una notte, L' )",44161,2.0,2,05/01/1964,Italian,"Adventure, Fantasy",NR,Antonio Margheriti,"Tab Hunter, Rossana Podestà, Umberto Melnati, Mario Feliciani, Dominique Boschero, Renato Baldini",https://www.filmcrave.com/movie_page_main.php?id=62353,Unknown
The Wrong Box,32206,2.8,2,07/16/1966,English,"Comedy, Crime",NR,Bryan Forbes,"John Mills, Ralph Richardson, Michael Caine, Peter Cook, Dudley Moore, Nanette Newman",https://www.filmcrave.com/movie_page_main.php?id=62354,Unknown
Mega Shark vs. Kolossus,38099,2.5,2,07/16/2015,English,"Action, Adventure",NR,Christopher Ray,"Illeana Douglas, Amy Rider, Brody Hutzler, Adam Dunnells, Edward DeRuiter, Tara Price",https://www.filmcrave.com/movie_page_main.php?id=62355,Unknown
VFW,28502,2.3,3,02/14/2020,English,"Crime, Horror",NR,Joe Begos,"Stephen Lang, William Sadler, Fred Williamson, Martin Kove, David Patrick Kelly, George Wendt",https://www.filmcrave.com/movie_page_main.php?id=62356,Unknown
Evergreen,54282,3.0,1,08/01/2020,English,Drama,NR,Paul Goodman,"Hannah Leigh, Scott Keiji Takeda, Maggie Egan, Annika Foster, Josh Reynolds",https://www.filmcrave.com/movie_page_main.php?id=62357,Unknown
Furiosa: A Mad Max Saga,2962,2.9,17,05/24/2024,English,"Action, Adventure",R,George Miller,"Anya Taylor-Joy, Chris Hemsworth, Angus Sampson, Daniel Webber, Nathan Jones, Tom Burke",https://www.filmcrave.com/movie_page_main.php?id=62358,"A young Furiosa is kidnapped from a lush paradise in the middle of the wasteland. Taken to the leader of the Biker Horde, the charismatic but bloodthirsty Dementus, she must watch as her mother is killed. When Dementus tries to challenge the might of The Citadel, led by Immortan Joe, Furiosa is once again traded but will not submit as she plans her revenge against Dementus - rising through the ranks of the Immortan's clan - but when Praetorian Jack takes her under his wing, it opens to the door to another option even as chaos and war descend upon the wastelands. --"
Pinocchio,19188,2.3,6,12/25/2020,Italian,"Drama, Fantasy",PG-13,Matteo Garrone,"Federico Ielapi, Roberto Benigni, Rocco Papaleo, Massimo Ceccherini, Marine Vacth, Gigi Proietti",https://www.filmcrave.com/movie_page_main.php?id=62359,Unknown
The Boss Baby: Family Business,26490,2.1,5,07/02/2021,English,Animation,PG,Tom McGrath,"Alec Baldwin, Amy Sedaris, James Marsden, Jeff Goldblum, Lisa Kudrow, Eva Longoria",https://www.filmcrave.com/movie_page_main.php?id=62360,Unknown
The Bad Guys,5154,2.8,12,04/22/2022,English,"Animation, Comedy",PG,Pierre Perifel,"Sam Rockwell, Awkwafina, Craig Robinson, Anthony Ramos, Marc Maron, Zazie Beetz",https://www.filmcrave.com/movie_page_main.php?id=62361,"The Big Bad Wolf leads a crew of bad guys - Snake, Tarantula, Shark and Piranha, each with their own skills necessarily to pull off their daring heists. But after trying to take the ultimate prize and getting caught, nice guy of the year, guinea pig Professor Marmalade promises to reform the crew into good guys with some surprising revelations along the way. --"
Lapsis,54317,3.0,1,10/01/2020,English,"Drama, Mystery",NR,Noah Hutton,"Dean Imperial, Madeline Wise, Babe Howard, Ivory Aquino, Dora Madison, James McDaniel",https://www.filmcrave.com/movie_page_main.php?id=62362,Unknown
Stiletto,48703,3.0,1,07/30/1969,English,"Crime, Drama",R,Bernard L. Kowalski,"Alex Cord, Britt Ekland, Patrick O'Neal, Joseph Wiseman, Barbara McNair, John Dehner",https://www.filmcrave.com/movie_page_main.php?id=62363,Unknown
Worth,42117,2.3,2,01/24/2020,English,"Biography, Drama",PG-13,Sara Colangelo,"Stanley Tucci, Michael Keaton, Amy Ryan, Tate Donovan, Talia Balsam, Laura Benanti",https://www.filmcrave.com/movie_page_main.php?id=62364,Unknown
The Reckoning,23106,2.5,3,02/05/2021,English,Horror,NR,Neil Marshall,"Sean Pertwee, Joe Anderson, Charlotte Kirk, Steven Waddington, Ian Whyte, Rick Warden",https://www.filmcrave.com/movie_page_main.php?id=62365,"Set during the 1600s at the height of the great plague, a young widow, coping with the death of her husband is accused of being a witch. With England's most ruthless witch hunter on her case, she endures physical and emotional torture all while proclaiming her innocence, even as the devil does as he can to take hold in her mind. --"
Space Sweepers ( Seungriho ),60266,2.0,1,02/05/2021,Korean,"Action, Drama",NR,Sung-hee Jo,"Seon-kyu Jin, Song Joong-Ki, Kim Tae-ri, Hae-Jin Yoo, Milan-Devi LaBrey, Ana Ruggiero",https://www.filmcrave.com/movie_page_main.php?id=62366,Unknown
Belushi,26398,3.0,2,11/22/2020,English,Documentary,Unknown,R.J. Cutler,"John Belushi, Jim Belushi, Michael Apted, Chevy Chase, Dan Aykroyd, John Landis",https://www.filmcrave.com/movie_page_main.php?id=62367,Unknown
Body Brokers,54393,3.0,1,02/19/2021,English,"Crime, Thriller",R,John Swab,"Frank Grillo, Jessica Rothe, Alice Englert, Michael Kenneth Williams, Melissa Leo, Peter Greene",https://www.filmcrave.com/movie_page_main.php?id=62368,Unknown
My Zoe,54244,3.0,1,04/15/2020,English,Drama,R,Julie Delpy,"Gemma Arterton, Richard Armitage, Daniel Brühl, Lindsay Duncan, Julie Delpy, Jördis Triebel",https://www.filmcrave.com/movie_page_main.php?id=62369,Unknown
Breaking News in Yuba County,29205,2.1,4,02/12/2021,English,"Comedy, Crime",R,Tate Taylor,"Allison Janney, Mila Kunis, Juliette Lewis, Regina Hall, Awkwafina, Jimmi Simpson",https://www.filmcrave.com/movie_page_main.php?id=62370,Unknown
Dear Comrades ( Dorogie tovarishchi ),54328,3.0,1,10/14/2020,Russian,"Drama, Historical",NR,Andrey Konchalovskiy,"Yuliya Vysotskaya, Vladislav Komarov, Andrey Gusev, Yuliya Burova, Sergei Erlish, Alexander Maskelyne",https://www.filmcrave.com/movie_page_main.php?id=62371,Unknown
Shadow in the Cloud,19610,2.2,11,01/01/2021,English,Horror,R,Roseanne Liang,"Chloë Grace Moretz, Nick Robinson, Beulah Koale, Taylor John Smith, Callan Mulvey, Benedict Wall",https://www.filmcrave.com/movie_page_main.php?id=62372,"A last-minute passenger on a WWII bomber stirs up trouble - one, because she is a woman, and two, because she is very protective and secretive about the package she brought aboard. Between Japanese fighters and a creature taking apart the plane piece by piece, things go from bad to worse in a hurry. --"
Locked Down,23104,2.5,3,01/14/2021,English,"Comedy, Romance",R,Doug Liman,"Chiwetel Ejiofor, Anne Hathaway, Dulé Hill, Jazmyn Simon, Ben Kingsley, Katie Leung",https://www.filmcrave.com/movie_page_main.php?id=62373,"A couple must not only deal with a pandemic lockdown, but also with planning a high-risk, high-reward jewelry heist. --"
MLK/FBI,47098,3.0,1,01/15/2021,English,Documentary,NR,Sam Pollard,"Martin Luther King, James Comey, Beverly Gage",https://www.filmcrave.com/movie_page_main.php?id=62374,"Following the release of newly declassified files, the film explores the government's campaign of surveillance and harassment of Civil Rights icon Martin Luther King, Jr. --"
Deadlocked,38310,2.5,2,12/01/2020,English,"Horror, Thriller",NR,Josh Bailey,"Taylor Tunes, Kyle English, Nick Champa, Sophie Giberson, William Poole, Gabriel Behrmann",https://www.filmcrave.com/movie_page_main.php?id=62375,Unknown
Cherry,28716,2.1,4,02/26/2021,English,"Crime, Drama",R,"Anthony Russo, Joe Russo","Tom Holland, Ciara Bravo, Jack Reynor, Michael Rispoli, Jeff Wahlberg, Forrest Goodluck",https://www.filmcrave.com/movie_page_main.php?id=62376,"An army medic trying to cope with PTSD turns to drugs but soon his addiction becomes so consuming, he turns to robbing banks to support his habit. --"
The BFG,25579,3.0,2,12/25/1989,English,"Animation, Adventure",NR,Brian Cosgrove,"David Jason, Amanda Root, Angela Thorne, Ballard Berkeley, Michael Knowles, Don Henderson",https://www.filmcrave.com/movie_page_main.php?id=62377,Unknown
Diego Maradona,10939,3.0,3,09/20/2019,Spanish,"Documentary, Biography",NR,Asif Kapadia,"Diego Maradona, Pelé, Dalma Maradona, Jorge Burruchaga, Diego Maradona Sr., Diego Maradona Jr.",https://www.filmcrave.com/movie_page_main.php?id=62378,Unknown
The Silencing,29203,2.1,4,07/18/2020,English,"Action, Crime",R,Robin Pront,"Nikolaj Coster-Waldau, Hero Fiennes Tiffin, Annabelle Wallis, Zahn McClarnon, Brielle Robillard, Melanie Scrofano",https://www.filmcrave.com/movie_page_main.php?id=62379,Unknown
Fear of Rain,42129,2.3,2,02/12/2021,English,"Drama, Horror",PG-13,Castille Landon,"Katherine Heigl, Madison Iseman, Harry Connick Jr., Israel Broussard, Enuka Okuma, Eugenie Bondurant",https://www.filmcrave.com/movie_page_main.php?id=62380,"A girl struggling with schizophrenia often experiences terrifyingly real hallucinations. She soon becomes convinced her neighbor has kidnapped a boy but can't get anyone to listen to her except Caleb, a young boy she isn't even sure is real. --"
"Prodigal Boxer, The ( Fang Shi Yu )",48931,3.0,1,03/01/1974,Mandarin,"Action, Drama",NR,Yang-Ming Tsai,"Fei Meng, Lin-Lin Li, Yasuaki Kurata, Hung Pai, Ching Wong, Lan Sun",https://www.filmcrave.com/movie_page_main.php?id=62381,Unknown
"Village on Fire aka Awaken Punch, The ( Shi po tian jian )",48982,3.0,1,01/01/1975,Mandarin,"Action, Drama",R,Lung-Hsiang Fang,"Yung Henry Yu, Pui-San Auyeung, Feng Tien, Li Meng, Nancy Sit, Yeh Fang",https://www.filmcrave.com/movie_page_main.php?id=62382,Unknown
Shrunken Heads,49716,3.0,1,05/01/1994,English,"Comedy, Horror",R,Richard Elfman,"Julius Harris, Meg Foster, Aeryk Egan, Rebecca Herbst, A.J. Damato, Bo Sharon",https://www.filmcrave.com/movie_page_main.php?id=62383,Unknown
Cinderella,24541,2.1,8,09/03/2021,English,"Comedy, Fantasy",PG,Kay Cannon,"Camila Cabello, Billy Porter, Idina Menzel, Nicholas Galitzine, Minnie Driver, Maddie Baillio",https://www.filmcrave.com/movie_page_main.php?id=62384,"A modern musical version of the classic tale ""Cinderella"" that follows a young girl with a dream and a fairy godmother who helps make those dreams come true. --"
Nightmare Alley,3713,2.8,26,12/17/2021,English,"Mystery, Thriller",R,Guillermo del Toro,"Rooney Mara, Cate Blanchett, Paul Anderson, Bradley Cooper, Mary Steenburgen, Toni Collette",https://www.filmcrave.com/movie_page_main.php?id=62385,"A carney with a talent for manipulation leaves the sideshow behind for the big city - but not before leaving a wake of chaos behind. Using the talents he's learned to swindle millionaires - he finds his match in a brilliant, devious psychologist - who becomes his greatest challenge and ultimate downfall. --"
The Eyes of Tammy Faye,9197,2.6,10,09/17/2021,English,"Biography, Drama",PG-13,Michael Showalter,"Jessica Chastain, Vincent D'Onofrio, Andrew Garfield, Cherry Jones, Sam Jaeger, Fredric Lehne",https://www.filmcrave.com/movie_page_main.php?id=62386,From humble beginnings to the rise of an indomitable televangelist empire to a fall from grace brought on by scandals and rivalries - this is the incredible and true story of Tammy Faye Bakker. --
Ambulence,29672,2.0,5,02/18/2022,English,"Action, Drama",Unknown,Michael Bay,"Jake Gyllenhaal, Eiza González, Yahya Abdul-Mateen II, Garret Dillahunt, Keir O’Donnell, Moses Ingram",https://www.filmcrave.com/movie_page_main.php?id=62387,Unknown
A Call to Spy,28505,2.3,3,10/02/2020,English,"Biography, Crime",PG-13,Lydia Dean Pilcher,"Sarah Megan Thomas, Stana Katic, Radhika Apte, Linus Roache, Rossif Sutherland, Samuel Roukin",https://www.filmcrave.com/movie_page_main.php?id=62388,Unknown
Adverse,54389,3.0,1,02/12/2021,English,"Crime, Thriller",R,Brian A. Metcalf,"Penelope Ann Miller, Mickey Rourke, Lou Diamond Phillips, Sean Astin, Thomas Ian Nicholas, Andrew Keegan",https://www.filmcrave.com/movie_page_main.php?id=62389,Unknown
The Pond,60269,2.0,1,02/23/2021,English,"Drama, Horror",NR,Petar Pasic,"Marco Canadea, Paul Leonard Murray, Leslie Kunz",https://www.filmcrave.com/movie_page_main.php?id=62390,Unknown
My Salinger Year,46979,3.0,1,03/05/2021,English,Drama,R,Philippe Falardeau,"Margaret Qualley, Sigourney Weaver, Douglas Booth, Seána Kerslake, Brían F. O'Byrne, Colm Feore",https://www.filmcrave.com/movie_page_main.php?id=62391,"In the late 90s, a recent college grad and aspiring writer finds herself working a day job at the literary agency of the reclusive J.D. Salinger. Her older, eccentric new boss tasks her with pouring over the vast amount of fan mail, even as she struggles to define her own voice. --"
Son of the South,54387,3.0,1,02/05/2021,English,"Biography, Drama",PG-13,Barry Alexander Brown,"Julia Ormond, Lucy Hale, Sienna Guillory, Lucas Till, Ludi Lin, Brian Dennehy",https://www.filmcrave.com/movie_page_main.php?id=62392,Unknown
Dear Evan Hansen,38526,1.7,6,09/24/2021,English,"Drama, Musical",PG-13,Stephen Chbosky,"Ben Platt, Julianne Moore, Kaitlyn Dever, Amy Adams, Colton Ryan, Nik Dodani",https://www.filmcrave.com/movie_page_main.php?id=62393,"After a personal letter falls into the wrong hands, a high school senior with social anxiety disorder finds himself on a journey of self-discovery and acceptance - leading to a life he never dreamed of but his carefully built house of cards threatens to collapse at any time. --"
Crisis,34547,2.0,3,02/26/2021,English,"Drama, Thriller",R,Nicholas Jarecki,"Gary Oldman, Armie Hammer, Evangeline Lilly, Greg Kinnear, Michelle Rodriguez, Kid Cudi",https://www.filmcrave.com/movie_page_main.php?id=62394,"Three threads surround the opioid epidemic: a drug trafficker arranges a massive deal on the U.S./Canadian border; a construction worker overcoming a OxyContin addiction finds the connection between his son and narcotics and a university professor uncovers dangerous information involving his employer - a drug company - and a new ""non-addictive"" painkiller they plan to bring to market. --"
"September 30, 1955",49130,3.0,1,01/06/1978,English,Drama,PG,James Bridges,"Richard Thomas, Susan Tyrrell, Deborah Benson, Lisa Blount, Tom Hulce, Dennis Quaid",https://www.filmcrave.com/movie_page_main.php?id=62395,Unknown
Earwig and the Witch ( Âya to majo ),31515,2.2,3,02/03/2021,Japanese,"Animation, Family",PG,Gorô Miyazaki,"Taylor Henderson, Vanessa Marshall, Richard E. Grant, Kacey Musgraves, Dan Stevens, Kokoro Hirasawa",https://www.filmcrave.com/movie_page_main.php?id=62396,Unknown
The Bloodhound,54362,3.0,1,12/01/2020,English,"Horror, Mystery",NR,Patrick Picard,"Annalise Basso, Liam Aiken, Joe Adler, McNally Sagal, Kimleigh Smith, Gaby Santinelli",https://www.filmcrave.com/movie_page_main.php?id=62397,Unknown
"Kaiser of California, The ( Kaiser von Kalifornien, Der )",47676,3.0,1,05/07/1937,German,Western,NR,Luis Trenker,"Luis Trenker, Viktoria von Ballasko, Werner Kunig, Karli ZwingmannElise Aulinger, Elise Aulinger, Bernhard Minetti",https://www.filmcrave.com/movie_page_main.php?id=62398,Unknown
Psycho Goreman,24847,2.1,6,01/22/2021,English,"Comedy, Horror",NR,Steven Kostanski,"Steven Vlahos, Matthew Ninaber, Kristen MacCulloch, Owen Myre, Nita-Josee Hanna, Scout Flint",https://www.filmcrave.com/movie_page_main.php?id=62399,Unknown
Journey Into Fear,49011,3.0,1,08/08/1975,English,Thriller,R,Daniel Mann,"Sam Waterston, Zero Mostel, Yvette Mimieux, Scott Marlowe, Ian McShane, Joseph Wiseman",https://www.filmcrave.com/movie_page_main.php?id=62400,Unknown
Assault on VA-33,38327,2.5,2,04/02/2021,English,"Action, Thriller",R,Christopher Ray,"Sean Patrick Flanery, Michael Jai White, Mark Dacascos, Weston Cage Coppola, Abigail Hawk, Gina Holden",https://www.filmcrave.com/movie_page_main.php?id=62401,Unknown
Boogie,29921,2.2,3,03/05/2021,English,Drama,R,Eddie Huang,"Taylor Takahashi, Domenick Lombardozzi, Taylour Paige, Jorge Lendeborg Jr., Perry Yung, Mike Moh",https://www.filmcrave.com/movie_page_main.php?id=62402,"Follows the story of Alfred ""Boogie"" Chin, a basketball phenom in Queens, New York with aspirations of joining the NBA. But his days are spent with many challenges from college to girlfriends to rivals to just dealing with the burdens life brings. --"
Final Account,60273,2.0,1,05/21/2021,German,Documentary,PG-13,Luke Holland,Margarete Schwarz,https://www.filmcrave.com/movie_page_main.php?id=62403,Unknown
"Night of the Kings ( nuit des rois, La )",54397,3.0,1,02/26/2021,French,"Drama, Fantasy",R,Philippe Lacôte,"Bakary Koné, Steve Tientcheu, Jean Cyrille Digbeu, Rasmané Ouédraogo, Issaka Sawadogo, Abdoul Karim Konaté",https://www.filmcrave.com/movie_page_main.php?id=62404,Unknown
"Strip Down, Rise Up",60267,2.0,1,02/05/2021,English,Documentary,R,Michèle Ohayon,"Sheila Kelley, Jenyne Butterfly, Elizabeth Mihelich, Amy Bond",https://www.filmcrave.com/movie_page_main.php?id=62405,Unknown
Together Together,20491,3.3,2,04/23/2021,English,Comedy,R,Nikole Beckwith,"Patti Harrison, Ed Helms, Rosalind Chao, Timm Sharp, Bianca Lopez, Nora Dunn",https://www.filmcrave.com/movie_page_main.php?id=62406,"A young loner is hired as a surrogate by a single man in his 40s and together they will explore a type of relationship that will change the way they see connection, boundaries and even love. --"
Zack Snyder's Justice League,1660,3.0,27,03/18/2021,English,"Action, Fantasy",R,Zack Snyder,"Henry Cavill, Ben Affleck, Gal Gadot, Jason Momoa, Ezra Miller, Ray Fisher",https://www.filmcrave.com/movie_page_main.php?id=62407,"ruce Wayne has been moved by the selfless act of Superman and enlists the aid of Amazonian warrior Diana Prince to form a group of metahumans to thwart a growing threat. Batman, Wonder Woman, Aquaman, The Flash and Cyborg may be the greatest team assembled on Earth, but will they be too late to stop a catastrophic menace that could destroy the planet? - Zack Snyder's definitive version. --"
Cosmic Sin,38839,1.8,4,03/12/2021,English,"Action, Sci-Fi",R,Edward Drake,"Bruce Willis, Frank Grillo, Adelaide Kane, Lochlyn Munro, Luke Wilson, Johnny Messner",https://www.filmcrave.com/movie_page_main.php?id=62408,Unknown
Old,15735,2.2,23,07/23/2021,English,Thriller,PG-13,M. Night Shyamalan,"Thomasin McKenzie, Gael García Bernal, Rufus Sewell, Embeth Davidtz, Abbey Lee, Alex Wolff",https://www.filmcrave.com/movie_page_main.php?id=62409,A family on a tropical vacation finds themselves on a secluded beach where an unknown force causes them to rapidly age. --
The Unbearable Weight of Massive Talent,2488,2.9,22,04/22/2022,English,Comedy,R,Tom Gormican,"Nicolas Cage, Pedro Pascal, Neil Patrick Harris, Tiffany Haddish, Sharon Horgan, Jacob Scipio",https://www.filmcrave.com/movie_page_main.php?id=62410,Nicolas Cage IS Nicolas Cage as the cash-strapped actor decides to make a paid appearance at a billionaire's party... but is really just a cover for deep-ops CIA mission to infiltrate a dangerous drug kingpin's operation. --
Interviewing Monsters and Bigfoot ,54088,3.0,1,05/09/2019,English,Comedy,NR,Thomas Smugala,"Tom Green, Les Stroud, Stacy Brown Jr., Jessi Combs, Elise Edwards, Tera Eckerle",https://www.filmcrave.com/movie_page_main.php?id=62411,Unknown
Dead Pigs,54390,3.0,1,02/12/2021,English,"Comedy, Drama",NR,Cathy Yan,"Zazie Beetz, Mason Lee, Meng Li, Archibald C. McColl IV, David Rysdahl, Vivian Wu",https://www.filmcrave.com/movie_page_main.php?id=62412,Unknown
"Devil Below, The ( Shookum Hills )",38838,1.8,4,03/05/2021,English,"Horror, Thriller",NR,Bradley Parker,"Adan Canto, Will Patton, Jonathan Sadowski, Nathan Phillips, Alicia Sanz, William Mark McCullough",https://www.filmcrave.com/movie_page_main.php?id=62413,Unknown
The Winter Lake,54398,3.0,1,03/09/2021,English,"Drama, Thriller",NR,Phil Sheerin,"Emma Mackey, Charlie Murphy, Mark McKenna, Michael McElhatton, Anson Boon, Ally Ni Chiarain",https://www.filmcrave.com/movie_page_main.php?id=62414,Unknown
Billie Eilish: The World's a Little Blurry,54396,3.0,1,02/26/2021,English,"Documentary, Biography",R,R.J. Cutler,Billie Eilish,https://www.filmcrave.com/movie_page_main.php?id=62415,Unknown
Spirit Untamed,19758,2.3,5,06/04/2021,English,"Animation, Adventure",PG,"Elaine Bogan, Ennio Torresan","Isabela Merced, Marsai Martin, Mckenna Grace, Walton Goggins, Andre Braugher, Julianne Moore",https://www.filmcrave.com/movie_page_main.php?id=62416,Unknown
Blue Bayou,31516,2.2,3,09/17/2021,English,Drama,R,Justin Chon,"Justin Chon, Alicia Vikander, Mark O'Brien, Geraldine Singer, Linh Dan Pham, Renell Gibbs",https://www.filmcrave.com/movie_page_main.php?id=62417,"A Korean-American who has lived his life, and now provides for his own family, in the Louisiana bayous faces a reckoning from his past - and possible deportation from the only country he has ever called home. --"
Samaritan,16501,2.4,7,08/26/2022,English,"Action, Drama",PG-13,Julius Avery,"Sylvester Stallone, Martin Starr, Pilou Asbæk, Moises Arias, Dascha Polanco, Javon 'Wanna' Walton",https://www.filmcrave.com/movie_page_main.php?id=62418,Twenty years ago the city of Granite City could count on local hero Samaritan for help - until he reportedly died in a warehouse fire against the villainous Nemesis. Fast forward to the present where 13-year-old Sam Cleary suspects his reclusive neighbor Mr. Smith may be the not-so-dead hero and tries to convince him to return to his heroic ways and save a city in crisis. --
Marry Me,15822,2.3,9,02/11/2022,English,"Comedy, Romance",PG-13,Kat Coiro,"Owen Wilson, Jennifer Lopez, Sarah Silverman, Chloe Coleman, Jimmy Fallon, John Bradley",https://www.filmcrave.com/movie_page_main.php?id=62419,"Kat Valdez is one half of celebrity power couple along with music superstar Bastian. Their hit single ""Marry Me"" has been climbing the charts and the two are about to web in a very public, live-streamed ceremony. Meanwhile, Charlie Gilbert, a divorced math teacher, finds himself in the crowd thanks to his daughter, Lou and best friend Parker. When Kat learns Bastian has been unfaithful just moments before their vows, she finds her world turned upside down and in a moment of pure emotion decides to marry a stranger from the crowd instead - and picks Charlie. An improbable, impulsive decision somehow leads to a budding romance - but soon enough, outside powers threaten to pull them apart. --"
Luca,4191,2.8,21,06/18/2021,English,"Animation, Adventure",PG,Enrico Casarosa,"Jacob Tremblay, Maya Rudolph, Jack Dylan Grazer, Jim Gaffigan, Emma Berman, Marco Barricelli",https://www.filmcrave.com/movie_page_main.php?id=62420,"On the Italian Riviera an unforgettable summer by the seaside awaits fast friends Luca and 	Alberto with plenty of pasta, gelato and scooter rides. But both boys hold a secret - far from being typical humans, both come from a race of sea monsters just below the ocean's surface. --"
Army of the Dead,9569,2.5,17,05/14/2021,English,"Action, Horror",R,Zack Snyder,"Dave Bautista, Ella Purnell, Garret Dillahunt, Ana de la Reguera, Hiroyuki Sanada, Theo Rossi",https://www.filmcrave.com/movie_page_main.php?id=62421,"As the zombie apocalypse descends upon Las Vegas, a group of mercenaries decides to break through the quarantine zone in order to pull off their most dangerous, and lucrative, heist. --"
Mortuary Academy,49482,3.0,1,05/20/1988,English,Comedy,R,Michael Schroeder,"Richard Kennedy, Christopher Atkins, Perry Lang, Gary Veney, Bruce Wagner, Megan Blake",https://www.filmcrave.com/movie_page_main.php?id=62422,Unknown
The Drunk,52058,3.0,1,05/01/2014,English,"Drama, Thriller",NR,"Paul Fleschner, William Tanoos","William Tanoos, Paul Fleschner, Tom Sizemore, Jesse Ventura, Ken Barnard, Steve Bayorgeon",https://www.filmcrave.com/movie_page_main.php?id=62423,Unknown
Wrath of Silence ( Bao lie wu sheng ),26345,3.0,2,06/18/2018,Mandarin,"Crime, Drama",NR,Yukun Xin,"Wu Jiang, Yang Song, Wenkang Yuan, Hu An, Yazhen Li, Zhuo Tan",https://www.filmcrave.com/movie_page_main.php?id=62424,Unknown
The Breaker Upperers,38232,2.5,2,02/15/2019,English,Comedy,NR,"Madeleine Sami, Jackie van Beek","Madeleine Sami, Jackie van Beek, James Rolleston, Celia Pacquola, Ana Scotney, Rima Te Wiata",https://www.filmcrave.com/movie_page_main.php?id=62425,Unknown
Anything for Jackson,14328,2.8,3,12/03/2020,English,Horror,NR,Justin G. Dyck,"Sheila McCarthy, Julian Richings, Konstantina Mantelos, Josh Cruddas, Yannick Bisson, Lanette Ware",https://www.filmcrave.com/movie_page_main.php?id=62426,Unknown
Pixie,18952,2.7,3,03/05/2021,English,"Comedy, Crime",R,Barnaby Thompson,"Olivia Cooke, Fra Fee, Rory Fleck Byrne, Colm Meaney, Ben Hardy, Alec Baldwin",https://www.filmcrave.com/movie_page_main.php?id=62427,Unknown
Derek DelGaudio's in & of Itself,26832,2.3,3,01/22/2021,English,Documentary,NR,Frank Oz,"Derek DelGaudio, Hal Schulman, Jason England, Matthew Holtzclaw, Prakash Puru, Alexandra DelGaudio",https://www.filmcrave.com/movie_page_main.php?id=62428,Unknown
The Binge,38281,2.5,2,08/28/2020,English,Comedy,NR,Jeremy Garelick,"Vince Vaughn, Skyler Gisondo, Dexter Darden, Eduardo Franco, Grace Van Dien, Natalie Paige Goldberg",https://www.filmcrave.com/movie_page_main.php?id=62429,Unknown
The Vigil,18951,2.7,3,02/26/2021,English,"Horror, Mystery",PG-13,Keith Thomas,"Dave Davis, Menashe Lustig, Malky Goldman, Lynn Cohen, Fred Melamed, Ronald Cohen",https://www.filmcrave.com/movie_page_main.php?id=62430,"A young man with little funds and even smaller faith takes on the task of the overnight shimmer, a tradition in the Jewish community of watching over a body in the Orthodox community. But soon the haunting and claustrophobic confines, along with the cryptic ailing widow, begin to affect him as he becomes convinced a malevolent entity has taken hold. The harrowing journey will open a door to his spirituality as well as his own past. --"
Behind the Door,47219,3.0,1,12/14/1919,English,"Drama, War",NR,Irvin Willat,"Hobart Bosworth, Jane Novak, James Gordon, Richard Wayne, Wallace Beery, J.P. Lockney",https://www.filmcrave.com/movie_page_main.php?id=62431,Unknown
Trumpet Island,47221,3.0,1,09/01/1920,English,Drama,NR,Tom Terriss,"Marguerite De La Motte, Wallace MacDonald, Hallam Cooley, Josef Swickard, Arthur Hoyt, Marcella Daly",https://www.filmcrave.com/movie_page_main.php?id=62432,Unknown
Pioneer Trails,47234,3.0,1,11/11/1923,English,Western,NR,David Smith,"Cullen Landis, Alice Calhoun, Bertram Grassby, Otis Harlan, T.D. Crittenden, Virginia True Boardman",https://www.filmcrave.com/movie_page_main.php?id=62433,Unknown
The Fatherhood of Buck McGee,47185,3.0,1,08/03/1912,English,Drama,NR,Rollin S. Sturgeon,Robert Thornby,https://www.filmcrave.com/movie_page_main.php?id=62434,Unknown
Smashing Barriers,47218,3.0,1,09/01/1919,English,"Action, Adventure",NR,William Duncan,"William Duncan, Edith Johnson, Walter Rodgers, George Stanley, Fred Darnton, Slim Cole",https://www.filmcrave.com/movie_page_main.php?id=62435,Unknown
Heartworn Highways,49046,3.0,1,05/01/1976,English,Documentary,NR,James Szalapski,"Charlie Daniels, Rodney Crowell, Steve Earle, David Allan Coe, Townes van Zandt, Guy Clark",https://www.filmcrave.com/movie_page_main.php?id=62436,Unknown
Heartworn Highways Revisited,52151,3.0,1,01/30/2015,English,Documentary,NR,Wayne Price,"David Allan Coe, Guy Clark, Justin Townes Earle, Langhorne Slim, Nikki Lane, Bobby Bare Jr.",https://www.filmcrave.com/movie_page_main.php?id=62437,Unknown
Willy's Wonderland,26867,1.9,14,02/12/2021,English,"Horror, Thriller",NR,Kevin Lewis,"Nicolas Cage, Emily Tosta, Beth Grant, Ric Reitz, Chris Warner, Kai Kadlec",https://www.filmcrave.com/movie_page_main.php?id=62438,A silent drifter finds himself trapped in small town with a broke-down car and has one task in order to get it back: spend the night at Willy's Wonderland and help clean up the place. An easy enough job - if it wasn't for the possessed animatronics trying to kill him and the allure of pinball... --
Violation,54412,3.0,1,03/25/2021,English,"Drama, Horror",NR,"Dusty Mancinelli, Madeleine Sims-Fewer","Madeleine Sims-Fewer, Anna Maguire, Jesse LaVercombe, Obi Abili, Jasmin Geljo, Cynthia Ashperger",https://www.filmcrave.com/movie_page_main.php?id=62439,Unknown
Leap of Faith: William Friedkin on the Exorcist,54353,3.0,1,11/19/2020,English,Documentary,NR,Alexandre O. Philippe,William Friedkin,https://www.filmcrave.com/movie_page_main.php?id=62440,Unknown
Sensation Seekers,36287,2.5,2,03/20/1927,English,"Drama, Romance",NR,Lois Weber,"Billie Dove, Huntley Gordon, Raymond Bloomer, Peggy Montgomery, Will Gregory, Helen Gilmore",https://www.filmcrave.com/movie_page_main.php?id=62441,Unknown
A Chapter in Her Life,47231,3.0,1,09/17/1923,English,Drama,NR,Lois Weber,"Claude Gillingwater, Jane Mercer, Jacqueline Gadsdon, Frances Raymond, Robert Frazer, Eva Thatcher",https://www.filmcrave.com/movie_page_main.php?id=62442,Unknown
"Looking for His Murderer ( Mann, der seinen Mörder sucht, Der )",47285,3.0,1,03/15/1931,German,Comedy,NR,Robert Siodmak,"Heinz Rühmann, Lien Deyers, Raimund Janitschek, Hans Leibelt, Hermann Speelmans, Friedrich Hollaender",https://www.filmcrave.com/movie_page_main.php?id=62443,Unknown
Boss Level,13009,2.4,9,03/05/2021,English,"Action, Sci-Fi",NR,Joe Carnahan,"Meadow Williams, Frank Grillo, Annabelle Wallis, Mel Gibson, Naomi Watts, Michelle Yeoh",https://www.filmcrave.com/movie_page_main.php?id=62444,Unknown
Last Call,46980,3.0,1,03/19/2021,English,Comedy,R,Paolo Pilladi,"Jeremy Piven, Taryn Manning, Bruce Dern, Zach McGowan, Jamie Kennedy, Cheri Oteri",https://www.filmcrave.com/movie_page_main.php?id=62445,"A home-town success story, real estate developer Mick returns to his blue-collar roots after a death in the family. Old crushes, old friends and the old neighborhood all start to bring back memories and he must decide whether to keep the old family business alive or raze it to the ground. --"
Come True,17875,2.7,3,03/12/2021,English,"Horror, Sci-Fi",NR,Anthony Scott Burns,"Julia Sarah Stone, Landon Liboiron, Chantal Perron, Tedra Rogers, Carlee Ryski, Caroline Buzanko",https://www.filmcrave.com/movie_page_main.php?id=62446,A teenage runaway struggling with reoccurring nightmares finds herself taking part in a university sleep study where she connect with the lead scientist. But as the observations continue it seems to make her nightmares worse and she soon figures out the study goes far deeper than imagined and she is the conduit for something terrifying. --
Enforcement ( Shorta ),26406,3.0,2,03/19/2021,Danish,"Action, Crime",NR,"Frederik Louis Hviid, Anders Ølholm","Jacob Lohmann, Simon Sears, Tarek Zayat, Issa Khattab, Özlem Saglanmak, Arian Kashef",https://www.filmcrave.com/movie_page_main.php?id=62447,Unknown
A Week Away,54415,3.0,1,03/26/2021,English,"Family, Musical",NR,Roman White,"Bailee Madison, David Koechner, Sherri Shepherd, Kevin Quinn, Ed Amatrudo, Mari Kasuya",https://www.filmcrave.com/movie_page_main.php?id=62448,Unknown
Initiation,38297,2.5,2,10/08/2020,English,"Crime, Horror",R,John Berardo,"Lochlyn Munro, Jon Huertas, Yancy Butler, Gattlin Griffith, Bart Johnson, Isabella Gomez",https://www.filmcrave.com/movie_page_main.php?id=62449,Unknown
"Whisker Away, A ( Nakitai watashi wa neko o kaburu )",54270,3.0,1,06/18/2020,Japanese,"Anime, Adventure",NR,"Jun'ichi Satô, Tomotaka Shibayama","Mirai Shida, Natsuki Hanae, Ayako Kawasumi, Johnny Yong Bosch, Cherami Leigh, Laura Post",https://www.filmcrave.com/movie_page_main.php?id=62450,Unknown
The Dig,11925,2.5,9,01/29/2021,English,"Biography, Drama",PG-13,Simon Stone,"Ralph Fiennes, Carey Mulligan, Danny Webb, James Dryden, Peter McDonald, Robert Wilfort",https://www.filmcrave.com/movie_page_main.php?id=62451,Unknown
Wrong Turn,36011,2.0,3,01/25/2021,English,"Horror, Thriller",R,Mike P. Nelson,"Charlotte Vega, Adain Bradley, Bill Sage, Emma Dumont, Dylan McTee, Matthew Modine",https://www.filmcrave.com/movie_page_main.php?id=62452,Unknown
Occupation: Rainfall,42133,2.3,2,06/30/2021,English,Action,R,Luke Sparke,"Jason Isaacs, Temuera Morrison, Daniel Gillies, Ken Jeong, Lawrence Makoare, Dan Ewing",https://www.filmcrave.com/movie_page_main.php?id=62453,Unknown
The Dustwalker,42118,2.3,2,02/08/2020,English,"Drama, Sci-Fi",NR,Sandra Sciberras,"Jolene Anderson, Stef Dawson, Richard Davies, Cassandra Magrath, Talina Naviede, Harry Greenwood",https://www.filmcrave.com/movie_page_main.php?id=62454,Unknown
